{
    "info": {
        "caseField": "2",
        "detailField": "6",
        "trailField": "1",
        "caseNm": "가. 특정경제범죄가중처벌등에관한법률위반(사기), 나. 사문서위조, 다. 위조사문서행사, 라. 사문서변조, 마. 변조사문서행사, 바. 건축사법위반",
        "courtNm": "서울중앙지방법원",
        "judmnAdjuDe": "2017. 04. 27.",
        "caseNo": "2016고합1183",
        "relateLaword": [
            "특정경제범죄 가중처벌 등에 관한 법률 제3조",
            "형법 제347조",
            "형법 제30조",
            "형법 제231조",
            "형법 제234조",
            "건축사법 제39조의2",
            "건축사법 제10조",
            "형법 제40조",
            "형법 제50조",
            "형법 제37조",
            "형법 제38조",
            "형법 제53조",
            "형법 제55조",
            "형법 제62조"
        ],
        "qotatPrcdnt": []
    },
    "concerned": {
        "acusr": "4",
        "dedat": "1"
    },
    "org": {
        "orgJdgmnCourtNm": "",
        "orgJdgmnAdjuDe": "",
        "orgJdgmnCaseNo": ""
    },
    "disposal": {
        "disposalform": "6",
        "disposalcontent": [
            "피고인 A를 징역 3년에 처한다.",
            "피고인 B를 징역 2년에 처한다.",
            "이 판결 확정일로부터 3년간 위 형의 집행을 유예한다.",
            "피고인C를 징역 1년 6월에 처한다.",
            "이 판결 확정일로부터 3년간 위 형의 집행을 유예한다.",
            "피고인 D를 징역 1년 6월에 처한다.",
            "이 판결 확정일로부터 2년간 위 형의 집행을 유예한다.",
            "피고인 E를 징역 1년 6월에 처한다.",
            "이 판결 확정일로부터 2년간 위 형의 집행을 유예한다.",
            "피고인을 징역 1년 6월에 처한다.",
            "이 판결 확정일로부터 2년간 위 형의 집행을 유예한다."
        ]
    },
    "mentionedItems": {
        "rqestObjet": [
            "피고인 A은 Y 명의, Z 명의 기성검사확인서를 각각 변조하고, 이를 각각 행사하였다.",
            "피고인 A은 Y 및 AA 명의 기성검사확인서를 각각 위조하고, 이를 각각 행사하였다.",
            "피고인 A은 B. C. D, E, F 등과 공모하여(단 B, F과는 제1차 내지 제4차 기성대출금에 한하여, C, D, E와는 제4차, 제5차 기성대출금에 한하여 각각 공모함), 피해자 중진공으로부터 5회에 걸쳐 합계 29억 원을 대출받아 편취하였다.",
            "피고인 B, F는 A등과 공모하여, 피해자 중진공으로부터 4회에 걸쳐 제1차 내지 제4차 기성 대출금 합계 24억 6,000만 원을 대출받아 편취하였다.",
            "피고인 C는 A 등과 공모하여, 피해자 중진공으로부터 2회에 걸쳐 제4차, 제5차 기성 대출금 합계 9억 4,000만 원을 대출받아 편취하였다.",
            "피고인 D, E는 A 등과 공모하여, 피해자 중진공으로부터 2회에 걸쳐 제4차, 제5차 기성 대출금 합계 9억 4,000만 원을 대출받아 편취하였다.",
            "피고인 D, E는 V의 건축사 AD의 자격을 빌려 본건 건축공사에 대한 제4차, 제5차 기성검사확인서를 작성하는 등 건축사업무를 수행하였다."
        ]
    },
    "assrs": {
        "acusrAssrs": [],
        "dedatAssrs": [
            "피고인이 기성고율을 부풀린 4차 기성검사확인서를 통해 이루어진 이 사건 4차 기성대출금 편취 범행에 가담한 사실은 인정하지만, 이 사건 5차 기성검사확인서가 기존의 기성검사확인서와 별개라는 사실은 인식하지 못했으므로 5차 기성대출금 편취에 대한 공동가공의사가 없었고, 이 사건 5차 기성검사확인서에 실제로 날인한 사람은 감리였던 피고인 D이다.",
            "피고인이 그 날인행위 당시 동석했다는 사실만으로 독립적으로 감리 업무를 수행한 피고인 D에 대한 기능적 행위지배를 인정할 수 없다."
        ]
    },
    "facts": {
        "bsisFacts": [
            "피고인 A은 본건 건축공사의 건축주인 000 T(이하 ' T' 라 함)의 대표이사, 피고인 B은 T와 공사도급계약을 맺고 건축공사를 담당한 000 U(이하 'U'이라 함)의 대표이사, 피고인 C은 T의 부사장으로서 본건 건축공사 현장을 관리한 사람, 피고인 D, E는 T와 공사 감리계약을 맺고 본건 건축공사 감리를 담당한 우의 직원들, 피고인 F은 U 소속 직원으로 본건 건축공사의 현장소장이다.",
            "피고인 A은 본건 건축공사를 시작하면서 피해자 중소기업진흥공단(이하 '중진공'이라 함)으로부터 건축자금 30억 원을 기성고에 따라 대출받기로 계약하였고, 그와 동시에 000으로부터도 추가로 필요한 건축자금 17억 원을 기성고에 따라 대출받는 계약을 추진하였다.",
            "그런데, 000 대출약정이 계획대로 이루어지지 않게 되자, 공사·감리 업체 관계자들과 함께 중진공에 제출하는 대출신청 서류의 기성고를 부풀려 실제 공사 지출 자금보다 더 많은 자금을 대출받기로 계획하였다.",
            "피고인은 2013.5.22.경 0000 W에 있는 본건 건축공사 사무실에서, 공사 감리 업체인 000 X(이하 'X' 라 함)담당자에게 제1차 대출금 신청과 관련된 '기성검사확인서' 에 기성고를 부풀려 기재해줄 것을 요청하였으나 이를 거절당했다.",
            "그러자 X에서 실제와 동일하게 작성해 온 '기성 공정율 8.5%를 인정·확인한다' 는 내용의 대표이사 Y 및 책임 감리원 Z 명의의 2013.5.22.자 기성검사확인서의 '8.5%' 부분에 임의로 T자를 가필하여 '18.5%' 로 만든 다음, 이를 중진공 대출 담당자에게 제출하여, 위 Y 및 Z 명의 기성검사확인서를 각각 변조하고, 이를 각각 행사하였다.",
            "피고인은 2013.6.25.경 위 건축공사 사무실에서, 표준 기성검사확인서 양식과 임의로 제작한 X 법인 도장을 이용하여, 제2차 대출금 신청과 관련된 '기성 공정율 36.8% 를 인정·확인한다' 는 내용의 대표이사 Y 및 책임 감리원 AA 명의의 2013.6.25자 기성검사확인서를 임의로 작성하였다.",
            "그런 다음, 이를 중진공 대출 담당자에게 제출하고, 2013.8.21.경 위 건축공사 사무실에서, 위와 같은 방법으로, 제3차 대출금 신청과 관련된 '기성 공정율 66.6%를 인정·확인한다'는 내용의 대표이사 Y 및 책임 감리원 AA 명의의 2013.8.21자 기성검사확인서를 임의로 작성한 다음, 이를 중진공 대출 담당자에게 제출하여, 위 Y 및 AA 명의 기성검사확인서를 각각 위조하고, 이를 각각 행사하였다.",
            "피고인은 2013.5.22.경 위 건축공사 사무실에서, 위 B 등 U 관계자들과 건축 기성고를 부풀리는 방법으로 피해자 중진공 담당자를 속여 실제 공사 지출 자금보다 더 많은 자금을 대출받기로 모의하였다.",
            "그런 다음, 실제 공정률이 8.5%에 불과함에도, B과 F 등으로부터 받은 '현재 공정 18.5%로 기재한 공사기성검사원' 등 공사 업체 서류들, 위 제1의 가항과 같이 변조한 기성검사확인서를 중진공 담당자에게 제출하여 제1차 기성 대출금 5억 5,000만 원을 대출받았다.",
            ".2013.6.25.경 위와 같은 방법으로 제2차 기성 대출금 5억 5,000만 원을 대출받고, 2013.8.27.경 위와 같은 방법으로 제3차 기성 대출금 8억 6,000만 원을 대출받았다.계속하여 피고인은 공사 현장 관리자인 위 C을 통해 공사 감리 업체를 V로 교체하면서, 그 직원인 위 D, E와 건축 기성고를 부풀리는 방법으로 피해자 중진공 담당자를 속여 실제 공사 지출 자금보다 더 많은 자금을 대출받기로 모의하였다.",
            "그런 다음,  2013.11.13.경 0000 AB 2층에 있는 D, E의 사무실에 찾아가, 실제 공정률이 60%에 미치지 못함에도, 위 D, E로부터 '기성 공정율 85.4%를 인정·확인한다'는 내용의 기성검사 확인서를 받았다.위 B과 F 등 U 관계자들로부터 현재 공정 85.4%로 기재한 공사기성 검사원 등 공사 업체 서류들을 받은 다음, 이를 중진공 담당자에게 제출하여 제4차 기성 대출금 5억 원을 대출받았다.",
            "계속하여 피고인은 위 C을 통해 공사 업체를 000 AC로 교체하면서, 대표이사 등 그 직원들과 건축 기성고를 부풀리는 방법으로 피해자 중진공 담당자를 속여 실제 공사 지출 자금보다 더 많은 자금을 대출받기로 모의하였다.",
            "그런 다음, 2014.6.16.경 0000 W에 있는 본건 건축공사 사무실에서, 실제 공정률이 60%에 미치지 못함에도, 위 D, E로부터 '기성 공정율 97.02%를 인정·확인한다'는 내용의 기성검사확인서를 받고, AC 관계자들로부터 현재 공정 97.02% 로 기재한 공사기성검사원 등 공사 업체 서류들을 받았다.",
            "그런 다음, 이를 중진공 담당자에게 제출하여 제5차 기성 대출금 4억 4,000만 원을 대출받았고, 이로써 피고인은 위 B, C, D, E, F 등과 공모하여(단 B, F과는 제1차 내지 제4차 기성대출금에 한하여, C, D, E와는 제4차, 제5차 기성대출금에 한하여 각각 공모함), 피해자 중진공으로부터 5회에 걸쳐 합계 29억 원을 대출받아 편취하였다.",
            "피고인들은 위 제1의 다항과 같이 A 등과 공모하여, 피해자 중진공으로부터 4회에 걸쳐 제1차 내지 제4차 기성 대출금 합계 24억 6,000만 원을 대출받아 편취하였고, 피고인은 위 제1의 다항과 같이 A 등과 공모하여, 피해자 중진공으로부터 2회에 걸쳐 제4차, 5차 기성 대출금 합계 9억 4,000만 원을 대출받아 편취하였다.",
            "피고인들은 위 제1의 다항과 같이 A 등과 공모하여, 피해자 중진공으로부터 2회에 걸쳐 제4차, 5차 기성 대출금 합계 9억 4,000만 원을 대출받아 편취하였고, 누구든지 다른 사람의 건축사 자격을 빌려 건축사업무를 수행하여서는 아니됨에도 불구하고, 건축사 자격이 없는 피고인들은 공모하여, V의 건축사 AD의 자격을 빌려, 위 제1의 다항과 같이 본건 건축공사에 대한 제4차, 5차 기성검사확인서를 작성하는 등 건축사업무를 수행하였다."
        ]
    },
    "dcss": {
        "courtDcss": [
            "앞에서 든 증거인 증인 D, C의 각 법정진술, 피고인 C에 대한 경찰 피의자신문조서, 5차 기성검사확인서, 5차 기성확인내역서(증거목록 순번 75)에 의하여 인정되는 아래와 같은 사정을 종합해 보면, 피고인 E가 4차와는 별개로 5차 기성검사확인서에 날인한다는 사실을 인식했다는 점과 판시 범죄사실 기재와 같은 이 사건 5차 기성대출금 편취 범행에 관하여 공동가공의사가 있었다는 점을 충분히 인정할 수 있다.",
            "앞에서 든 증거인 피고인 E의 일부 법정진술, 증인 D, C의 각 법정진술에 의하여 인정되는 아래와 같은 사정을 종합해 보면, 피고인 E가 이 사건 5차 기성대출금 편취 범행의 공동정범으로서 기능적 행위지배가 있었다고 충분히 인정할 수 있다."
        ]
    },
    "close": {
        "cnclsns": [
            "피고인 A을 징역 3년에 처한다.",
            "피고인 B을 징역 2년에 처하고, 다만, 이 판결 확정일부터 3년간 위 형의 집행을 유예한다.",
            "피고인 C을 징역 1년 6월에 처하고, 다만, 이 판결 확정일부터 3년간 위 형의 집행을 유예한다.",
            "피고인 D을 징역 1년 6월에 처하고, 다만, 이 판결 확정일부터 2년간 위 형의 집행을 유예한다.",
            "피고인 E을 징역 1년 6월에 처하고, 다만, 이 판결 확정일부터 2년간 위 형의 집행을 유예한다.",
            "피고인 F을 징역 1년 6월에 처하고, 다만, 이 판결 확정일부터 2년간 위 형의 집행을 유예한다."
        ]
    }
}