{
    "info": {
        "caseField": "2",
        "detailField": "6",
        "trailField": "1",
        "caseNm": "가. 아동,청소년의성보호에관한법률위반(알선영업행위등) 나. 성매매약취 다. 상해 라. 공갈 마. 재물손괴 바. 폭력행위등처벌에관한법률위반(공동폭행) 사. 폭행",
        "courtNm": "창원지방법원",
        "judmnAdjuDe": "2015. 04. 30.",
        "caseNo": "2014고합266",
        "relateLaword": [
            "형법 제288조",
            "형법 제30조",
            "아동,청소년의 성 보호에 관한 법률 제15조",
            "형법 제350조",
            "형법 제257조",
            "형법 제366조",
            "폭력행위 등 처벌에 관한 법률 제2조",
            "형법 제260조",
            "형법 제40조",
            "형법 제50조",
            "형법 제35조",
            "형법 제42조",
            "형법 제37조",
            "형법 제38조",
            "형법 제53조",
            "형법 제55조",
            "아동,청소년의 성 보호에 관한 법률 제21조",
            "형법 제48조",
            "성폭력범죄의 처벌 등에 관한 특례법 제42조",
            "성폭력범죄의 처벌 등에 관한 특례법 제43조"
        ],
        "qotatPrcdnt": [
            "대법원 2012.7.12. 선고 2012도4390 판결"
        ]
    },
    "concerned": {
        "acusr": "4",
        "dedat": "1"
    },
    "org": {
        "orgJdgmnCourtNm": "",
        "orgJdgmnAdjuDe": "",
        "orgJdgmnCaseNo": ""
    },
    "disposal": {
        "disposalform": "6",
        "disposalcontent": [
            "피고인 I을 징역 6년에, 피고인 J을 징역 5년에, 피고인 A을 징역 2년에, 피고인 K를 징역 7년에 각 처한다.",
            "피고인 I, J, K에게 각 80시간의 성폭력 치료프로그램 이수를 명한다.",
            "압수된 현금(일만원권) 41만 원(증 제1호)을 피고인 J으로부터, 셀카봉 막대기 1개(증 제2호)를 피고인 I으로부터 각 몰수한다."
        ]
    },
    "mentionedItems": {
        "rqestObjet": [
            "피고인 I을 징역 6년에, 피고인 J을 징역 5년에, 피고인 A을 징역 2년에, 피고인 K를 징역 7년에 각 처한다.",
            "피고인 I, J, K에게 각 80시간의 성폭력 치료프로그램 이수를 명한다.",
            "압수된 현금(일만원권) 41만 원(증 제1호)을 피고인 J으로부터, 셀카봉 막대기 1개(증 제2호)를 피고인 I으로부터 각 몰수한다."
        ]
    },
    "assrs": {
        "acusrAssrs": [],
        "dedatAssrs": [
            "피고인 B은 일시적으로 부족해진 생활비 등에 급히 충당할 돈을 마련하기 위하여 성매매 알선을 하였을 뿐이고, 피고인 B이 아동․청소년의 성보호에 관한 법률 제15조 제1항 제2호에서 정한 바와 같이 알선행위를 업으로 하였다고 할 수 없다."
        ]
    },
    "facts": {
        "bsisFacts": [
            "피고인 K는, 2010.10.12. 부산지방법원에서 특수절도죄 등으로 징역 8월 및 벌금 30만 원을 선고받고 복역하던 중 2011.10.28. 가석방되어 2012.1.10. 그 남은 형기 가 경과하였고, 2012.7.25. 창원지방법원 마산지원에서 특수절도죄로 징역 1년 6월을 선고받고 2013.7.15. 위 형의 집행을 종료하였다.",
            "피고인 I, J, A, K 가출 청소년들은 스마트폰 어플리케이션인 D을 이용, 성매매를 하여 생활비를 마련 하는데 성매수남이 돈을 주지 않거나 폭력을 행사하더라도 가출 또는 성매매 사실이 발각될 것이 두려워 신고를 제대로 하지 못하는 등 법의 보호를 받지 못하고 있다.",
            "이에, 건장한 남성이 성매매를 가장하여 가출 청소년들을 만난 후 협박, 감언이설 등으로 성매매를 알선해주고 속칭 진상남도 해결해주는 조건으로 성매매 대가를 나누자고 제의하더라도, 가출 청소년들이 감히 신고를 하거나 거절을 하지 못하여 결국 승낙하고, 이런 방법으로 가출 청소년들의 포주가 될 경우, 쉽게 큰 돈을 벌 수 있는데, 이런 사정이 널리 알려져 있다.",
            "피고인 I, J 피고인들은 피고인 J의 남자친구인 P과 함께 가출 청소년을 잡아와 포주를 하여 돈을 벌기로 마음먹고, 승용차를 빌려 타고 D을 통해 성매매를 하려는 가출 청소년들을 찾아다니다가 2014.8.3. 00:00경 피해자 Q(여, 14세)를 발견하고, 피해자를 잡아 오기로 의기투합하였다.",
            "피고인 J은 성매매를 원하는 남자인 것처럼 가장하여 피해자에게 말을 걸어 0000 R에 있는 S어린이집 앞에서 만나기로 약속한 후 피고인 J, I은 하차하여 그 근처에 숨어 마치 운전자인 P이 혼자 만나는 것처럼 하여, 피해자가 안심하고 조수석에 타자, 뛰어나와 뒷좌석에 올라타고 차량을 급히 출발시켰다.",
            "피고인들과 P은 겁을 먹은 피해자에게 \"누구와 조건을 하느냐? 같이 일하자.\"고 제의하여, 가출하여 달리 갈 곳이 없고 도움을 청할 사람도 없던 피해자로 하여금 피고인들의 보호를 받는 조건으로 속칭 '화대'를 나누어 쓰는 것을 허락하도록 하였다. 이로써 피고인들은 P과 공모하여 성매매를 목적으로 피해자를 약취하였다.",
            "피고인들은 가출 청소년인 Q(여, 14세), T(여, 14세), U(여, 15세)등에게 성매매 를 시켜 돈을 벌기로 P, K(2014.9.중순경 가담)와 공모하였다.",
            "피고인 K 역시 같은 방법으로 돈을 벌기로 마음먹고, 범행 대상을 물색하던 중 같은 해 10.6.밤 0000에서 피해자 X(여, 18세)이 있는 것을 발견하고, 피해자를 잡아오기로 결심하였다.",
            "혼자 나가면 피해자가 겁을 덜 먹어 쉽게 승낙하지 않을 것이 우려되자, 피고인 I에게 전화를 걸어 \"V에 여자가 떴다.내가 잡을건데, 뒤에 같이 좀 있어 달라.\"고 부탁하였고, 이에 피고인 I, J 및 P은 거들어주기로 하였다. 피고인 쪼는 성매매를 할 듯이 가장하여 V에 있는 Y내과의원 앞에서 피해자를 만난 다음 팔에 있는 문신을 과시하며 누구와 일하는지를 추궁하였다.",
            "피고인 I, J 및 P은 피해자를 둘러싼 후 피고인 J은 피해자에게 \"분위기 파악 안 되냐? 싸가지 없다. 거짓말하면 경찰서에 넘길 수도 있다.\"고 윽박지르며 피해자의 뺨을 수회 때렸고, 피고인 I은 피해자의 가방을 빼앗아 뒤져 신분증 등을 확인하였다. 탈북 청소년으로 물정이 극히 어둡고 겁이 많은 피해자가 순순히 피고인 K와 일하겠다고 하자, 피고인 쪼는 피해자를 자신의 차량에 태워 향후 자신의 관리 하에 기거할 모텔로 데리고 갔다.",
            "이로써, 피고인들은 P과 공모하여 성매매를 목적으로 피해자를 약취하였다.",
            "피고인은 가출 청소년인 Q 외 2인 등에게 성매매를 시켜 돈을 벌기로 I, J, P과 공모 하였다.",
            "피고인은 I, J, P과 공모하여 성매매를 알선하는 외에 피고인 단독으로 2014.10.초순경부터 2014.10.16.까지 Z(여, 18세), X(여, 18세)에 대해 'D'어플을 통해 0000, 0000 일대에서 성매수남을 물색하여 이들로 하여금 1회 13만 원씩을 받고 성매매를 하도록 하는 등 아동·청소년의 성을 사는 행위를 알선하는 행위를 업으로 하였다.",
            "피고인 K는 차량을 몰고 와 인근을 돌며 망을 보다가 경찰관들이 철수하고 있음을 확인하고 이를 피고인 I에게 알린 후 피해자를 자신의 차량에 태워 0000 까지 끌고 갔다. 피고인 I은 다른 차편을 이용하여 0000으로 따라 와 피고인 K 로부터 피해자를 넘겨받은 후, 납치신고된 피해자를 일단 피해자의 집으로 귀가시켰다. 이로써, 피고인들은 공모하여 성매매를 목적으로 피해자를 약취하였다.",
            "피고인은 AE장례식장 부근을 지나던 중 피해자 AF(17세)과 그 일행이 오토바이를 세워두고 이야기하는 것을 보고 \"몇 살이냐? 누구 후배냐?\"고 물었는데 피해자가 제대로 답변하지 아니하자, 주먹으로 피해자의 얼굴을 수회 때린 후 한 손으로 피해자의 머리채를 잡고 발로 피해자의 얼굴을 걷어 차 피해자에게 약 3주간의 치료를 요하는 비골골절상 등을 가하였다.",
            "피고인은 2014.9.30 .23:45경 0000 시에 있는 AK병원 앞길에 P과 함께 차량을 주차시키고 쉬던 중, 피해자 AL(32세)가 0 승용차를 운전하여 그 옆을 지나다가 P의 차량과 가벼운 접촉사고를 내고도 아내인 피해자 AM(여, 31세)과 말다 툼을 하느라 이를 알지 못하고 그대로 간 것에 화가 났다.",
            "피고인은 뒤쫓아 가 위 0 승용차를 세우게 한 후 피해자에게 이를 따지다가 사고사실을 깨닫지 못하던 피해자가 사과하지 않고 오히려 항의하는 것에 격분하고, \"눈을 어디 부라리냐? 좆만한 새끼야!\" 라고 고함을 지르며 손으로 피해자의 멱살을 힘껏 잡아 밀치고 팔뚝으로 피해자의 가슴팍을 때린 후 발로 피해자의 차량 운전석쪽 문을 걷어차 그 옆에 있던 피해자인 위 AM의 입부분이 운전석문에 부딪치게 하였다.",
            "이로써, 피고인은 피해자 AL에게 약 3주간의 치료를 요하는 경추부염좌상 등을 가하고, 피해자 AM에게 약 2주간의 치료를 요하는 상악좌즉중절치등치아아탈구상 등을 가함과 동시에 수리비 563,011원 상당이 소요되도록 위 운전석쪽 문을 손괴하였다.",
            "피고인은 2014.9.말경 0000에 있는 도로 상에서 위 피해자 U 및 당시 피고인의 일행들과 함께 성매매를 하고 있던 다른 성매매 여자 청소년인 피해자 T(여, 14세)에게 평소 서로 휴대폰으로 쪽지를 보내는 등 대화를 하지 말라고 하였는데 이를 어겼다는 이유로 피해자 U의 멱살을 잡아 밀치고, 같은 날 0000에 있는 P의 집에서 피해자 U 및 피해자 T의 뺨을 수회 때려 피해자들을 폭행하였다.",
            "피고인들은 공동하여, 2014.10.초순경 0000에 있는 건물 주차장에서 위 피해자 U, T에게 평소 서로 휴대폰으로 쪽지를 보내는 등 대화를 하지 말라고 하였는데 이를 어겼다는 이유로 피고인 I은 손으로 피해자 U의 얼굴을 수회 때리고 발로 다리와 허벅지 부분을 걷어차고, 피고인 J은 피해자 T의 얼굴과 뺨을 수회 때려 피해자들을 폭행하였다."
        ]
    },
    "dcss": {
        "courtDcss": [
            "아동·청소년의 성을 사는 행위를 알선하는 행위를 업으로 한다는 것은 반복성, 계속성을 가지고 행해지는 것으로서, 이에 해당하는지는 단순히 그에 필요한 인적 또는 물적 시설을 구비하였는지와 관계없이 해당 행위의 반복, 계속성 여부, 영업성의 유무, 그 목적이나 규모, 횟수, 기간, 태양 등의 여러 사정을 종합적으로 고려하여 사회 통념에 따라 판단하여야 한다(대법원 2012.7.12.선고 2012도4390 판결 등 참조).",
            "이 법원이 적법하게 채택·조사한 증거들에 의하면 아래와 같은 사정이 인정된다. ",
            "① 피고인 I, J, K 및 P(이하 피고인 J 등이라고 한다)은 Q, U를 성매매 목적으로 각 약취하고 T에게는 성매매를 하여 도와달라고 한 후, 이들에게 성매매를 할 것을 제안하였다.",
            "② Q 외 2인은 피고인 J 등이 마련한 숙소에 거주하면서 위 피고인들이 휴대폰 채팅 어플리케이션에 글을 올리는 등의 방식으로 주선하는 성매매를 하였고, 피고인 I, K 및 P은 Q 외 2인을 성매매 장소까지 승용차에 태워 데려다 주고 성매매가 끝나면 다시 데리고 오는 것과 남자 손님들이 속칭 진상남일 경우 이를 해결해주는 역할을, 피고인 J은 Q 외 2인이 도망가지 못하게 감시하는 역할을 각 맡았다.",
            "③ 피고인 J 등은 2014.6.중순경부터 2014.10.14.경까지(피고인 K는 2014.9.중순경부터 가담)Q 외 2인으로 하여금 하루 평균 3~4회, 많게는 6회 이상 성매매를 하도록 알선하였다.",
            "④ Q 외 2인은 성매매 대가로 받아오는 돈(1회 15만 원)을 모두 피고인 J 등에게 주었고, 그 중 일부는 피고인 J 등과 Q 외 2인의 생활비로 사용되었으며, 나머지는 피고인 J 등이 소비하였다.",
            "위와 같이 Q 외 2인이 성매매를 하게 된 동기와 경위, 이 사건 성매매를 알선한 방식, 성매매 과정에서의 피고인 J 등의 역할과 태도, 성매매 대금 관리의 형태, 알선행위의 기간과 횟수 등을 종합하여 보면, 피고인 J 등이 영리를 목적으로 계속적, 반복적 의사로 성매매를 권유하고 알선하였음을 인정하기에 충분하고, 피고인 J 및 변호인의 위 주장은 받아들이지 않는다.",
            "피고인들은 이제 막 성인이 되었거나 20대 초반에 접어든 젊은이들이다. 이들은 별다른 죄책감 없이 손쉽게 돈을 벌려는 목적에서 이 사건 성매매 약취 및 알선 범행에 이르렀던 것으로 보이고, 지금에 이르러서는 자신들의 행동을 깊이 반성하고 있다. 피고인들의 연령 및 이 법정에서의 태도 등에 비추어 볼 때, 피고인들이 앞으로 개전할 가능성도 충분히 있다고 보인다.",
            "그러나 피고인들의 이 사건 성매매약취 및 알선 범행은 우리 사회의 미래인 청소년들에게 씻을 수 없는 상처와 고통을 안김으로써 그들의 성장을 저해하고, 그로 인해 큰 사회적 폐해를 야기하는 중대한 범죄이다. 피고인들의 이 사건 성매매약취 및 알선 범행의 대상이 된 청소년들은 모두 가출하여 오갈 데 없고 경제적 사정이 곤궁하여 조건만남 등으로 돈을 버는 처지에 있었다.",
            "이러한 사정을 잘 알고 있는 피고인들은 그들의 딱한 처지를 오히려 이용하여 청소년들을 경제적 이익 추구 및 성적 욕망 충족 의 도구로 삼았다.피고인들은 성매수남인 것처럼 가장하여 청소년들에게 접근한 후 다수의 위력을 과시하는 방법으로 이들을 약취하거나, 다른 성매매 알선업자를 협박하여 그의 지배하에 있는 청소년을 피고인들의 지배하에 두기도 하는 등 청소년들을 그저 돈벌이 수단으로 취급하면서 그들의 인격과 존엄성을 심각하게 훼손하고 말았다.",
            "피고인들에 의해 약취되는 과정에서 보호자도 없는 처지의 청소년들은 극심한 공포와 고통을 느꼈던 것으로 보이나, 피고인들의 감시 등 여러가지 상황으로 인하여 피고인들로부터 벗어날 것을 스스로 포기한 채 성매매를 계속 하여 왔다. 피고인들은 청소년들에게 하루 3~4회, 많게는 6회 이상에 이르는 성매매를 하여 돈을 벌어올 것을 종용 하여 왔다.",
            "이로 인해 청소년들은 육체적, 정신적으로 큰 고통을 받아왔던 것으로 보인다. 피고인들은 청소년들에게 의식주를 제공한다는 명목 하에 청소년들의 위와 같은 희생으로 얻은 수익까지 자신들이 모두 취득하였던바, 피고인들이 청소년의 성을 착취한 정도도 매우 심각하다. 위와 같은 사정과 현재 우리 사회에 만연한 가출 청소년들에 대한 성착취 범행의 중대성, 이로 인한 사회적 해악의 심각성 등에 비추어 보면 피고인들을 중형에 처하는 것이 불가피하다.",
            "위와 같은 일반적인 양형조건 및 아래와 같은 개별적인 양형조건과, 피고인들의 나이, 성행, 환경, 범행의 경위 및 범행 후의 정황 등 이 사건 재판 과정에 나타난 여러 사정을 고려하여 피고인들에 대한 형을 정한다.",
            "피고인 I 피고인은 이 사건 성매매약취 및 알선 범행에서 주도적인 역할을 했던 것으로 보이고, 그외에도 자신의 위세를 과시하여 돈을 갈취하거나, 타인을 폭행하여 상해를 가하고 재물을 손괴하는 등의 범행을 저질렀다. 상해죄, 재물손괴죄의 피해자들에 대한 피해가 회복되지 못하였고, 위 피해자들은 피고인의 처벌을 바라고 있다.",
            "이러한 사정 은 피고인에게 불리한 정상이다. 다만, 성매매약취의 피해자인 Q, AA, 공갈죄의 피해자인 AI, AR, AQ이 피고인에 대한 처벌을 바라지 않고 있고, 폭력행위 등 처벌에 관한 법률 위반(공동폭행)죄의 피해자인 U도 위 죄에 대하여는 피고인의 처벌을 바라지 않고 있다. 피고인은 소년보호사건 외에 벌금형을 초과하여 처벌받은 전력이 없다. 이러한 점은 피고인에게 유리한 정상이다",
            "피고인 J 피고인은 이 사건 성매매약취 및 알선 범행에서 자신과 같은 여성인 청소년들을 실질적으로 감시하는 등의 역할을 맡았고, 청소년들이 도망갈 것을 우려하여 이들이 서로 연락하지 못하게 하고 이를 어기는 경우 폭행을 하기도 하였던바, 피고인의 가담 정도가 크고 그 죄책 또한 매우 중하다.이러한 사정은 피고인에게 불리한 정상이다.",
            "피고인은 남자친구인 P 등의 영향을 받아 이 사건 성매매알선 범행에서 성매매를 하였던 T도 피고인에 대한 처벌불원의 의사를 밝히고 있으나, 위 성매매 알선 범행은 피해자가 있는 범죄라고 보기 어렵고, 이에 T의 처벌불원 의사 또한 피고인에게 유의미한 양형조건이라고 보기 어렵다. 범행에 가담하게 된 것으로 보이는 점, 피고인은 아무런 형사처벌 전력이 없는 초범인 점을 피고인에게 유리한 정상으로 참작한다.",
            "피고인 K 피고인은 Q 외 2인 이외에도 Z, X의 성매매 알선을 하였던바 청소년의 성을 착취한 죄책이 매우 무겁다. 피고인은 누범기간 내에 반성하지 않고 반복하여 계속 범행을 저지르고 있고, 그 준법의식이 대단히 희박한 것으로 보인다. 피고인은 징역형으로 처벌받은 전력이 3회 있고, 벌금형으로도 처벌받은 전력이 있다.",
            "이러한 점은 피고인에게 불리한 정상이다. 다만, 피고인은 Q 외 2인에 대한 성매매알선 범행에는 나머지 피고인들보다 뒤늦게 가담하였다. 또 성매매약취의 피해자인 X, U은 피고인의 처벌을 바라지 않고 있다. 이러한 점은 피고인에게 유리한 정상이다.",
            "피고인 A(징역 2년)피고인은 비록 성매매 알선 범행에는 가담하지 않았으나, 피해자 AA에 대한 성매 매약취 범행에 있어서는 피해자를 처음 만나 겁을 주는 행위를 담당하는 등 그 가담정도가 가볍다고 보기 어렵다.",
            "피고인은 창원지방법원에서 2014.9.23.아동·청소년의 성보호에 관한 법률 위반(강요행위등)죄로 징역 8월에 집행유예 2년을 선고받은 후 한 달이 채 지나지 않아 위 성매매약취 범행에 이르렀던 바, 아동·청소년의 성매매를 유인, 권유하는 범행을 저질러 집행유예의 선처를 받은 후에도 전혀 반성하지 아니하고 다시 아동·청소년을 성매매 목적으로 약취한 피고인에 대해서는 엄한 처벌이 불가 피하다.",
            "피고인은 상해죄의 피해자인 AF에게 심각한 상해를 입히고도 그 피해를 회복해주지 못하였다. 이러한 점은 피고인에게 불리한 정상이다. 다만, 피고인은 이 사건 범행을 자백하면서 반성하고 있다. 피고인은 I의 부탁에 의해 비교적 우발적으로 성매매약취 범행에 가담하였던 것으로 보인다."
        ]
    },
    "close": {
        "cnclsns": [
            "피고인 A을 징역 6년에, 피고인 B을 징역 5년에, 피고인 C을 징역 2년에, 피고인 D를 징역 7년에 각 처한다.",
            "피고인 A, B, D에게 각 80시간의 성폭력 치료프로그램 이수를 명한다.",
            "압수된 현금(일만원권)41만 원(증 제1호)을 피고인 B으로부터, 셀카봉 막대기 1개(증 제2호)를 피고인 A으로부터 각 몰수한다."
        ]
    }
}