{
    "info": {
        "caseField": "2",
        "detailField": "6",
        "trailField": "1",
        "caseNm": "가. 특수절도 나. 절도",
        "courtNm": "서울서부지방법원",
        "judmnAdjuDe": "2015. 12. 30.",
        "caseNo": "2015고합103",
        "relateLaword": [
            "형법 제331조",
            "형법 제53조",
            "형법 제55조",
            "형법 제62조",
            "형법 제51조"
        ],
        "qotatPrcdnt": []
    },
    "concerned": {
        "acusr": "4",
        "dedat": "1"
    },
    "org": {
        "orgJdgmnCourtNm": "",
        "orgJdgmnAdjuDe": "",
        "orgJdgmnCaseNo": ""
    },
    "disposal": {
        "disposalform": "8",
        "disposalcontent": [
            "피고인을 징역 10월에 처한다.",
            "다만, 이 판결 확정일로부터 2년간 위 형의 집행을 유예한다."
        ]
    },
    "mentionedItems": {
        "rqestObjet": [
            "피고인을 징역 10월에 처한다.",
            "다만, 이 판결 확정일로부터 2년간 위 형의 집행을 유예한다."
        ]
    },
    "assrs": {
        "acusrAssrs": [],
        "dedatAssrs": []
    },
    "facts": {
        "bsisFacts": [
            "C은 2014.11.3.03:14경 0000에 있는 피해자 E가 운영하는 F 편의점에서 일을 하다가 피해자로부터 무단결근이 잦으니 아르바이트를 그만 두라.라는 취지의 말을 듣고 화가 나 그곳 편의점 계산대 현금출납기에 보관된 현금 1,359,570원과 상품권 200,000원을 절취하였다.",
            "피고인은 C이 위와 같이 현금출납기에서 현금과 상품권을 꺼내는 동안 계산대 앞에서 망을 보고, C이 현금 등을 넣어 놓은 자신의 손가방을 들고 나갔다.",
            "이로써 피고인은 C과 합동하여 피해자의 재물을 절취하였다."
        ]
    },
    "dcss": {
        "courtDcss": [
            "이 사건 범행은 피고인이 자신의 남자친구인 C이 근무하던 편의점에서 망을 보고 C이 절취한 현금과 상품권이 들어 있는 가방을 들고 나오는 방법으로 C과 합동하여 피해자의 재물을 절취하여 그 돈으로 원룸 생활비 등으로 사용한 것으로 그 죄질이 좋지않다.",
            "피해자에게 피해회복이 전혀 되지 않았고, 이에 따라 피해자는 피고인의 처벌을 원하고 있다.",
            "다만, 이 사건 범행의 피해액이 매우 크다고 보기 어렵다.",
            "이 사건 범행에 있어 피고인이 주도적인 역할을 하였다고 보기도 어렵다.",
            "피고인에게는 벌금형을 초과하는 범죄전력이 없다.",
            "그밖에 형법 제51조에 정해진 제반 양형조건을 모두 참작하여 형을 정하였다."
        ]
    },
    "close": {
        "cnclsns": [
            "피고인을 징역 10월에 처한다.",
            "다만, 이 판결 확정일부터 2년간 위 형의 집행을 유예한다."
        ]
    }
}