{
    "info": {
        "caseField": "2",
        "detailField": "6",
        "trailField": "1",
        "caseNm": "공갈, 공갈미수, 사기미수",
        "courtNm": "대전지방법원",
        "judmnAdjuDe": "2015. 06. 03.",
        "caseNo": "2014고단3459",
        "relateLaword": [
            "형법 제352조",
            "형법 제350조",
            "형법 제347조",
            "형법 제37조",
            "형법 제39조",
            "형법 제38조",
            "형법 제50조",
            "형법 제62조",
            "형법 제62조의2"
        ],
        "qotatPrcdnt": [
            "대법원 2005. 7. 15. 선고 2004도1565 판결",
            "대법원 1995. 3. 10. 선고 94도2422 판결",
            "대법원 2011. 9. 8. 선고 2011도7262 판결"
        ]
    },
    "concerned": {
        "acusr": "4",
        "dedat": "1"
    },
    "org": {
        "orgJdgmnCourtNm": "",
        "orgJdgmnAdjuDe": "",
        "orgJdgmnCaseNo": ""
    },
    "disposal": {
        "disposalform": "8",
        "disposalcontent": [
            "피고인을 징역 1년에 처한다.",
            "다만, 이 판결 확정일로부터 2년간 위 형의 집행을 유예한다.",
            "피고인에게 40시간의 사회봉사를 명한다."
        ]
    },
    "mentionedItems": {
        "rqestObjet": [
            "피고인을 징역 1년에 처한다.",
            "피고인에게 40시간의 사회봉사를 명한다."
        ]
    },
    "assrs": {
        "acusrAssrs": [],
        "dedatAssrs": [
            "피고인 및 변호인은, 공갈죄 및 공갈미수죄와 관련하여 피고인이 직접적으로 금원을 요구한 적이 없고, 당시 이미 피고인과 피해자 사이의 관계가 알려져 있었는 데다가 피고인과 피해자가 위 각 행위 전후로 성관계를 맺어 왔으므로 피해자가 피고인의 언동으로 어떠한 외포심을 가지게 되었다고 볼 수 없다.",
            "피해자가 피고인에게 준 500만 원은 피고인이 2010년경 피해자에게 판매한 그림(K 및 L 그림, 이하 '이 사건 그림'이라 한다)의 대금 중 일부로 지급받은 것이라고 주장한다.",
            "피고인 및 변호인은, 피고인이 2013. 10. 24.경 피해자 등을 상대로 물품대금의 소를 제기하면서 적극적으로 증거를 조작하려고 한 사실이 없을 뿐 아니라, 이 사건 그림을 매매한 것인지 증여한 것인지에 대하여는 법률적 다툼이 있었으므로 피고인에게는 법원을 기망하여 판결을 받겠다는 범의가 없었다고 주장한다"
        ]
    },
    "facts": {
        "bsisFacts": [
            "피고인은 2013. 11. 22. 대전지방법원 공주지원에서 무고죄 등으로 징역 6월을 선고받고, 2014. 5. 8. 그 판결이 확정되었다.",
            "피고인은 피해자를 공갈하여 이에 겁은 먹은 피해자로부터 24억 8,000만 원을 갈취하려고 하였으나, 피해자가 이에 응하지 아니하는 바람에 미수에 그쳤다.",
            "피고인은 피해자를 공갈하여 이에 겁을 먹은 피해자로부터 2013. 4. 19. 피고인 명의 000 계좌(계좌번호: 생략)로 500만 원을 송금 받았다",
            "피고인은 위 사건 담당 재판부를 기망하여 이에 속은 위 재판부로부터 승소 판결을 받아 피해자들로부터 2억 원 상당을 편취하려고 하였으나, 피해자들이 이에 응소하는 다투는 바람에 미수에 그쳤다"
        ]
    },
    "dcss": {
        "courtDcss": [
            "피해자는 당시 D주지이자 승려로서 피고인과의 관계가 누설되면 자신의 명예, 지위 등에 매우 심각한 타격이 될 것임을 상당히 우려하고 있었다.(객관적으로 보더라도 심각한 타격이 될 것임은 분명하다.)",
            "피고인은 이러한 피해자의 상황 및 피해자가 가지는 우려를 인지하고 이를 이용하여 피해자와의 관계를 대외적으로 공표할 수 있다거나 정식으로 문제삼을 수 있다는 취지의 이야기를 여러 차례 하면서 금원을 요구했다(이는 녹취록 등에 의하여 분명히 드러난다.).",
            "피고인 및 변호인은 판시 각 공갈 및 공갈미수 범행 당시 피고인과 피해자 사이의 부적절한 관계가 소문이 났으므로 피고인의 그와 같은 언행은 피해자에게 협박이 될 수 없었다는 취지로 주장하는바, 당시 일부 지인들에게는 피고인과 피해자 사이의 관계가 소문으로 알려져 있었던 것으로 보인다.",
            "그러나 그러한 관계가 대중이나 신도 등에게 널리 알려져 있었거나 공식적으로 문제제기 되어 있지 아니한 상황이었고 피해자로서는 피고인과의 관계가 대외적으로 널리 알려져 주지의 임기를 채우지 못하거나 후임 주지 선거를 제대로 치를 수 없게 될 것에 대한 충분한 해악의 고지가 될 수 있다",
            "500만 원이 이 사건 그림 값의 일부가 아님은 아래 2.항에서 보는 바와 같은데다가 설령 피고인의 주장대로 그것이 그림 값의 일부라고 하더라도 이는 공갈죄의 성립을 방해하는 것이 아니다 ",
            "피고인이 판시 범죄사실 기재와 같이 피해자에 대하여 공갈 및 공갈미수 범행을 저질렀다는 점을 충분히 인정할 수 있다.",
            "피고인에게 결과적으로 매매대금지급청구권이 없다고 하더라도 피고인이 사실을 잘못 인식하거나 법률적 평가를 잘못하여 존재하지 않는 권리를 존재한다고 믿고 제소한 것이라면 소송사기죄가 성립되지 아니할 여지가 있다.",
            "그러나 이 법원이 적법하게 채택하여 조사한 증거들[특히 피해자와 M의 수사기관 및 이 법정에서의 진술 및 문자메시지 출력물(증거목록 순번71)]에 의하면, 당시 피고인은 피해자에게 전시회를 열어준 것에 대한 감사의 표시로 이 사건 그림을 '기증'하겠다고 적극적으로 밝히면서 이 사건 그림을 건네준 사실과 피해자로부터 받은 500만 원이 그림 값 중 일부가 아닌 사실을 인정할 수 있다.",
            "이와 같은 피고인의 행위를 앞서 본 법리에 비추어 보면 비록 피고인이 증거의 조작에까지 나아가지 아니하였더라도 충분히 소송사기 미수죄에 해당한다고 봄이 상당하다.",
            "피고인은 피고인과의 관계의 발각을 두려워하는 피해자의 지위, 불안한 심리상태를 이용하여 금원을 갈취하거나 갈취하려고 하였으며 나아가 피고인의 고소, 소제기에 대응하기 위하여 허위의 주장을 하며 소송사기 행위에까지 나아갔는바 행위의 죄질이 매우 좋지 아니하다.",
            "다만 피고인은 이미 무고죄 등으로 징역 6월의 실형을 선고받아 복역하였는데 이 사건 각 범죄는 이미 판결이 확정된 무고죄 등과 함께 판결이 선고될 수 있었다.",
            "피고인이 갈취하려고 하였거나 편취하려고 시도한 금액이 작지는 않으나 결국 기수에 이른 금액은 500만 원으로서 그리 크다고 할 수 없는 점, 피해자와는 상당 기간 내연 관계를 맺고 있었던 점, 판결이 확정된 무고죄 등 이외에는 피고인에게 범죄전력이 없는 점 등을 고려한다."
        ]
    },
    "close": {
        "cnclsns": [
            "피고인을 징역 1년에 처한다",
            "이 판결 확정일부터 2년간 위 형의 집행을 유예한다.",
            "피고인에게 40시간의 사회봉사를 명한다."
        ]
    }
}