{
    "info": {
        "caseField": "2",
        "detailField": "6",
        "trailField": "1",
        "caseNm": "가. 특수강도방조 나. 특수강도",
        "courtNm": "서울중앙지방법원",
        "judmnAdjuDe": "2013. 05. 02.",
        "caseNo": "2013고합118",
        "relateLaword": [
            "형법 제334조",
            "형법 제333조",
            "형법 제32조",
            "형법 제30조",
            "형법 제55조",
            "형법 제37조",
            "형법 제39조",
            "형법 제53조",
            "형법 제62조",
            "형법 제62조의2"
        ],
        "qotatPrcdnt": []
    },
    "concerned": {
        "acusr": "4",
        "dedat": "1"
    },
    "org": {
        "orgJdgmnCourtNm": "",
        "orgJdgmnAdjuDe": "",
        "orgJdgmnCaseNo": ""
    },
    "disposal": {
        "disposalform": "8",
        "disposalcontent": [
            "피고인 A를 징역 2년에, 피고인 B를 징역 2년 6개월에 각 처한다.",
            "다만, 이 판결 확정일로부터 피고인 A에 대하여는 3년간, 피고인 B에 대하여는 4년간 위 각 형의 집행을 유예한다.",
            "피고인 A에 대하여 80시간의, 피고인 B에 대하여 120시간의 각 사회봉사를 명한다."
        ]
    },
    "mentionedItems": {
        "rqestObjet": [
            "피고인 A를 징역 2년에, 피고인 B를 징역 2년 6개월에 각 처한다.",
            "피고인 A에 대하여 80시간의, 피고인 B에 대하여 120시간의 각 사회봉사를 명한다."
        ]
    },
    "assrs": {
        "acusrAssrs": [],
        "dedatAssrs": [
            "피고인 A가 000에게 00을 소개시켜 줌으로써 000 등의 특수강도 범행을 용이하게한 사실은 인정하나, 더 나아가 차량용 위치추적기 구입에 관하여 상의해 주는 방법으로 방조한 사실은 없다."
        ]
    },
    "facts": {
        "bsisFacts": [
            "피고인 B은 2012.12.7.서울동부지방법원에서 횡령죄로 징역 4개월을 선고받아 2013.1.31.위 판결이 확정되었다.",
            "피고인 A는 2012.2.8.경 000으로부터 전화금융사기 조직의 현금인출책들을 상대로 금품을 강취해 보자는 제의를 받고, 2012.2.9.경 00에게 전화로 \"눈 먼 돈이 있는데 일 좀 해 볼 생각이 있느냐. 보이스피싱 인출조직인데 하루에 인출하는 금액이 1억 정 도 되는데 절대 신고도 못할 것이고 양심의 가책을 받을 것도 없다.\"라는 제의를 하였다.",
            "계속해서 피고인 A는 2012.2.15.경 00과 함께 000을 찾아가 000에게 00을 소개하고, 00은 2012.2.21.경 평소 알고 지내는 B에게 강도 범행을 제의한 후 B의 승낙을 받아 함께 강도 범행을 저지르기로 했다.",
            "피고인 A는 현금인출책들이 사용하는 차량의 위치를 확인하기 위해 차량용 위치추적기가 필요하다는 이야기를 하여 000으로 하여금 차량용 위치추적기를 구입하여 이를 전화금융사기 피해금 인출조직에서 관리하는 승용차에 부착하도록 하였다.",
            "그 후 위 00, B, 000은 2012.2.23.17:30경 제2항 기재와 같이 피해자 000, 000을 상대로 현금 5,200만 원을 강취하였다.",
            "이로써 피고인 A는 000이 전화금융사기 조직의 현금인출책들을 상대로 강도 범행을 저지른다는 사실을 잘 알면서도 이를 돕기 위해 00을 소개시켜주고, 차량용 위치추적기의 구입에 대해 상의를 해주는 방법으로 특수강도 범행을 용이하게 하여 이를 방조하였다.",
            "피고인 B는 2012.2.23.17:00경 00, 000과 함께 전화금융사기 조직의 현금인출책들이 이용하는 승용차가 서울 광진구에 장시간 주차가 되어 있다는 사실을 확인하고, 000 이 운전하는 승용차를 이용해 같은 날 17:30경 위 부근으로 이동하였다.",
            "피고인 B는 그곳에서 승용차를 찾아 낸 다음 00과 함께 위 승용차로 걸어가 00은 조수석에 앉아 있던 피해자 000의 멱살을 잡아 승용차 밖으로 끌어 낸 후 주먹으로 피해자 000의 얼굴을 수회에 걸쳐 때리고, 피고인 B는 피해자 000이 위 승용차의 뒷좌석에 앉아 있는 것을 발견하고 위 승용차의 뒷문을 열어 000을 끌어내려고 했다.",
            "00은 피해자 000을 위협하기 위해 소지하고 있던 숫돌로 위 승용차의 유리창을 내리쳐 피해 자들의 반항을 억압한 후 현금 5,200만 원 상당이 보관되어 있던 위 차량을 운전하여 갔다.",
            "이로써 피고인 B는 00, 000과 순차 공모, 합동하여 피해자 000, 000을 상대로 현금 5,200만 원을 강취하였다."
        ]
    },
    "dcss": {
        "courtDcss": [
            "① 공범인 00은 검찰 및 이 법정에서 피고인 A가 자신을 000에게 소개하기 전 ‘범행을 하려면 위치추적기가 필요하니 이를 구할 수 있는 방법을 알아보라’고 시켰다는 취지로 일관되게 진술한 점, ② 이 사건 특수강도 범행을 주도하고 위치추적기를 직접 구입한 공범 000은 위치추적기를 구입할 무렵 피고인 A와 여러 차례에 걸쳐 통화를 하였다.",
            "RMFLRH 피해자들의 승용차에 위치추적기를 부착한 뒤 피고인 A에게 전화해서 이를 알리기도 하였는데, 피고인 A가 위치추적기 구입 및 이용에 관여하지 않았다면 그와 같이 전화할 이유가 없었던 점이 있다.",
            "③ 피고인 A는 이 사건 특수강도 범행 직후 000, 00 및 피 고인 B가 있는 곳으로 오려고 했고, 바로 그 다음날인 2012.2.24.240만 원을, 며칠 뒤인 같은 해 3.3.100만 원을 000으로부터 각 송금받았으며, 00이 어떠한 사례비도 주지 않고 자신을 피하자 그가 돈을 빼돌린 것 같다는 소문을 내고 다니는 등 범죄 수익을 분배받으려 한 정황이 나타나고 있다.",
            "단순히 00을 소개해 준 것에 불과하다던 그와 같은 정황을 설명하기 어려운 점 등을 종합하면, 피고인이 판시와 같이 위치추적기에 관하여 상의해 주는 방법으로도 특수강도 범행을 방조한 사실을 충분히 인정할 수 있으므로, 위 주장은 받아들이지 아니한다."
        ]
    },
    "close": {
        "cnclsns": [
            "피고인 A를 징역 2년에, 피고인 B를 징역 2년 6개월에 각 처한다.",
            "다만, 이 판결 확정이로부터 피고인 A에 대하여는 3년간, 피고인 B에 대하여는 4년간 위 각 형의 집행을 유예한다.",
            "피고인 A에 대하여 80시간의, 피고인 B에 대하여 120시간의 각 사회봉사를 명한다.",
            "이 사건 특수강도 범행은 치밀한 사전 계획을 바탕으로 이루어졌고, 현금 5,200만원과 자동차를 강취한 것이어서 피해액이 적지 아니한 점, 피고인 A는 장범들 사이를 매개하고 범행 도구에 관하여 상의해 주면서 범행을 도왔고, 피고인 B는 직접 실행행위를 분담한 점, 피고인들 모두 폭력 관련 전과를 포함하여 다수의 범죄 전력이 있는 점 등을 고려할 때 피고인들을 엄히 처벌할 필요성이 있는 것은 사실이다."
        ]
    }
}