{
    "info": {
        "caseField": "2",
        "detailField": "6",
        "trailField": "1",
        "caseNm": "강도상해",
        "courtNm": "대전지방법원",
        "judmnAdjuDe": "2012. 10. 08.",
        "caseNo": "2012고합346",
        "relateLaword": [
            "형법 제337조",
            "형법 제53조",
            "형법 제55조"
        ],
        "qotatPrcdnt": []
    },
    "concerned": {
        "acusr": "4",
        "dedat": "1"
    },
    "org": {
        "orgJdgmnCourtNm": "",
        "orgJdgmnAdjuDe": "",
        "orgJdgmnCaseNo": ""
    },
    "disposal": {
        "disposalform": "6",
        "disposalcontent": [
            "피고인을 징역 4년에 처한다."
        ]
    },
    "mentionedItems": {
        "rqestObjet": [
            "피고인을 강도상해로 징역에 처한다."
        ]
    },
    "assrs": {
        "acusrAssrs": [],
        "dedatAssrs": []
    },
    "facts": {
        "bsisFacts": [
            "피고인은 2012. 6. 11. 17:00경 0000 0 부근에 있는 피해자 00(80세)의 감자밭에 들어가 감자를 캐던 중, 피해자에게 발각되자 체포를 면탈할 목적으로 피해자의 배를 발로 1회 차고, 피해자의 가슴을 양손으로 밀쳐 피해자를 약 2m 높이의 수로에서 떨어뜨려, 피해자에게 약 8주간의 치료가 필요한 좌측 원위 요골 분쇄 골절 등의 상해를 가하였다."
        ]
    },
    "dcss": {
        "courtDcss": [
            "이 사건은 강도범죄, 상해의 결과가 발생한 경우, 일반강도 유형에 속하며, 특별가중인자로 피해자가 중한 상해를 입었다.",
            "체포를 면탈하기 위한 단순한 폭행 및 협박은 특별감경인자로 볼 수 있다.",
            "피고인은 고령의 피해자를 상대로 범행을 저지르고, 피해자의 상해 정도가 중하다.",
            "피고인이 절취하려고 한 물건의 가치가 그리 크지 않고, 폭행·협박의 정도가 그리 중하지 않으며, 벌금형으로 1차례 처벌받은 전력 외 달리 전과가 없는 점을 피고인에게 유리한 정상이다."
        ]
    },
    "close": {
        "cnclsns": [
            "배심원 평결로 배심원 5명 전원이 유죄를 선고하고, 징역 4년에 처한다."
        ]
    }
}