{
    "info": {
        "caseField": "2",
        "detailField": "6",
        "trailField": "1",
        "caseNm": "사기, 공갈, 뇌물공여, 뇌물공여의사표시, 업무방해, 상습도박, 배임증재, 배임증재미수, 배임수재",
        "courtNm": "서울중앙지방법원",
        "judmnAdjuDe": "2010. 10. 22.",
        "caseNo": "2010고합767",
        "relateLaword": [
            "형법 제357조",
            "형법 제30조",
            "형법 제359조",
            "형법 제133조",
            "형법 제129조",
            "형법 제314조",
            "형법 제313조",
            "형법 제347조",
            "형법 제350조",
            "형법 제246조",
            "형법 제40조",
            "형법 제50조",
            "형법 제37조",
            "형법 제38조",
            "형법 제57조",
            "형법 제62조",
            "형사소송법 제254조",
            "형법 제327조",
            "형법 제62조2"
        ],
        "qotatPrcdnt": [
            "대법원 2008.7.10. 선고 2008도1664 판결",
            "대법원 1987.1.20. 선고 86도2260 판결",
            "대법원 2004.7.22. 선고 2004도2390 판결",
            "대법원 2003.4.8. 선고 2003도382 판결",
            "대법원 1996.2.13. 선고 95도2121 판결",
            "헌법재판소 2009. 6. 25. 선고 2007헌바25 결정",
            "2001. 12. 28. 선고 2001도6130 판결 ",
            "대법원 1989. 6. 13. 선고 89도582 판결"
        ]
    },
    "concerned": {
        "acusr": "4",
        "dedat": "1"
    },
    "org": {
        "orgJdgmnCourtNm": "",
        "orgJdgmnAdjuDe": "",
        "orgJdgmnCaseNo": ""
    },
    "disposal": {
        "disposalform": "6",
        "disposalcontent": [
            "피고인 00, 00를 각 징역 1년 6월에, 피고인 00를 징역 10월에, 피고인 00을 징역 1년에, 피고인 00을 징역 8월에, 피고인 00, 00, 00을 각 징역 6월에 각 처한다.",
            "다만, 이 판결확정일로부터 피고인 00, 00에 대하여는 각 3년간, 피고인 00, 00, 00에 대하여는 각 2년간, 피고인 00, 00, 00에 대하여는 각 1년간 위 각 형의 집행을 유예한다.",
            "피고인 00, 00, 00에게 각 120시간의 사회봉사를 명한다.",
            "피고인 00, 00, 00, 00, 00, 00, 00에게 각 40시간의 도박치료강의 프로그램의 수강을 명한다.",
            "피고인 00로부터 3,000,000원을 추징한다."
        ]
    },
    "mentionedItems": {
        "rqestObjet": [
            "피고인 00, 00를 각 징역 1년 6월에, 피고인 00를 징역 10월에, 피고인 00을 징역 1년에, 피고인 00을 징역 8월에, 피고인 00, 00, 00을 각 징역 6월에 각 처한다.",
            "다만, 이 판결확정일로부터 피고인 00, 00에 대하여는 각 3년간, 피고인 00, 00, 00에 대하여는 각 2년간, 피고인 00, 00, 00에 대하여는 각 1년간 위 각 형의 집행을 유예한다.",
            "피고인 00, 00, 00에게 각 120시간의 사회봉사를 명한다.",
            "피고인 00, 00, 00, 00, 00, 00, 00에게 각 40시간의 도박치료강의 프로그램의 수강을 명한다.",
            "피고인 00로부터 3,000,000원을 추징한다."
        ]
    },
    "assrs": {
        "acusrAssrs": [],
        "dedatAssrs": [
            "피고인 00 및 그 변호인은 판시 제1의 다. 공갈죄의 범죄사실과 관련하여 피해자들로부터 돈을 받은 사실은 인정하나, 피고인 00가 피해자 00, 00, 00에게 '추가로 게임에서 져주거나 그 동안 받은 돈을 돌려주지 않으면 00이가 팀감독에게 찾아가 승부조작 사실을 말하겠다고 한다'고 하여 겁을 주거나, 피해자 00에게 '내 친구가 팀 감독을 찾아가 승부조작 사실을 말해 버린다고 한다'고 하여 겁을 준 사실이 없다는 취지로 주장한다.",
            "피고인 00 및 그 변호인은 ㅇㅇ 게임단 ㅇㅇㅇ 소속의 공무원인 00가 출전한 경기 (별지 범죄일람표 1 순번 10, 11)와 관련하여 공무원에게 돈을 준다는 것은 나중에 알았다고 주장하여 뇌물공여죄 및 뇌물공여의사표시죄에 관하여 피고인 00는 공모한 사실이 없다는 취지로 주장한다.",
            "피고인 00 및 그 변호인은 사기죄와 관련하여 승부조작을 통한 베팅을 통하여 배당금으로 약 600만 원을 교부받아 300만 원은 00을 통해 00에게 교부하고, 나머지 300만 원을 수령하여 오히려 손해를 보았다거나, 760만 원을 베팅하여 원금 포함하여 1,200만 원의 수익을 얻었으나 실제 인출한 돈은 737만 원이고 나머지 돈은 사이트가 폐쇄되어 취득할 수 없었다.",
            "그러므로 실제로는 손해를 보았다고 주장하여, 명확하지는 않으나 사기죄의 일부가 미수에 그쳤다는 취지로 주장한다."
        ]
    },
    "facts": {
        "bsisFacts": [
            "피고인은 000 소속 구단의 프로게이머들이 자신의 능력과 기능을 최대한 발휘하여 신의와 성실로 선수활동을 수행할 임무가 있다는 사실을 알고 있음에도 불구하고, 불상의 인터넷 베팅 사이트에서 ㅇㅇㅇㅇㅇㅇ 게임에 대한 승패를 걸고 베팅을 하면서 게임에 출전하는 선수에게 돈을 주고 고의로 게임에서 지도록 함으로써 게임의 결과를 알면서 베팅을 하는 방법으로 돈을 벌기로 마음먹었다.",
            "피고인은 친구인 00과 함께, 2009. 9. 초순경 평소 알고 지내는 000 구단 소속 프로게이머인 00에게 \"ㅇㅇㅇㅇㅇㅇ 경기에 대한 베팅사이트에 베팅을 하려고 한다. 2009. 9. 4. 00과의 게임에서 져 주면 돈을 주겠다.\"는 취지로 00의 임무에 관하여 부정한 청탁을 하였다.",
            "그리하여 이를 수락한 00가 000 가 주최하는 위 00과의 프리매치 (PREMATCH)게임에서 유닛컨트롤을 제대로 하지 않는 방법으로 패하자 같은 날 00의 친구 00의 계좌로 300만 원을 송금하였다.",
            "피고인은 00과 공모하여 00의 임무에 관하여 부정한 청탁을 하고 재물을 공여하고, 00, 00와 공모하여 위 게임을 주최한 000 의 정상적인 대회 운영에 관한 업무를 위와 같이 위계로써 방해한 것을 비롯하여 별지 범죄일람표 1 기재와 같이 그 때부터 2010. 2. 경까지 사이에 00, 00, 00과 공모하여 00 등 게이머들의 임무에 관하여 부정한 청탁을 하고 재물을 공여하거나 미수에 그쳤다.",
            "그리고 공무원인 00의 직무에 관해 뇌물을 공여하거나 뇌물공여의 의사표시를 하고, 00, 00, 00 및 승부조작에 가담한 00 등 게이머들과 공모 하여 대회 주최사인 000 등의 업무를 위계로써 방해하였다.",
            "피고인은 00과 함께 위 가. 항 기재와 같이 프로게이머를 매수하여 사전에 그 승부 결과를 조작한 후 그 정을 모르는 게임도박사이트에 도금을 걸고 그 경기의 결과에 따라 승자측에 돈을 건 사람들에게 주어지는 배당금을 편취하기로 사전에 공모하였다.",
            "그런 다음,  2009. 9. 4. 경 공범인 00가 00과의 프리매치 팀 평가전에서 고의로 패할 것이라는 사정을 잘 알면서도 마치 승부조작이 되지 않은 정상적인 게임으로 그 승부 결과를 사전에 전혀 알지 못하는 것처럼 가장했다.",
            "피해자 성명 불상자 운영의 www. 0000000. com 등에 00이 이기는 쪽으로 돈을 걸고 위 게임에서 00가 패하자 그 배당금 명목으로 위 사이트 운영자들로부터 합계 1, 056만 원을 피고인 명의의 계좌로 송금받은 것을 비롯하여 별지 범죄일람표 1 - 1 기재 게임에 대하여 위와 같은 방법으로 총 5, 318만 원을 걸어 각 게임도박사이트들로부터 승패에 따른 배당금 명목으로 합계 8, 685만 원을 송금받았다.",
            "피고인은 00, 00, 00 및 승부조작에 가담한 00 등과 공모하여, 위와 같은 승부조작 사실을 알지 못한 위 각 사이트 운영자들을 속여 배당금 명목으로 합계 8, 685만 원을 교부 받았다.",
            "피고인은 2009. 12. 10. 경 0000에 있는 00000 숙소에서, 피해자 00에게 전화하여 네가 내일 있을 00 대 00, 00 대 00 전에서도 00, 00가 승부조작을 해 준다고 해서 00에게 500만 원을 주었는데 왜 약속을 지키지 않느냐. 그동안 베팅을 하면서 손해를 많이 봤다.\"",
            "\"너희들이 추가로 게임에서 져주든지 아니면 그동안 받은 돈을 돌려 달라. 그렇지 않으면 00이가 숙소로 너희 팀 감독에게 찾아가서 너희들이 승부조작을 했다는 사실을 말해 버리겠다고 한다.\" 라고 겁을 주고, 그 무렵 00는 이 말을 피해자 00과 00에게 전달하였다.",
            "피고인은 이와 같이 피해자들을 공갈하여 이에 겁을 먹은 피해자 00으로부터 200만 원, 00로부터 150만 원, 00로부터 230만 원 등 합계 580만 원을 2009.12. 11. 경 피고인의 계좌로 송금 받았다.",
            "피고인은 2010. 2. 초순경 0000에 있는 '0'라는 술집에서, 위와 같은 승부조작의 대가로 돈을 준 피해자 00에게 \"나와 내 친구가 그동안 베팅을 하면서 손해를 많이 봤다. 특히 내 친구가 열 받아서 너희 팀 감독을 찾아가 네가 승부조작한 사실을 말해 버린다고 한다.\" 라고 겁을 주었다.",
            "피고인은 2009. 7. 1. 경 불상의 불법 도박사이트에 회원가입을 하고 야구, 축구, 농구 및 ㅇㅇㅇㅇㅇㅇ 등 종목의 경기결과를 두고 돈을 걸어 베팅을 한 후 승패를 맞추었을 경우에는 정해진 배당률에 따라 승금 명목으로 배당금을 받는 방법으로 도박을 하였다.",
            "이를 비롯하여 그 때부터 2010. 4. 12. 경까지 상습으로 www. 0000000. com, www. 0000000. com, www. 00000. com, www. 00000. com, www. 000000000. com, www. 00000. com 등의 도박사이트에 접속하여 위와 같은 방법으로 총 378, 797, 072원을 베팅하는 방법으로 도박을 하였다.",
            "피고인은 000 구단 소속 프로게이머이다. 피고인은 위 구단과의 계약에 의하여 자신의 능력과 기능을 최대한 발휘하여 신의와 성실로 선수활동을 수행할 임무가 있음에도 불구하고, 2009. 9. 초순경 평소 알고 지내는 00 로부터 이 000 경기에 대한 베팅사이트에 베팅을 하려고 하는데 2009. 9. 4. 00과의 게임에서 져 주면 500만 원을 주겠다는 취지의 부정한 청탁을 받았다.",
            "000 가 주최하는 00과의 프리매치 (PRE MATCH)게임에서 유닛컨트롤을 제대로 하지 않는 방법으로 패한 후 같은 날 00로부터 피고인의 친구 00의 계좌로 300만 원을 교부받았다.",
            "피고인은 2009. 9. 중순경 00와, 2009. 9. 20. 00와 게임을 하기로 예정된 000 구단 소속 게이머인 00를 섭외하여 승부조작을 하기로 한 후, 00에게 \"내가 아는 형이 000 게임에 베팅을 하고 있는데 00 전에서 져 주면 돈을 주겠다고 한다.\" 는 취지로 00의 임무에 관하여 부정한 청탁을 하였다.",
            "그리고 이를 수락한 00가 000가 주최하는 00와의 프로리그 챔피언쉽게임에서 유닛컨 트롤을 제대로 하지 않는 방법으로 패하자 2009. 9. 21. 00의 친구 00의 계좌로 250만 원을 송금하였다.",
            "피고인은 00, 00와 공모하여 00의 임무에 관하여 부정한 청탁을 하고 재물을 공여하고, 00, 00, 00와 공모하여 위 게임을 주최한 000의 정상적인 대회 운영에 관한 업무를 위와 같이 위계로써 방해한 것을 비롯하여 별지 범죄일람표 2 기재와 같이 2009. 9. 4. 경부터 2010. 2. 경까지 사이에 00, 00, 00과 공모하여 00 등 게이머들의 임무에 관하여 부정한 청탁을 하고 재물을 공여하거나 미수에 그쳤다.",
            "그리고 공무원인 00에게 공무원의 직무에 관해 뇌물을 공여하거나 뇌물공여의 의사표시를 하고, 00, 00, 00 및 승부조작에 가담한 00 등 게이머들과 공모하여 대회 주최사인 000 등의 업무를 위계로써 방해하였다.",
            "피고인은 2009. 12. 초순경 별지 범죄일람표 2 순번 6 기재 1 000000 (000)0 프로리그 2009. 12. 31. 자 00 - 00 전 과 관련하여 공범인 00와 함께 00을 통하여 사전에 00에게 승부조작을 의뢰하였다.",
            "그런 다음, 다음 그러한 승부조작 사실을 2010. 12. 말경 평소 알고 지내는 00에게 알려주어 00이 이기는 쪽으로 돈을 걸도록 하는 한편, 00에게 피고인의 돈을 송금하여 주고 00로 하여금 피해자 성명 불상자 운영의 www.0000000. com에 00이 이기는 쪽으로 돈을 걸도록 했다.",
            "00, 00에게는 위 승부조작 사실을 알려 주어 00으로 하여금 피해자 성명 불상자 운영의 www. 000000. com 등에 00이 이기는 쪽으로 돈을 걸도록 하고, 00로 하여금 피해자 성명 불상자 운영의 0라는 게임도박사이트 등에 00 이 이기는 쪽으로 돈을 걸도록 하여 위 사이트 운영자들로부터 배당금 명목으로 00의 계좌로 18, 183, 648원을, 00의 계좌로 545만 원을, 00의 계좌로 990만원을 각 송금받았다.",
            "그리고 00, 00은 위에서 본 바와 같이 (별지 범죄일람표 1-1 순번 6번 참조)피해자 성명 불상자 운영의 www. 0000000. com 등에 00이 이기는 쪽으로 돈을 걸어 그 배당금 명목으로 876만 원을 송금받은 것을 비롯하여 범죄일람표 2-1 기재 게임에 대하여 위와 같은 방법으로 각 게임도박사이트들로부터 승패에 따른 배당 금 명목으로 합계 188, 150, 648원을 송금받았다.",
            "피고인은 00, 00, 00, 00, 00, 00, 00 및 승부조작에 가담한 00 등과 공모하여, 위와 같은 승부조작 사실을 알지 못한 위 각 사이트 운영자들을 속여 배당금 명목으로 합계 188, 150, 648원을 교부받았으며, 그 중 피고인은 13,385, 000원을 걸고 피고인 몫으로 26, 330, 000원을 교부받았다.",
            "피고인은 2009. 8. 11. 경 00가 www. 0000000. com 등의 불법 도박사이트에서 야구, 축구, 농구, ㅇㅇㅇㅇㅇㅇ 등의 종목에 대한 승부결과를 두고 베팅을 하는 사실을 알고 00에게 돈을 보내 대리 베팅을 하도록 하고 승금 명목으로 그 배당금을 돌려받는 방법으로 도박을 하였다.",
            "이를 비롯하여 그 때부터 2010. 3. 경까지 상습으로 00를 비롯하여 www. 00000. com, www. 0000000. com, www. 00000000. com : 88, ip 등의 도박사 이트에 회원으로 가입한 00 00,, www. 00000. com, www. 00000. com, www. 00000000. com 등의 도박사이트에 회원으로 가입한 00을 통해, 이하 다음과 같이 하였다.",
            "즉, 위와 같은 방법으로 총 130, 091, 300원을 베팅하는 방법으로 도박을 하였다."
        ]
    },
    "dcss": {
        "courtDcss": [
            "증인 00는 이 법정에서 2010. 2. 초순경 0000에 있는 '0'라는 술집에서 피고인 00로부터 00이 증인 00 때문에 돈을 손해 봤으니 협회나 구단에 알릴 수도 있다 는 취지의 말을 들었고 이 말이 협박으로 들려 250만 원을 돌려주게 되었다고 진술한 점이 인정된다.",
            "증인 00는 이 법정에서 피고인 00로부터 '돈을 안 주면 00이 팀 감독을 찾아가 승부조작 사실을 알릴 수도 있다'는 취지의 말을 들었고 이 말이 협박으로 들려 00, 00와 함께 돈을 돌려주게 되었다고 진술하고, 수사기관에서는 00의 부탁을 받고 00, 00에게 추가로 승부를 조작해 줄 것을 요구하였으나 거절당하였다.",
            "이에 피고인 00가 \"내 말을 들어주지 않으면 숙소로 찾아가 감독에게 다 말해버리겠다.\"고 협박하자 대신에 손해 본 돈을 돌려주겠다고 제안하여 승낙을 받고 돈을 돌려주게 되었다는 취지로 진술한 점이 인정된다.",
            "00은 수사기관에서 피고인 00로부터 '00가 00이 00와의 경기에서 추가로 져 주지 않으면 감독에게 찾아가 승부조작 사실을 알리겠다고 한다'는 취지의 말을 듣고 00와의 경기는 승부조작을 할 수 없다고 답변하였는데, 이에 피고인 00가 \"그럼 돈을 돌려주자.\"며 200만 원을 달라고 하여 돈을 돌려주게 되었다고 진술한 점이 인정된다.",
            "00는 수사기관에서 피고인 00로부터 '00가 00가 00와의 경기에서 추가로 져 주지 않으면 감독에게 찾아가 승부조작 사실을 알리겠다고 한다'는 취지의 말을 듣고 더 이상 승부조작을 할 생각이 없어 고민하였는데, 피고인 00가 \"그럼 네가 받은 돈 중 반을 돌려주자.\"고 하여 돈을 돌려주게 되었다고 진술한 점이 인정된다.",
            "피고인 00도 수사기관에서 피고인 00로부터' 00, 00가 추가로 승부조작을 하지 않으니 감독과 코치에게 승부조작 사실을 말해 야겠다. ㅇㅇㅇㅇ의 00 감독이나 00 코치의 전화번호를 알려달라'는 취지의 이야기를 들은 사실이 있다고 진술한 점 (수사기록 1505쪽)등을 종합하면, 이하 다음과 같다.",
            "즉, 피고인 00가 자신이 직접 또는 00을 통하여 피해자들 소속 팀 감독 등에게 승부조작 사실을 알릴 수 있다는 취지로 피해자들을 공갈하여 돈을 송금 받은 사실을 인정할 수 있으므로 피고인 00 및 그 변호인의 주장은 받아들이지 아니한다.",
            "① 피고인 00는 맨 처음에는 피고인 00에게 피고인 00가 직접 출전하는 경기의 승부조작을 제안하였으나, 그 이후에는 주로 피고인 00에게 승부를 조작할 다른 선수를 섭외해 줄 것을 부탁한 점이 인정된다.",
            "② 피고인 00는 2010. 1. 18.과 2010. 1. 19. 경기가 붙어 있는 것을 보고 \"00을 한번 섭외해 봐라. 이틀 연속 승부조작을 하면 돈을 많이 벌 수 있겠다.\"고 피고인 00에게 이야기를 하였고, 피고인 00가 피고인 00을 통하여 00를 승부 조작할 선수로 섭외하게 된 점이 인정된다.",
            "③ 피고인 00는 2010. 1. 18. 00가 출전하는 경기(범죄일람표 1의 순번 10)의 승부조작과 관련하여 피고인 00을 통하여 00에게 전달된 돈의 일부를 부담한 점이 인정된다.",
            " ④ 2010. 2.경 00가 출전하는 경기(범죄일람표 1의 순번 11)또한 피고인 00가 피고인 00에게 다른 선수를 섭외하여 줄 것을 부탁하였고, 피고인 00가 다시 피고인 00에게 부탁하여 피고인 00이 00에게 승부조작을 제안하면서 뇌물공여의 의사를 표시하게 된 점이 인정된다.",
            "⑤ 피고인 00도 수사기관에서 2010. 2.경 00 출전 경기의 조작과 관련하여 00를 꼭 찍어서 이야기하지는 않았지만 당해 경기가 승자연승 방식이라서 승부조작을 하기 위해서는 해당 선수가 팀의 선봉으로 나와야 한다는 말을 해 준 사실이 있다고 진술한 점이 인정된다.",
            "⑥ 00가 속한 000 게임단 에이스는 소속 선수가 모두 공무원이므로 000 게임단 에이스 팀이 참여하는 경기를 조작하는 경우 꼭 00가 아니더라도 공무원인 프로게이머 선수에게 돈을 주면서 승부조작을 부탁하게 될 수 있음을 충분히 알 수 있는 점, ",
            "⑦ 피고인 00는 도박게임사이트에서 베팅을 위하여 승부를 조작할 대상 경기를 물색하는 과정에서 혹은 승부조작 정보를 이용하여 실제로 베팅을 하는 과정에서 필연적으로 당해 시합 정보, 출전 팀과 출전 선수 명단 등을 확인하게 될 수 밖에 없는 점 등을 종합하면, 이하 다음과 같다.",
            "즉, 피고인 00는 피고인 00와 공모하여 공무원인 00에게 승부조작과 관련하여 뇌물을 공여하고, 뇌물공여의 의사를 표시한 사실을 인정할 수 있으므로 피고인 00 및 그 변호인의 주장은 받아들이지 아니한다.",
            "베팅 사이트의 충전금은 그에 상응하는 돈을 계좌로 송금받을 수 있는 점, 베팅시 실제 돈을 송금하지 않고 위 충전금을 베팅하는 돈으로 사용할 수도 있는 점 등을 고려하면 위 충전금은 사기죄에서 말하는 재산상 이익에 해당한다고 할 것이고, 피고인이 1,200만 원을 충전금의 형태로 지급받는 순간 사기죄는 기수에 이르렀다고 할 것이다."
        ]
    },
    "close": {
        "cnclsns": [
            "피고인 00, 00를 각 징역 1년 6월에, 피고인 00를 징역 10월에, 피고인 00을 징역 1년에, 피고인 00을 징역 8월에, 피고인 00, 00, 00을 각 징역 6월에 각 처한다.",
            "이 판결확정일로부터 피고인 00, 00에 대하여는 각 3년간, 피고인 00, 00, 00에 대하여는 각 2년간, 피고인 00, 00, 00에 대하여는 각 1년간 위 각 형의 집행을 유예한다.",
            "피고인 00, 00, 00에게 각 120시간의 사회봉사를 명한다.",
            "피고인 00, 00, 00, 00, 00, 00, 00에게 각 40시간의 도박치료강의 프로그램의 수강을 명한다.",
            "피고인 00로부터 3,000,000원을 추징한다."
        ]
    }
}