{
    "info": {
        "caseField": "2",
        "detailField": "6",
        "trailField": "1",
        "caseNm": "공갈미수, 사기, 특수폭행, 특수재물손괴, 업무방해, 보험사기방지특별법위반",
        "courtNm": "서울동부지방법원",
        "judmnAdjuDe": "2020. 10. 21.",
        "caseNo": "2020고단2612",
        "relateLaword": [
            "형법 제347조 제1항",
            "보험사기방지 특별법 제8조",
            "형법 제261조",
            "형법 제260조 제1항",
            "형법 제352조",
            "형법 제350조 제1항",
            "보험사기방지 특별법 제10조",
            "형법 제34조 제1항",
            "형법 제369조 제1항",
            "형법 제366조",
            "형법 제314조 제1항",
            "형법 제37조 전단",
            "형법 제38조 제1항 제2호",
            "형법 제50조",
            "보험사기방지 특별법 제8조"
        ],
        "qotatPrcdnt": []
    },
    "concerned": {
        "acusr": "4",
        "dedat": "1"
    },
    "org": {
        "orgJdgmnCourtNm": "",
        "orgJdgmnAdjuDe": "",
        "orgJdgmnCaseNo": ""
    },
    "disposal": {
        "disposalform": "6",
        "disposalcontent": [
            "피고인을 징역 2년에 처한다."
        ]
    },
    "mentionedItems": {
        "rqestObjet": [
            "피고인을 공갈미수, 사기, 특수폭행, 특수재물손괴, 업무방해, 보험사기방지특별법위반로 징역에 처한다."
        ]
    },
    "assrs": {
        "acusrAssrs": [],
        "dedatAssrs": [
            "피고인에게 보험금 편취를 위한 고의가 없었고, 설령 편취의 고의가 인정된다 하더라도 피고인의 행위는 예비행위에 불과할 뿐 보험사기 범행의 실행의 착수를 인정할 수 없다."
        ]
    },
    "facts": {
        "bsisFacts": [
            "피고인은 2011.경부터 전세 버스, 회사 택시, 사설 구급차 등의 운전 업무에 종사해 오고 있는 사람으로서, 피고인이 차량을 운행하는 차로에 끼어드는 차량들을 상대로 고의로 접촉 사고를 일으키거나 과실로 발생한 가벼운 접촉 사고에 대해 마치 입원이나 통원 치료가 필요한 것처럼 행세하면서 합의금, 치료비 등의 명목으로 보험금을 타내어 편취했다.",
            "사설 구급차가 응급환자를 태우지 않은 채 사이렌을 울리며 운행하고 응급 구조사의 동승 없이 운행하는 등의 탈법적인 행태에 대해 잘 알고 있어 피고인이 차량을 운행하는 차로에 끼어드는 사설 구급차를 상대로 고의로 가벼운 접촉사고를 일으킨 후 위와 같은 약점이 발견되면 마치 관할 관청에 신고하여 과태료나 업무 정지 등의 행정 처분을 받게 할 것처럼 사설 구급차 운전자를 협박하여 돈을 갈취하거나 보험금을 타내어 편취하기로 마음먹었다.",
            "피고인은 2015. 2. 24. 22:45경 0000 앞 편도 1차로를 C 택시를 운전하여 진행하다가 정차해 있던 중, D이 운전하는 E 0 승용차가 위 택시의 왼편에 정차한 후 동승자가 하차하기 위해서 조수석 뒷문을 여는 과정에서 문짝이 피고인의 택시 왼쪽 앞 펜더 부분을 가볍게 찍는 사고(일명 '문콕')가 발생하였다.",
            "피고인은 사실은 택시의 파손 부위를 찾기 힘들 정도로 사고의 충격이 경미하여 상해를 입은 사실이 없음에도 마치 위 사고로 병원 치료가 필요한 상해를 입은 것처럼 위 D으로 하여금 피해자 주식회사 F에 사고 접수를 하게 한 후, 같은 달 26.부터 같은 해 3. 6.까지 G의원에서 6일간 통원 치료를 받았다.",
            "피고인은 이와 같이 피해자를 기망하여 이에 속은 피해자로부터 합의금 명목으로 2015. 3. 9. 800,000원을, 치료비 명목으로 같은 달 16. 301,440원, 같은 해 4. 16. 144,930원을 각 교부받아 합계 1,246,370원을 교부받았다.",
            "피고인은 2016. 3. 12. 22:15경 0000 앞 편도 4차로 중 2차로를 I 전세버스를 운전하여 진행하던 중, 위 버스 앞으로 끼어들려고 하는 J가 운전하는 K 0 승용차의 왼쪽 앞 펜더 부분을 위 버스의 오른쪽 앞부분으로 들이받게 되었다.",
            "피고인은 사실은 사고의 충격이 경미하여 장기간의 병원 치료가 필요한 상해를 입은 사실이 없음에도 마치 위 사고로 장기간의 병원 치료가 필요한 상해를 입은 것처럼 위 J로 하여금 피해자 L 주식회사에 사고 접수를 하게 한 후, 같은 달 15.부터 같은 해 4. 24.까지 M에서 9일간 통원 치료를 받았다.",
            "피고인은 2017. 6. 12. 16:13경 0000 부근 편도 3차로 중 직진차로인 2차로를 O 택시를 운전하여 진행하다가 2차로로 좁아지는 도로의 1차로로 진입하던 중이었다. ",
            "위 3차로 중 비보호 좌회전 차로인 1차로에 정차해 있다가 노면 표지를 위반하여 위 1차로로 직진하려는 P가 운전하는 Q 0 승용차의 오른쪽 앞 펜더 부분이 피고인의 택시 왼쪽 측면 및 후사경과 접촉하는 사고가 발생하였다.",
            "피고인은 사실은 사고의 충격이 경미하여 장기간의 병원 치료가 필요한 상해를 입은 사실이 없음에도 마치 위 사고로 장기간의 병원 치료가 필요한 상해를 입은 것처럼 위 P로 하여금 피해자 R에 사고 접수를 하게 한 후, 2017. 6. 13.부터 같은 해 8. 29.까지 M 등에서 23일간 통원 치료를 받았다.",
            "피고인은 위와 같이 피해자를 기망하여 이에 속은 피해자로부터 2017. 7. 21.부터 같은 해 11. 20.까지 합의금 및 치료비 명목으로 합계 3,253,090원을 교부받은 것을 비롯하였다. ",
            "그 때부터 2019. 9. 25.까지 다음 범죄일람표에 기재된 것과 같이 모두 4회에 걸쳐 같은 방법으로 피해자 L 주식회사 등 4개 보험회사로부터 합의금 및 치료비 명목으로 합계 17,190,420원을 교부받음으로써 보험사기행위로 보험금을 취득하였다.",
            "피고인은 같은 일시, 장소에서 위와 같이 피고인이 고의로 사고를 유발하였다는 사실을 모르는 위 AE로 하여금 피해자 L 주식회사에 사고 접수를 하도록 하였으나 과실 비율에 대한 협의가 이루어지지 않아 보험금이 지급되지 않았다.",
            "순번, 사고일시,장소(피해자), 사고내용, 보험금지급일, 지급액(원)",
            "1, 2017.6.12. 16:13경 0000부근(R), O택시를 운행중, 노면 표지를 위반하여 직진하려는 0승용차와 충돌, 2017.7.21~2017.11.20., 3,253,090",
            "2, 2017.11.23. 11:26경 0000에 있는 T 진입로 부근 경부고속도로 하행선(L), U트럭을 운행 중, 진로를 변경하는 V0승용차와 충돌, 2017.12.20~2018.3.22., 4,463,560",
            "3, 2018.10.14. 21:50 0000옆 합류도로(W), X버스를 운행중, 진로를 변경하는 Y0승용차와 충돌, 2018.11.14.~2019.3.25., 6,721,650",
            "4, 2019.6.24. 15:20 0000앞(AA), AB0승용차를 운행중, 진로를 변경하는 AC0승용차와 충돌, 2019.7.5.~2019.9.25., 2,752,120",
            "합계, 17,190,420",
            "피고인은 2020. 6. 8. 15:13경 0000 편도 2차로 중 1차로를 AH 택시를 운전하여 진행하던 중, 피해자 AI(남, 44세)이 운전하는 AJ 사설 구급차가 사이렌을 울리며 2차로 오른쪽 후방에서 다가오는 것을 발견하고 위 구급차에 차로를 양보하지 않으려고 앞차와의 간격을 좁히며 진행하던 중이었다. "
        ]
    },
    "dcss": {
        "courtDcss": [
            "이 법원이 적법하게 채택하여 조사한 증거들에 의하여 인정되는 다음과 같은 사정들 즉, 피고인은 AE, AI에게 항의하면서 사고처리를 적극적으로 요구하였고, 특히 AI에게는 보험 접수해서 사고처리하고 가라 고 명시적으로 말하였던 점이 있다. ",
            "피고인은 2017. 7. 8. 사고현장에 출동한 피해자 L 주식회사의 담당자에게 구체적인 합의 액수를 말하였고, 과실비율도 임의로 정하여 말하였던 점, 피고인은 각 사고 관련 112 또는 119에 사고 접수를 하고 경찰에서 AE, AI에 대한 처벌의사를 밝히기도 한 점이 있다. ",
            "이와 같은 피고인의 요구에 AE, AI는 각 피해자 보험회사에 사고 접수를 하게 된 점 등을 종합하면, 피고인은 형법 제34조 제1항 소정의 간접정범의 형태로 보험사기 행위를 하였다고 보이므로, 피고인 및 변호인의 위 주장은 받아들이지 않는다."
        ]
    },
    "close": {
        "cnclsns": [
            "피고인을 징역 2년에 처한다."
        ]
    }
}