{
    "info": {
        "caseField": "2",
        "detailField": "6",
        "trailField": "1",
        "caseNm": "가.사기나.사기미수다.마약류관리에관한법률위반(향정)",
        "courtNm": "서울중앙지방법원",
        "judmnAdjuDe": "2020. 11. 26.",
        "caseNo": "2020고단3668",
        "relateLaword": [
            "형법 제347조",
            "형법 제30조",
            "구 마약류 관리에 관한 법률 제62조",
            "구 마약류 관리에 관한 법률 제3조",
            "구 마약류 관리에 관한 법률 제4조",
            "형법 제352조",
            "형법 제25조",
            "형법 제55조",
            "형법 제37조",
            "형법 제39조",
            "형법 제38조",
            "형법 제50조",
            "형법 제62조",
            "소송촉진 등에 관한 특례법 제32조",
            "소송촉진 등에 관한 특례법 제25조"
        ],
        "qotatPrcdnt": [
            "대법원 2011.12.22. 선고 2011도9721 판결"
        ]
    },
    "concerned": {
        "acusr": "4",
        "dedat": "1"
    },
    "org": {
        "orgJdgmnCourtNm": "",
        "orgJdgmnAdjuDe": "",
        "orgJdgmnCaseNo": ""
    },
    "disposal": {
        "disposalform": "6",
        "disposalcontent": [
            "피고인 A을 징역 1년 6월에 처한다.",
            "다만, 이 판결 확정일로부터 3년간 위 형의 집행을 유예한다.",
            "피고인 A에 대하여 180시간의 사회봉사를 명한다.",
            "피고인 B을 징역 1년 6월에 처한다.",
            "배상신청인의 신청을 각하한다."
        ]
    },
    "mentionedItems": {
        "rqestObjet": [
            "피고인 A을 징역 1년 6월에 처한다.",
            "피고인 A에 대하여 180시간의 사회봉사를 명한다.",
            "피고인 B을 징역 1년 6월에 처한다.",
            "배상신청인의 신청을 각하한다."
        ]
    },
    "assrs": {
        "acusrAssrs": [],
        "dedatAssrs": [
            "피고인은 2020고단3668호 공소사실 중 제2의 가.항과 제2의 라.(2)항에 대하여는 어느 정도 관여하였던 바 있으므로 죄책을 인정하지만, 제2항 중 나머지 부분은 전혀 알지 못하는 부분이고, 그에 관하여 J이나 공동피고인 B과 공모한 사실도 없다.",
            "피고인은 위 제2의 가항과 제2의 라.(2)항 부분에 있어서도, 전체적으로 범행의 전모를 전혀 알지 못한 채 J 등에게 범행을 용이하게 하는 도구로서 이용당한 데 불과하므로, 피고인이 공모공동정범의 죄책을 진다고 할 수 없다."
        ]
    },
    "facts": {
        "bsisFacts": [
            "피고인 B은 인터넷 구인구직 사이트에서 000을 통하여 'I'이라고 칭하는 J을 알게 되어 J으로부터 일정한 대가를 받는 조건으로 J이 지시하는 일을 수행하기로 하였고, 피고인 A은 피고인 B의 동네 후배로 피고인 B이 J의 지시로 하는 일을 피고인B과 함께 수행하면서 피고인 B의 소개로 J과 알게 된 사이이다.",
            "피고인 BJ은 인터넷 사이트에서 마약 판매 광고 게시글을 보고 이를 이용하여 마약을 구입하려는 사람들을 속여 금원을 편취하기로 마음먹고, 피고인에게 인터넷 사이트에 마약판매 광고 글과 함께 자신의 텔레그램 계정K으로 연락하라는 글을 게시할 것을 지시하였다.",
            "피고인은 이에 따라 인터넷 사이트에 마약 판매 광고글을 게시하고, 이에 유인된 피해자들이 위 텔레그램 계정으로 J과 연락하여 마약구입대금 명목으로 피고인의 계좌에 입금하면, 피고인은 이를 인출하여 J이 지정한 '0000' 또는 '0000'등에 전달하기로 공모하였다.",
            "피고인은 J의 지시로 2018. 10. 23, 13:53 경 불상지에서 피고인의 휴대폰을 이용하여 인터넷 사이트 '0'에 '시원한 술 및 각종 북한산순도 100! 품질 너무 좋습니다. 떨스트레인 죽입니다. 엘 있습니다. 문의 텔레그램 K'라는 글을 게시한 것을 비롯하여 별지 범죄일람표(1)기재와 같이 그때부터 2019. 3. 24.경까지 모두 18회에 걸쳐 광고글을 게시하였다.",
            "이로써 피고인은 J과 공모하여 마약류관리에관한법률에서 금지하는 행위에 관한 정보를 타인에게 널리 알리는 행위를 하였다.",
            "피고인은 2019. 3. 말경 위와 같이 J의 지시로 트위터에 마약 판매 광고를 하고, J은 위 광고에 기재된 텔레그램 계정K으로 연락한 피해자 P에게 마치 실제로 마약을 판매할 것처럼 거짓말하여 이에 속은 피해자로부터 2019. 3. 30. 3회에 걸쳐 피고인 명의의 Q은행 계좌 R로 합계 99만 원을 송금받고, 피고인은 그 무렵 이를 인출하여 J이 지정한 장소에 놓아두는 방법으로 J에게 전달하였다.",
            "피고인은 J의 지시로 이를 비롯하여 별지 범죄일람표 (2)연번 1 내지 12 기재와 같이 2019. 3. 25.경부터 2019. 4. 1.경까지 모두 12회에 걸쳐 합계 329만 원을 송금받고, 같은 방법으로 J에게 전달하였다.",
            "이로써 피고인은 J과 공모하여 피해자들을 기망하여 재물을 편취하였다.",
            "피해자 S에 대한 사기J은 언론에 보도된 피해자 S와 T의 폭행 등 사건과 관련된 기사를 보고 이를 이용하여 의뢰를 받아 피해자의 뒷조사를 하는 흥신소 사장인 것처럼 가장하여 피해자에게 접근하여 금원을 편취하기로 마음먹고, 피고인들은 J의 지시를 받고 피해자를 만나 금원을 수거, 전달하기로 순차 공모하였다.",
            "J은 2019. 4. 말경 불상지에서 텔레그램으로 피해자에게 연락하여 \"흥신소를 운영하는 이라고 하는데 의뢰를 받아 뒷조사를 하고 있고, 당신과 관련된 자료를 가지고 있다. 300만 원을 주면 그 자료를 건네주겠다\"라는 등 거짓말을 하고, 피고인 B은 J으로부터 아무 파일이나 용량이 많은 파일을 USB에 넣고 비밀번호를 설정하라는 지시를 받았다.",
            "피고인 A을 시켜 USB에 파일을 넣은 다음 피고인 A과 함께 2019. 4. 29.경 0000에 있는 V 방송국으로 가 피고인 A은 인근에서 대기하고 피고인 B은 피해자를 만나 이를 전달하고, 그 다음날인 2019. 4. 30.경 피고인 A이 위 방송국 인근에서 대기하는 사이 피고인 B이 위 방송국 근처 카페에 피해자가 맡겨놓은 현금 300 만 원을 받아 J이 지정한 장소에 놓아 두는 방법으로 전달하였다.",
            "피고인들은 J의 지시로 이를 비롯하여 그때부터 2019. 9. 5.경까지 별지 범죄일람표 (3)기재와 같이 모두 4회에 걸쳐 합계 1,800만 원을 교부받아 J에게 전달하였다.",
            "피해자 W에 대한 사기J은 언론에 보도된 피해자 W에 대한 사기 사건과 관련된 기사를 보고 이를 이용하여 피해자에게 접근하여 금원을 편취하기로 마음먹고, 피고인들은 J의 지시를 받고 피해자를 만나 금원을 수거, 전달하기로 순차 공모하였다.",
            "J은 2019. 8.경 불상의 장소에서 텔례그램으로 피해자에게 연락하여 번갈아 X과 그를 도와주는 이라고 칭하며 '사기를 당한 피해금 4억5,000만 원을 보상해 주겠다. S를 통하여 입장을 해명할 수 있는 TV 프로그램도 추진해주겠다. 그와 관련하여 2,000만 원이 필요하다.'라는 등 거짓말을 하였다. ",
            "피고인들은 J의 지시를 받고 2019. 8. 16.경 0000 Y에 있는 'Z' 식당에서 피해자를 만나 피해자로부터 현금 2,000만 원을 건네받고, 그 무렵 J이 지정한 장소에 놓아두는 방법으로 전달하였다.",
            "이로써 피고인들은 J과 공모하여 피해자를 기망하여 재물을 편취하였다.",
            "마약 판매 빙자 사기J은 2019. 6. 초경 피고인 B 등이 위와 같이 인터넷에 게시한 마약을 판매한다는 광고글을 보고 그곳에 기재된 텔레그램 계정K으로 연락한 불상의 피해자에게 마치 실제로 마약을 판매할 것처럼 거짓말하였다.",
            "그러면서, AA주민센터 사회복무요원 AB로부터 미리 제공받았던 AC의 이름과 주민등록번호를 알려주면서 AC의 이름으로 무통장입금을 하라고 하여 이에 속은 불상의 피해자로부터 2019. 6. 7. 피고인 A 명의의 기업은행 계좌AD로 18만 원을 송금받았다.",
            "그 무렵 피고인 A이 이를 인출하여 피고인 B에게 전달한 후 피고인들이 함께 J이 지정한 장소에 놓아두는 방법으로 J에게 전달하였다.",
            "피고인들은 J의 지시로 이를 비롯하여 별지 범죄일람표 (2)연번 13 내지 23기재와 같이 2019. 6. 7.경부터 2019. 7. 16.까지 모두 11회에 걸쳐 합계 297만 원을 송금받고, 같은 방법으로 J에게 전달하였다.",
            "이로써 피고인들은 J과 공모하여 피해자들을 기망하여 재물을 편취하였다."
        ]
    },
    "dcss": {
        "courtDcss": [
            "위와 같은 사실관계 또는 사정을 종합하여 보면, 피고인은 적어도 위 B이 피해자 S를 만나는 것에 처음 동행하였다가 위 B이 다름아닌 피고인이 임의로 만든 USB를 S에게 제시하고 S로부터 돈을 받아오는 것을 직접 목도하였던 2019. 4.30.경부터는 위 B이 J의 지시에 따라 불법적으로부터 타인으로부터 돈을 편취하는 일을 하고 수고비를 받는다는 사실을 충분히 인지하였다고 보아야 한다.",
            "그러한 상태에서 그 무렵부터 판시 범죄사실 제2항 기재와 같이5)위 B을 통하여 J에게 피고인의 계좌를 제공하여 사기 피해금을 입금받도록 하거나, J의 지시를 받은 위 B과 동행하여 인근에서 대기하면서 J에게 사기 피해금을 전달하는 데 협조하거나, J으로부터 직·간접적으로 지시를 받고 총기 판매 광고글을 올리거나, J으로부터 직접 지시를 받고 J에게 사기 피해금을 전달하는 등의 방법으로 J 등의 범행에 가담하여 실행행위를 하였다고 봄이 상당하다.",
            "피고인이 범행의 전모를 인식하고 가담하여 실행행위를 하였던 것인 이상 주범인 J이 피고인의 존재나 가담 사실을 처음부터 구체적으로 인식하지 못하였다고 하더라도 달리 볼 것은 아니다.",
            "이와 관련하여 피고인 및 그 변호인은, 피고인은 J으로부터 직접 연락을 받고 일을 처음 지시받은 2019. 8. 20.경 피해자 H의 신고로 체포되었고, 그 무렵부터 J이 지시하는 일을 어렴풋이 두려워하게 되었던바, 2019. 9. 5.경 피해자 S를 만날 때는 J으로부터 '합법적인 일이다'라는 확언을 받았기 때문에 J이 시키는 대로 S를 만난 것이고 절대 S를 기망할 생각이 없었다는 취지의 변소도 하고 있다.",
            "허나, 앞서 본 바와 같이 피고인이 공동피고인 B을 따라 J의 지시로 S와 수차례에 걸쳐 접촉하면서 피고인이 임의로 만든 가짜 USB로 S로부터 돈을 받아 왔던 점, 피고인은 2019. 9. 5.경에도 마찬가지로 S로부터 돈을 받아 와서 이를 J에게 전달한 사실이 있는 점 등을 고려하여 보면, 피고인 및 그 변호인의 위와 같은 변소는 도저히 믿기 어렵다.",
            "피고인 A 및 그 변호인의 주장은 받아들이지 아니한다.",
            "앞서 거시한 각 증거에 의하면, 2020 고단3668호 사건 판시 범죄사실 제2의 가. 항 중에서 별지 범죄일람표 (3)연번 4 기재 범행 부분 피해자 S에 대한 2019. 9. 5.경 의 사기의 점 및 제2의 라.(2)항 부분 총기 판매 빙자 사기미수의 점에 있어서 공동피고인 A이 J으로부터 직접 지시를 받고 범행에 필요한 행위를 분담하여 실행하였던 사정은 인정된다.",
            "허나, 위 A의 법정진술을 비롯한 각 증거를 종합하여 보면 피고인도 당시 위 A이 J의 지시로 해당 부분 범행에 필요한 행위를 한다는 것을 인지하고 있었던 사실 및 그 실행에 관하여 위 A과 상의하였던 사실이 인정되므로, 피고인의 이 부분 주장은 이유 없다.",
            "2020고단7530호 사건 판시 범죄사실 기재와 같은 경위로 피고인의 동생 AN 명의의 은행 계좌로 40만 원이 무통장 송금되었고, 피고인은 AN으로 하여금 피고인 명의의 은행 계좌(Q R)로 위 40만 원을 그대로 송금하게 하였던 사실이 인정된다.",
            "나아가 피고인이 위와 같은 경위로 본인 명의로 입금되었던 위 40만 원을 J의 지시에 따라 J에게 준 사실이 있는지 여부에 관하여 살피건대, 이를 인정할 직접증거는 없으나, 앞서 피고인 A 및 그 변호인의 주장에 대한 판단 부분에서 본 사실관계 또는 사정에 의하면, 위 범행 일시인 2019. 4. 12.경에는 피고인과 J의 공모관계가 강하게 유지되고 있었던 사실을 인정할 수 있다.",
            "따라서, 피고인이 유독 이 사건에 한하여 J의 지시에 따르지 않고 피해자에게 돈을 돌려주는 등 돈을 임의로 처분하였을 가능성은 극히 희박하다고 볼 수밖에 없다.",
            "실제로 J은 피고인의 동생 명의의 은행 계좌로 40만 원이 무통장 송금되는 것을 거의 실시간으로 추적하고 있었던 것으로 보이는데, 이러한 상황에서 피고인이 J의 지시에 따르지 않았다고 한다면 피고인은 J으로부터 강한 추궁을 받고 신뢰관계도 잃었을 것으로 보이지만, 그러한 사정은 드러나 있지 않고, 오히려 피고인은 위 범행 일시 이후인 2019. 4. 30.경 J의 강한 신뢰 하에 피해자 S를 만나러 갔던 사실이 있다. ",
            "더구나 피고인은 피해자에게 돈을 돌려주었다고 변소하고 있지만, 이 사건에서 피해자는 J의 지시를 받은 또다른 사람인 AJ과 접촉한 사람으로서 피고인과는 연락한 바가 없었던바, 피고인으로서는 피해자의 신상이나 연락처를 알 수 있는 방법이 없었을 것으로 보이므로6), 이 부분 변소는 더욱 믿기 어렵다.",
            "피고인은 J이 지시하는 대로 피고인의 동생으로 하여금 피고인 명의의 은행 계좌로 돈을 송금하게 하고 이를 인출한 다음 그 무렵 J이 지시하였던 방법인 아파트 소화전 등 장소에 돈을 숨겨두는 등의 방법으로(앞서 본 사실관계 또는 사정에 의하면 피고인은 J에게 아예 피고인 명의의 은행 계좌정보를 제공하였던 사실도 있으므로 피고인이 은행 계좌정보만 넘겨주었을 가능성도 있다)J에게 위 돈을 전달하였다고 봄이 상당하다.",
            "피고인 B 및 그 변호인들의 주장도 모두 받아들이지 아니한다.",
            "J은 타인의 약점 내지는 범행 피해를 신고하지 못할 만한 사정을 파악하고 그러한 사정을 악용하여 수많은 사기 범행을 자행하였고, 피고인은 그에 무비판적으로 동조하여 J의 사기 범행 실행에 있어서 불가결한 역할을 수행하였다. ",
            "또한 J의 지시로 마약류와 총기류를 광고하여 건전한 사회질서에 악영향을 끼치기도 하였다. ",
            "사기 범행으로 인한 피해가 회복되지 아니하였다. ",
            "이러한 사정들을 고려할 때 피고인에 대하여는 죄질에 상응하는 형의 선고가 불가피하다.",
            "피고인은 J에게 사실상 종속된 채 범행을 실행하였고, 2019년 9~10월경에는 J으로부터 벗어나기 위하여 노력하기도 하였다. ",
            "J의 범행에 가담함으로써 피고인이 얻은 이익도 그다지 많지 않은 것으로 보인다. ",
            "또한 피고인에 대한 형을 정함에 있어서는 판결이 확정된 사기죄 등과 동시에 판결하였을 경우와의 형평을 고려하여야 한다.",
            "피고인 역시 J의 사기 범행을 실행하는 데 필요한 일정한 역할을 수행하였던 사실이 인정되므로, 피고인에 대하여도 죄질에 상응하는 형이 선고되어야 할 것이다. ",
            "그러나 피고인은 당초 공동피고인 B과의 친분으로 인하여 J의 범행에 엮이게 되었던 측면이 있고, J의 범행에 가담함으로써 피고인이 얻은 이익은 그 위험에 비하여 턱없이 미미하였다7), ",
            "피고인은 아무런 범죄 전력 없는 초범이다."
        ]
    },
    "close": {
        "cnclsns": [
            "피고인을 징역 1년 6월에 처한다.",
            "다만 이 판결 확정일로부터 3년간 위 형의 집행을 유예한다.",
            "피고인에 대하여 180시간의 사회봉사를 명한다.",
            "피고인을 징역 1년 6월에 처한다.",
            "배상신청인의 신청을 각하한다. "
        ]
    }
}