{
    "info": {
        "caseField": "2",
        "detailField": "6",
        "trailField": "1",
        "caseNm": "사기, 사기방조, 의료법위반",
        "courtNm": "서울중앙지방법원",
        "judmnAdjuDe": "2014. 12. 30.",
        "caseNo": "2014고단5178",
        "relateLaword": [
            "형법 제347조",
            "형법 제32조",
            "의료법 제90조",
            "의료법 제22조",
            "의료법 제88조",
            "형법 제37조",
            "형법 제38조",
            "형법 제50조",
            "형법 제62조"
        ],
        "qotatPrcdnt": []
    },
    "concerned": {
        "acusr": "4",
        "dedat": "1"
    },
    "org": {
        "orgJdgmnCourtNm": "",
        "orgJdgmnAdjuDe": "",
        "orgJdgmnCaseNo": ""
    },
    "disposal": {
        "disposalform": "8",
        "disposalcontent": [
            "피고인 A을 징역 1년 및 벌금 200만 원, 피고인 B을 징역 8월 및 벌금 200만 원에 각 처한다.",
            "피고인들이 위 벌금을 납입하지 아니할 경우 각 10만 원을 1일로 환산한 기간 노역장에 유치한다.",
            "다만, 이 판결 확정일로부터 2년간 피고인들에 대한 위 형의 집행을 유예한다."
        ]
    },
    "mentionedItems": {
        "rqestObjet": [
            "피고인 A을 징역 1년 및 벌금 200만 원, 피고인 B을 징역 8월 및 벌금 200만원에 각 처한다. ",
            "피고인들이 위 벌금을 납입하지 아니할 경우 각 10만 원을 1일로 환산한 기간 노역장에 유치한다. ",
            "다만, 이 판결 확정일로부터 2년간 피고인들에 대한 위 형의 집행을 유예한다. "
        ]
    },
    "assrs": {
        "acusrAssrs": [],
        "dedatAssrs": []
    },
    "facts": {
        "bsisFacts": [
            "고인들의 신분 피고인 A은 의사로서 0000에 있는 I의원을 운영하던 원장이고, 피고인 B은 위 의원에서 원무과장으로 근무하던 사람이다.",
            "피고인들의 사기 공동 범행 피고인들은 3차 의료기관인 서울대학교 병원 등에서 치료를 받는 암환자를 대상으로 위 의원에 유치하여 항암치료 과정에서 발생한 부작용 등에 대해 치료하면서 그 입원 기간을 늘리는 방법으로 피해자 국민건강보험공단으로부터 요양급여를 편취하기로 마음먹었다. ",
            "피고인 A은 2012. 11.경 위 의원에서 사실은 암환자인 J이 같은 해 7. 9.경부터 같은 해 8. 26.경까지 입원하였음에도 피고인 B에게 지시하여 2012. 3. 6.부터 같은 해 8. 26.까지 입원한 것처럼 입퇴원확인서 등을 허위로 작성하게 한 다음 이를 근거로 피해자에게 요양급여를 청구하여 831,690원을 교부받았다.",
            "이를 비롯하여 피고인들은 공모하여 2012. 5.경부터 2013. 1.경까지 위와 같은 방법으로 별지 범죄일람표(1)기재와 같이 총 7회에 걸쳐 입원환자들의 입원일수를 늘려 피해자를 속이고 요양급여를 청구하여 합계 6,115,060원을 피해자로부터 교부받았다. ",
            "피고인들의 사기방조 공동범행 피고인 A은 2011. 9. 30.경 위 의원에서 사실은 암환자 K이 2011. 9. 5.경부터 같은 달 17.경까지 위 의원에 입원하였음에도 불구하고, 피고인 B에게 지시하여 위 K에게 입원일수를 늘려 2011. 9. 2.부터 같은 달 30.까지 I의원에 입원해 치료를 받았다는 허위의 내용의 입퇴원확인서 등 관련 자료를 교부하였다.",
            "그리고 위 K은 2012. 2. 14. 위와 같이 교부받은 입퇴원확인서 등을 피해자 000에 제출하면서 보험금 지급을 청구하여 이에 속은 피해자 보험회사로부터 2012. 2. 16. 보험금 합계 3,770,000원을 교부받으 수 있도록 방조하였다.",
            "이를 비롯하여 피고인들이 공모하여 2011. 10. 10. 부터 2013. 5. 16. 까지 위와 같은 방법으로 별지 범죄일람표(2)기재와 같이 환자들에게 허위의 입원확인서 등을 발급해주어 환자들이 총 20회에 걸쳐 피해자 보험회사들로부터 보험금 명목으로 합계 150,532,415원을 교부받도록 방조하였다.",
            "피고인 A은 2012. 9. 30 경 피고인 B에게 지시하여 환자 L에 대한 간호기록부를 삭제한 것을 비롯하여 총 89명의 환자에 대한 간호기록부를 삭제하는 등 간호기록부를 5년간 보존하지 않았다.",
            "피고인은 위 의원 내에서 진료기록부 등을 거짓으로 작성한 것을 비롯하여 그 무렵부터 총 15회에 걸쳐 진료기록부를 거짓으로 작성하였다."
        ]
    },
    "dcss": {
        "courtDcss": [
            "피고인들은 의료업에 종사하는 자들로서 환자들의 실제 입원기간을 부풀려 허위 진료기록부를 작성하는 등의 방법으로 피해자 국민건강보험관리공단으로부터 요양급여를 편취하고, 위와같이 입원한 환자들의 피해자 보험회사들에 대한 보험금 편취를 방조한 것으로 그 편취액이 상당하다.",
            "이 사건 각 범행과 같이 국민건강보험제도 및 보험제도의 목적을 해치고 다수의 선량한 보험가입자들에게 그 피해가 전가됨으로써 보험제로의 근간을 채치는 등 사회적 폐해가 큰 점, 이 사건 각 범행으 수법 및 범행 전후의 정황등을 비추어 죄질이 불량한 점 등을 고려할 때 그 죄책이 무겁다.",
            "피고인들이 범행을 모두 인정하고 피고인 A 또한 수십 년이 경과된 이종의 벌금형 외에 처벌 받은 전력이 없는 점, 피해자 국민건강보험관리공단에 대한 편취금이 모두 변제되었고, 사기방조와 관련한 편취금액에는 실제 입원기간에 대한 정당한 보험금도 포함되어 보험회사들의 실제 피해액은 기재 금액보다 적은 점을 유리한 정상으로 참작한다."
        ]
    },
    "close": {
        "cnclsns": [
            "피고인 A을 징역 1년 및 벌금 200만원, 피고인 B을 징역 8월 및 벌금 200만원에 각 처한다.",
            "피고인들이 위 벌금을 납입하지 아니할 경우 각 10만 원을 1일로 환산한 기간 노역장에 유치한다.",
            "다만 이 판결 확정일로부터 2년간 피고인들에 대한 위 형의 집행을 유예한다."
        ]
    }
}