{
    "info": {
        "caseField": "2",
        "detailField": "6",
        "trailField": "1",
        "caseNm": "성폭력범죄의처벌등에관한특례법위반(13세미만미성년자강제추행)",
        "courtNm": "수원지방법원",
        "judmnAdjuDe": "2013. 03. 22.",
        "caseNo": "2012고합1343",
        "relateLaword": [
            "성폭력범죄의 처벌 등에 관한 특례법 제7조",
            "형법 제298조",
            "형법 제53조",
            "형법 제55조",
            "아동,청소년의 성보호에 관한 법률 제13조",
            "아동,청소년의 성보호에 관한 법률 제33조",
            "아동,청소년의 성보호에 관한 법률 제34조",
            "아동,청소년의 성보호에 관한 법률 제38조",
            "아동,청소년의 성보호에 관한 법률 제38조의2",
            "특정 범죄자에 대한 위치추적 전자장치 부착 등에 관한 법률 제9조"
        ],
        "qotatPrcdnt": [
            "대법원 2010. 12. 9. 선고 2010도7410, 2010전도44 판결"
        ]
    },
    "concerned": {
        "acusr": "4",
        "dedat": "1"
    },
    "org": {
        "orgJdgmnCourtNm": "",
        "orgJdgmnAdjuDe": "",
        "orgJdgmnCaseNo": ""
    },
    "disposal": {
        "disposalform": "6",
        "disposalcontent": [
            "피고인을 징역 2년 6월에 처한다.",
            "피고인에게 40시간의 성폭력 치료프로그램 이수를 명한다.",
            "이 사건 부착명령 청구를 기각한다."
        ]
    },
    "mentionedItems": {
        "rqestObjet": [
            "피고인을 징역 2년 6월에 처한다.",
            "피고인에게 40시간의 성폭력 치료프로그램 이수를 명한다."
        ]
    },
    "assrs": {
        "acusrAssrs": [
            "피부착명령청구자는 판시와 같이 13세 미만인 피해자를 강제로 추행하여 성폭력 범죄를 저질렀고, 성폭력 범죄를 다시 범할 위험성이 있다."
        ],
        "dedatAssrs": []
    },
    "facts": {
        "bsisFacts": [
            "피고인은 2012.12.11.13:45경 0000 00000 엘리베이터에 안에서 피해자 00(8세)과 둘이 있게 되자 피해자를 강제추행할 마음을 먹었다.",
            "피해자에게 \"몇 학년이냐?\"고 물어 보아 피해자가 2학년이라고 대답을 하자 \"2학년이나 돼?\" 라며 피해자에게 다가가 피해자가 입고 있던 사파리형 점퍼 밑 부분으로 손을 뻗어 피해자의 바지 위로 피해자의 성기를 만져 13세 미만인 피해자를 강제추행하였다."
        ]
    },
    "dcss": {
        "courtDcss": [
            "피고인이 우발적으로 이 사건 범행을 저지른 것으로 보이는 점, 피고인이 지금까지 성폭력 범죄로 처벌받은 전력이 없다.",
            "기타 피고인의 연령, 직업, 이 사건 범행의 종류와 동기, 범행과정과 그 결과, 공개명령 또는 고지명령으로 인하여 피고인이 입게 될 불이익의 정도와 예상되는 부작용이 있다.",
            "그로 인하여 달성할 수 있는 성폭력 범죄의 예방효과 등을 종합하여 보면, 피고인에 대해서는 아동·청소년의 성보호에 관한 법률 제38조 제1항 단서, 제38조의2 제1항 단서에서 정한 신상정보를 공개하여서는 아니 될 특별한 사정이 있다고 판단되므로, 공개명령 및 고지명령을 부과하지 아니한다.",
            "이 사건 범행은 피고인이 학교를 다녀오는 만 8세의 피해자를 밀폐된 장소인 엘리베이터 안에서 강제로 추행한 것으로서 그 죄질이 불량한 점, 그럼에도 피고인이 자신의 잘못을 진지하게 반성하고 있지 아니한 점을 종합한다.",
            "이 사건 범행으로 피해자가 상당한 정신적 충격을 받았을 것으로 보이는 점 등 피고인에게 불리한 정상, 한편 피고인이 우발적으로 이 사건 범행에 이르게 된 것으로 보이는 점을 종합한다.",
            "이 사건 추행의 정도가 아주 중하지는 아니한 점, 피고인에게 성폭력 범죄 전력이 없는 점 등 피고인에게 유리한 정상, 그밖에 피고인의 나이, 성행, 가정환경, 범행 후 정황 등 이 사건 변론에 나타난 제반 양형요소를 종합하여 권고형의 범위 내에서 주문과 같이 형을 정한다.",
            "특정 범죄자에 대한 위치추적 전자장치 부착 등에 관한 법률 제5조 제1항에 정한 성폭력 범죄의 재범의 위험성이라 함은 재범할 가능성만으로는 부족하고 피부착명령청구자가 장래에 다시 성폭력 범죄를 범하여 법적 평온을 깨뜨릴 상당한 개연성이 있음을 의미한다.",
            "성폭력 범죄의 재범의 위험성 유무는 피부착명령청구자의 직업과 환경, 당해 범행 이전의 행적, 그 범행의 동기, 수단, 범행 후의 정황, 개전의 정 등 여러 사정을 종합적으로 평가하여 객관적으로 판단하여야 하고, 이러한 판단은 장래에 대한 가정적 판단이므로, 판결시를 기준으로 하여야 한다(대법원 2010.12.9.선고 2010도7410, 2010전도44 판결 등 참조).",
            "피부착명령청구자가 이 사건 범행 이전까지는 성폭력 범죄 전과가 없이 살아온 점이 있다.",
            "이 사건 범행은 피부착명령청구자가 엘리베이터에서 피해자를 발견한 후 우발적으로 저지르게 된 것으로 보이는 등 이 사건 범행이 피부착명령 청구자의 성폭력 습벽의 발로라고는 보기 어려운 점이 있다.",
            "그밖에 피부착명령청구자의 연령, 성행, 환경, 범행 후의 정황 등을 종합하면 피부착명령청구자가 성폭력 범죄를 다시 범할 상당한 개연성이 있다고 보기 어렵다."
        ]
    },
    "close": {
        "cnclsns": [
            "피고인을 징역 2년 6월에 처한다.",
            "피고인에게 40시간의 성폭력 치료프로그램 이수를 명한다.",
            "이 사건 부착명령 청구를 기각한다."
        ]
    }
}