{
    "info": {
        "caseField": "2",
        "detailField": "6",
        "trailField": "1",
        "caseNm": "특정경제범죄가중처벌등에 관한 법률위반(배임), 업무상배임",
        "courtNm": "울산지방법원",
        "judmnAdjuDe": "2013. 11. 15.",
        "caseNo": "2012고합468",
        "relateLaword": [
            "특정경제범죄 가중처벌 등에 관한 법률(2012. 2. 10. 법률 제11304호로 개정되기 전의 것) 제3조",
            "형법 제356조",
            "형법 제355조",
            "형법 제37조",
            "형법 제39조",
            "형법 제38조",
            "형법 제50조",
            "형법 제53조",
            "형법 제55조",
            "형법 제62조",
            "형법 제62조의2"
        ],
        "qotatPrcdnt": [
            "대법원 1983. 12. 13. 선고 83도2330 전원합의체 판결",
            "대법원 1989. 10. 13. 선고 89도1012 판결",
            "대법원 2013. 4. 11. 선고 2012도15890 판결"
        ]
    },
    "concerned": {
        "acusr": "4",
        "dedat": "1"
    },
    "org": {
        "orgJdgmnCourtNm": "",
        "orgJdgmnAdjuDe": "",
        "orgJdgmnCaseNo": ""
    },
    "disposal": {
        "disposalform": "8",
        "disposalcontent": [
            "피고인을 징역 1년 6월에 처한다.",
            "다만, 이 판결 확정일부터 3년간 위 형의 집행을 유예한다.",
            "피고인에게 80시간의 사회봉사를 명한다."
        ]
    },
    "mentionedItems": {
        "rqestObjet": [
            "피고인을 징역 1년 6월에 처한다.",
            "피고인에게 80시간의 사회봉사를 명한다."
        ]
    },
    "assrs": {
        "acusrAssrs": [
            "피고인은 특정경제범죄 가중처벌 등에 관한 법률 제3조 제1항 제2호, 형법 제356조, 제355조 제2항에 따라 업무상 배임죄가 성립되었다고 주장한다."
        ],
        "dedatAssrs": [
            "피해자 회사는 C(주)(이하 'C'라 한다)의 사실상 1인 회사이고, 이로 인하여 계속적으로 자금을 혼용하여 사용하였고 실질적인 자금거래도 있었는바, 피고인은 C에 대한 기존 채무를 변제하기 위한 것이었고, 채무 변제를 위한 대출 및 대출금의 사용내역(C에 대한 채무 변제)에 대한 이사회 결의를 거친 점 등에 비추어 보면, 피고인에게는 배임의 고의가 없었다."
        ]
    },
    "facts": {
        "bsisFacts": [
            "피고인은 2008.11.28.경부터 2010.6.30.경까지 (주)B 대표이사로 근무하였고, 2008.11.30.부터 현재까지 C(주)대표이사로 근무하고 있다.",
            "피고인은 업무를 수행하면서 피해자 (주)B 자산에 담보를 설정하는 등 경제적 부담을 주는 경우 이사회의 의결을 거쳐야 하고, 회사자금을 타인에게 대여하는 경우 그 타인이 채무변제능력이 있는지 여부를 확인하고 충분한 담보를 제공받는 등 상당하고도 합리적인 채권회수 조치를 취하는 등 임무에 위배되는 행위를 하여서는 아니 된다.",
            "2009.11.30.경 000 0000지점에서 (주)B 명의로 여신으로 5억 원을 대출받아 같은 해 12.1.그 중 4억 9,700만원을 재무상태가 악화되어 변제능력이 없는 C(주)에 빌려주었다.",
            "2010.1.28.경 000 0000지점에서 (주)B 명의로 여신으로 5,500만 원을 대출받아 같은 날 그 중 3,500만 원을 C(주)에 빌려주었다.",
            "2010.1.5.경 000 0000지점에서 피해자 (주)B 소유의 0000의 건물과 토지를 채권최고액 8억 4,000만 원에 근저당권을 설정하고, 같은 회사 명의로 7억 원을 대출받아 같은 날 1억 9,700만원, 같은 달 6.3억 원, 같은 달 8.4,000만원, 같은 달 12.2,600만원 등 총 합계 5억 6,300만원을 C(주)에 빌려주었다.",
            "피고인은 C(주)가 (주)D으로부터 2010.3.2.경 8,000만원을, 같은 달 5일 77,754,065원을 차용한 후 피해자 회사 소유의 0000의 건물과 토지를 담보로 제공하여 같은 해 7.7.근저당권자를 (주)D으로 하는 채권최고액 177,800,000원의 근저당권을 설정하게 되었고, 이로써 피고인은 C(주)에 그 담보액 상당의 재산상 이익을 취득하게 하고, 피해자 회사에 같은 액수에 해당하는 손해를 가하였다.",
            "피고인은 2010.4.16.경 피해자 회사 이사회의 의결 없이 C(주)가 E으로부터 피해자 회사 명의로 2억원을 차용하게 하였다.",
            "피고인은 2010.4.16.경 피해자 회사 이사회의 의결 없이 C(주)가 F로부터 피해자 회사 명의로 2억 5,000만원을 차용하게 하였다.",
            "피고인은 2009.11.30.경 000 0000지점에서 피해자 회사 명의로 적립된 0저축공제와 정기적금에 근질권을 설정하여 1,500만 원을 대출받고, 같은 해 12.21.경 같은 방법으로 근질권을 설정하여 2억 2,000만원을 대출받았다.",
            "피고인은 업무상 임무에 위배하여 이사회의 의결을 거치지 않는 채 2009.12.1.경 1,500만원을, 같은 달 21.경 2억 2,000만원 등 총 합계 2억 3,500만원을 C(주)에 빌려주었다",
            "피고인은 2010.1.26.경 피해자 회사 (주)B 소유의 0을 G에게 4억 5,000만 원에 임대한 후 임대보증금 명목으로 2억 5,000만원을 건네받아 보관하고 있던 금원을 이사회 의결 없이 업무상임무에 위배하여 2010.2.8.경 2.000만원, 같은 달 10.경 3,000만원 등 같은 해 1.경부터 5.경까지 사이에 수회에 걸쳐 C(주)에 빌려주었다."
        ]
    },
    "dcss": {
        "courtDcss": [
            "C가 피해자 회사 주식의 84%를 보유하고 있었고, H이 I으로부터 피해자 회사 주식의 16%를 양수하여 피해자 회사에 명의개서를 요청하였으나, 피해자 회사가 I의 주식 보유 여부 및 주식양도의 효력을 다투면서 명의개서를 하지 않고 있었다.",
            "C와 피해자 회사는 대표이사가 000 내지 피고인으로 동일한 상태에서 각 회사 사이에 계속적인 단기대여거래가 있었고, 실제로 C는 2009.12.1.경 피해자 회사에 대하여 63,698,092원 상당의 대여금 채권을 가지고 있었고, 피고인이 이 사건 범죄사실 중 일부 범행을 위하여 대출하기 전 이사회 결의를 거치기도 한 사실 등이 인정되기는 한다.",
            "피고인이 이 사건 범죄사실 기재와 같이 C에 대여할 당시인 2009.12.1.경 C가 피해자 회사에 대하여 가지고 있던 채권은 63,698,092원에 불과하였는데, 피고인이 2009.12.1.C에 4억 9,700만원을 대여함으로써 오히려 피해자 회사가 C에 대하여 433,301,908원의 채권을 가지게 된 점 등에 비추어 볼 때 피해자 회사가 C에 차용금 채무를 부담하고 있어 이를 변제하기 위하여 대여하였다고 인정하기는 어렵다.",
            "피고인의 이 사건 범행 당시 C는 워크아웃을 신청하고 피해자 회사에 대한 주식도 매도하려고 하는 등 재정이 악화된 상태였고, 피고인은 피해자 회사는 물론 C의 대표이사로서 이러한 사정을 잘 알고 있었을 것으로 보이며, 피고인은 일부 범죄행위 당시 이사회 결의를 거쳤으나 대출 시에만 이사회 결의를 거쳤을 뿐 대여 또는 담보제공 행위 시에는 이사회 결의를 거치지 않았고, 또 일부 범죄행위는 이사회 결의를 거치지 않았다.",
            "대출 시 사용 목적에 대하여도 이사회 결의가 있었다 하더라도 C의 재정상태 등에 비추어 위에서 본 바와 같이 배임죄 성립에 아무런 영향을 미칠 수 없고, C가 이후에 (주)D 또는 E에 대하여 채무를 변제한 것은 범행 이후의 사정에 불과한 점 등에 비추어 보면, 위 인정사실만으로는 피고인에게 배임의 고의가 없었다고 인정하기는 어렵다."
        ]
    },
    "close": {
        "cnclsns": [
            "피고인을 징역 1년 6월에 처한다.",
            "다만, 이 판결 확정일로부터 3년간 위 형의 집행을 유예한다.",
            "피고인에게 80시간의 사회봉사를 명한다."
        ]
    }
}