{
    "info": {
        "caseField": "2",
        "detailField": "6",
        "trailField": "1",
        "caseNm": "미성년자의제강간",
        "courtNm": "의정부지방법원",
        "judmnAdjuDe": "2021. 08. 26.",
        "caseNo": "2021고합27",
        "relateLaword": [
            "형법 제305조",
            "형법 제297조",
            "형법 제53조",
            "형법 제55조",
            "형법 제62조",
            "아동·청소년의 성보호에 관한 법률 제21조",
            "구 아동·청소년의 성보호에 관한 법률(2020. 5. 19. 법률 제17282호로 개정되기 전의 것)  제49조",
            "구 아동·청소년의 성보호에 관한 법률(2020. 5. 19. 법률 제17282호로 개정되기 전의 것)  제50조",
            "구 아동·청소년의 성보호에 관한 법률(2020. 12. 8. 법률 제17641호로 개정되기 전의 것) 제56조",
            "구 장애인복지법(2020. 12. 29. 법률 제17791호로 개정되기 전의 것)  제59조",
            "형법 제16조",
            "성폭력범죄의 처벌 등에 관한 특례법 제42조",
            "성폭력범죄의 처벌 등에 관한 특례법 제43조"
        ],
        "qotatPrcdnt": [
            "대법원 1995. 12. 22. 선고 94도2148 판결",
            "대법원 2005. 9. 29. 선고 2005도4592 판결"
        ]
    },
    "concerned": {
        "acusr": "4",
        "dedat": "1"
    },
    "org": {
        "orgJdgmnCourtNm": "",
        "orgJdgmnAdjuDe": "",
        "orgJdgmnCaseNo": ""
    },
    "disposal": {
        "disposalform": "6",
        "disposalcontent": [
            "피고인을 징역 1년 6월에 처한다.",
            "다만, 이 판결 확정일부터 2년간 위 형의 집행을 유예한다. ",
            "피고인에게 40시간의 성폭력 치료강의 수강을 명한다."
        ]
    },
    "mentionedItems": {
        "rqestObjet": [
            "피고인을 징역 1년 6월에 처한다.",
            "다만, 이 판결 확정일부터 2년간 위 형의 집행을 유예한다. ",
            "피고인에게 40시간의 성폭력 치료강의 수강을 명한다."
        ]
    },
    "assrs": {
        "acusrAssrs": [],
        "dedatAssrs": []
    },
    "facts": {
        "bsisFacts": [
            "피고인은 2020.11.17.17:30~18:00경 양주시 B에 있는 피고인의 주거지에서, 교제 중이던 피해자 C(가명, 여, 당시 15세)의 음부에 성기를 삽입하여 1회 성관계하였다.",
            "이로써 피고인은 19세 이상의 사람으로서 13세 이상 16세 미만의 피해자를 간음하였다."
        ]
    },
    "dcss": {
        "courtDcss": [
            "피고인이 판시 범죄사실과 같이 피해자와 성관계를 한 사실은 있으나, 2020.5.19.형법 제305조 제2항이 신설·시행되어 성인이 13세 이상 16세 미만인 사람과 합의하에 성관계를 가지더라도 형사처벌을 받는다는 사실을 알지 못하였으므로, 범행의 고의가 없거나 법률의 착오로서 형법 제16조에 따라 처벌되지 않는 경우에 해당한다.",
            "형법 제16조에서 \"자기가 행한 행위가 법령에 의하여 죄가 되지 아니한 것으로 오인한 행위는 그 오인에 정당한 이유가 있는 때에 한하여 벌하지 아니한다\" 라고 규정하고있는 것은 단순한 법률의 부지를 말하는 것이 아니고 일반적으로 범죄가 되는 경우이다.",
            "하지만 자기의 특수한 경우에는 법령에 의하여 허용된 행위로서 죄가 되지 아니한다고 그릇 인식하고 그와 같이 그릇 인식함에 정당한 이유가 있는 경우에는 벌하지 않는 는 취지이다(대법원 1995.12.22.선고 94도2148 판결, 대법원 2005.9.29.선고 2005도4592 판결 등 참조).",
            "위 법리에 비추어 이 사건에 관하여 보건대, 피고인의 주장은 형법이 2020.5.19.법률 제17265호로 개정·시행되어 제305조 제2항이 신설됨에 따라 13세 이상 16세 미만의 사람을 간음한 19세 이상의 성인은 형사처벌의 대상이 되었다는 사실 자체를 알지 못하였다는 것으로서 단순한 법률의 부지에 불과하다.",
            "일반적으로는 범죄에 해당 하지만 피고인의 특수한 경우에는 법령에 의하여 허용되는 행위로서 죄가 되지 아니한 다고 그릇 인식하였다는 취지가 아니며, 달리 피고인이 자신의 경우에는 16세 미만의 피해자를 간음하는 것이 죄가 되지 아니하는 것으로 오인하였다거나 그와 같이 오인함에 정당한 이유가 있다고 볼 만한 아무런 사정도 나타나지 않는다.",
            "따라서 피고인은 형법 제16조에서 규정한 \"자기의 행위가 법령에 의하여 죄가 되지 아니한 것으로 오인\" 한 경우에 해당하지 않고, 피고인이 이 사건 당시 피해자가 중학교 3학년으로 13세 이상 16세 미만의 나이인 사실을 알면서 피해자를 간음하는 행위로 나아간 이상 이 사건 범행에 관한 고의도 충분히 인정되므로, 피고인과 변호인의 주장은 받아들이지 않는다.",
            "이 사건 범행은 23세의 성인인 피고인이 15세의 미성년자인 피해자를 간음한 것으로, 비록 피해자가 피고인과의 성관계에 동의하였다고 하더라도 성인에 비하여 판단능력이나 자기방어능력, 성에 대한 관념 등이 충분히 형성되어 있지 않은 어린 나이의 피해자를 상대로 이러한 범행을 저질렀다는 점, 미성년자의 성적 자기결정권을 보호하기 위한 형법 제305조 제2항의 입법취지 등에 비추어 볼 때 그 죄책이 가볍지 않다.",
            "피해자는 수사기관에서 \"피고인이 법적으로 처벌을 받아야 되는 게 맞다고 생각한다.\" 는 등으로 피고인에 대한 처벌을 희망하는 취지의 진술을 하였다.",
            "다만, 피고인이 이 사건 범행의 사실관계 자체에 관해서는 인정하고 반성하는 태도 를 보이는 점, 피고인에게 이 사건 이전까지 동종범죄나 벌금형을 초과하여 처벌받은 전력은 없는 점 등을 유리한 정상으로 참작하고, 그밖에 피고인의 나이, 성행, 환경, 범행 전후의 정황 등 이 사건 공판과정에 나타난 여러 양형조건들을 종합적으로 고려 하여 주문과 같이 형을 정한다."
        ]
    },
    "close": {
        "cnclsns": [
            "피고인을 징역 1년 6월에 처한다.",
            "다만, 이 판결 확정일부터 2년간 위 형의 집행을 유예한다.",
            "피고인에게 40시간의 성폭력 치료강의 수강을 명한다."
        ]
    }
}