{
    "info": {
        "caseField": "2",
        "detailField": "6",
        "trailField": "1",
        "caseNm": "야간건조물침입절도",
        "courtNm": "창원지방법원",
        "judmnAdjuDe": "2018. 12. 26.",
        "caseNo": "2018고단1000",
        "relateLaword": [
            "형법 제330조",
            "형법 제62조",
            "형법 제51조"
        ],
        "qotatPrcdnt": []
    },
    "concerned": {
        "acusr": "4",
        "dedat": "1"
    },
    "org": {
        "orgJdgmnCourtNm": "",
        "orgJdgmnAdjuDe": "",
        "orgJdgmnCaseNo": ""
    },
    "disposal": {
        "disposalform": "8",
        "disposalcontent": [
            "피고인을 징역 4월에 처한다.",
            "다만 이 판결 확정일로부터 1년간 위 형의 집행을 유예한다"
        ]
    },
    "mentionedItems": {
        "rqestObjet": [
            "피고인은 야간에 피해자의 건조물에 침입하여 피해자 소유의 휴대전화 2대를 절취하였다."
        ]
    },
    "assrs": {
        "acusrAssrs": [],
        "dedatAssrs": []
    },
    "facts": {
        "bsisFacts": [
            "피고인은 2018.5.9.23:00경 거제시 B에 있는 피해자 C이 운영하는 \"D\" 가게 앞에 이르러 미리 가지고 있던 출입문 열쇠를 이용하여 출입문을 열고 가게 내부에 들어간 다음 그곳 서랍장 안에 있던 피해자 소유의 시가 1,155,000원 상당의 0 휴대전화 1대와 시가 396,000원 상당의 0 휴대전화 1대를 들고 갔다.",
            "피고인은 야간에 피해자의 건조물에 침입하여 피해자 소유의 휴대전화 2대를 절취하였다."
        ]
    },
    "dcss": {
        "courtDcss": [
            "피고인이 이 사건 범행을 인정하면서 반성하고 있는 점, 피해품이 피해자에게 반환되었고, 피해자와 합의 한 점, 동종 범죄로 처벌받은 전력이 없는 점과 그밖에 피고인의 연령, 성행, 환경, 범행의 동기와 경위, 범행 후 정황 등 형법 제51조가 정한 여러 양형 조건 및 대법원 양형위원회 제정 양형기준 등을 종합적으로 고려하여 주문과 같이 형을 정한다."
        ]
    },
    "close": {
        "cnclsns": [
            "피고인을 징역 4월에 처한다.",
            "이 판결 확정일로부터 1년간 위 형의 집행을 유예한다."
        ]
    }
}