{
    "info": {
        "caseField": "2",
        "detailField": "6",
        "trailField": "1",
        "caseNm": "공무집행방해",
        "courtNm": "울산지방법원",
        "judmnAdjuDe": "2021. 07. 02.",
        "caseNo": "2021고단609",
        "relateLaword": [
            "형법 제136조",
            "형법 제62조",
            "형법 제62조의2"
        ],
        "qotatPrcdnt": []
    },
    "concerned": {
        "acusr": "4",
        "dedat": "1"
    },
    "org": {
        "orgJdgmnCourtNm": "",
        "orgJdgmnAdjuDe": "",
        "orgJdgmnCaseNo": ""
    },
    "disposal": {
        "disposalform": "6",
        "disposalcontent": [
            "피고인을 징역 4개월에 처한다.",
            "이 판결 확정일부터 1년간 위 형의 집행을 유예한다.",
            "피고인에 대하여 40시간의 사회봉사를 명한다."
        ]
    },
    "mentionedItems": {
        "rqestObjet": [
            "피고인은 경찰관의 민원사건 처리에 관한 정당한 직무집행을 방해하였다."
        ]
    },
    "assrs": {
        "acusrAssrs": [],
        "dedatAssrs": []
    },
    "facts": {
        "bsisFacts": [
            "피고인은 2021.2.18.00:15경 0000에 있는 '울산남부경찰서 C파출소' 주차장에서, 위 파출소 소속 경사 D이 민원사건 처리를 위해 피고인에게 주거지 등을 질문하자 아무런 이유 없이 \"씨발, 돈 가져가.\"라는 등 욕설을 하며 위 D의 얼굴을 향해 카드지갑을 던지고, 위 파출소 대기실에서 \"씨발, 뒤져보라고.\"라는 등 욕설을 하며 발로 위 D의 정강이를 걷어 차 위 D을 폭행하였다.",
            "이로써 피고인은 경찰관의 민원사건 처리에 관한 정당한 직무집행을 방해하였다"
        ]
    },
    "dcss": {
        "courtDcss": [
            "아래와 같은 사정들과 피고인의 나이, 환경, 성행, 범행의 동기, 수단과 결과, 범행 후의 정황 등 이 사건 변론에 나타난 모든 양형요소를 참작하여 주문과 같이 형을 정하되, 사회봉사명령의 성실한 준수를 조건으로 그 형의 집행을 유예하기로 한다.",
            "이 사건 범행은 피고인이 정당하게 공무를 집행하는 경찰관을 폭행한 것으로서 그 죄질이 중한 점 등 참작한다.",
            "피고인이 이 사건 범행을 모두 인정하고 자신의 잘못을 뉘우치며 반성하고 있는 점, 피고인이 초범인 점, 피고인의 공무방해의 정도가 비교적 경미하고, 피해 경찰관에게 중한 결과가 발생하지는 않은 점, 피해경찰관이 이 사건과 관련하여 피고인을 상대로 민사소송을 제기하였고, 합의금 명목으로 피고인으로부터 150만 원을 지급받은 후 소를 취하하였던 점 등 참작한다."
        ]
    },
    "close": {
        "cnclsns": [
            "피고인을 징역 4개월에 처한다.",
            "다만, 이 판결 확정일부터 1년간 위 형의 집행을 유예한다",
            "피고인에 대하여 40시간의 사회봉사를 명한다."
        ]
    }
}