{
    "info": {
        "caseField": "2",
        "detailField": "6",
        "trailField": "1",
        "caseNm": "폭행치사",
        "courtNm": "부산지법",
        "judmnAdjuDe": "2017. 04. 14.",
        "caseNo": "2016고합624",
        "relateLaword": [
            "형법 제15조",
            "형법 제20조",
            "형법 제30조 ",
            "형법 제259조",
            "형법 제260조",
            "형법 제262조 ",
            "형사소송법 제325조",
            "형법 제58조"
        ],
        "qotatPrcdnt": [
            "대법원 2003. 1. 10. 선고 2000도5716 판결",
            "대법원 1986. 10. 14. 선고 86도1796 판결",
            "헌법재판소 2015. 6. 25. 선고 2014헌마818 전원재판부 결정"
        ]
    },
    "concerned": {
        "acusr": "4",
        "dedat": "1"
    },
    "org": {
        "orgJdgmnCourtNm": "",
        "orgJdgmnAdjuDe": "",
        "orgJdgmnCaseNo": ""
    },
    "disposal": {
        "disposalform": "10",
        "disposalcontent": [
            "피고인들은 각 무죄로 판결한다.",
            "피고인들에 대한 판결의 요지를 공시한다.",
            "피고인들의 행위는 피해자의 신체에 불법한 공격을 행사한 것이라고 보기 어려우므로, 피고인들이 피해자를 폭행했다거나 피고인들에게 폭행의 고의가 있었다고 볼 수는 없다.",
            "피고인들의 행위는 그 동기나 당시의 상황으로 보아 사회통념상 허용될 수 있는 정도의 상당성이 있으므로, 사회상규에 위배되지 않는 행위에 해당한다.",
            "또한 피해자가 건장한 체격의 힘이 센 사람인 점, 피고인들이 피해자의 팔과 다리 부위 등을 붙잡아 일어나지 못하도록 누르는 정도의 행위만을 한 점 등 이 사건의 경위를 고려하면, 피고인들의 행위로 피해자가 질식사한다는 것은 매우 이례적인 일로서 일반인의 입장에서 예견하기 어려운 결과라고 할 것이다. 따라서 피고인들에게 사망의 결과에 대한 예견가능성이 있었다고 보기도 어렵다."
        ]
    },
    "mentionedItems": {
        "rqestObjet": [
            "피고인들은 공모하여 피해자의 위 난동을 제압하기 위하여, 같은 날 03:12경 피고인 1은 피해자를 넘어뜨린 다음 양팔과 몸무게로피해자의 몸 우측 부위 등을 눌러 일어나지 못하게 하고, 피고인 2는 같은 방법으로 피해자의 몸 좌측 부위 등을 눌러 일어나지못하게 하였다.",
            "피고인 3은 같은 방법으로 피해자의 허리 부분 등을 눌러 일어나지 못하게 하고, 피고인 4는 같은 방법으로 피해자의 좌측 다리를 붙잡아 일어나지 못하게 하여 폭행하고, 이로 인하여 피해자를 질식사로 사망하게 하였다."
        ]
    },
    "assrs": {
        "acusrAssrs": [],
        "dedatAssrs": [
            "피고인들의 행위는 정당방위에 해당하여 위법성이 조각되며, 그렇지 않더라도 사건의 경위에 비추어 볼 때 형법 제21조 제2, 3항의 과잉방위에 해당한다.",
            "피고인들에게 사망의 예견가능성이 없었다.",
            "피고인은 남편인 피해자를 진정시킬 목적으로 피해자의 좌측 다리를 붙잡아 일어나지 못하게 한 것일 뿐 폭행의 고의가 없었다."
        ]
    },
    "facts": {
        "bsisFacts": [
            "피고인들은 2016. 7. 9. 03:00경 부산 0000 (주소 생략)에 있는 '○○○○' 주점에서, 피고인 00, 피고인 00는 같은 일행으로서, 피고인 00은 혼자서, 피고인 00는 남편인 피해자 공소외 00(34세)과 같은 일행으로서 각 술을 마시고 있었고, 피해자는 그 무렵 술에 만취하여 위 주점에서 피고인들을 폭행하고, 소리를 지르는 등 난동을 부리기 시작했다.",
            "피고인들은 공모하여 피해자의 위 난동을 제압하기 위하여, 같은 날 03:12경 피고인 00은 피해자를 넘어뜨린 다음 양팔과 몸무게로 피해자의 몸 우측 부위 등을 눌러 일어나지 못하게 하고, 피고인 00는 같은 방법으로 피해자의 몸 좌측 부위 등을 눌러 일어나지 못하게 하고, 피고인 00은 같은 방법으로 피해자의 허리 부분 등을 눌러 일어나지 못하게 하고, 피고인 00는 같은 방법으로 피해자의 좌측 다리를 붙잡아 일어나지 못하게 하여 폭행했다.",
            "이로 인하여 피해자를 질식사로 사망하게 하였다."
        ]
    },
    "dcss": {
        "courtDcss": [
            "형법 제260조에 규정된 폭행죄는 사람의 신체에 대한 유형력의 행사를 가리키고, 그 유형력의 행사는 신체적 고통을 주는 물리력의 작용을 의미한다(대법원 2003. 1. 10. 선고 2000도5716 판결 참조).",
            "물리력의 작용이라고 하더라도 사람의 신체에 대한 불법한 공격이라고 볼 수 없는 경우에는 형법 제260조 제1항 소정의 폭행죄에 해당된다고 볼 수 없다(대법원 1986. 10. 14. 선고 86도1796 판결, 헌법재판소 2015. 6. 25. 선고 2014헌마818 전원재판부 결정 등 참조).",
            "피해자는 당시 술에 만취한 상태에서 아내인 피고인 00를 폭행하고, 이를 말리는 공소외 00와 피고인 00을 폭행하는 등 비정상적인 행동을 하였으며, 위와 같은 피해자를 피고인 00, 피고인 00만으로는 제지할 수 없게 되자 경찰관이 올 때까지 피고인 00과 피고인 00도 함께 제압한 것으로 보인다.",
            "따라서 피고인들의 행위는 피해자의 신체에 불법한 공격을 행사한 것이라고 보기 어려우므로, 피고인들이 피해자를 폭행했다거나 피고인들에게 폭행의 고의가 있었다고 볼 수는 없다.",
            "피해자의 난동을 말리는 과정에서 피고인들이 피해자의 사지를 제압하는 등 다소의 물리력을 행사한 사실은 인정된다.",
            "가사 위와 같은 피고인들의 행위가 폭행에 해당하고, 피고인들에게 폭행의 고의까지 인정된다 하더라도, 앞서 본 것처럼 키 186cm에 몸무게 153kg의 건장한 체격의 피해자가 술에 취하여 자신의 아내인 피고인 00와 제3자인 공소외 00 등을 폭행하였을 뿐 아니라, 이를 말리는 피고인 00의 목을 감은 채 그대로 들어 올리는 바람에 피고인 00의 목이 꺾이는 위험한 상황이 초래되는 등 피해자의 난폭한 행동이 멈추지 않았다.",
            "그렇다면 이를 제지하는 과정에서 행하여진 위와 같은 피고인들의 행위는 그 동기나 당시의 상황으로 보아 사회통념상 허용될 수 있는 정도의 상당성이 있으므로, 사회상규에 위배되지 않는 행위에 해당한다.",
            "피해자가 건장한 체격의 힘이 센 사람인 점, 피고인들이 피해자의 팔과 다리 부위 등을 붙잡아 일어나지 못하도록 누르는 정도의 행위만을 한 점 등 이 사건의 경위를 고려하면, 피고인들의 행위로 피해자가 질식사한다는 것은 매우 이례적인 일로서 일반인의 입장에서 예견하기 어려운 결과라고 할 것이기에, 따라서 피고인들에게 사망의 결과에 대한 예견가능성이 있었다고 보기도 어렵다."
        ]
    },
    "close": {
        "cnclsns": [
            "피고인들은 각 무죄.",
            "피고인들에 대한 판결의 요지를 공시한다."
        ]
    }
}