{
    "info": {
        "caseField": "2",
        "detailField": "6",
        "trailField": "1",
        "caseNm": "통화위조, 위조통화행사, 사기",
        "courtNm": "서울중앙지방법원",
        "judmnAdjuDe": "2017. 05. 25.",
        "caseNo": "2017고합392",
        "relateLaword": [
            "형법 제207조",
            "형법 제347조",
            "형법 제35조",
            "형법 제38조",
            "형법 제50조",
            "형법 제53조",
            "형법 제55조",
            "형법 제48조",
            "형법 제37조",
            "형법 제42조"
        ],
        "qotatPrcdnt": []
    },
    "concerned": {
        "acusr": "4",
        "dedat": "1"
    },
    "org": {
        "orgJdgmnCourtNm": "",
        "orgJdgmnAdjuDe": "",
        "orgJdgmnCaseNo": ""
    },
    "disposal": {
        "disposalform": "6",
        "disposalcontent": [
            "피고인을 징역 1년에 처한다.",
            "압수된 5만 원권 위조지폐 8장(서울중앙지방검찰정 2017압제1960호의 증 제1~4, 9~11호, 서울중앙지방검찰청 2017압제2335호의 증 제1호), 000 교통카드 1개(위 1960호의 증 제6호), 담배 21개(위 1960호의 증 제7호), 복합기프린터(000 0) 1대(위 1960호의 증 제8호)를 몰수한다."
        ]
    },
    "mentionedItems": {
        "rqestObjet": [
            "피고인은 행사할 목적으로 5만 원권 지폐 30장을 위조하였다.",
            "피고인은 총 13회에 걸쳐 위조한 통화를 행사하고 합계 650,000 상당의 재물을 교부받거나 재산상 이익을 취득하였다."
        ]
    },
    "assrs": {
        "acusrAssrs": [],
        "dedatAssrs": []
    },
    "facts": {
        "bsisFacts": [
            "피고인은 2010.11.18.대전고등법원에서 특정범죄 가중처벌 등에 관한 법률 위반(절도)죄 등으로 징역 5년을 선고받고 2015.6.23.그 형의 집행을 종료하였다.",
            "피고인은 2017.3.15.14:00경 0000에 있는 C고시원 206호에서, 행사할 목적으로, 그곳에 있는 복합기를 이용하여 자신이 소지하고 있던 5만 원권 지폐 2장(일련번호 D, E)의 앞, 뒷면을 A4 용지에 컬러 복사한 후, 이를 칼로 오려내는 방법으로 000발행의 5만 원권 지폐 30장을 위조하였다.",
            "이후 피고인은 2017.3.24.11:26경 0000에 있는, G이라는 상호의 중국음식점 부근에 있는 피해자 H 운영의 가판점에서, 교통카드를 충전하면서 피해자에게 위와 같이 위조하여 소지하고 있던 5만 원권 지폐 중 1장을 교부하여 이에 속은 피해자로부터 5만 원 상당을 교통카드로 충전 받았다.",
            "그 무렵부터 2017.4.4.까지 위와 같은 방법으로 별지 범죄일람표 기재와 같이 총 13회에 걸쳐 위조한 통화를 행사하고 합계 650,000원 상당의 재물을 교부받거나 재산상 이익을 취득하였다."
        ]
    },
    "dcss": {
        "courtDcss": [
            "범죄사실에 대한 해당법조 및 형의 선택: 형법 제207조 제1항(통화위조의 점, 유기징역형 선택), 각 형법 제207조 제4항, 제1항(위조통화행사의 점, 유기징역형 선택), 각 형법 제347조 제1항(사기의 점, 징역형 선택)",
            "통화위조 및 위조통화행사 범행은 통화에 대한 공공의 신용과 화폐 유통에 대한 거래의 안전을 심각하게 훼손하는 행위로서 엄히 처벌할 필요가 있다.",
            "위조통화를 행사하여 사기를 범한 횟수가 13회에 이르고, 피고인이 누범기간 중임에도 이 사건 범행을 저질렀다.",
            "통화위조 범행이 조직적·전문적으로 이루어지지는 않았고, 단순히 컬러 복합기를 이용하여 A4용지에 5만 원권 지폐 양면을 복사하여 칼로 오려내는 방법으로 이루어진 것으로 그 위조방법이 조잡하여 진폐와의 구별이 어렵지는 않았던 것으로 보인다.",
            "피고인이 행사한 위조통화의 금액과 사기 피해액이 비교적 크지 않다."
        ]
    },
    "close": {
        "cnclsns": [
            "피고인을 징역 1년에 처한다.",
            "압수된 5만 원권 위조지폐 8장(서울중앙지방검찰청 2017 압제1960호의 증 제1~4, 9~11호, 서울중앙지방검찰청 2017압제2335호의 증 제1호), 000 교통카드 1개(위 1960호의 증 제6호), 담배 21개(위 1960호의 증 제7호), 복합기 프린터(000 0)1대(위 1960호의 증 제8호)를 몰수한다."
        ]
    }
}