{
    "info": {
        "caseField": "2",
        "detailField": "6",
        "trailField": "1",
        "caseNm": "준강도, 특정범죄가중처벌등에관한법률위반(보복협박등), 공용서류손상",
        "courtNm": "수원지방법원",
        "judmnAdjuDe": "2013. 04. 02.",
        "caseNo": "2013고합113",
        "relateLaword": [
            "형법 제335조",
            "형법 제333조",
            "특정범죄 가중처벌 등에 관한 법률 제5조의9",
            "형법 제283조",
            "형법 제141조",
            "특정강력범죄의 처벌에 관한 특례법 제3조",
            "형법 제42조",
            "형법 제35조",
            "형법 제37조",
            "형법 제38조",
            "형법 제50조",
            "형법 제53조",
            "형법 제55조"
        ],
        "qotatPrcdnt": []
    },
    "concerned": {
        "acusr": "4",
        "dedat": "1"
    },
    "org": {
        "orgJdgmnCourtNm": "",
        "orgJdgmnAdjuDe": "",
        "orgJdgmnCaseNo": ""
    },
    "disposal": {
        "disposalform": "6",
        "disposalcontent": [
            "피고인을 징역 3년 6월에 처한다."
        ]
    },
    "mentionedItems": {
        "rqestObjet": [
            "피고인을 징역 3년 6월에 처한다."
        ]
    },
    "assrs": {
        "acusrAssrs": [],
        "dedatAssrs": [
            "피고인이 범죄사실 제1항 기재와 같이 피해자를 폭행한 사실은 있으나 체포를 면탈할 목적으로 한 행동은 아니었다."
        ]
    },
    "facts": {
        "bsisFacts": [
            "피고인은 2010.12.3.서울북부지방법원에서 준강도죄로 징역 2년을 선고받고 2012.8.24.그 형의 집행을 종료하였다.",
            "피고인은 2013.2.6.16:15경 0000에 있는 00 운영의 ‘☽☽ 고양이’라는 잡화매장에서 매장 밖에 진열된 00 소유인 시가 5,900원 상당의 털장갑 1켤레를 사는 척하다가 주변 감시가 소홀한 틈을 타 이를 가지고 가 절취하였고, 그 장면을 목격한 위 매장 직원 00이 피고인을 쫓아가 피고인으로부터 위 털장갑을 회수하였다.",
            "한편 00으로부터 피고인이 털장갑을 훔쳤다는 사실을 들은 위 매장 직원 피해자 00(여, 19세)이 그 즉시 피고인을 뒤쫓아가 위 매장에서 약 10미터 가량 떨어진 수원역 지하상가에 있는 휴대전화 매장 앞에서 피고인에게 “할아버지가 가져간 것이 맞으세요?” 라고 물으면서 피고인의 왼쪽 상의 옷자락을 잡아당기자 피고인은 주먹으로 피해자의 머리를 1회 때리고, 양손으로 피해자의 머리와 허리 등을 10회 가량 때렸다.",
            "이로써 피고인은 체포를 면탈할 목적으로 피해자를 폭행하였다.",
            "피고인은 2013.2.18.15:07경 수원지방검찰청 346호 검사실에서 제1항 기재와 같은 준강도의 범죄사실에 관하여 피해자 00(여, 19세), 00(여, 20세)과 대질조사를 받게 되었다.",
            "피고인은 대질조사를 받으면서 위 피해자들이 피고인이 위 장갑을 훔친 후 피해자 00을 폭행하였다는 진술을 하자 피해자들에게 “씨발년아! 나가면 죽여버리겠다!” 라고 수회에 걸쳐 말을 하였다.",
            "이로써 피고인은 피고인의 형사사건의 수사와 관련하여 피해자들의 진술에 대한 보복의 목적으로 피해자들을 협박하였다.",
            "피고인은 제2항 기재 일시, 장소에서 검찰주사 00으로부터 피고인에 대한 피의 자신문조서의 열람을 위해 피고인의 진술거부 및 00, 00의 준강도 피해사실 등이 기재된 제2회 피의자신문조서 중 변호인 선임권 및 진술거부권 고지 확인 부분에 관한 조서를 교부받자 이를 구기고 찢은 후 위 00에게 집어 던졌다.",
            "이로써 피고인은 공무소에서 사용하는 서류를 손상하였다."
        ]
    },
    "dcss": {
        "courtDcss": [
            "위 각 증거들에 의하면 당시 피해자가 매장 직원 00으로부터 피고인의 범행을 전해 듣고 건널목을 건너 수원역 지하도로 들어가는 피고인을 쫓아 지하도로 따라 내려간 사실, 피해자는 장갑을 가져갔느냐고 몇차례 물으며 피고인의 옷깃을 붙잡는 순간 피고인이 위와 같이 피해자를 때린 사실이 인정된다.",
            "체격이 상대적으로 작은 피해자가 이처럼 갑작스런 피고인의 폭행에 그냥 맞기만 하다가 주변 사람들에게 도움을 호소하자 다시 가려던 피고인을 행인들 여러 명이 붙잡아 경찰에 신고한 사실, 그 과정에서 피고인은 위 범죄사실의 기재와 같이 피해자의 머리를 한차례 때리고 양손으로 피해자의 머리와 허리 등을 10회 가량 때린 사실을 인정할 수 있다.",
            "이처럼 피해자가 피고인을 따라가 피고인을 붙잡게 된 경위나 피고인이 피해자에게 폭행을 가하게 된 당시의 상황과 폭행의 정도 등 여러 정황을 고려해 보면 피고인은 자신이 털장갑을 훔친 것으로 체포당하게 될 것이 두려워 이를 면할 목적으로 위와 같은 폭행을 저지른 것으로 봄이 상당하다.따라서 피고인의 위 주장은 받아들이지 아니한다."
        ]
    },
    "close": {
        "cnclsns": [
            "피고인을 징역 3년 6월에 처한다."
        ]
    }
}