{
    "info": {
        "caseField": "2",
        "detailField": "6",
        "trailField": "1",
        "caseNm": "가. 배임증재 나. 대외무역법위반 다. 식품위생법위반",
        "courtNm": "서울중앙지방법원",
        "judmnAdjuDe": "2013. 05. 09.",
        "caseNo": "2012고합1586",
        "relateLaword": [
            "구 식품위생법(2013. 3. 23. 법률 제11690호로 개정되기 전의 것) 제97조",
            "구 식품위생법(2013. 3. 23. 법률 제11690호로 개정되기 전의 것) 제10조",
            "구 식품위생법(2013. 3. 23. 법률 제11690호로 개정되기 전의 것) 제44조",
            "구 식품위생법(2013. 3. 23. 법률 제11690호로 개정되기 전의 것) 제37조",
            "형법 제357조",
            "형법 제62조의2",
            "구 식품위생법(2013. 3. 23. 법률 제11690호로 개정되기 전의 것) 제100조",
            "형법 제37조",
            "형법 제38조",
            "형법 제50조",
            "형법 제62조",
            "대외무역법 제34조",
            "대외무역법 시행령 제61조",
            "형사소송법 제325조"
        ],
        "qotatPrcdnt": []
    },
    "concerned": {
        "acusr": "4",
        "dedat": "1"
    },
    "org": {
        "orgJdgmnCourtNm": "",
        "orgJdgmnAdjuDe": "",
        "orgJdgmnCaseNo": ""
    },
    "disposal": {
        "disposalform": "9",
        "disposalcontent": [
            "피고인 A를 징역 2년에, 피고인 주식회사 000000을 벌금 15,000,000원에 각 처한다.",
            "다만 피고인 A에 대하여는 이 판결 확정일로부터 3년간 위 형의 집행을 유예한다.",
            "피고인 A에 대하여 2년간 보호관찰을 받을 것을 명한다.",
            "피고인 A에게 120시간의 사회봉사를 명한다.",
            "피고인들에 대한 대외무역법 위반의 점은 무죄이다."
        ]
    },
    "mentionedItems": {
        "rqestObjet": [
            "피고인 A를 징역 2년에, 피고인 주식회사 000000을 벌금 15,000,000원에 각 처한다.",
            "피고인 A에 대하여 2년간 보호관찰을 받을 것을 명한다.",
            "피고인 A에게 120시간의 사회봉사를 명한다."
        ]
    },
    "assrs": {
        "acusrAssrs": [
            "검사는 세번이 변경된 점, 이 사건 냉동샥스핀에 식품 첨가물인 과산화수소 또는 액상규산나트륨이 첨가되는 점, 원재료의 원형이 달라지는 점 등을 고려하면 실질적 변형이 발생한 것으로 봐야 한다고 주장한다."
        ],
        "dedatAssrs": []
    },
    "facts": {
        "bsisFacts": [
            "피고인 A는 식품 및 식품 첨가물 제조 판매업 등을 목적으로 하는 피고인 00을 운영하던 사람이다.",
            "허용 오차를 초과하여 기준에 맞지 않은 중량 표시를 한 식품을 판매한 점 표시에 관한 기준이 정하여진 식품은 그 기준에 맞는 표시가 없으면 판매하여서는 아니 되는 바, 섭취 전에 버리게 되는 액체와 함께 포장되는 식품은 액체를 뺀 식품의 순중량을 표시하여야 하고, 수산물의 경우 표시된 양과 실제량과의 부족량의 허용오차(범위)가 5%(혹은 2%1))다.",
            "피고인 A는 중국 공장에서 샥스핀을 가공처리 하면서 물 코팅(일명 ' 글레이징')을 한 후 급랭하여 제품 표면에 수분을 얼어붙게 하는 방법으로 중량을 부풀려 진공포장하는 방법으로, 해동할 경우 실제 중량이 700g 내지 800g에 불과한 중량 1kg 단위의 냉동샥스핀을 저렴한 가격에 수입, 유통하는 것처럼 가장하기로 마음먹었다.",
            "피고인 A는 2011.11.8.경 냉동샥스핀인 'Dog Fin - Pectorial(Medium)' 20kg의 실제 중량이 식품의 표시 기준에 따른 표시된 양과 실제량과의 부족량의 허용오차(범위)를 초과한 14kg 내지 16kg임에도 식품유통업체인 000에 이를 130만 원에 판매하였다.",
            "피고인은 이를 비롯하여 2005.1.4경부터 위 일시경까지 사이에 위와 같은 방법으로 총 454회에 걸쳐 허용된 오차를 초과한 표시 중량 합계 81,540kg 상당의 냉동샥스핀을 6,828,391,775원에 판매하였다.",
            "유통기한 초과 제품을 판매하거나 혹은 판매 목적으로 보관한 점, 식품소분, 판매, 운반업자는 유통기한이 경과된 제품을 판매하거나 판매의 목적으로 보관하여서는 아니 된다.",
            "피고인 A는 2009.5.28.경 2006.5.19.제조되어 2008.5.18.그 유통기한이 경과된 냉동샥스핀 'Blue Dorsal 7-9pcs' 10kg에 대해 컴퓨터를 이용하여 식품표시 스티커의 제조일자를 2008.8.20.로 조작하여 출력한 다음 포장지에 위 스티커를 부착하는 방법으로 유통기한이 경과된 위 냉동샥스핀 10kg을 89만 원에 판매하였다.",
            "피고인 A는 이를 비롯하여 위 일시경부터 2011.10.7.경까지 사이에 위와 같은 방법으로 총 8회에 걸쳐 유통기한이 경과된 냉동샥스핀 합계 58kg2)상당을 판매하였다.",
            "피고인 A는 2011.11.중순까지 판매할 목적으로 유통기한이 경과된 냉동샥스핀 30kg 상당을 냉동창고에, 7kg 상당을 피고인 00 의 사무실 냉장고에 각 보관하였다.",
            "피고인 A는 2003.12.20.경부터 2011.12.경까지 사이에 관할 관청에 신고를 하지아니하고 00을 운영하면서 위와 같이 냉동샥스핀을 수입, 판매하여 식품 판매업 등을 영위하였다.",
            "이에 피고인 A는 2009.9.9.20:00경 커피숍에서, 위 00을 통해 위 00에게 그 무렵 호텔에서 열린 샥스핀 납품 계약과 관련한 업체별 샘플 테스트에서 위 00을 통해 납품한 샥스핀이 우수한 평가를 받아 위 중식당 도림에 계속 납품할 수 있도록 해주고, 납품한 샥스핀에 하자가 있더라도 이를 묵인해 달라는 등의 부정한 청탁을 하면서 현금 500만 원을 교부하였다.",
            "피고인은 이를 비롯하여 2007.6.14.경부터 2011.1.18.경까지 사이에 위와 같은 방법으로 위 00에게 총 4회에 걸쳐 합계 847만 원을 공여하였다.",
            "피고인 A는 2005.1.27.0 호텔 중식당에서 위 00에게 위 00이 피고인 주식회사 0을 냉동샥스핀 납품업체로 계속 선정해주고 납품한 샥스핀에 하자가 있더라도 이를 묵인해 달라는 등의 부정한 청탁을 하면서 현금 100만 원 및 50만 원 상당의 상품권을 교부하였다.",
            "피고인은 이를 비롯하여 2007.6.14.경부터 2011.1.18.경까지 사이에 위와 같은 방법으로 위 00에게 총 4회에 걸쳐 합계 847만 원을 공여하였다.",
            "피고인 00 은 제1의 가, 항의 일시, 장소에서, 피고인 00의 대표자인 피고인 A가 피고인 00 의 업무에 관하여 위와 같이 실제량과 부족량의 허용오차(범위)를 초과한 중량을 표시하여 냉동샥스핀을 판매하고, 유통기한이 경과된 냉동샥스핀을 판매하거나 판매할 목적으로 보관하고, 관할 관청에 신고를 하지 아니하고 식품 판매업 등을 영위하였다.",
            "기록에 의하면 샥스핀의 실제 중량이 표시된 것보다 작다는 사실을 상대방 업체에서도 어느 정도 알고 있었고, 실제 중량과 표시된 중량의 차이가 크지 않으면 이를 묵인해주는 것이 거래관행이었던 것으로 보이며, 피고인들이 일부 부족분을 보충해주기도 한 사실이 인정된다.",
            "홍콩의 Yat Sun Shark s Fin Company로부터 수입하는 샥스핀이 중국 광동성 중산에 있는 가공공장에서 샥스핀의 이물질 제거, 건조, 자숙, 껍질제거, 연골조직제거, 약품처리급랭, 진공포장 등의 공정과정을 거쳐 원료의 실질적 변형을 가하는 방법으로 제품이 생산되었다.",
            "그 원산지가 중국임에도 불구하고 2005.10.6.경터 2011.10.18.경까지 사이에 총 68회에 걸쳐 합계 81,648kg 상당의 냉동샥스핀을 수입하면서 원산지를 홍콩 또는 인도네시아로 허위 표시하고, 피고인 000은 그 대표자인 피고인 A이 피고인 00 의 업무에 관하여 위와 같이 원산지를 허위 표시하였다."
        ]
    },
    "dcss": {
        "courtDcss": [
            "피고인 A는 신고를 하지 아니한 채로 식품 판매업을 영위하면서 표시 중량을 부풀려 식품에 관해 부정확한 정보를 제공하고, 유통기한이 도과하여 조리 또는 섭취되어서는 안될 식품의 유통기한을 조작한 후 이를 판매하였을 뿐만 아니라 그와 같은 제품을 지속적으로 납품하기 위하여 거래업체의 담당자에게 부정한 청탁을 하고 금품을 제공하기까지 하였다.",
            "납품된 대다수의 냉동샥스핀은 국내 최정상급 호텔 내 중식당에서 최고가로 팔리는 음식의 재료로 사용되었다, ",
            "이와 같은 범죄는 식품 선택과 관련해 허위의 정보를 제공하여 유통질서를 해칠 뿐만 아니라 국민의 건강과 보건에도 직접적인 영향을 미쳐 결국 국민이 그 모든 피해를 입게 된다.",
            "더구나 피고인 A는 6년이 넘는 기간 동안 계획적으로 허위의 표시를 한 식품을 판매하였고 그 판매가액도 수십억원에 이른다.",
            "그에 상응하는 처벌이 불가피하다.",
            "또 유통기한이 도과된 제품은 95㎏ 정도이고 이 중 실제 판매된 것도 58㎏에 불과하다.",
            "나아가 피고인들은 보유하던 냉동샥스핀 재고물량 전부를 반송처리하였다, ",
            "피고인 A에게 음주음전 1회의 전력 외에 다른 전과도 없다, 위와같은 사정들을 피고인들에게 유리한 정상으로 참작하고 기타 범행의 동기, 수단과 결과, 범행 후의 정황 등을 종합적으로 고려하여 주문과 같이 형을 정한다.",
            "대외무역법 제34조 제2항, 대외무역법 시행령 제61조 제1항 및 제2항은, 수입 물품의 생산, 제조, 가공 과정에 둘 이상의 국가가 관련된 경우에는 최종적으로 실질적 변형을 가하여 그 물품에 본질적 특성을 부여하는 활동(이하 실질적 변형 이라 한다)을 한 국가를 그 물품의 원산지로 하되 실질적 변형 등 원산지 판정 기준에 관한 구체적인 사항은 하위법규에 위임하고 있다.",
            "대외무역법 및 대외무역법 시행령의 위임을 받은 대외무역관리규정 제85조 제8항 제5호 각 목에 의하면 실질적 변형이란 해당국에서의 제조, 가공과정을 통하여 원재료의 세번과 상이한 세번(HS 6단위 기준)의 제품을 생산하는 것을 말한다.",
            "다만 제조, 가공의 결과 HS 6단위가 변경되는 경우라도 가 통풍, 나 건조 또는 단순가열, 다 냉동, 냉장, 라 손상부위의 제거, 이물질 제거, 세척, 마 기름칠, 녹방지 또는 보호를 위한 도색, 도장, 바 거르기 또는 선별, 사 정리, 분류 또는 등급선정, 아 시험 또는 측정, 자 표시나 라벨의 수정 또는 선명화, 차 가수, 희석, 흡습, 가염, 가당, 전리,를 수행한다.",
            "카 각피, 탈각, 씨 제거 및 신선 또는 냉장육류의 냉동, 단순 절단 및 단순 혼합, 타 특정 조건 하에서의 가축의 도축, 파 펴기, 압착 및 하 각 이에 준하는 행위와 같은 가공활동(이하 단순한 가공활동 이라 한다)을 수행하는 국가에는 원산지를 부여하지 않는다.",
            "대외무역법 관련 법규에 따라 세번이 변경되었더라도 단순한 가공활동에 해당한다면 실질적 변형에 해당한다고 볼 수 없어 그 가공활동이 이루어진 국가가 아닌 원재료 산지가 원산지가 되어야 할 것이다.",
            "위 중국 공장에서의 이 사건 냉동샥스핀에 대한 가공과정의 각 공정은 단순 절단(대외무역관리규정 제85조 제8항 제5호 카목 : 1번 과정), 건조(같은 호 나목 : 2, 5번 과정), 가수 및 단순 가열(같은 호 나목, 차목 : 3번 과정), 각피 혹은 탈각(같은 호 카목 : 4번 과정), 이물질 제거 또는 각피, 탈각, 단순 절단 혹은 이에 준하는 가공(같은 호 라목, 카목, 하목 : 6번 과정)에 해당한다.",
            "가수, 이물질 제거 혹은 이에 준하는 가공(같은 호 라목, 차목 : 7번 과정), 냉동, 냉장(같은 호 다목 : 9, 10번 과정)등에 해당하여 모두 단순한 가공활동에 해당하거나 가공활동 자체에 해당하지 아니 한다(8, 11번 과정)고 판단된다.",
            "따라서 설령 인도네시아 혹은 홍콩 산 샥스핀 원재료가 중국에서 가공과정을 거침에 따라 그 세번이 변경되었다고 하더라도 중국에서의 가공과정이 위에서 보는 바와 같이 단순한 가공활동에 불과하여 실질적 변형이 이루어졌다고 할 수 없으므로, 그러한 가공활동이 있었던 중국을 원산지로 볼 수는 없고 결국 원재료 산지인 인도네시아 또는 홍콩 등이 원산지라고 보지 않을 수 없다.",
            "이 법원이 적법하게 채택하여 조사한 증거에 의하면 가공과정을 거치면서 샥스핀 원재료의 육질 및 연골부가 제거되고 가열, 세척 등의 과정으로 인해 자연 상태에서의 모습과는 다른 약간의 변형이 발생하였기는 하나 지느러미 고유의 외형적 특징은 거의 남아 있어 외관상으로도 그것이 상어 지느러미임을 알 수 있으므로 위 가공과정으로 인해 원재료의 원형이 달라졌다고 평가하기는 어렵다.",
            "과산화수소 등 식품 첨가물의 첨가를 단순가공으로 볼 수 있는지에 관하여 보건대, 검사 제출의 각 증거만으로는 과산화수소가 위 중국 공장에서의 가공과정에 사용되었다거나 피고인 A가 위 가공과정에서 액상규산나트륨이 사용된 사실을 알았다고 인정하기 부족할 뿐 아니다.",
            "설령 과산화수소 등이 실제 사용되었다고 보더라도 이를 유해한 식품 첨가물의 사용과 관련한 구성요건으로 처벌함은 별론으로 하고, 과산화수소는 샥스핀의 외관을 청결하고 균질한 것으로 보이게 하기 위한 표백 목적으로 첨가된 것일 뿐 그것이 식품의 실질적 변형을 발생시킨다고 보이지도 아니한다.",
            "설령 과산화수소 등이 실제 사용되었다고 보더라도 이를 유해한 식품 첨가물의 사용과 관련한 구성요건으로 처벌함은 별론으로 하고, 과산화수소는 샥스핀의 외관을 청결하고 균질한 것으로 보이게 하기 위한 표백 목적으로 첨가된 것일 뿐 그것이 식품의 실질적 변형을 발생시킨다고 보이지도 아니한다."
        ]
    },
    "close": {
        "cnclsns": [
            "피고인 A를 징역 2년에, 피고인 주식회사 000을 벌금 15,000,000원에 각 처한다.",
            "다만 피고인 A에 대하여는 이 판결 확정일로부터 3년간 위 형의 집행을 유예한다.",
            "피고인 A에 대하여 2년간 보호관찰을 받을 것을 명한다.",
            "피고인 A에게 120시간의 사회봉사를 명한다.",
            "피고인들에 대한 대외무역법 위반의 점은 무죄다."
        ]
    }
}