{
    "info": {
        "caseField": "2",
        "detailField": "6",
        "trailField": "1",
        "caseNm": "폭행치사",
        "courtNm": "서울중앙지방법원",
        "judmnAdjuDe": "2018. 05. 25.",
        "caseNo": "2018고합142",
        "relateLaword": [
            "형법 제262조",
            "형법 제260조",
            "형법 제259조",
            "형법 제53조",
            "형법 제55조",
            "형법 제62조",
            "보호관찰 등에 관한 법률 제59조"
        ],
        "qotatPrcdnt": []
    },
    "concerned": {
        "acusr": "4",
        "dedat": "1"
    },
    "org": {
        "orgJdgmnCourtNm": "",
        "orgJdgmnAdjuDe": "",
        "orgJdgmnCaseNo": ""
    },
    "disposal": {
        "disposalform": "6",
        "disposalcontent": [
            "피고인을 징역1년 6월에 처한다."
        ]
    },
    "mentionedItems": {
        "rqestObjet": [
            "피고인을 징역1년 6월에 처한다.",
            "이 판결 확정일부터 3년간 위 형의 집행을 유예한다.",
            "피고인에게 120시간의 사회봉사를 명한다."
        ]
    },
    "assrs": {
        "acusrAssrs": [],
        "dedatAssrs": []
    },
    "facts": {
        "bsisFacts": [
            "피고인은 2018. 1. 19. 22:50경 0000 버스정류장 앞 D 시내버스(버스번호)안에서 위 버스를 이용하여 귀가하던 중, 같은 승객인 피해자 E(60세)가 술에 취해 위 버스 운전기사와 승객들에게 욕설을 하며 주먹으로 때리려고 하는 등으로 소란을 피워 피해자에게 좀 조용히 하라고 말하였다.",
            "피해자로부터 \"너 이리 나와 봐 새끼야.\"라는 욕설을 듣게 되어 화가 난 상태에서 피해자에게 \"너 내리면 죽어.\"라고 말하면서 다가갔다가 피해자가 피고인의 왼팔을 잡고서 마침 정차하여 열려진 버스 뒷문을 통해 밖으로 끌어내리려고 하자 격분하여 피고인의 왼팔로 피해자의 오른팔을 뿌리쳤다.",
            "피해자의 어깨를 밀어 중심을 잃게 한 다음 오른손 주먹으로 피해자의 얼굴을 힘껏 1회 가격하여 피해자로 하여금 버스 밖 보도에 그대로 넘어지게 하여 그곳 시멘트 바닥에 뒷머리를 부딪치게 함으로써 의식을 잃게 하였다. ",
            "이로 인해 피해자는 0000 소재 국립중앙의료원으로 후송되어 치료를 받다가 2018. 1. 24. 23:20경 두개골 골절에 의한 외상성 지주막하출혈 및 경막하출혈로 사망하였다.",
            "이로써 피고인은 피해자에게 폭행을 가하여 피해자를 사망에 이르게 하였다."
        ]
    },
    "dcss": {
        "courtDcss": [
            "피고인의 이 사건 범행으로 피해자가 사망에 이르는 중한 결과가 발생하였고, 범행 직후 피해자 구호를 위한 조치를 취하지 아니한 채 범행현장을 이탈하여 그 죄질이 불량하다.",
            "피고인은 범죄전력이 없는 초범이다.",
            "피해자의 유족들과 합의되어 그들이 피고인의 처벌을 원하지 아니한다.",
            "피해자가 술에 취하여 버스기사나 피고인을 포함한 승객들에게 먼저 시비를 걸어 이를 제지하려던 피고인과 사이에 몸싸움이 생기던 중 피고인의 우발적 폭행으로 비극적인 결과가 발생한 것이어서 피해자의 위와 같은 잘못도 중한 결과 발생의 중요한 원인이 되었다.",
            "피고인이 이 법정에 이르러 공소사실을 시인하면서 뒤늦게나마 자신의 잘못을 뉘우치고 있는 점, 그 밖에 피고인의 연령, 성행, 직업, 환경, 가족관계 등 양형의 조건이 되는 제반 정상을 고려하여 주문과 같이 형을 정한다."
        ]
    },
    "close": {
        "cnclsns": [
            "피고인을 징역 1년 6월에 처한다.",
            "다만, 이 판결 확정일부터 3년간 위 형의 집행을 유예한다. 피고인에게 120 시간의 사회봉사를 명한다."
        ]
    }
}