{
    "info": {
        "caseField": "2",
        "detailField": "6",
        "trailField": "1",
        "caseNm": "강도상해",
        "courtNm": "수원지방법원 안양지원",
        "judmnAdjuDe": "2013. 10. 02.",
        "caseNo": "2013고합144",
        "relateLaword": [
            "형법 제337조(유기징역형 선택)",
            "특정강력범죄의 처벌에 관한 법률 제3조",
            "형법 제42조 단서",
            "형법 제53조",
            "제55조 제1항 제3호(아래 양형의 이유 중 유리한 정상 참작)"
        ],
        "qotatPrcdnt": []
    },
    "concerned": {
        "acusr": "4",
        "dedat": "1"
    },
    "org": {
        "orgJdgmnCourtNm": "",
        "orgJdgmnAdjuDe": "",
        "orgJdgmnCaseNo": ""
    },
    "disposal": {
        "disposalform": "6",
        "disposalcontent": [
            "피고인을 징역 7년에 처한다."
        ]
    },
    "mentionedItems": {
        "rqestObjet": [
            "피고인을 징역 7년에 처한다."
        ]
    },
    "assrs": {
        "acusrAssrs": [],
        "dedatAssrs": []
    },
    "facts": {
        "bsisFacts": [
            "피고인은 2013.8.3.12:30경 0000 (주소 생략)에 있는 피해자 공소외인(여, 47세)운영의 “0”에 들어가 피해자에게 병맥주 4병을 주문하여 마시고 술값 2만 원을 계산한 다음 맥주 8병과 안주(한치)1접시, 0 양주 1병 등 시가 합계 26만 원 상당을 추가로 주문하여 제공받았다.",
            "그 후 피고인은 같은 날 15:40경 피해자에게 양주 1병을 더 주문하다가 피해자로부터 터 ‘먼저 계산하고 주문하라’는 요구를 받자 피해자를 유인·폭행하여 술값 지급을 면하기로 마음먹고, ‘00000에 사는데 집에 가서 줄테니 따라오라’고 속여 피해자를 부근에 있는 00000로 데리고 갔다.",
            "그곳 주변을 배회하다가 위 00000 뒤편 막다른 골목에 이르러 양손으로 피해자의 어깨부위를 붙잡아 밀치고 발로 다리를 걸어 바닥에 넘어뜨린 다음 피해자의 몸 위에 올라타 양손으로 피해자의 목을 조르고 ‘살려달라’고 소리치는 피해자의 입을 손으로 막고 주먹으로 얼굴을 때리려고 하는 등으로 반항을 하지 못하게 한 다음 그대로 도주하였다.",
            "이로써 피고인은 피해자에게 지급해야 할 술값 26만 원의 지급을 면하여 같은 금액 상당의 재산상 이익을 취득하고 피해자에게 약 2주간의 치료를 요하는 양측 팔꿈치의 찰과상 등의 상해를 가하였다.",
            "피고인은 2011.4.28.서울고등법원에서 특수강도죄 등으로 징역 2년 6월을 선고받아 2013.3.17.순천교도소에서 그 형의 집행을 종료하였다."
        ]
    },
    "dcss": {
        "courtDcss": [
            "피고인이 특수강도죄 등으로 징역형의 집행을 마친 후 불과 5개월 만에 다시 이 사건 범행을 저지른 점, 피고인이 피해회복을 위하여 진지하게 노력하였다고 볼만한 자료가 없고, 피해자와 합의하지도 못하여 피해자가 피고인에 대한 처벌의사를 유지하고 있는 점, 이 사건 강도상해죄는 법정형이 무기징역 또는 징역 7년 이상에 해당하는 중죄인 점 등을 고려하여 볼 때 피고인에 대한 엄한 처벌은 불가피하다."
        ]
    },
    "close": {
        "cnclsns": [
            "피고인을 징역 7년에 처한다."
        ]
    }
}