{
    "info": {
        "caseField": "2",
        "detailField": "6",
        "trailField": "1",
        "caseNm": "특수상해미수, 폭행",
        "courtNm": "의정부지방법원",
        "judmnAdjuDe": "2017. 10. 24.",
        "caseNo": "2017고단1602",
        "relateLaword": [
            "형법 제258조",
            "형법 제260조",
            "형법 제25조",
            "형법 제55조",
            "형법 제37조",
            "형법 제38조",
            "형법 제50조",
            "형법 제62조"
        ],
        "qotatPrcdnt": []
    },
    "concerned": {
        "acusr": "4",
        "dedat": "1"
    },
    "org": {
        "orgJdgmnCourtNm": "",
        "orgJdgmnAdjuDe": "",
        "orgJdgmnCaseNo": ""
    },
    "disposal": {
        "disposalform": "6",
        "disposalcontent": [
            "피고인을 징역 8월에 처한다.",
            "다만, 이 판결확정일부터 2년간 위 형의 집행을 유예한다.\n",
            "피고인에게 보호관찰을 받을 것과 120시간의 사회봉사를 명한다 "
        ]
    },
    "mentionedItems": {
        "rqestObjet": [
            "피고인을 징역 8월에 처한다.",
            "다만, 이 판결확정일부터 2년간 위 형의 집행을 유예한다.\n",
            "피고인에게 보호관찰을 받을 것과 120시간의 사회봉사를 명한다 "
        ]
    },
    "assrs": {
        "acusrAssrs": [],
        "dedatAssrs": [
            "피고인은 코팅된 종이로 피해자의 얼굴을 찌르지 않았고, 식칼로 피해자의 가슴 부위를 찌르려고 한 사실이 없다."
        ]
    },
    "facts": {
        "bsisFacts": [
            "피고인은 2016.12.23.23:20경 0000 (주소 생략)소재 '0'에서 피해자인 종업원 공소외 00(40세)과 술값문제로 시비가 되어 소지하고 있던 코팅된 종이로 피해자의 얼굴을 찌르고 멱살을 잡아 수회 흔들고 끌고 다니는 등 피해자를 폭행하였다."
        ]
    },
    "dcss": {
        "courtDcss": [
            "이 사건 범행은 위험한 물건인 칼을 들었다는 점에서 위험성이 크고, 피고인에게 집행유예 전과를 비롯하여 폭력 전과 4회에 이르며, 피고인이 이 사건 범행을 일부 부인하면서 반성하지 않는다는 불리한 정상이 있지만, 피고인이 비록 칼을 들기는 하였으나 피고인이 가하려는 상해의 정도가 약했던 것으로 보이는 점, 특수상해가 미수에 그친 점을 참작하여 형을 정한다."
        ]
    },
    "close": {
        "cnclsns": [
            "피고인을 징역 8월에 처한다.",
            "다만, 이 판결확정일부터 2년간 위 형의 집행을 유예한다.",
            "피고인에게 보호관찰을 받을 것과 120시간의 사회봉사를 명한다."
        ]
    }
}