{
    "info": {
        "caseField": "2",
        "detailField": "6",
        "trailField": "1",
        "caseNm": "사기,상해,업무방해",
        "courtNm": "서울중앙지방법원 ",
        "judmnAdjuDe": "2019. 09. 05.",
        "caseNo": "2019고단1760",
        "relateLaword": [
            "형법 제347조",
            "형법 제257조 ",
            "형법 제314조",
            "형법 제35조",
            "형법 제37조 ",
            "형법 제38조 ",
            "형법 제50조"
        ],
        "qotatPrcdnt": []
    },
    "concerned": {
        "acusr": "4",
        "dedat": "1"
    },
    "org": {
        "orgJdgmnCourtNm": "",
        "orgJdgmnAdjuDe": "",
        "orgJdgmnCaseNo": ""
    },
    "disposal": {
        "disposalform": "6",
        "disposalcontent": [
            "피고인을 징역 1년 2개월에 처한다.\n\n"
        ]
    },
    "mentionedItems": {
        "rqestObjet": [
            "피고인은 피해자를 기망하여 이에 피해자로부터 합계 30,000원 상당의 소주 1병, 연어샐러드 1접시, 돈까스 1접시 등을 제공받아 이를 편취하고, 이를 비롯하여 2019. 3. 16.까지 별지 범죄일람표 기재와 같이 총 4회에 걸쳐 130,000원 상당의 술과 안주를 제공받아 편취하였다.",
            "피고인은 2019. 3. 16.경 제1항과 같은 장소에서 술에 취해 잠을 자던 중, 피해자 공소외 1로부터 계산을 해달라는 요구를 받자 갑자기 화를 내며 탁자 위에 놓여있던 막걸리병을 들어 그 안에 있던 술을 피고인이 앉아 있던 탁자에 뿌리고, 플라스틱 술잔을 들어 탁자를 세게 내리치고, 계속하여 피해자에게 욕설을 하면서 피고인이 주문한 돈가스 안주를 앞 탁자에 앉은 다른 손님들을 향해 던져 이에 놀란 손님들이 업소를 나가게 하고, 종업원들에게 시비를 거는 등 약 30분 동안 소란을 피웠다. 이로써 피고인은 위력으로써 피해자의 주점 영업을 방해하였다.",
            "피고인은 2019. 3. 16.경 제1항과 같은 장소에서, 피해자 공소외 1(48세)로부터 술값을 계산해 달라는 요구를 받자, 피해자에게 욕설을 하고, 양손으로 피해자의 목덜미를 잡고 수차례 흔들면서 피해자를 바닥에 넘어뜨리려다가 자신이 팔목에 차고 있던 쇠 재질의 시곗줄로 피해자의 목을 그어 피해자의 목에 치료일수 불상의 찰과상을 가하였다."
        ]
    },
    "assrs": {
        "acusrAssrs": [],
        "dedatAssrs": [
            "피고인은 별지 범죄일람표 순번 1, 2, 3 기재 각 사기범행을 저지르지 아니하였다고 주장한다."
        ]
    },
    "facts": {
        "bsisFacts": [
            "피고인은 2018.5.3.서울중앙지방법원에서 특수상해죄 등으로 징역 6월을 선고받고, 2018.8.11.서울구치소에서 그 형의 집행을 종료하였다.",
            "피고인은 2018.10.중순경 0000 소재 피해자 공소외 1이 관리하고 있는 '0'에서, 마치 주류 등을 제공받으면 정상적으로 그 대금을 지불할 것 같은 태도를 보이면서 피해자에게 주류와 안주 등을 주문하였다.",
            "그러나 당시 피고인은 변제 자력이 전혀 없었기 때문에 피해자로부터 음식을 제공받더라도 그 대금을 지불할 의사나 능력이 없었다.",
            "그럼에도 불구하고 피고인은 위와 같이 피해자를 기망하여 이에 피해자로부터 합계 30,000원 상당의 소주 1병, 연어샐러드 1접시, 돈까스 1접시 등을 제공받아 이를 편취하고, 이를 비롯하여 2019.3.16.까지 별지 범죄일람표 기재와 같이 총 4회에 걸쳐 130,000원 상당의 술과 안주를 제공받아 편취하였다.",
            "피고인은 2019.3.16.경 제1항과 같은 장소에서 술에 취해 잠을 자던 중, 피해자 공소외 1로부터 계산을 해달라는 요구를 받자 갑자기 화를 내며 탁자 위에 놓여있던 막걸리병을 들어 그 안에 있던 술을 피고인이 앉아 있던 탁자에 뿌리고, 플라스틱 술잔을 들어 탁자를 세게 내리쳤다.",
            " 계속하여 피해자에게 욕설을 하면서 피고인이 주문한 돈가스 안주를 앞 탁자에 앉은 다른 손님들을 향해 던져 이에 놀란 손님들이 업소를 나가게 하고, 종업원들에게 시비를 거는 등 약 30분 동안 소란을 피웠다.",
            "이로써 피고인은 위력으로써 피해자의 주점 영업을 방해하였다.",
            "피고인은 2019.3.16.경 제1항과 같은 장소에서, 피해자 공소외 1(48세)로부터 술값을 계산해 달라는 요구를 받자, 피해자에게 욕설을 하고, 양손으로 피해자의 목덜미를 잡고 수차례 흔들면서 피해자를 바닥에 넘어뜨리려다가 자신이 팔목에 차고 있던 쇠 재질의 시곗줄로 피해자의 목을 그어 피해자의 목에 치료일수 불상의 찰과상을 가하였다"
        ]
    },
    "dcss": {
        "courtDcss": [
            "이 사건 각 범행의 동기와 경위, 행사된 폭력의 정도와 피해의 정도, 피고인이 대체로 자신의 잘못을 인정하고 있는 점, 그밖에 피고인의 나이, 성행, 범죄전력, 범행 후의 정황 등 이 사건 변론과정에 나타난 제반 양형조건을 참작하여, 피고인에 대하여 주문과 같이 징역형의 실형을 선고하기로 하였다.",
            "증인 공소외 1의 법정 진술과 수사기관에서의 각 진술, 영수증의 기재 등을 종합하면, 피고인이 위 범죄일람표 순번 1, 2, 3 기재 각 일시에도 대금을 지급하지 아니하고 피해자 업소에서 음식을 제공받은 사실이 인정되므로, 피고인의 위 주장은 받아들이지 아니한다."
        ]
    },
    "close": {
        "cnclsns": [
            "피고인을 징역 1년 2개월에 처한다."
        ]
    }
}