{
    "info": {
        "caseField": "2",
        "detailField": "6",
        "trailField": "1",
        "caseNm": "존속상해치사, 폭행",
        "courtNm": "인천지방법원",
        "judmnAdjuDe": "2015. 10. 07.",
        "caseNo": "2015고합466",
        "relateLaword": [
            "형법 제259조",
            "형법 제260조",
            "형법 제37조",
            "형법 제38조",
            "형법 제50조",
            "형법 제53조",
            "형법 제55조"
        ],
        "qotatPrcdnt": []
    },
    "concerned": {
        "acusr": "4",
        "dedat": "1"
    },
    "org": {
        "orgJdgmnCourtNm": "",
        "orgJdgmnAdjuDe": "",
        "orgJdgmnCaseNo": ""
    },
    "disposal": {
        "disposalform": "6",
        "disposalcontent": [
            "피고인을 징역 4년에 처한다."
        ]
    },
    "mentionedItems": {
        "rqestObjet": [
            "피고인을 징역 4년에 처한다."
        ]
    },
    "assrs": {
        "acusrAssrs": [],
        "dedatAssrs": []
    },
    "facts": {
        "bsisFacts": [
            "피고인은 피해자 D(59세)의 아들이고, 피해자 E(여, 49세)은 피해자 D의 애인이다.",
            "피고인은 2009.경 피해자 D과 어머니 F이 이혼하였으나 서로 꾸준히 왕래하여 관계가 회복되어 가던 중 피해자 D이 피해자 E을 만나면서 부모님이 재결합을 하지 않는 것에 불만을 품고 있던 중 어머니 F이 2015. 6. 17. 돌아가시기 전 피해자 D의 내연관계로 인한 스트레스로 정신과 치료까지 받았다는 사실을 알고 피해자들에게 더욱 화가 나 있었다.",
            "피고인은 2015. 7. 27. 03:00경 0000 G에 있는 빌라 0000 피고인 주거지 거실에서, 친구들과 술을 마시고 귀가해 보니 피해자들이 안방에서 옷을 벗고 함께 술을 마시고 있어 화가 나긴 하였으나 참고 있던 중 피해자 D이 거실로 나오면서 피고인에게 \"어디 가서 술 먹고 왔냐 \"라고 물어 \"알 필요 없어\" 라고 대답하면서 화를 참고 피고인의 방으로 들어가려고 하였다.",
            "그러나 그 때 거실로 나온 피해자 E으로부터 \"무슨 일인데\" 라는 말을 듣자, 피해자들의 내연관계로 인한 스트레스로 사망하였다고 생각한 어머니가 떠올라 격분하여, 피해자 D에게 \"씨발 내가 데려오지 말라고 했잖아, 아직도 정신 못 차렸네\" 라고 소리치면서 양손으로 피해자 D의 멱살을 잡고 거실 유리창에 머리를 박아 눈 부위 등이 찢어지게 하였다.",
            "그 충격으로 깨진 유리창 앞 서랍장에 걸터앉은 피해자 D의 손을 잡아 피고인의 방 쪽으로 끌고 가 발로 복부를 걷어 차 피해자로 하여금 바닥에 머리가 부딪쳐 쿵 소리가 나도록 뒤로 넘어뜨리고, 그 옆에 있던 피해자 E에게 달려들어 양손으로 멱살을 잡고 거실바닥에 내동댕이쳐 넘어뜨렸다.",
            "이로써 피고인은 2015. 7. 28. 19:00경 0000 H에 있는 I병원에서, 존속인 피해자 D에게 상해를 가하여 왼쪽 척추동맥 파열로 인한 지주막하출혈로 사망에 이르게 하고, 피해자 E을 폭행하였다."
        ]
    },
    "dcss": {
        "courtDcss": [
            "이 사건 범행은, 피고인이 부친인 피해자 D의 내연관계로 인하여 피고인의 모친이 사망하기 전 정신과 치료를 받을 정도로 스트레스를 받았다는 사실로 인하여 피해자들에 대한 불만이 가지고 있던 중 피해자들이 늦은 시간까지 주거지 안방에서 함께 술을 마시고 있는 것을 보고 격분하여, 피해자 D에게 상해를 가하여 사망에 이르게 하고 같이 있던 피해자 E을 폭행한 것으로, 그 범행내용이나 행위태양에 비추어 죄책이 무겁다.",
            "피고인의 범행으로 한 사람의 고귀한 생명이 침해되었으며, 특히 피고인의 범행이 윤리적으로 용인되기 어려운 존속에 관한 범죄였다는 점에서 피고인에 대한 비난가능성 또한 매우 크다.",
            "다만, 피고인은 이 사건 범행을 모두 인정하고 깊이 반성하고 있을 뿐 아니라, 앞으로도 아버지를 사망하게 하였다는 자책과 후회 속에서 평생을 살아가야 할 것으로 보인다.",
            "또한 피고인은 술에 취한 상태에서 우발적으로 이 사건 범행에 이르게 된 것으로 보이고, 피해자 D의 사망 소식을 접한 일부 유족들이 피고인의 선처를 바라고 있는 점, 피고인에게 소년보호처분 이외에 형사처벌을 받은 전력이 없는 점 등을 피고인에게 유리한 정상으로 고려하고 그밖에 피고인의 연령, 성행, 환경, 범행의 동기, 수단과 결과, 범행 후의 정황 등 여러 사정들을 모두 고려하여, 주문과 같이 형을 정한다."
        ]
    },
    "close": {
        "cnclsns": [
            "피고인을 징역 4년에 처한다."
        ]
    }
}