{
    "info": {
        "caseField": "2",
        "detailField": "6",
        "trailField": "1",
        "caseNm": "사기",
        "courtNm": "서울서부지방법원",
        "judmnAdjuDe": "2014. 01. 29.",
        "caseNo": "2013고단2940",
        "relateLaword": [
            "형법 제347조",
            "형법 제37조",
            "형법 제38조",
            "형법 제50조",
            "형법 제51조"
        ],
        "qotatPrcdnt": []
    },
    "concerned": {
        "acusr": "4",
        "dedat": "1"
    },
    "org": {
        "orgJdgmnCourtNm": "",
        "orgJdgmnAdjuDe": "",
        "orgJdgmnCaseNo": ""
    },
    "disposal": {
        "disposalform": "6",
        "disposalcontent": [
            "피고인을 징역 2년에 처한다."
        ]
    },
    "mentionedItems": {
        "rqestObjet": [
            "피고인을 징역 2년에 처한다."
        ]
    },
    "assrs": {
        "acusrAssrs": [],
        "dedatAssrs": []
    },
    "facts": {
        "bsisFacts": [
            "피고인은 0000 C에서 'D 부동산'을 운영하던 사람으로, 2007.경 E 등으로부터 8~9억 원을 빌려 F아파트 시행대행사인 G 주식회사 운영자인 H에게 투자하였으나 돈을 돌려받지 못하여 월 이자 1,000만 원 상당도 제대로 지급하지 못하고 있었다.",
            "I로부터 0000 J에 있는 주상 복합 건물 신축 사업에 투자를 하면 나중에 투자금의 2배에 상당하는 돈을 돌려주겠다는 제의를 받자 다른 사람들로부터 또 다시 돈을 빌려 일부는 기존 채권자들에게 이자 등으로 지급하고 나머지는 I에게 돈을 투자하기로 마음먹었다.",
            "피고인은 2008. 1. 31.경 위 D부동산 사무실에서, 피해자K에게 \"돈을 빌려주면 이자로 월 3부를 지급하겠다. 네가 돈을 돌려 달라고 하면 언제든지 바로 갚아주겠다.\" 라는 취지로 말하였지만, 사실은 피고인은 2008. 1.경 채무가 9억 원 상당에 이르고 달리 재산이 없는 등 피해자K로부터 돈을 빌리더라도 이를 변제할 의사나 능력이 없었다. 이에 속은 피해자K로부터 피고인은 5,000만 원, 2,000만 원 송금받았다.",
            "피고인은 2008. 7. 11.경 피해자K에게 전화하여 \"현재 조치원에 신축 중인 건물에 투자를 하고 있는데, 자금이 부족하다. 돈을 빌려주면 기존에 빌렸던 원금에 이자까지 합하여 틀림없이 변제하겠다.\" 라는 취지로 말을 하였다. 하지만 피고인은 돈을 빌리더라도 변제할 의사나 능력이 없었다. 이와 같이 피해자K를 기망하여 이에 속은 피해자K로부터 1억 원을 송금받았다.",
            "피고인은 2008. 23. 28.경 0000 M에 있는 N부동산 사무실에서 피해자 L에게 \"부동산에 투자를 하고 있는데, 돈이 부족하다. 3,000만 원을 빌려주면 연말까지 갚겠다. 이자는 월 3부 주겠다.\" 라는 취지로 말을 하였다. 하지만 피고인은 피해자로부터 돈을 빌리더라도 이를 변제할 의사나 능력이 없었다. 이와 같이 피고인은 피해자L을 기망하여 3,000만 원을 교부받았다.",
            "피고인은 2008. 4. 30. 위 N부동산 사무실에서 피해자L에게 \"내가 투자하고 있는 부동산에 사업자금이 부족하니 1억 7,000만 원만 더 빌려 달라. 연말까지 갚고, 이자는 월 3부 주겠다.\" 라는 취지로 말하고 이에 속은 피해자로부터 1억 7,000만 원을 송금받았다."
        ]
    },
    "dcss": {
        "courtDcss": [
            "피고인이 K과 원만히 합의하고, 피고인이 I에게 건물신축공사와 관련하여 약 14억 원을 투자하였으나 시공사의 부도로 인하여 건물준공에 이르지 못한 점 등 참작할 만한 사정이 있다.",
            "하지만 피해자 L과 아직까지 합의에 이르지 못하였고, 피해 대부분이 회복되지 아니한 점 등을 감안하면, 피고인에 대하여 실형선고가 불가피하다. 다만, 피고인에게 유리한 모든 양형조건을 참작하여 형을 정한다."
        ]
    },
    "close": {
        "cnclsns": [
            "형법 제347조 제1항(징역형 선택)에 따라 피고인을 징역 2년에 처한다."
        ]
    }
}