{
    "info": {
        "caseField": "2",
        "detailField": "6",
        "trailField": "1",
        "caseNm": "특수공무집행방해치상, 공용물건손상, 도로교통법위반(음주운전), 도로교통법위반(무면허운전)",
        "courtNm": "서울중앙지방법원",
        "judmnAdjuDe": "2013. 11. 19.",
        "caseNo": "2013고합884",
        "relateLaword": [
            "도로교통법 제148조의2",
            "도로교통법 제44조",
            "도로교통법 제152조",
            "도로교통법 제43조",
            "형법 제144조",
            "형법 제136조",
            "형법 제141조",
            "형법 제40조",
            "형법 제50조",
            "형법 제37조",
            "형법 제38조",
            "형법 제53조",
            "형법 제55조"
        ],
        "qotatPrcdnt": []
    },
    "concerned": {
        "acusr": "4",
        "dedat": "1"
    },
    "org": {
        "orgJdgmnCourtNm": "",
        "orgJdgmnAdjuDe": "",
        "orgJdgmnCaseNo": ""
    },
    "disposal": {
        "disposalform": "6",
        "disposalcontent": [
            "피고인을 징역 1년 6월에 처한다."
        ]
    },
    "mentionedItems": {
        "rqestObjet": [
            "피고인을 징역 1년 6월에 처한다."
        ]
    },
    "assrs": {
        "acusrAssrs": [],
        "dedatAssrs": []
    },
    "facts": {
        "bsisFacts": [
            "피고인은 2013.4.23.17:48경 0000에 있는 ***우체국 앞 도로에서부터 0000에 있는 ***교회 앞 도로에 이르기까지 약 10㎞구간에서 자동차운전면허 없이 혈중알콜농도 0.146%의 술에 취한 상태로 (차량번호) 0 승용차를 운전하였다.",
            "피고인은 그 무렵 위 ***교회 앞 도로에서 위와 같이 음주운전을 하다가 정지 신호에 따라 일시 정차하고 있던 중 음주운전이 의심된다는 신고를 받고 피고인의 차를 뒤따라 온 서울**경찰서 경사 00(38세)이 순찰차로 피고인의 차 앞을 가로막았다.",
            "경장 00가 하차를 요구하게 되자, 이에 따르지 않고 음주운전 단속을 피해 도주할 목적으로 피고인 차의 앞 범퍼 부분으로 위 00이 타고 있던 순찰차의 운전석 쪽 앞 펜더 부분을 들이받았다.",
            "이로써 피고인은 공용물건인 위 순찰차 앞 펜더 등을 수리비 290,276원 상당이 들도록 손상하게 하고 동시에 위험한 물건인 자동차를 휴대하여 경찰관 00의 음주운전 단속에 관한 정당한 직무집행을 방해하고, 이로 인하여 위 00에게 약 2주간의 치료가 필요한 경추 및 요추 염좌의 상해를 입게 하였다."
        ]
    },
    "dcss": {
        "courtDcss": [
            "피고인이 이전에 수 회 도로교통법을 위반한 전력이 있음에도 또 다시 음주, 무면허 상태에서 차를 운전하다가 이 사건 범행에 이른 점, 피해 회복이 전혀 이루어지지 않은 점은 매우 불리한 정상이다.",
            "다만 경찰관이 입은 상해의 정도나 물적 피해가 그렇게 크지는 않은 점을 고려하여 주문과 같이 형을 정한다."
        ]
    },
    "close": {
        "cnclsns": [
            "피고인을 징역 1년 6월에 처한다."
        ]
    }
}