{
    "info": {
        "caseField": "2",
        "detailField": "6",
        "trailField": "1",
        "caseNm": "아동,청소년의성보호에관한법률위반(강제추행), 건조물침입",
        "courtNm": "울산지방법원",
        "judmnAdjuDe": "2013. 05. 24.",
        "caseNo": "2013고합66",
        "relateLaword": [
            "아동,청소년의 성보호에 관한 법률 제7조",
            "형법 제298조",
            "형법 제319조",
            "형법 제37조",
            "형법 제38조",
            "형법 제50조",
            "형법 제70조",
            "형법 제69조",
            "아동,청소년의 성보호에 관한 법률 제13조",
            "아동,청소년의 성보호에 관한 법률 제33조",
            "아동,청소년의 성보호에 관한 법률 제34조",
            "아동,청소년의 성보호에 관한 법률 제38조",
            "아동,청소년의 성보호에 관한 법률 제38조의2"
        ],
        "qotatPrcdnt": []
    },
    "concerned": {
        "acusr": "4",
        "dedat": "1"
    },
    "org": {
        "orgJdgmnCourtNm": "",
        "orgJdgmnAdjuDe": "",
        "orgJdgmnCaseNo": ""
    },
    "disposal": {
        "disposalform": "9",
        "disposalcontent": [
            "피고인을 벌금 5,000,000원에 처한다.",
            "피고인이 위 벌금을 납입하지 아니하는 경우 5만 원을 1일로 환산한 기간 피고인을 노역장에 유치한다.",
            "피고인에 대하여 40시간의 성폭력 치료프로그램 이수를 명한다."
        ]
    },
    "mentionedItems": {
        "rqestObjet": [
            "피고인을 벌금 5,000,000원에 처한다.",
            "피고인이 위 벌금을 납입하지 아니하는 경우 5만 원을 1일로 환산한 기간 피고인을 노역장에 유치한다.",
            "피고인에 대하여 40시간의 성폭력 치료프로그램 이수를 명한다."
        ]
    },
    "assrs": {
        "acusrAssrs": [],
        "dedatAssrs": [
            "피고인 및 변호인은 판시 제1죄와 관련하여, 피고인이 이 사건 여자화장실에 들어갔었던 것은 여자화장실의 구조에 대한 단순한 호기심에 의한 것이지, 여자를 추행할 목적이 있어서 그리 한 것은 아니라고 주장한다."
        ]
    },
    "facts": {
        "bsisFacts": [
            "피고인은 2013.1.27.20:10경 여자화장실에 들어오는 여자를 추행할 목적으로 0000에 있는 울산동구청이 관리하는 D공원 내 공중여자화장실에 들어가 건조물에 침입하였다.",
            "피고인은 2013.1.27.20:20경 위 1항의 장소에서 화장실 빈칸에 들어가 문을 잠그고 있다가 피해자 B(여, 13세)가 들어오자 위 문을 열고 나가면서 양손으로 피해자의 엉덩이를 꽉 쥐고 만진 후 화장실 밖으로 나가 아동·청소년인 피해자를 강제로 추행하였다."
        ]
    },
    "dcss": {
        "courtDcss": [
            "이 법원이 적법하게 채택·조사한 각 증거와 이 사건 공판과정에서 나타난 범행의 경위, 범행 전후 정황 등 사정 즉, 피고인은 이 부분 범행 당시 여자화장실에 들어가 용변칸 문을 잠그고 있었던 점(수사기록 27쪽)이 있다.",
            "피고인은 이 사건 범행 직후 여자화장실을 나가 도망갔음에도 잠시 후 다시 같은 화장실에 있다가 경찰에 적발된 점(수사기록 3쪽, 27쪽)등에 비추어 보면 피고인은 이 부분 범행 당시 여자를 추행할 목적으로 건조물에 침입하였다고 인정된다.",
            "가사 피고인이 여자를 추행할 목적이 아니라 단순한 호기심에 여자화장실에 들어갔다 하더라도, 여자화장실 관리인의 의사는 특별한 사정이 없는 한 여자의 출입만을 허용하고 남자의 출입은 금지한다는 것이다.",
            "이러한 여자화장실 관리인의 의사에 반하여 여자화장실에 들어간 피고인의 행위에 건조물침입죄가 성립함은 마찬가지이다.따라서 피고인 및 변호인의 주장은 받아들이지 아니한다."
        ]
    },
    "close": {
        "cnclsns": [
            "피고인을 벌금 5,000,000원에 처한다.",
            "피고인이 위 벌금을 납입하지 아니하는 경우 5만 원을 1일로 환산한 기간 피고인을 노역장에 유치한다.",
            "피고인에 대하여 40시간의 성폭력 치료프로그램 이수를 명한다."
        ]
    }
}