{
    "info": {
        "caseField": "2",
        "detailField": "6",
        "trailField": "1",
        "caseNm": "사기미수",
        "courtNm": "수원지방법원",
        "judmnAdjuDe": "2012. 11. 07.",
        "caseNo": "2012고정2289",
        "relateLaword": [
            "형법 제352조",
            "형법 제347조",
            "형법 제70조",
            "형법 제69조",
            "형법 제59조"
        ],
        "qotatPrcdnt": []
    },
    "concerned": {
        "acusr": "4",
        "dedat": "1"
    },
    "org": {
        "orgJdgmnCourtNm": "",
        "orgJdgmnAdjuDe": "",
        "orgJdgmnCaseNo": ""
    },
    "disposal": {
        "disposalform": "10",
        "disposalcontent": [
            "피고인에 대한 형의 선고를 유예한다."
        ]
    },
    "mentionedItems": {
        "rqestObjet": [
            "피고인은 고소인을 기망하여 이에 속은 고소인에게 이 진단서를 제출하면서 치료비 등의 명목으로 보험금 3,029,900원을 청구하였으나, 고지의무위반 사항이 발각됨으로써 보험금을 지급받지 못하고 미수에 그쳤다."
        ]
    },
    "assrs": {
        "acusrAssrs": [],
        "dedatAssrs": [
            "피고인은 보험사 직원의 질문을 오해하고 대답하였기 때문에 사기의 고의가 없었다고 주장한다."
        ]
    },
    "facts": {
        "bsisFacts": [
            "피고인은 2011. 10. 27. 16:00경 000 0보험 을 가입하기 위하여 고소인 000의 000 영업담당 텔레마케터 C로부터 이 보힘에 대한 설명을 듣던 중이였다.",
            "C이 계약 전 알릴 의무사항을 조사하기 위하여 \"최근 5년 이내에 의사로부터 진찰, 검사를 통하여 입원 또는 제왕절개를 포함한 수술을 했거나 계속하여 7일 이상 치료, 30일 이상 투약을 받은 사실이 있습니까?\"라고 질문을 하자 아니요라고 대답하였다.",
            "그러나 피고인은 2009. 1. 8.부터 2010. 1. 7. 사이에 0000 D병원에서 추간판탈출증 등으로 7회에 걸쳐 각 7일 이상의 투약처방과 2회의 주사처방을 받은 사실이 있었다.",
            "피고인은 이와 같이 고소인을 기망하여 이에 속은 고소인과 같은 날 보험료 월 35,000원, 보험기간 2011. 10. 27.부터 2072. 10. 27.까지로 하는 상해보험을 체결하였다.",
            "그 후 피고인은 2012. 3. 23. 및 같은 달 27.경 위 D병원에서 제5요추 제1천추간 추간판탈출증으로 치료를 받고 이에 대한 진단서를 발급받은 뒤 2012. 3. 28. 고소인에게 이 진단서를 제출하면서 치료비 등의 명목으로 보험금 3,029,900원을 청구하였으나 고지의무위반 사항이 발각됨으로써 보험금을 지급받지 못하고 미수에 그쳤다.",
            "판시 각 증거들을 종합하면 피고인은 2009. 1. 8. 과 같은달 12., 같은달 29.에 각 D병원에 내원하여 진료를 받고 각 7일, 14일, 15일간의 투약처방을 받은 사실이 인정된다."
        ]
    },
    "dcss": {
        "courtDcss": [
            "이에 따르면 피고인은 2009. 1. 8부터 30일 이상 연속하여 투약하였음이 추단되고 통상 연속하여 30일 이상 투약을 요할 정도의 질병을 앓고 있는 사람이라면 의료비보장과 관련된 손해보험을 가입할 경우 제한이 뒤따른다는 것은 쉽게 알 수 있는 사실이므로 이러한 투약전력을 고지하지 아니한 피고인의 행위는 사기의 범의를 인정하기에 충분하다.",
            "다만 피고인은 지금까지 아무런 전과없이 성실하게 생활하여 온 것으로 보이고, 피고인이 청구한 보험금은 지급되지 아니하여 실제 피해자의 손해가 발생되지 아니하였다."
        ]
    },
    "close": {
        "cnclsns": [
            "피해자가 보험약관을 설명할 때 좀 더 가입자의 고지의무 사유에 대하여 자세하게 설명하지 아니함으로써 결과적으로 피고인이 자신의 병력에 대하여 고지하지 않게 된 점을 참작하여 형의 선고를 유예한다."
        ]
    }
}