{
    "info": {
        "caseField": "2",
        "detailField": "6",
        "trailField": "1",
        "caseNm": "상해",
        "courtNm": "광주지방법원",
        "judmnAdjuDe": "2014. 01. 28.",
        "caseNo": "2013고정2212",
        "relateLaword": [
            "형법 제257조",
            "형법 제70조",
            "형법 제69조"
        ],
        "qotatPrcdnt": []
    },
    "concerned": {
        "acusr": "4",
        "dedat": "1"
    },
    "org": {
        "orgJdgmnCourtNm": "",
        "orgJdgmnAdjuDe": "",
        "orgJdgmnCaseNo": ""
    },
    "disposal": {
        "disposalform": "9",
        "disposalcontent": [
            "피고인을 벌금 700,000원에 처한다.",
            "피고인이 위 벌금을 납입하지 아니하는 경우 50,000원을 1일로 환산한 기간 피고인을 노역장에 유치한다."
        ]
    },
    "mentionedItems": {
        "rqestObjet": [
            "피고인을 벌금 700,000원에 처한다.",
            "피고인이 위 벌금을 납입하지 아니하는 경우 50,000원을 1일로 환산한 기간 피고인을 노역장에 유치한다. "
        ]
    },
    "assrs": {
        "acusrAssrs": [],
        "dedatAssrs": []
    },
    "facts": {
        "bsisFacts": [
            "피고인은 2013. 09. 10. 03:25경 0000에 있는 카파매장 옆 노상에서 술에 취해 길에서 잠을 자던 중, 그곳을 우연히 지나가던 피해자 C(남, 32세)이 112에 신고를 했다는 이유로 손으로 피해자의 얼굴을 3회 때리고, 발로 배를 1회 차 피해자에게 약 2주간의 치료를 요하는 눈꺼풀 및 눈 주위의 타박상 등 상해를 입혔다."
        ]
    },
    "dcss": {
        "courtDcss": [
            "피고인에게 동종 전력 없고, 상해 정도 그다지 중하지 아니하나, 술에 취해 길에서 자고 있던 피고인을 구호하기 위하여 112신고를 한 피해자를 신고했다는 이유로 구타한 것으로 죄질 좋지 아니할 뿐만 아니라 이 법정에서도 이해하기 어려운 변명으로 일관하여 개전의 정도 찾아보기 어렵고 또한 합의를 위한 아무런 노력도 기울이지 않은점 등 참작한다."
        ]
    },
    "close": {
        "cnclsns": [
            "피고인을 벌금 700,000원에 처한다.",
            "피고인이 위 벌금을 납입하지 아니하는 경우 50,000원을 1일로 환산한 기간 피고인을 노역장에 유치한다. "
        ]
    }
}