{
    "info": {
        "caseField": "2",
        "detailField": "6",
        "trailField": "1",
        "caseNm": "특정경제범죄가중처벌등에관한법률위반(사기),사기,배상명령신청",
        "courtNm": "서울중앙지방법원",
        "judmnAdjuDe": "2017. 11. 24.",
        "caseNo": "2012고합1635",
        "relateLaword": [
            "구 특정경제범죄 가중처벌 등에 관한 법률(2012. 2. 10. 법률 제11304호로 개정되기 전의 것) 제3조",
            "형법 제347조",
            "구 형법(2010. 4. 15. 법률 제10259호로 개정되기 전의 것) 제42조",
            "형법 제37조",
            "형법 제38조",
            "형법 제50조",
            "형법 제53조",
            "형법 제55조",
            "소송촉진 등에 관한 특례법 제32조",
            "소송촉진 등에 관한 특례법 제25조",
            "형법 제51조"
        ],
        "qotatPrcdnt": [
            "대법원 1991. 12. 21. 선고 91도2698 판결",
            "대법원 2008. 2. 28. 선고 2007도10416 판결"
        ]
    },
    "concerned": {
        "acusr": "4",
        "dedat": "1"
    },
    "org": {
        "orgJdgmnCourtNm": "",
        "orgJdgmnAdjuDe": "",
        "orgJdgmnCaseNo": ""
    },
    "disposal": {
        "disposalform": "6",
        "disposalcontent": [
            "피고인을 징역 2년 6월에 처한다."
        ]
    },
    "mentionedItems": {
        "rqestObjet": [
            "피고인은 피해자들을 기망하여 이에 속은 피해자들로부터 재물을 교부받았다."
        ]
    },
    "assrs": {
        "acusrAssrs": [],
        "dedatAssrs": [
            "피고인은 P에게 L 상가 3층의 분양업무를 대행하게 하면서 이 사건 점포의 권리 관계를 설명하였고, P은 이 사건 분양계약 체결 무렵 직원 Q을 통하여 피해자에게 이 사건 점포에 관하여 신탁등기가 마쳐질 예정이라는 사정을 알려주었다.",
            "피고인이 피해자로부터 잔금 3억 원을 지급받으면 000주와 대출금융기관의 승인을 얻어 피해자에게 이 사건 점포에 관한 소유권이전등기를 마쳐줄 수 있었으므로, 피고인은 피해자를 기망하지 아니하였고 피해자로부터 분양대금 명목으로 5억 5,000만 원을 편취 하지도 아니하였다.",
            "피고인은 이 사건 점포의 종전 수분양자인 ㅇ이 신탁계좌로 분양대금을 납부한 상태에서 0에게 분양대금을 환불해 주기 위해 피해자로부터(주)N 명의의 계좌로 직접 분양대금을 입금받았다고 주장한다."
        ]
    },
    "facts": {
        "bsisFacts": [
            "M주택재건축정비사업조합(이하 'M재건축조합'이라 한다)은 2008. 12. 23. 과천시 L 제상가동 지하 3층 지상 4층 근린생활시설(이하 'L 상가'라 한다)에 관하여 소유권보존등기를 마쳤다",
            "M재건축조합은 000 주식회사(이하 'OOO'라 한다)와의 2009. 6. 12.자 신탁계약에 따라 수익자를 M재건축조합으로 하여 L 상가에 관하여 아 OOO 앞으로 신탁등기를 마쳤다. 이때에 시공사인 000 주식회사(이하 'OOO'라 한다)는 M재건축조합의 수익권에 대하여 질권을 설정하였다.",
            "피고인이 대표이사를 맡아 운영하는 분양대행업체인 주식회사 N(이하 (주)N 이라 한다)은 2009. 8. 14. OOO와 사이에 L 상가 중 3층 점포 78개에 관하여 대금을 14,780,184,000원으로 정하고 그 대금을 질권자인 OOO에 지급하며 잔금 완납 후 000{(주)로부터 위 점포 78개의 소유권을 이전받기로 하는 매매계약(이하 '제1 매매계약'이라 한다)을 체결하였다.",
            "(주)N은 제1매매계약 체결일인 2009. 8. 14. 예약금 10억 원과 2009. 8. 21. 계약금 478,018,400원을 각각 OOO에 지급하였으나 나머지 중도금 7,390,092,000원과 잔금 5,912,073,600원을 지급하지 아니하였다.",
            "피고인은 제1매매계약에 따른 매매대금 마련에 고심하던 중 매매목적물인 위 점포를 담보로 금융기관으로부터 대출을 받기로 하고 위 점포 78개를 A동 점포 44개(이하 'A동 상가'라 한다)와 B동 점포 34개(이하 'B동 상가'라 한다)로 구분한 후, A동 상가에 대하여는 000 주식회사로부터 75억원을 대출받아 이를 OOO에 매매 대금으로 지급하기로 했다.",
            "주N 앞으로 소유권이전등기를 마치는 것과 동시에 OOO 앞으로 담보신탁등기를 마치기로 약정하고, B동 상가에 대하여는 위와 같은 방법으로 주식회사 인천상호저축은행 등 4개 금융기관으로부터 대출받아 매매대금을 지급하기로 하였다.",
            "(주)N은 2010. 1. 13. 000(주와 사이에 B동 상가에 관하여 '신탁재산 처분에 의한 매매계약(이하 '제2매매계약 이라 한다)을 체결하면서 대금을 6,302,165,600원으로 정하고 그 대금을 질권자인 OOO의 계좌로 입금하며 잔금 완납 후 B동 상가의 소유권을(주)N 앞으로 이전받기로 약정하였다.",
            "이후 (주)N은 2010. 1. 27. B동 상가를 담보로 주식회사 000, 주식회사 000, 주식회사 000, 주식회사 000으로 부터 합계 60억 원을 대출받기로 하면서 B동 상가의 분양과 관련하여 OOO 및 위 4개 000 사이에 '사업약정 및 대리사무계약'을 체결하였다.",
            "B동 상가의 분양 업무는 시행자인 (주)N의 책임과 부담으로 수행하되 분양가격, 분양조건, 분양시기 등을 사전에 000 (주) 및 대출 금융기관의 승인을 받아 진행하고 분양수입금의 수납 및 관리는 대리사무신탁사인 OOO)가 수행하며 분양수입금도 000(주)의 분양 수입금 관리계좌로만 수납하기로 약정하였다.",
            "(주)N은 2010. 1. 27. 000용와 사이에 B동 상가에 관하여 담보신탁계약을 체결하면서 위 4개 저축은행을 제1순위 우선수익자로 하는 우선수익권증서를 발급하기로 약정하였다.",
            "2010. 2. 1. 위 4개 저축은행으로부터 60억 원의 대출이 실행되자 (주)N은 위 금원을 제2매매계약에 따른 매매대금으로 질권자인 000(주) 계좌로 입금한 후 B동 상가에 관하여 (주)N 앞으로 소유권이전등기를 마침과 동시에 위 담보신탁계약에 따라 수탁자인 OOO 앞으로 신탁등기를 마쳤다.",
            "(주)N은 2009. 8. 말경 위와 같이 제1매매계약에 따른 매매대금을 지급하지 아니한 상태에서 B동 상가 중 3080호와 3081호(이하 '이 사건 점포'라 한다)에 관하여 ㅇ과 분양 계약을 체결하고 그 무렵 계약금 및 중도금을 수령하였다.",
            "분양 조건인 상가 내 병원 개원 등을 이행하지 못하여 2009. 12. 말경 0으로부터 분양대금 환불을 지속적으로 요구받고 있었다. 피고인은 L 상가 3층의 시행사업을 진행하면서 사업자금의 대부분인 약 135억 원(A동 상가 대출금 약 75억 원, B동 상가 대출금 약 60억 원)을 금융 기관에서 대출받았고 직원 월급이 수개월간 체불되는 등 자금 압박에 시달리고 있었다.",
            "피고인은 L 상가 3층의 분양대행업무를 분양대행업자인 P에게 맡겼고, P의 직원 Q은 2010. 1. 21. L 상가 1층에 있는 분양사무실에서 피해자 K에게(주)N이 OOO로부터 곧 소유권을 이전해 올 예정이다. ",
            "소유권 이전에는 전혀 문제가 없다. 라고 말하면서 이 사건 점포에 관하여 분양계약을 체결할 것을 권유한 후 서울 강남구 R빌딩 4층에 있는 (주)N 사무실로 피해자를 데려갔다. ",
            "Q의 보고를 받은 P과 (주)N의 직원 S이 피고인에게 전화하여 이를 보고하자, 피고인은 P, S에게 피해자와 이 사건 점포에 관한 분양계약을 체결하라고 지시하는 한편 P에게 분양대금을 (주)N의 계좌로 입금받을 을 지시하였다.",
            "P은 피고인의 지시에 따라 Q에게 (주)N의 계좌로 분양대금을 입금받으라고 지시하여 Q은 피해자에게 이를 전달하고, S은 피고인의 지시에 따라 이 사건 점포에 관하여 피해자와 사이에 대금을 979,878,000원으로 정하여 상가분양계약(이하 '이 사건 분양계약'이라 한다)을 체결하였다.",
            "그러나 사실 이 사건 분양계약 체결 당시 이 사건 점포는 소유자이던 M재건축조합에 의하여 OOO 앞으로 신탁등기된 부동산으로 피고인이 운영하는 (주)N은 매매대금을 지급하지 못한 상태여서 독자적으로 상가를 분양하거나 처분할 권한이 없었다.",
            "향후 금융기관의 대출금으로 매매대금을 지급하여 그 소유권을 이전받는다고 하더라도 대출 실행과 동시에 OOO 앞으로 담보신탁등기를 마쳐주기로 합의한 상태여서 상가 분양과 관련하여 OOO와 대출 금융기관의 승인을 받아야 하고 분양에 따른 수익금도 OOO 계좌로 입급하여야 함에도, 피고인은 Q, S을 통하여 이와 같은 사정을 피해자에게 전혀 알리지 아니하였다.",
            "피고인은 당시 자금사정 악화와 상가 분양 과정에서의 환불 요구에 시달리고 있어서 피해자의 분양대금을 OOO의 계좌로 입금받는 등 정상적인 분양절차를 취하지 아니하고(주)N의 계좌로 입금 받아 임의로 사용할 의도여서, 피해자에게 이 사건 점포를 정상적으로 공급하거나 납입한 분양대금을 반환하는 등 계약조건을 이행할 의사나 능력이 없었다.",
            "그럼에도 불구하고 피고인은 위와 같이 피해자를 기망하여 이에 속은 피해자로부터 2010. 1. 21. 이 사건 분양계약을 체결하는 즉석에서 계약금 명목으로 3억 5,000만 원을, 2010. 2. 10. 중도금 명목으로 2억 원을(주)N의 계좌로 송금받거나 Q, S을 통하여 현금으로 지급받아 합계 5억 5,000만 원을 편취하였다."
        ]
    },
    "dcss": {
        "courtDcss": [
            "부동산을 매매함에 있어서 매도인이 매수인에게 매매와 관련된 구체적 사정을 고지하지 아니함으로써 매수인이 매매목적물에 대한 권리를 확보하지 못할 위험이 생길 수 있음을 알면서도 매수인에게 그와 같은 사정을 고지하지 아니한 채 매매계약을 체결하고 매매대금을 교부받는다.",
            "매수인은 그와 같은 사정을 고지받았더라면 매매계약을 체결하지 아니하거나 매매대금을 지급하지 아니하였을 것임이 경험칙상 명백한 경우에는, 신의성실의 원칙상 매도인에게 그와 같은 사정에 관한 고지의무가 있다고 할 것이므로, 매도인이 매수인에게 그와 같은 사정을 고지하지 아니함은 사기죄의 구성요건인 기망에 해당한다(대법원 1991. 12. 24. 선고 91도2698 판결 등 참조).",
            "위 인정사실과 이 법원이 적법하게 채택하여 조사한 증거들에 의하여 알 수 있는 다음과 같은 사정들을 위 법리에 비추어 보면, 피고인은 신의성실의 원칙상 피해자에게 이 사건 점포에 관한 대출 및 담보신탁 예정 사실을 고지하여야 할 의무가 있음에도 이를 고지하지 않은 채 자신의 직원인 S 등에게 분양계약의 체결 및 분양대금 수령을 지시함으로써 피해자를 기망하였다.",
            "피해자로부터 분양대금 명목으로 합계 5억 5,000만 원을 편취한 사실을 충분히 인정할 수 있다. ",
            "(주)N은 L 상가 3층 점포 78개 전체를 매수하기로 하는 제1매매계약을 체결하였으나 그 매매대금의 대부분을 지급하지 못하자 자금 마련을 위해 A동 상가와 B동 상가를 분리하여 담보로 제공하는 방법으로 대출을 추진하였다. ",
            "이에 따라 (주)N은 피해자와 분양계약을 체결할 당시에는 이미 4개 000으로부터 합계 60억 원을 대출받아 B동 상가의 매매대금을 지급하고 B동 상가에 관한 소유권이전등기를 경료받음과 동시에 000(주) 앞으로 담보신탁을 원인으로 한 소유권이전등기를 마쳐주기로 예정되어 있었다.",
            "그럼에도 피고인은 P 및 직원들에게 이 사건 점포의 분양대금을(주)의 계좌로 입금받으라는 등으로 분양계약 체결에 관한 지시를 하였고, 분양계약 체결 후 P 및 S 으로부터 분양계약 체결 및 계약금 수령에 관한 보고를 받았다.",
            "(주)N은 피해자와 분양계약을 체결한 이후인 2010. 1. 27. 이미 예정된 대로 B동 상가에 관한 담보신탁계약과 사업약정 및 대리사무계약을 각각 체결하면서 B동 상가 분양은 분양가격 등을 사전에 OOO 및 4개 000의 승인을 받아 진행하고, 분양수입금의 수납 및 관리는 000 (주)가 수행하며 분양수입금도 000(주)의 분양수입금 관리계좌로만 수납하기로 약정하였다",
            "그럼에도 (주)N은 담보신탁계약 등 체결 당시 000 (주)나 4개 000에 이 사건 점포를 피해자에게 분양하고 피해자로부터 계약금을 지급받은 사실을 고지하지 않은 채 이 사건 점포를 신탁목적물에 포함시켰고, 담보신탁계약 등 체결 이후인 2010. 2. 10. 피해자로부터 중도금을 지급받은 사실도 000 (주)나 4개 000에 고지하지 아니하였다.",
            "피고인은 이 사건 점포에 관한 분양계약이 체결된바 없음을 전제로 이 사건 점포를 신탁목적물에 포함시켰을 뿐만 아니라 이 사건 점포의 수분양자 명의변경 등의 조치를 취하지도 아니 하였다.",
            "피고인이 검찰에서 자신이 P이나 S에게 B동 상가에 관한 60억 원 대출 및 담보신탁 예정 사실을 피해자에게 고지하도록 지시하지 않았다. ",
            "자신이 직접 분양을 하지 않고 분양대행업체에 의뢰하였으니 분양대행업체에서 자세한 설명을 해야 한다고 생각한다. 라고 진술한 점(2012고합1635 사건 수 627,628쪽)에 비추어 본다",
            "P의 직원인 Q은 이 사건 분양계약 체결 당시 60억 원 대출 및 담보신탁 예정 사실을 알지 못한 채 피해자에게 \"2010. 2.경에는(주)N이 000폐로부터 소유권을 이전해 올 예정이기 때문에 소유권 이전에는 전혀 문제가 없다.\"라는 설명을 하였을 뿐인 점(2012고합1635 사건 수 629,630쪽, 증인 Q 녹취서 7쪽)에 비추어 본다.",
            "이 사건 분양계약의 특약사항으로 \"(주)N에 대한 소유권 이전은 본 계약의 잔금 시점 이전에 완료하기로 한다.\"라고 기재되어 있을 뿐 신탁에 관하여 아무런 언급이 없는 점(2012고합1635 사건 수 22쪽)에 비추어 본다.",
            "피해자와 직접 대면하여 분양계약서 작성 업무 등을 담당하였던 S은 2010. 6. 22. 피해자로부터 분양계약 체결 당시 신탁예정사실을 고지받지 못하였음을 이유로 항의를 받았다. ",
            "피해자에게 B동 상가가 현재 (주)N 명의로 되어 있다.",
            "\"OOO로 넘긴 것이 아니라 넘겨 받은 것이다.\"라는 취지로 답변한 점(2012고합1635 사건 증거목록 순번 41) 등에 비추어, 피해자는 이 사건 분양계약 체결 당시 신탁예정사실 등을 전혀 고지받지 못하였던 것으로 보인다.",
            "또한, (주)N은 이 사건 분양계약 체결 당시 피해자에게 '이 사건 점포를 책임지고 약국으로 임대해 주겠다.'라고 특약하였고(2012고합1635 사건 수 22쪽), 피해자는 분양계약 체결 이후인 2010. 2. 4. Q의 주선으로 AA에게 이 사건 점포를 임대하는 계약을 체결하였다(2012고합1635 사건 수 24쪽).",
            "그 계약서에는 '등기부등본상 소유주가(주)N(대표이사 피고인로 되어 있어 이 사건 점포를 분양받은 피해자가 임대차계약을 하지만 소유주가 피해자로 될 때까지 모든 것은(주)N이 보증, 책임진다.'라고 기재되어 있는 점에 비추어 본다.",
            "피해자는 이 사건 분양계약 체결 이후 아로부터 발행일자가 2010. 2. 3. 인 이 사건 점포의 등기부등본(2012고합1635 사건 증거목록 순번 60)을 제공받았으므로, (주)N이 2010. 2. 1. 이 사건 점포에 관하여 000주 앞으로 신탁을 원인으로 한 소유권이전등기를 마쳐준 사실을 확인할 수 있었을 것으로 보인다.",
            "위 등기부등본은 신탁원부가 첨부되어 있지 않은 인터넷 열람용이어서 피해자가 그 신탁 경위 등에 관하여 확인할 수 없었고, 피해자는 이후 Q과(주)N의 이사 W로부터 '신탁이 되면 수분 양자에게 더 유리하다.'라는 취지의 설명을 들었던 점(2012고합1635 사건 증거목록 순번 40, 증인 Q 녹 17, 22,23쪽)등에 비추어 본다.",
            "피해자는 중도금 지급 당시까지도 이 사건 점포에 관한 담보신탁의 내용에 관하여 제대로 인식하지 못하였던 것으로 보인다.",
            "분양대금이 분양수입금 관리계좌에 입금되지 않을 경우 수분양자는 000 용로부터 소유권이전등기를 넘겨받을 수 없다. ",
            "피고인이 피해자로부터 수령한 분양대금을 사후에라도 신탁계좌에 입금한다면 4개 000의 동의를 얻은 후 OOO의 협조하에 피해자 앞으로 소유권이전등기를 경료받을 가능성이 전혀 없는 것은 아니다.",
            "피고인은 피해자로부터 수령한 계약금 및 중도금을 모두(주)N의 사업 경비 등으로 소비하였고, 수분양자인 피해자로서는 위와 같은 사정을 미리 알았더라면 앞서 본 바와 같은 내용으로 이 사건 점포 분양계약을 체결하고(주)N의 계좌로 계약금 등의 명목으로 금원을 입금하지 아니하였을 것으로 보인다.",
            "(주)N은 A동 상가 및 B동 상가의 매수자금의 대부분을 금융기관의 대출금으로 마련하였고, 'AB병원 입점,운영에 관한 주식회사 X와의 계약내용에 의하면(주)N은 'AB 병원' 개원을 위한 인테리어 공사를 해주기로 약정하였음에도 공사비 조달에 어려움을 겪고 있었다(증인 AC 녹 2, 4쪽).",
            "직원에 대한 임금도 수개월간 체불하는 등 자금 사정이 좋지 않았다. ",
            "결국 (주)N은 4개 저축은행에 대출금의 이자도 제때에 지급하지 못하였고, B동 상가는 2011. 7. 7.경 공매 처분되어 그 매각대금 5,287,036,000원이 4개 저축은행의 대출금 상환에 모두 사용되었다(2012고합1635 사건 수 248,249쪽)."
        ]
    },
    "close": {
        "cnclsns": [
            "피고인을 징역 2년 6월에 처한다.",
            "배상신청인의 배상신청을 각하한다. "
        ]
    }
}