{
    "info": {
        "caseField": "2",
        "detailField": "6",
        "trailField": "1",
        "caseNm": "강도치상, 특수강도, 준강도미수, 특정범죄가중처벌등에관한법률위반(절도), 주거침입, 야간건조물침입절도",
        "courtNm": "울산지방법원",
        "judmnAdjuDe": "2013. 06. 14.",
        "caseNo": "2013고합31",
        "relateLaword": [
            "형법 제337조",
            "형법 제334조",
            "형법 제342조",
            "형법 제335조",
            "형법 제333조",
            "형법 제319조",
            "특정범죄가중처벌등에관한법률 제5조의4",
            "형법 제329조",
            "형법 제330조",
            "형법 제331조",
            "형법 제37조",
            "형법 제38조",
            "형법 제50조",
            "형법 제53조",
            "형법 제55조",
            "형법 제48조"
        ],
        "qotatPrcdnt": []
    },
    "concerned": {
        "acusr": "4",
        "dedat": "1"
    },
    "org": {
        "orgJdgmnCourtNm": "",
        "orgJdgmnAdjuDe": "",
        "orgJdgmnCaseNo": ""
    },
    "disposal": {
        "disposalform": "6",
        "disposalcontent": [
            "피고인을 징역 5년에 처한다.",
            "2013고합31호 사건에 관하여 압수된 증 제3 내지 12, 16, 18, 19호를 몰수한다.",
            "2013고합31호 사건에 관하여 압수된 증 제14, 15호를 각 피해자 성명불상자들에게 환부한다.",
            "2013고합31호 사건에 관하여 압수된 증 제1, 2호를 각 피해자 성명불상자들에게 교부한다."
        ]
    },
    "mentionedItems": {
        "rqestObjet": [
            "피고인을 징역 5년에 처한다.",
            "2013고합31호 사건에 관하여 압수된 증 제3 내지 12, 16, 18, 19호를 몰수한다.",
            "2013고합31호 사건에 관하여 압수된 증 제14, 15호를 각 피해자 성명불상자들에게 환부한다.",
            "2013고합31호 사건에 관하여 압수된 증 제1, 2호를 각 피해자 성명불상자들에게 교부한다."
        ]
    },
    "assrs": {
        "acusrAssrs": [],
        "dedatAssrs": [
            "판시 제2의 나.항 기재 범행과 관련하여, 피고인은 당시 낫을 휴대한 사실이 없고, 돈을 절취하지 아니한 채 그냥 집을 나와 미수에 그쳤다."
        ]
    },
    "facts": {
        "bsisFacts": [
            "피고인은 2011.10.6.03:05경 경주시에 있는 피해자 B(여, 25세)의 주거지에 이르러, 흉기인 칼(전체 길이 32cm, 칼날 길이 18cm)을 소지하고 1층 주방문 쪽으로 침입한 후 곧바로 2층으로 올라가 피해자의 지갑 속에 있던 현금 47만 원을 꺼낸 후 절취할 물건을 물색하기 위해 피해자가 잠을 자고 있던 작은 방 문을 열었다.",
            "이에 피해자가 잠에서 깨어나 움직이려 하자 체포를 면탈할 목적으로 위 칼을 손으로 든 채 한손으로 이불을 덮어 피해자를 제압하려 하였으나 피해자가 양손으로 칼날을 잡고 놓아 주지 않아 그대로 2층 창문으로 도주하였다.",
            "이로써 피고인은 피해자의 재물을 절취하고 체포를 면탈할 목적으로 피해자에게 약 4주간의 치료를 요하는 좌측수부 제4지 심부열상 등의 상해를 입게 하였다.",
            "피고인은 2011.9.17.03:20경 경주시 피해자 C(여, 73세)의 주거지에 이르러, 흉기인 식칼을 휴대한 후 재물을 절취하기 위해 담을 넘어 침입한 후 그곳 안방에서 잠을 자고 있던 피해자가 잠에서 깨어나자 ",
            "피해자의 입안으로 수건을 물려 말을 못하게 하고, 다른 수건으로 피해자의 눈을 가린 채 팔을 뒤로 젖히게 하고 휴대전화 충전기로 손을 묶어 반항하지 못하게 한 후 피해자 가방 속에 있던 현금 60만 원을 취득하였다.",
            "이로써 피고인은 흉기를 휴대하여 피해자로부터 현금 60만 원을 강취하였다.",
            "피고인은 2011.10.19.05:15경 0000에 있는 피해자 D(여, 73세)의 주거지에 이르러, 흉기인 낫을 들고 침입한 후 재물을 물색하던 중 ",
            "피해자의 안방에서 잠을 자던 피해자가 깨어나 불을 켜려고 하자 소지하고 있던 낫을 들고 안방으로 들어가 피해자에게 겨누면서 ‘돈 내라’라고 말하여 피해자를 항거 불능케 한 후 그곳 책상 속 지갑에 있던 현금 1만 원을 가지고 나갔다.",
            "이로써 피고인은 흉기를 휴대하여 피해자의 돈 1만 원을 강취하였다.",
            "피고인은 2011.9.28.02:15경 경주시 피해자 E(52세)의 주거지에 이르러, 흉기인 낫과 나무몽둥이(다듬이 방망이 형태)를 휴대하고 열려진 창문을 통하여 침입한 후 재물을 물색하다가 피해자가 잠에서 깨어 일어나려 하자",
            "체포를 면탈할 목적으로 소지하고 있던 방망이로 피해자의 머리를 때려 반항을 억압하려 하였으나 피해자가 소리를 지르면서 일어나자 그대로 도주하였다.",
            "이로써 피고인은 야간에 흉기를 휴대하여 피해자의 주거에 침입하여 재물을 절취하려 하였으나 미수에 그쳤고, 체포를 면탈할 목적으로 흉기인 몽둥이로 피해자의 머리를 때렸다.",
            "피고인은 2012.5.1.23:00경 경주시에 있는 피해자 F(여, 43세)의 주거지에 이르러, 재물을 절취하기 위해 그곳 화장실 창문을 열고 침입하였고, 계속해서 재물을 물색하기 위해 안방 문을 열었으나 그 소리에 잠이 깬 피해자로부터 앞을 가로막히게 되자 체포를 면탈하기 위해 주먹으로 피해자의 얼굴을 1회 때렸다.",
            "이로써 피고인은 야간에 피해자의 주거에 침입하여 재물을 절취하려 하였으나 미수에 그쳤고, 체포를 면탈하기 위해 피해자를 폭행하였다.",
            "피고인은 2011.10.11.13:30경 경주시 피해자 G(27세)의 주거지에 이르러, 재물을 절취하기 위하여 그곳 주방 베란다 창문을 통하여 침입하였고, 그곳에서 재물을 물색하던 중 안방에 있던 피해자와 눈이 마주쳐 현관문으로 도주하려 하였으나 현관문이 열리지 않았고, ",
            "이에 뒤따라온 피해자로부터 체포를 면탈하기 위해 피해자를 밀어 벽에 부딪히게 하여 피해자를 기절시킨 후 도주하였다.",
            "이로써 피고인은 피해자의 주거에 침입하였고, 재물을 절취하려 하였으나 미수에 그쳤고, 체포를 면탈하기 피해자를 폭행하였다.",
            "피고인은 2012.7.28.02:34경 0000에 있는 000 남문휴게소에 이르러, 그곳 창문을 드라이버 등을 이용하여 들어 올리고 들어가 카운터에 있던 피해자 H 소유의 현금 20만 원을 가지고 갔다.",
            "피고인은 이를 비롯하여 2011.7.21.경부터 2013.1.12.경까지 별지 범죄일람표 기재와 같이 총 74회에 걸쳐 합계 약 120,588,000원 상당의 재물을 절취하거나 미수에 그쳤다.",
            "이로써 피고인은 상습으로 타인의 재물을 절취하거나 미수에 그쳤다."
        ]
    },
    "dcss": {
        "courtDcss": [
            "이 법원이 적법하게 채택하여 조사한 증거들에 비추어 알 수 있는 다음과 같은 사정, 즉 ① 피해자는 검찰 조사 당시 전화로, 당시 주변이 어둡기는 하였으나 가로등 불빛에 의해 집안 내부가 보이는 상황이었고, 피고인이 자루가 흰색으로 보이는 낫을 겨누고 있음을 보았다고 진술한 점(수사기록 1권 531쪽)이 있다.",
            "② 피해자는 수사기관에서 피고인이 검은색 모자를 쓰고 있었다고 진술하였고(수사기록 2권 98쪽), 실제로 피고인은 위 범행 당시 검은색 모자를 쓰고 있었던 점, ③ 피고인은, 단지 피해자를 이불로 덮어씌워 피해자를 제압하였다는 취지로 주장한다.",
            "피해자도, 피고인이 피해자에게 낫을 겨누면서 돈을 내놓으라고 한 후 피해자에게 이불을 덮어씌웠다고 진술하여(수사기록 2권 96쪽, 1권 531쪽), 피고인의 위 진술과 일부 부합하는 점, ",
            "④ 피해자는 범행 발생 직후 경찰에 이를 신고하면서 최초부터 피고인이 낫을 휴대하였으며, 1만 원을 강취하였다는 취지로 진술하였는데 반한다.",
            "이에 대한 피고인의 진술은 위 범행일로부터 약 1년 6개월이 지난 2013.1.27.경 경찰 수사시 최초로 이루어진 점, ",
            "⑤ 피고인은 위 범행일보다 약 20일 이전에도 판시 제3의 가.항 기재와 같이 낫을 휴대하고 준강도미수의 범행을 저지르기도 하였던 점 등에 비추어 보면, 피고인이 판시 제2의 나.항 기재와 같은 범행을 하였음이 인정된다.",
            "따라서 피고인 및 변호인의 주장은 이유 없어 이를 받아들이지 아니한다."
        ]
    },
    "close": {
        "cnclsns": [
            "피고인을 징역 5년에 처한다.",
            "2013고합31호 사건에 관하여 압수된 증 제3 내지 12, 16, 18, 19호를 몰수한다.",
            "2013고합31호 사건에 관하여 압수된 증 제14, 15호를 각 피해자 성명불상자들에게 환부한다.",
            "2013고합31호 사건에 관하여 압수된 증 제1, 2호를 각 피해자 성명불상자들에게 교부한다."
        ]
    }
}