{
    "info": {
        "caseField": "2",
        "detailField": "6",
        "trailField": "1",
        "caseNm": "특정경제범죄가중처벌등에관한법률위반 (배임), 특정범죄가중처벌등에관한법률위반(조세), 조세범처벌법위반, 주식회사의외부감사에관한법률위반, 정치자금에관한법률위반",
        "courtNm": "서울중앙지방법원",
        "judmnAdjuDe": "2004. 06. 28.",
        "caseNo": "2004고합91",
        "relateLaword": [
            "특정경제범죄가중처벌등에관한법률제 3조",
            "형법 제356조",
            "형법 제355조",
            "특정경제범죄가중처벌등에관한법률제 8조",
            "조세범처벌법 제9조",
            "형법 제30조",
            "주식회사의외부감사에관한법률 제20조",
            "주식회사의외부감사에관한법률 제13조",
            "정치자금에관한법률 제30조",
            "조세범처벌법 제3조",
            "주식회사의외부감사에관한법률 제21조",
            "주식회사의외부감사에관한법률 제20조",
            "조세범처벌법 제4조",
            "주식회사의외부감사에관한법률 제15조",
            "형법 제37조",
            "형법 제38조",
            "형법 제50조",
            "형법 제53조",
            "형법 제55조",
            "형법 제70조"
        ],
        "qotatPrcdnt": []
    },
    "concerned": {
        "acusr": "4",
        "dedat": "1"
    },
    "org": {
        "orgJdgmnCourtNm": "",
        "orgJdgmnAdjuDe": "",
        "orgJdgmnCaseNo": ""
    },
    "disposal": {
        "disposalform": "6",
        "disposalcontent": [
            "피고인 1(항소심 판결의 피고인 2)을 징역 3년에 처한다. ",
            "피고인 000를 벌금 5억 원에 처한다.",
            "피고인 1에 대하여는 이 판결 선고 전의 구금일수 172일을 위 형에 산입한다.",
            "피고인 1에 대한 벌금형의 선고를 유예한다.",
            "피고인 SK해운 주식회사에 대하여 위 벌금에 상당한 금액의 가납을 명한다."
        ]
    },
    "mentionedItems": {
        "rqestObjet": [
            "피고인 1(항소심 판결의 피고인 2)을 징역 3년에 처한다. ",
            "피고인 000를 벌금 5억 원에 처한다.",
            "피고인 1에 대하여는 이 판결 선고 전의 구금일수 172일을 위 형에 산입한다.",
            "피고인 1에 대한 벌금형의 선고를 유예한다.",
            "피고인 SK해운 주식회사에 대하여 위 벌금에 상당한 금액의 가납을 명한다."
        ]
    },
    "assrs": {
        "acusrAssrs": [
            "000으로 하여금 재산상 이익을 취득하게 하고 000에 동액 상당의 재산상 손해를 가하였다.",
            "피고인은 주가지수선물거래의 반대 당사자인 성명불상자들로 하여금 동액 상당의 재산상 이익을 취득하게 하고 000에 동액 상당의 재산상 손해를 가하였다.",
            "피고인은 금융감독위원회가 정한 회계처리 기준에 위반하여 허위의 재무제표를 작성, 공시하였다.",
            "피고인 000은, 그 업무에 관하여 공동대표이사인 피고인 1, 공소외 12가 위 제1의 나(1), (2)항 기재와 같은 각 범칙행위를 하고, 그 업무에 관하여 공동대표이사인 피고인 1, 공소외 12 및 재무담당이사인 공소외 35가 위 제1의 라항 기재와 같은 위반행위를 하였다.",
            "피고인 1은, 누구든지 정치자금에 관한 법률에 정하지 아니한 방법으로 정치자금을 주거나 받아서는 아니 됨에도 불구하고, 000 구조조정본부장인 공소외 34와 공모하여, 정치자금을 교부하였다."
        ],
        "dedatAssrs": [
            "000은 000의 모회사로서 000의 용선료에 대한 지급보증을 하는 등 000과 영업 및 재무의 측면에서 밀접한 관련을 맺고 있었고, 000의 채무에 대하여 지급보증을 하고 있었으므로, 000의 부도는 000의 부도로 이어지고 000의 부도는 000은 물론 000 전체를 부도에 이르게 할 위험이 있었다고 주장한다.",
            "이에, 피고인 1은 000의 부도를 막고 나아가 000의 부도를 막기 위하여 아상에 자금을 대여하였고 이는 결과적으로 000뿐만 아니라 그룹 전체에도 이익이 되었다.",
            "그러므로 피고인 1의 000에 대한 자금대여는 000을 비롯한 000 계열사들을 위한 불가피한 경영판단에 따른 것으로서 000의 대표이사로서의 업무상 임무에 위배된 것이라고 할 수 없고, 피고인 1에게 000에 대한 배임의 고의가 있었다고 할 수도 없다."
        ]
    },
    "facts": {
        "bsisFacts": [
            "피고인 1은 2003.7.11.서울지방법원에서 특정경제범죄 가중처벌 등에 관한 법률 위반(배임)죄 등으로 징역 3년에 집행유예 4년을 선고받고 항소하여 현재 항소심 재판 계속 중이다.",
            "그리고 1982.3.경부터 2003.11.경까지 000 주식회사(이하 000 이라고만 한다)의 대표이사로 재직하고, 1998.8.경 당시 000 회장이던 최종현의 사망으로 1998.9.경부터는 000의 회장직을 겸임하면서 000을 비롯한 000의 계열사 60여 개의 경영을 총괄하여 오던 사람이고, 피고인 000은 해상운송사업 등을 목적으로 설립된 법인이다.",
            "000(이하 000 이라고만 한다)은 1978.2.4.경 합판 판매업 등을 목적으로 설립된 후, 그 무렵 (주)000{구 (주)000, 이하 000 이라고만 한다}에 인수되었다가 1983.10.31.경 000이 000에 대한 보유 주식을 모두 처분함으로써 000의 계열사에서는 제외되었으나 여전히 000의 지급보증을 받아 운영자금 등을 차입할 수 있는 특혜를 누려왔다.",
            "그러면서 1980년 이전에 이미 사업부진으로 자본이 완전히 잠식된 상태에 이르고, 특히 1980년대 중반부터는 주력업종인 합판사업이 사양길로 접어들면서 말레이시아 등 해외에 투자한 막대한 자금을 회수하지 못하게 되었다.",
            "그리고 차입원리금이 지속적으로 늘어나 1997년말경에는 마침내 단기차입금 누적액이 약 3,381억 원, 이월결손금 누적금액이 약 3,031억 원, 단기차입금에 대한 연간 이자비용이 약 600억 원에 달하는 등 사실상 파산상태였으므로 더 이상 거액의 자금을 차입하더라도 이를 변제할 능력이 없었다.",
            "피해자인 000의 여유 자금을 다른 기업에 대여하는 경우, 000의 대표이사인 피고인 1로서는 자금대여 상대 기업의 사업전망, 유동자산 및 부채현황 등 차입금의 변제능력을 면밀히 검토하여 대여금의 규모와 조건을 결정함과 아울러 충분한 담보를 확보하는 등 대여금의 회수에 필요한 조치를 철저히 하였다.",
            "의사결정의 절차적 합리성 확보장치인 이사회의 결의를 거쳐 회사 자금을 대여하여야 할 업무상 임무가 있음에도 불구하고 그 임무에 위배하여, 1998.4.경 0000 소재 000 구조조정추진본부 내 자신의 사무실에서, 채권회수에 충분한 담보를 확보하지도 아니하고 이사회의 결의 절차도 밟지 아니한 채 피고인 1 독단으로, 위와 같이 차입금 변제능력이 없는 000에 000의 자금을 사실상 무상 지원해주기로 마음 먹었다.",
            "1998.5.30.경 0000 00000 19층 000 사무실에서, 성명불상의 구조조정추진본부 직원으로 하여금 000의 000 계좌(계좌번호 생략)에서 000의 000 계좌(계좌번호 생략)로 200억 원을 송금하였다.",
            "같은 해 6.3.경 000 000은행 계좌에서 000의 000 은행 계좌로 390억 원을, 같은 달 26.경 000의 000은행 계좌(계좌번호 생략)에서 000의 000은행 계좌로 1,902억 원을 각 송금하는 등 총 3회에 걸쳐 합계 2,492억 원을 대여금 명목으로 000에 송금하였다.",
            "000으로 하여금 동액 상당의 재산상 이익을 취득하게 하고 000에 동액 상당의 재산상 손해를 가하였다.",
            "000에 2,492억 원을 사실상 무상 지원한 후, 1999년경에 이르러 000의 000에 대한 회수불능 대여금 채권 2,492억 원을 회계장부에 그대로 계상해 둘 경우, 000의 000에 대한 불법지원 등이 문제되어 국·내외 금융기관 등으로부터 선박금융을 받거나 영업활동을 하는 데 막대한 장애가 발생할 것을 우려한 나머지, 선박 매각대금 등 수익을 누락하여 그 금액에 상당한 금액을 000에 대한 대여금 회수로 처리하였다.",
            "그리고 실제 구입하지도 않은 선박에 대한 감가상각비를 계상하는 등의 방법으로 아상에 대한 거액의 회수불능 대여금 채권문제를 해결함과 아울러 법인세를 포탈하기로 마음먹었다.",
            "피고인 000은 그 업무에 관하여 공동대표이사인 피고인 1, 공소외 12가 위 제1의 나(1), (2)항 기재와 같은 각 범칙행위를 하고, 그 업무에 관하여 공동대표이사인 피고인 1, 공소외 12 및 재무담당이사인 공소외 35가 위 제1의 라항 기재와 같은 위반행위를 하였다.",
            "피고인 1은, 누구든지 정치자금에관한법률에 정하지 아니한 방법으로 정치자금을 주거나 받아서는 아니 됨에도 불구하고 000 구조조정본부장인 공소외 34, 000 구조조정본부 과장인 공소외 43, 공소외 34와 공모하여 정치자금에관한법률에 정하지 아니한 방법으로 정치자금을 교부하였다.",
            "000으로서는 000의 000에 대한 대여금을 정상적으로 회계처리할 경우 000에 대하여 지급보증을 한 000의 부실이 드러날 수밖에 없어 000에 대한 대여금이 정상적으로 회수되는 것과 같은 외양을 만들 필요가 있었고, 이에 따라 000의 수익을 누락시키고 비용을 과다계상한 후 이를 000에 대한 대여금이 회수된 것으로 처리할 수밖에 없었다.",
            "이러한 회계 분식의 부수적 효과로서 법인세의 과세표준이 낮아졌을 뿐, 법인세 포탈을 목적으로 위와 같은 분식이 이루어진 것은 아니므로, 이를 법인세 포탈로 의율할 수 없다.",
            "그리고 피고인 1은 000에 대한 대여금에 관하여 정상적인 회계처리를 하지 못하고 있다는 사실을 짐작하고 있었지만 그러한 비정상적인 회계처리로 인하여 법인세 포탈의 결과를 가져올 수도 있다는 사실은 전혀 알지 못하였으므로, 피고인 1에게 법인세 포탈의 범의가 있었다고 할 수도 없다.",
            "피고인 1은 한국 경제의 회복 및 재도약과 그에 따른 주식시장의 발전을 신뢰하여 그에 부합하는 주가지수선물투자의 원칙을 세운 후 처음 세운 원칙에 충실하게 투자하였을 뿐, 주식시장에 대한 아무런 전망이나 투자에 대한 아무런 원칙도 없이 000이 손실을 입을 것을 예상한 채 투자한 것이 아니다.",
            "그러므로 주가지수의 향배에 대한 예측이 틀려 결과적으로 000에 손실이 발생하였다고 하여도 이를 이유로 경영판단에 따른 모험거래인 피고인 1의 위 행위를 000에 대한 배임행위라고 할 수 없고, 나아가 피고인 1에게 투자 결정 당시부터 000에 손해를 입힐 의사가 있었다고 할 수도 없다.",
            "이 사건 주가지수선물투자행위가 배임이라고 할 경우 피고인 1의 임무위배의 내용은 투자 판단에 이르게 된 과정에서 충분하고 합리적인 검토를 하였어야 할 임무에 위배하였다는 점이 될 것이다."
        ]
    },
    "dcss": {
        "courtDcss": [
            "이 사건 자금대여 당시 000은 사실상 파산상태였으므로 거액의 자금을 차입하더라도 이를 변제할 능력이 없었음에도 불구하고, 피고인 1은 채권회수에 충분한 담보를 확보하지도 아니하고 이사회의 결의 절차도 밟지 아니한 채 000에 2,492억 원에 달하는 거액의 000의 자금을 대여하였다.",
            "피고인 1은 당시 000의 구조조정본부장직을 겸임하면서 000을 관리하던 000의 담당자들로부터 000의 부실에 대하여 여러차례 보고를 받아 000의 위와 같은 재무 상태를 잘 알고 있었다(수사기록 제5권 2838, 2843면).",
            "피고인 1의 000에 대한 자금대여는 대표이사에게 용인되는 경영판단의 범위를 벗어나 000에 대한 임무 위배행위에 해당한다 할 것이고, 나아가 피고인 1에게는 위와 같은 임무위배의 인식과 그로 인하여 000으로 하여금 이익을 취득하게 하고 000에게 손해를 가한다는 인식도 있었다고 할 것이다.",
            "비록 피고인 1에게 000에 대한 자금대여를 통하여 000의 부도를 막아 결과적으로 000을 위한다는 의사가 있었다 하더라도 이러한 사정만으로는 000에 대한 배임죄의 성립에 영향이 있다고 할 수 없다.",
            "따라서, 피고인 1 및 그 변호인들의 이 부분 주장은 받아들이지 아니한다.",
            "법인세의 과세표준과 세액 과소신고 행위는 사기 기타 부정한 행위로써 조세를 포탈하는 경우에 해당한다.",
            "피고인 1은 000의 수익을 누락하는 등의 방법으로 000에 대한 대여금이 회수된 것처럼 변칙적 회계처리가 이루어진다는 사정을 알고 이를 묵인하였고, 나아가 그러한 변칙적 회계처리의 결과 000의 법인세 과세표준이 줄어들어 결과적으로 법인세를 포탈하게 된다는 점에 대한 인식도 있었다 할 것이다.따라서 피고인 1 및 피고인들의 변호인들의 이 부분 주장도 받아들이지 아니한다.",
            "피고인 1의 이 사건 주가지수선물투자는 통상의 거래 관행을 벗어난 것으로서 본인인 000의 이에 대한 추정적 승낙이 있다고 인정되지도 아니하여, 000의 대표이사의 행위로서 용인되는 모험거래의 범위를 벗어난 임무위배행위에 해당한다 할 것이다.",
            "나아가 피고인 1에게는 이 사건 주가지수선물투자로 인하여 000에 재산상 손해를 가하는 반면, 주가지수선물거래의 불특정 상대방에게 재산상 이익을 취득하게 한다는 점에 대한 인식도 있었다고 할 것이다.",
            "이 사건 주가지수선물투자로 인한 배임행위는, 피고인 1이 앞서 본 바와 같이 임무에 위배하여 000의 자금으로 주가지수선물투자를 하기로 결정한 후 계속적으로 주가지수선물거래를 하였다(피고인 1은 매수한 주가지수선물상품을 만기까지 보유하고 만기에 이르면 그 정산금액으로 다시 주가지수선물상품을 매수하는 방식으로 거래하였다).",
            "이에 따라 보유하게 된 주가지수선물상품에 대한 정산이 이루어지는 일련의 과정으로 진행되었다(2002년말경 이 사건 주가지수선물투자에 관하여 최종적인 정산이 이루어진 것으로 보이고, 위와 같은 일련의 주가지수선물거래행위는 포괄하여 1개의 죄로 봄이 상당하다).",
            "위와 같은 정산이 최종적으로 종료된 때에 이 사건 주가지수선물투자로 인한 배임죄가 실질적으로 종료되었다고 보아야 할 것이고, 이 때 구체적인 손해액 역시 확정된다 할 것이다.",
            "이 사건 주가지수선물투자로 인한 배임죄의 손해액은 배임행위에 해당하는 주가지수선물거래에 관한 최종 정산 결과 발생된 손실액인 5,184억 원이라 할 것이고, 이에 따라 주가지수선물거래의 반대 당사자인 성명불상자들이 동액 상당의 재산상 이익을 취득하였다 할 것이다.",
            "피고인 1은 위 주가지수선물투자행위에 대하여 특정경제범죄 가중처벌 등에 관한 법률 위반(배임)죄의 죄책을 져야 할 것이다.",
            "피고인 1 및 그 변호인들의 이 부분 주장도 받아들이지 아니한다.",
            "① 피고인 1의 이 사건 범행은, 000을 비롯한 000의 최고경영자로서, 파산상태에 빠져 변제능력이 없는 사실상의 계열사인 000에게 000의 자금 2,492억 원을 부당 대여하고, 무모한 주가지수선물투자로 인하여 000에 5,184억 원의 손해를 입혔다.",
            "그리고 이를 감추기 위하여 회계를 분식하게 하고, 그 결과 381억여 원에 이르는 법인세를 포탈하게 하였으며, 나아가 합계 129억 원에 이르는 불법 정치자금을 교부한 것으로서, 그 죄질이 매우 중한 점,",
            "② 기업경영 및 회계의 합리성과 투명성은 시장경제의 근간을 이루는 요소이고, 이에 대한 신뢰를 바탕으로 기업과 관련된 경제주체들의 각종 경제활동이 이루어지는 것인바, 위 범행으로 인하여 이러한 신뢰를 해하였다.",
            "③ 나아가, 불법 정치자금의 제공은 정경유착의 원인이 될 뿐만 아니라, 공정한 선거를 방해하여 민주주의의 발전을 저해하고, 기업회계를 문란하게 하고 경제를 어려움에 빠지게 하며 결국 그 피해가 고스란히 국민에게 돌아가는 점 등을 고려해 볼 때, 위 피고인에게는 그에 상응하는 엄한 처벌이 불가피하다.",
            "다만, ① 위 피고인의 이상에 대한 자금대여나 주가지수선물투자로 인한 각 배임행위는 IMF 경제위기를 극복하는 과정에서 000의 모회사인 000, 나아가 000 전체의 이익을 도모하기 위하여 행하여진 것으로 보이고, 실제로도 000이 위기를 극복하는 데 어느 정도 기여한 측면이 있음을 부정할 수 없다.",
            "또한, 000의 법인세 포탈은 위와 같은 배임행위가 원인이 되어 행해진 변칙적 회계처리의 결과로서, 법인세 포탈을 주된 목적으로 하여 이루어진 것은 아닌 점, ",
            "② 000으로부터 대여금 중 일부가 회수되었다(그 이후 2003년경 000의 부실을 정리하는 과정에서 000이 매입하여 소지하고 있던 000 발행의 기업어음 채권과 000이 000에 대하여 보유하고 있던 000에 대한 대여금 관련 구상채권을 상계하는 것으로 처리되었다).",
            "그리고 000이 포탈 법인세 및 이에 대한 가산세의 부과 처분을 받아 일부를 납부하였으며 나머지에 관하여도 구체적인 재원마련계획을 수립하여 과세당국의 기한 연장의 승인을 받은 후 분할 납부할 예정인 점,",
            "③ 이 사건 정치자금의 제공은 정치인들의 요구에 의한 것으로서, 그 당시의 사회여건과 관행상 기업인인 위 피고인으로서는 정치인들의 그러한 요구를 거절하는 것이 쉽지 아니하였던 점, ④ 위 피고인이 이 사건 각 범행을 통하여 개인적으로 취득한 이익은 없는 것으로 보이는 점,",
            "⑤ 위 피고인이 수십 년간 000의 임직원으로 근무하면서 현재의 000을 이루는 데 많은 공헌을 하였고, 이를 통해 한국 경제의 발전에도 크게 공헌하였으며, 자신의 잘못을 깊이 반성하면서 000의 경영 일선에서 물러난 점, 그밖에 위 피고인의 나이, 경력, 성행, 가정환경, 범죄전력 등 제반 정상을 고려하여 주문과 같이 형을 정하되, 벌금형에 대하여는 선고를 유예하기로 한다.",
            "피고인 000은, 그 임직원들인 피고인 1 등이 그 업무에 관하여 ① 381억여 원에 이르는 거액의 법인세를 포탈하고, ② 회계를 분식하였으며, ③ 이를 감추기 위하여 감사업무를 방해하고 자료제출 및 열람요구를 거부하였으므로, 피고인 000에 대하여도 그에 상응하는 처벌이 불가피하다.",
            "다만, ① 피고인 000이 포탈 법인세의 일부를 납부하였고, 나머지에 관하여도 구체적인 재원마련계획을 수립하여 분할 납부할 예정인 점, ② 피고인 000이 우리나라 에너지 자원의 수송에 큰 역할을 담당하고 있는 중요한 기업이고, 현재 사외이사제, 이사회 권한 강화 등을 통하여 이 사건과 같은 범행의 재발을 방지하기 위한 노력을 하고 있는 점,",
            "③ 위와 같은 중요 기업에 대하여 다액의 벌금형을 선고하여 그 존속을 위태롭게 하는 것은 국민경제의 측면에서 반드시 바람직하다고 할 수는 없는 점 등을 고려하여, 피고인 000에 대한 벌금형을 주문과 같이 정하기로 한다."
        ]
    },
    "close": {
        "cnclsns": [
            "피고인 1(항소심 판결의 피고인 2)을 징역 3년에, 피고인 000 주식회사를 벌금 5억 원에 각 처한다.",
            "피고인 1에 대하여는 이 판결 선고 전의 구금일수 172일을 위 형에 산입한다.",
            "피고인 1에 대한 벌금형의 선고를 유예한다.",
            "피고인 000 주식회사에 대하여 위 벌금에 상당한 금액의 가납을 명한다."
        ]
    }
}