{
    "info": {
        "caseField": "2",
        "detailField": "6",
        "trailField": "1",
        "caseNm": "가. 수산업법위반, 나. 수산자원관리법위반, 다. 배임",
        "courtNm": "광주지방법원 해남지원",
        "judmnAdjuDe": "2015. 12. 31.",
        "caseNo": "2014고단131",
        "relateLaword": [
            "구 수산업법(2014. 3. 24. 법률 제12541호로 개정되기 전의 것, 이하  구 수산업법 이라고 한다) 제97조",
            "구 수산업법(2014. 3. 24. 법률 제12541호로 개정되기 전의 것, 이하  구 수산업법 이라고 한다) 제41조",
            "형법 제30조",
            "수산자원관리법 제65조",
            "수산자원관리법 제24조",
            "구 수산업법(2014. 3. 24. 법률 제12541호로 개정되기 전의 것, 이하  구 수산업법 이라고 한다) 제101조",
            "수산자원관리법 제69조",
            "수산자원관리법 제65조",
            "수산자원관리법 제24조",
            "형법 제70조",
            "형법 제69조",
            "형사소송법 제334조",
            "형사소송법 제314조",
            "형사소송법 제325조"
        ],
        "qotatPrcdnt": []
    },
    "concerned": {
        "acusr": "4",
        "dedat": "1"
    },
    "org": {
        "orgJdgmnCourtNm": "",
        "orgJdgmnAdjuDe": "",
        "orgJdgmnCaseNo": ""
    },
    "disposal": {
        "disposalform": "9",
        "disposalcontent": [
            "피고인 A를 벌금 3,000,000원에 처한다.",
            "피고인 B를 벌금 10,000,000원에 처한다.",
            "피고인 C를 벌금 5000,000원에 처한다.",
            "피고인 D를 벌금 2,000,000원에 처한다.",
            "피고인들이 위 각 벌금을 납입하지 아니할 경우 100,000원을 1일로 환산한 기간 피고인들을 노역장에 유치한다.",
            "피고인들에게 위 각 벌금에 상당한 금액의 가납을 명한다.",
            "이 사건 공소사실 중 피고인 B에 대한 배임의 점은 무죄를 선고한다."
        ]
    },
    "mentionedItems": {
        "rqestObjet": [
            "허가를 받지 아니한 구역에서 어업활동을 하거나 허가받지 아니한 어구를 사용하는 행위는 수산업법 등의 입법취지에 비추어 그 죄질이 좋지 않다.",
            "피고인들이 자신들의 범행을 인정하고 반성하고 있다."
        ]
    },
    "assrs": {
        "acusrAssrs": [],
        "dedatAssrs": []
    },
    "facts": {
        "bsisFacts": [
            "G는 0000 선적 연안선망 어선 H호(7.93톤, 본선)의 선장이고, 피고인 A는 0000 선적 연안선망 어선 I호(7.93톤, 부속선)의 선장이며, 피고인 B은 H호와 I호의 실제 운영자 겸 소유자로서 위 피고인들의 고용주이다.",
            "총톤수 8톤 미만의 동력어선을 사용하는 어선으로 연안어업에 해당하는 어업을 하려는 자는 어선 또는 어구마다 시·도지사의 허가를 받아야 하는바, 위 두 선박은 완도 군수로부터 연안선망 어업허가를 받아 0000 연안 일원에서만 조업을 하여야 하고 타 시도 연안에서는 조업을 하여서는 아니 된다.",
            "그럼에도 불구하고 G와 피고인 A는 공동하여 2013.9.13.01:30경 0000 남서쪽 약 2마일 해상에서 멸치 포획을 목적으로 위 두 선박이 선망어구의 양쪽 끝을 잡고 투망 후 양망하는 방법으로 연안선망 조업을 하였고, 피고인 B은 피고인의 업무에 관하여 피고인의 사용인인 G와 A가 위와 같은 행위를 하여 법령을 위반하였다.",
            "피고인 C는 0000 선적 연안선망 어선 H호(7.93톤, 본선)의 선장이고, 피고인 A는 0000 선적 연안선망 어선 I호(7.93톤, 부속선)의 선장이며, 피고인 B은 H호와 I호 의 실제 운영자 겸 소유자로서 위 피고인들의 고용주이다.",
            "총톤수 8톤 미만의 동력어선을 사용하는 어선으로 연안어업에 해당하는 어업을 하려는 자는 어선 또는 어구마다 시·도지사의 허가를 받아야 하는바, 위 두 선박은 완도 군수로부터 연안선망 어업허가를 받아 전남 연안 일원에서만 조업을 하여야 하고 타 시,도 연안에서는 조업을 하여서는 아니 된다.",
            "그럼에도 불구하고 피고인 C와 피고인 A는 공동하여 2013.7.28.02:00경 0000 서쪽 약 1마일 해상에서 멸치 포획을 목적으로 위 두 선박이 선망어구 1틀의 양쪽 끝을 잡고 투망 후 양망하는 방법으로 연안선망 조업을 하였다.",
            "2013.7.29.19:40경 0000 남서쪽 약 1.7마일 해상에서 멸치 포획을 목적으로 자루그물(기선선인망 어구에 사용)을 부착한 선망어구 1틀의 양쪽 끝을 잡고 투망 후 양망하는 방법으로 연안선망 조업을 하였으며, 피고인 B은 피고인의 업무에 관하여 피고인의 사용인인 C와 A가 위와 같은 행위를 하여 법령을 위반하였다.",
            "피고인 A는 0000 선적 연안선망 어선 J호(7.93톤)의 선장이고, 피고인 B은 위 어선 의 실제 소유자로 피고인 A의 고용주이다.",
            "누구든지 수산업법에 따라 면허,허가,승인 또는 신고된 어구 외의 사용이 금지된 어구를 적재하여서는 아니 된다.",
            "그럼에도 불구하고 피고인 A는 2013.12.6.01:20경 0000 남 동쪽 약 8.2마일 해상에서 항해 중이던 위 J호 선미 갑판에 멸치 포획을 목적으로 허가받지 않은 자루 그물 40m를 부착하여 사용이 금지된 권현기선망 어구를 적재하였고, 피고인 B은 피고인의 사용인인 A가 피고인의 업무에 관하여 위와 같은 행위를 하여 법령을 위반하였다.",
            "피고인 K은 0000 선적 연안선망 어선 L호(7.93톤, 본선)의 선장, 피고인 D은 0000 선적 연안양조망 어선 M호(7.93톤, 부속선)의 선장, 피고인 B은 L호, M호의 실제 운영자 겸 소유자로서 위 피고인들의 고용주이다.",
            "총톤수 8톤 미만의 동력어선을 사용하는 어선으로 연안어업에 해당하는 어업을 하려는 자는 어선 또는 어구마다 시·도지사의 허가를 받아야 하는바, 위 두 선박은 완도 군수로부터 연안선망 어업허가를 받아 0000 연안 일원에서만 조업을 하여야 하고, 타 시·도 연안에서는 조업을 하여서는 아니된다.",
            "그럼에도 불구하고 K과 피고인 D은 공동하여 2013.9.9.경과 2013.9.13.경 0000 소재 0000 북서방 약 1.7마일 해상에서 멸치 포획을 목적으로 기선권 현망 방식으로 조업을 하였고, 피고인 B은 피고인의 업무에 관하여 피고인의 사용인인 K, D이 위와 같은 행위를 하여 법령을 위반하였다.",
            "G는 0000 선적 연안선망 어선 H호(7.93톤, 본선)의 선장이고, 피고인 A는 0000 선적 연안선망 어선 I호(7.93톤, 부속선)의 선장이며, 피고인 B은 H호, I호의 실제 운영자 겸 소유자로서 위 피고인들의 고용주이다.",
            "총톤수 8톤 미만의 동력어선을 사용하는 어선으로 연안어업에 해당하는 어업을 하려는 자는 어선 또는 어구마다 시·도지사의 허가를 받아야 하는바, 위 두 선박은 완도 군수로부터 연안선망 어업허가를 받아 0000 연안 일원에서만 조업을 하여야 하고 타 시·도 연안에서 조업을 하여서는 아니된다.",
            "그럼에도 불구하고 G와 피고인 A는 공동하여 2014.9.4.15:40경 0000 남서방 약 7마일 해상에서 멸치 포획을 목적으로 위 두 선박이 선망어구의 양쪽 끝을 잡고 투망 후 양망하는 방법으로 연안선망 조업을 하였고, 피고인 B은 피고 인의 업무에 관하여 피고인의 사용인인 G와 A가 위와 같은 행위를 하여 법령을 위반 하였다."
        ]
    },
    "dcss": {
        "courtDcss": [
            "이 사건 범행과 같이 허가를 받이 아니한 구역에서 어업활동을 하거나 허가받지 아니한 어구를 사용하는 행위는 수산자원 및 수면을 효율적으로 관리하여 어업의 지속적 발전과 민주화를 도모하고자 하는 수산업법 등의 입법취지에 비추어 그 죄질이 좋지 않다.",
            "피고인들이 범행을 인정하고 반성하는 점 등 피고인들에게 유리한 정상을 참작하고, 그밖의 이 사건 범행으로 피고인들이 얻은 이익의 정도, 피고인들의 지위 및 역할, 피고인들의 동종 범죄전력 횟수 등 이 사건 공판과정에서 드러난 제반 양형요소를 종합하여 형을 정한다.",
            "위 공소사실 기재와 같이 피고인 B이 이 사건 저당권을 해지하여 준 것이 배임죄가 성립하기 위해서는 피고인 B이 피해자에게 위 저당권을 이전하여 주기로 약정한 사실이 인정되어야 한다.",
            "그런데 이 법원이 적법하게 채택하여 조사한 증거들에 의하여 인정되는 아래와 같은 각 사정에 비추어 보면, 위 공소사실에 부합하는 증거인 제4회 공판조서 중 증인 U의 진술기재, U의 고소장, U에 대한 경찰 진술조서, 피고인에 대한 제2회 경찰 피의자신문조서, 제2회 검찰 피의자신문조서 중 각 U의 진술기재 부분은 이를 믿기 어렵다.",
            "Q에 대한 경찰 진술조서, 피고인에 대한 제2회 경찰 피의자신문조서 중 Q의 진술기재 부분은 그 증거능력이 없거나(Q가 소재불명이기는 하나 특히 신빙할 수 있는 상태 하에서 이루어진 것이라는 점에 대한 증명이 부족하여 형사소송법 제314조에 따라 증거능력을 인정하기는 어렵다)증거능력이 있다고 하더라도 이를 믿기 어렵다.",
            "달리 검찰이 제출한 증거만으로는 피고인 B이 위 공소사실 기재와 같이 피해자에게 이 사건 저당권을 이전해 주기로 약정하였다는 점이 합리적 의심의 여지가 없을 정도로 입증되었다고 보기에 부족하다.",
            "① 피해자는 이 법정에서 2010.2.24.피고인 B과 Q, 으의 채무를 대위변제할 것을 상의하면서 이 사건 저당권이 설정되어 있던 R호의 어선원부를 보지도 않았고 R호의 상황을 알아볼 생각도 하지 않았다고 증언하였다.담보로 R호에 대한 저당권만을 생각했다는 피해자의 증언에 비추어 담보물을 확인조차 하지 않았다는 것이 쉽사리 납득이 가지 않는다.",
            "② 피해자는 2010.5.25.대위변제 잔금 1,000만 원을 피고인 B에게 지급할 때에도 이 사건 저당권의 이전을 요구하지 않았고, 적극적인 이전 요구를 하거나 어떠한 조치를 취하지 않은 채 2년 이상 지난 상황에서 피고인이 위 근저당권을 해지하자 그때서야 위 근저당권에 대한 권리를 주장하였다.",
            "③ 2010.2.24.피고인 B과 피해자, Q가 Q, S의 채무에 대한 대위변제 문제를 논의하기 위한 자리에 참석하였던 V는 이 법정에서 위 자리는 Q가 피해자와 일을 하기 위해서 피고인 B에게 진 빚을 정산하기 위해 남은 빚이 얼마인지를 확인하는 것이 주된 목적이었고, V가 위 자리를 뜰 때까지 이 사건 저당권 이전 문제가 거론된 적은 없다고 증언하였다.",
            "④ 또한, V는 이 법정에서 피해자가 2010.7.경 자신에게 이 사건 저당권이 설정 되어 있기 때문에 Q로부터 대위변제금 6,000만 원을 모두 변제받을 수 있을지 걱정이 된다고 이야기를 하면서 V에게 Q를 피해자에게 소개한 책임으로 Q의 위 채무를 책임지라고 말하였다고 증언하였는바, 피해자가 위 저당권을 이전받기로 하였다면 굳이 V에게 위와 같이 말을 하지는 않았을 것으로 보인다.",
            "⑤ 피고인 B은 2013.10.경 S으로부터 감척 신청에 필요하다는 요구를 받고 채무가 변제되었다는 생각에 아무런 이의 없이 이 사건 저당권을 해지해 주었는바, 피고인 B도 특별한 요구가 없어서 저당권을 유지하고 있었을 뿐 저당권을 행사할 의사가 있었던 것으로는 보이지 않고, S을 위해 저당권을 해지하였다거나 위 저당권 해지로 피고인 B이 어떠한 이익을 얻었던 것으로는 보이지 않는다.",
            "그렇다면 피고인 B에 대한 위 공소사실은 범죄사실의 증명이 없는 경우에 해당하므로, 형사소송법 제325조 후단에 의하여 무죄를 선고한다."
        ]
    },
    "close": {
        "cnclsns": [
            "피고인 A를 벌금 3,000,000원에, 피고인 B을 벌금 10,000,000원에 피고인 C를 벌금 5,000,000원에, 피고인 D을 벌금 2,000,000원에 각 처한다.",
            "피고인들이 위 각 벌금을 납입하지 아니할 경우 100,000원을 1일로 환산한 기간 피고인들을 노역장에 유치한다.",
            "피고인들에게 위 각 벌금에 상당한 가납을 명한다.",
            "이 사건 공소사실 중 피고인 B에 대한 배임의 점은 무죄."
        ]
    }
}