{
    "info": {
        "caseField": "2",
        "detailField": "6",
        "trailField": "1",
        "caseNm": "사기",
        "courtNm": "서울남부지방법원",
        "judmnAdjuDe": "2013. 05. 08.",
        "caseNo": "2013고단742",
        "relateLaword": [
            "형법 제347조",
            "형법 제30조",
            "형법 제37조",
            "형법 제39조",
            "형법 제38조",
            "형법 제50조",
            "형법 제70조",
            "형법 제69조",
            "형법 제62조",
            "형법 제62조의2"
        ],
        "qotatPrcdnt": []
    },
    "concerned": {
        "acusr": "4",
        "dedat": "1"
    },
    "org": {
        "orgJdgmnCourtNm": "",
        "orgJdgmnAdjuDe": "",
        "orgJdgmnCaseNo": ""
    },
    "disposal": {
        "disposalform": "6",
        "disposalcontent": [
            "피고인 A을 징역 8월에, 피고인 B를 징역 10월에, 피고인 C을 징역 6월에, 피고인 D, E, F을 각 벌금 3,000,000원에, 피고인 G, H을 벌금 각 2,000,000원에, 피고인 I을 벌금 1,000,000원에, 피고인 J, K를 각 징역 6월에, 각 처한다.",
            "피고인 D, E, F, G, H, I이 위 각 벌금을 납입하지 아니하는 경우 금 50,000원을 1일로 환산한 기간 위 피고인들을 노역장에 유치한다.",
            "다만, 이 판결 확정일로부터 2년간 피고인 C, J에 대한 위 각 형의 집행을 유예한다.",
            "피고인 C, J에게 각 120시간의 사회봉사를 명한다."
        ]
    },
    "mentionedItems": {
        "rqestObjet": [
            "피고인 A을 징역 8월에, 피고인 B를 징역 10월에, 피고인 C을 징역 6월에, 피고인 D, E, F을 각 벌금 3,000,000원에, 피고인 G, H을 벌금 각 2,000,000원에, 피고인 I을 벌금 1,000,000원에, 피고인 J, K를 각 징역 6월에, 각 처한다.",
            "피고인 D, E, F, G, H, I이 위 각 벌금을 납입하지 아니하는 경우 금 50,000원을 1일로 환산한 기간 위 피고인들을 노역장에 유치한다.",
            "피고인 C, J에게 각 120시간의 사회봉사를 명한다."
        ]
    },
    "assrs": {
        "acusrAssrs": [],
        "dedatAssrs": []
    },
    "facts": {
        "bsisFacts": [
            "피고인 A 은 2011.1.27.서울남부지방법원에서 폭력행위 등 처벌에 관한 법률 위반(집단,흉기등상해)죄 등으로 징역 8월에 집행유예 1년을 선고받고 같은 해 2.8.위 판결이 확정된 사람이다.",
            "피고인들은 망 N과 교통사고를 가장하여 보험사고를 일으킨 다음 보험회사에서 보험금을 지급받아 이를 나누어 가지기로 공모하였다.피고인들은 2007.10.12.03:04경 0000 주변 노상에서, 피고인 B는 P 0 승용차를 운전해 가던 중, 위 차량의 앞범퍼 부분으로 전방에 신호대기로 정차해 있던 피고인 A이 운전하고, 피고인 E, F과 N이 동승해 있던 Q 0 승용차의 뒷범퍼 부분을 고의로 들이받는 교통사고를 야기하였다.",
            "그 후 피고인 A, E, F은 N과 함께 사실은 위 교통사고를 통해 다친 곳이 없었음에도 불구하고, R병원에 입원한 다음, 피해자 000에 치료비 등 보험금 지급을 청구하고, 피고인 B는 위 사고는 처음부터 계획적으로 일으킨 것이었음에도, 마치 진정한 사고인 것처럼 피해자 회사에 차량수리비 지급을 청구하였다.",
            "이로써 피고인들은 N과 공모하여, 피해자 회사로부터 합계 8,899,710원 상당의 보험금을 지급받아, 이를 편취하였다.",
            "피고인들은 피고인 B의 주도 하에 S, T, U, V, W, X과 교통사고를 가장하여 보험사고를 일으킨 다음 보험회사에서 보험금을 지급받아 이를 나누어 가지기로 공모하였다.피고인들은 2008.3.11.23:40경 0000 Y빌딩 앞길에서, 피고인 B의 지시에 따라, S가 U을 동승시켜 피고인 H의 아버지 Z 소유의 P 0 승용차를 운전해 가고 있었다.",
            "그러던 중 위 차량의 앞범퍼 부분으로 전방에 신호대기로 정차해 있던 V이 운전하고, 피고인 A 및 T, W, X이 동승해 있던 AA 0 승용차의 뒷범퍼 부분을 고의로 들이 받는 교통사고를 야기하였다.",
            "그 후 피고인 A은 사실은 위 교통사고를 통해 다친 곳이 없었음에도 불구하고, T, V, W, X과 함께 R병원에 입원하고, U은 AB병원에 입원한 다음, 피해자 000에 치료비 등 보험금 지급을 청구하고, S, V은 위 사고는 처음부터 계획적으로 일으킨 것이었음에도 마치 진정한 사고인 것처럼 피해자 회사에 차량수리비 지급을 청구하였다.",
            "이로써 피고인들은 S, T, U, V, W, X과 공모하여, 피해자 회사로부터 합계 9,396,010원 상당의 보험금을 지급받아, 이를 편취하였다.",
            "피고인들은 AC, AD과 교통사고를 가장하여 보험사고를 일으킨 다음 보험회사에서 보험금을 지급받아 이를 나누어 가지기로 공모하였다.피고인들은 2009.7.16.21:55경 0000 AE건물 앞길에서, 피고인 C은 AF 0 초장축 차량을 운전해 가던 중, 차량의 앞범퍼 부분으로 전방에 신호대기로 정차해 있던 피고인 D이 운전하고 AC 및 AD이 동승해 있던 AG 0 승용차의 뒷범퍼 부분을 고의로 들이받는 교통사고를 야기하였다.",
            "그 후 피고인 D은 AC, AD과 함께 사실은 위 교통사고를 통해 다친 곳이 없었음에도 불구하고, AH병원에 입원한 다음, 피해자 000에 치료비 등 보험금 지급을 청구하여, 이에 속은 피해자 회사로부터 합의금 및 치료비, 차량수리비 등으로 피해자 회사로부터 합계 3,795,060원 상당의 보험금을 지급받아, 이를 편취하였다.",
            "피고인들은 AI와 교통사고를 가장하여 보험사고를 일으킨 다음 보험회사에서 보험금을 지급받아 이를 나누어 가지기로 공모하였다.피고인들은 2009.8.23.21:20경 0000에 있는 AK성당 앞길에서, 피고인 C은 AF 0 초장축 차량을 운전해 가던 중, 위 차량의 앞범퍼 부분으로 전방에서 진행 중이던 피고인 A이 운전하고 피고인 G 및 AI가 동승해 있던 Q 0 승용차의 뒷범퍼 부분을 고의로 들이받는 교통사고를 야기하였다.",
            "그 후 피고인 A, G는 AI와 함께 사실은 위 교통사고를 통해 다친 곳이 없었음에도 불구하고, AL 병원에 입원한 다음, 피해자 000에 치료비 등 보험금 지급을 청구하고, 피고인 C은 위 사고는 처음부터 계획적으로 일으킨 것이었음에도, 마치 진정한 사고인 것처럼 피해자 회사에 차량수리비 지급을 청구하여, 이에 속은 피해자 회사로부터 합계 5,210,280원 상당의 보험금을 지급받아, 이를 편취하였다.",
            "피고인들은 AC, AM와 교통사고를 가장하여 보험사고를 일으킨 다음 보험회사에서 보험금을 지급받아 이를 나누어 가지기로 공모하였다.피고인들은 2010.3.9.22:38경 0000 000 부근 노상에서, 피고인 H은 AN 0 승용차를 운전해 가던 중, 위 차량의 앞범퍼 부분으로 전방에서 진행 중이던 피고인 A이 운전하고 피고인 D 및 AC, AM가 동승해 있던 Q 0 승용차의 뒷범퍼 부분을 고의로 들이받는 교통사고를 야기하였다.",
            "그 후 피고인 A, D은 AC, AM와 함께 사실은 위 교통사고를 통해 다친 곳이 없었음에도 불구하고, R병원에 입원한 다음, 피해자 000에 치료비 등 보험금 지급을 청구하여, 피해자 회사로부터 합계 5,379,320원 상당의 보험금을 지급받아 이를 편취하였다.",
            "피고인들과 AO는 교통사고를 가장하여 보험금을 지급받아 이를 나누어 가지기로 공모하였다.피고인들은 2011.10.13.20:00경 0000 대림역에서 구로구청 방향 사거리 100미터 전 노상에서, 피고인 J의 부탁에 따라 피고인 B의 주도 하에 범행을 진행하였다.",
            "피고인 J은 AP 0 승용차를 운전해 가던 중, 위 차량의 앞범퍼 부분으로 전방에서 진행 중이던 피고인 I이 운전하고 피고인 K와 AO가 동승해 있던 AQ 0 승용차의 뒷범퍼 부분을 고의로 들이받는 교통사고를 야기하였다.",
            "그 후 피고인 I, K와 AO는 사실은 위 교통사고를 통해 다친 곳이 없었음에도 불구하고, 피고인 I, K는 R병원에, AO는 AR병원에 각 입원한 다음, 피해자 000에 치료비 등 보험금 지급을 청구하여, 이에 속은 피해자 회사로부터 합계 4,013,640원 상당의 보험금을 지급받아 이를 편취하였다.",
            "피고인들은 S, T, U, AS와 교통사고를 가장하여 보험사고를 일으킨 다음 보험회사에서 보험금을 지급받아 이를 나누어 가지기로 공모하였다.피고인들은 2011.10.26.20:47경 0000 가산디지털단지역 앞길에서, 피고인 J의 부탁에 따라 피고인 B의 주도 하에 범행이 이루어졌다.",
            "피고인은 2012.3.4.18:00경 0000 BB건물 부근 노상에서, BC이 BD 0 승용차를 운전해 가다가 전방의 차량정체로 인해 일시 정차했다가 서행 중인 것을 보고, 사실은 BC이 위 차량의 뒷바퀴로 피고인의 발을 역과하고 지나간 사실이 없음에도 불구하고, BC이 가입한 보험회사에게 피해자 000에 치료비 등 보험금 지급을 청구하여, 이에 속은 피해자 회사로부터 합계 1,140,000원 상당의 보험금을 지급받았다.",
            "피고인은 2012.4.30.10:30경 0000 소재 골목길에서, BE이 BF 0 차량의 화물칸 한쪽 뒷문을 열어 고정시킨 상태로 운전해 가다가 주변에 통행인들이 많아 서행하고 있는 것을 보고, 사실은 위 0 차량의 화물칸 뒷문에 등을 부딪친 사실이 없음에도 불구하고, BE이 가입한 보험회사인 피해자 000에 치료비 등 보험금 지급을 청구하여, 피해자 회사로부터 합계 1,134,560원 상당의 보험금을 지급받았다."
        ]
    },
    "dcss": {
        "courtDcss": [
            "양형이유 중 공통 이유는 조직적 사기이고, 생계형 범죄라는 점이다."
        ]
    },
    "close": {
        "cnclsns": [
            "형법 제347조 제1항, 제30조(피고인 A, B, C, J, K에 대하여 징역형, 나머지 피고인들에 대하여는 벌금형을 각 선택)에 따라 피고인 A을 징역 8월에, 피고인 B를 징역 10월에, 피고인 C을 징역 6월에, 피고인 D, E, F을 각 벌금 3,000,000원에, 피고인 G, H을 벌금 각 2,000,000원에, 피고인 I을 벌금 1,000,000원에, 피고인 J, K를 각 징역 6월에, 각 처한다.",
            "피고인 D, E, F, G, H, I이 위 각 벌금을 납입하지 아니하는 경우 금 50,000원을 1일로 환산한 기간 위 피고인들을 노역장에 유치한다.",
            "다만, 이 판결 확정일로부터 2년간 피고인 C, J에 대한 위 각 형의 집행을 유예한다.",
            "피고인 C, J에게 각 120시간의 사회봉사를 명한다."
        ]
    }
}