{
    "info": {
        "caseField": "2",
        "detailField": "6",
        "trailField": "1",
        "caseNm": "특정경제범죄가중처벌등에관한법률위반(사기), 사기, 컴퓨터등사용사기",
        "courtNm": "서울중앙지방법원",
        "judmnAdjuDe": "2017. 10. 12.",
        "caseNo": "2017고합81",
        "relateLaword": [
            "구 특정경제범죄 가중처벌 등에 관한 법률(2012. 2. 10. 법률 제11304호로 개정되기 전의 것) 제3조",
            "형법 제347조",
            "형법 제347조의2",
            "형법 제35조",
            "형법 제42조",
            "형법 제37조",
            "형법 제38조",
            "형법 제50조"
        ],
        "qotatPrcdnt": [
            "대법원 2006. 5. 26. 선고 2006도1614 판결"
        ]
    },
    "concerned": {
        "acusr": "4",
        "dedat": "1"
    },
    "org": {
        "orgJdgmnCourtNm": "",
        "orgJdgmnAdjuDe": "",
        "orgJdgmnCaseNo": ""
    },
    "disposal": {
        "disposalform": "6",
        "disposalcontent": [
            "피고인을 징역 10년에 처한다."
        ]
    },
    "mentionedItems": {
        "rqestObjet": [
            "피고인은 피해자 J를 기망하여 주식투자 명목으로 46회에 걸쳐 합계 844,540,729원 상당의 주식과 현금을 교부받았다.",
            "피고인은 변제할 의사나 능력이 없음에도 불구하고 피해자 J에게 차용금 명목으로 모두 43회에 걸쳐 119,651,790원을 교부받거나 송금받았다.",
            "피고인은 이용대금을 변제할 의사나 능력이 없음에도 불구하고 피해자 J 명의의 카드를 교부받아 모두 15회에 걸쳐 합계 103,946,430원 상당의 신용카드대금을 변제하지 아니하였다.",
            "피고인은 변제할 의사나 능력이 없음에도 불구하고 피해자 S에게 차용금 명목으로 T 명의의 예금계좌로 16,000,000원을 송금받았다.",
            "피고인은 피해자 S를 기망하여 변호사 선임비 명목으로 23,500,000원을 V 명의의 예금계좌로 송금받았다.",
            "피고인은 약속한 기일에 수익금과 원금을 지급할 의사나 능력이 없음에도 불구하고 피해자 W에게 주식투자금 명목으로 28,000,000원 상당의 자기앞수표를 교부받았다.",
            "피고인은 이용대금을 변제할 의사나 능력이 없음에도 불구하고 피해자 X 명의의 카드를 건네받아 총 4회에 걸쳐 합계 2,074,850원 상당을 사용한 다음 신용카드대금을 변제하지 아니하였다.",
            "피고인은 변제할 의사나 능력이 없음에도 불구하고 피해자 X에게 차용금 명목으로 AC 명의의 은행계좌로 2,500,000원을 송금받았다.",
            "피고인은 약속한 수익금을 지급할 의사나 능력이 없음에도 불구하고 피해자 AF, AG에게 주식투자금 및 일본 비자발급비용 명목으로 합계 187,862,219원을 교부받았다.",
            "피고인은 피해자에게 월 10%의 수익을 꾸준히 지급해줄 의사나 능력이 없음에도 불구하고 피해자 AJ에게 투자금 명목으로 총 25회에 걸쳐 합계 277,677,364원을 교부받았다.",
            "피고인은 피해자에게 원금 손실 없이 원금 대비 월 8%의 수익을 꾸준히 보장할 의사나 능력이 없음에도 불구하고 피해자 AL에게 합계 37,000,000원을 AJ 명의 증권계좌로 입금받았다.",
            "피고인은 결혼할 의사가 없고 실제로 임신한 사실이 없음에도 불구하고 피해자 V를 기망하여 13회에 걸쳐 192,644,590원을 교부받았다.",
            "피고인은 피고인의 큰 아버지가 경기 양평군 일대에 땅을 소유하고 있지 하니하고 피해자로부터 돈을 받더라도 그 땅을 임대해줄 의사나 능력이 없음에도 불구하고 토지 임대료 명목으로 현금 10,000,000원을 교부받았다.",
            "피고인은 금융기관을 설립할 의사나 능력이 없음에도 피해자 AS를 기망하여 6회에 걸쳐 95,500,000원을 송금받았다.",
            "피고인은 금융기관을 설립할 의사나 능력이 없음에도 피해자 T를 기망하여 28회에 걸쳐 87,393,973원을 송금받았다.",
            "피고인은 약속한 수익금과 원금을 지급할 의사나 능력이 없음에도 불구하고 피해자 AT를 기망하여 총 7회에 걸쳐 합계 21,856,000원을 교부받았다.",
            "피고인은 같은 방법으로 피해자들로부터 합계 2,515,450,294원을 교부받았다.",
            "피고인은 피해자에게 월 10%의 수익금과 원금을 지급할 의사나 능력이 없음에도 불구하고 피해자 AU에게 투자금 명목으로 총 61회에 걸쳐 합계 1,428,463,508원을 교부받았다.",
            "피고인은 피해자에게 월 10%의 배당금을 지급할 의사나 능력이 없음에도 불구하고 피해자 AW에게 투자금 명목으로 총 137회에 걸쳐 합계 742,639,226원을 교부받았다.",
            "피고인은 컴퓨터 등 정보처리장치에 권한 없이 피해자의 정보를 입력하여 정보처리를 하게 함으로써 피해자 AC에게서 합계 291,250원 상당의 재산상 이익을 취하였다."
        ]
    },
    "assrs": {
        "acusrAssrs": [],
        "dedatAssrs": [
            "피해자들이 배당받은 금액은 이득액에서 공제되어야 한다"
        ]
    },
    "facts": {
        "bsisFacts": [
            "피고인은 2007.12.7.서울북부지방법원에서 사기죄 등으로 징역 1년 4개월을 선고받고 그 형의 집행 중 2009.1.30.가석방되어 2009.3.2.가석방기간을 경과하였다.",
            "피고인은 2010.3.초순경 0000 K에 있는 L사우나에서, 피해자 J에게 \"나는 일본 국적을 가지고 있고 000에서 자산운용두자를 전문으로 하고 있다.내가 한국에서 주식과 선물 거래를 할 경우 일본 국적자이기 때문에 세금이 많이 나오는데, 나에게 증권계좌를 빌려주고 그 증권 거래를 하는 데 필요한 돈을 빌려주면 3개월후 원금과 함께 원금의 10%를 이자로 지급하겠다.\" 고 거짓말하였다.",
            "피고인은 위와 같이 피해자를 기망하여 이에 속은 피해자로부터 2010.3.2.경 피해자 명의의 000 계좌에 입금되어 있던 시가 합계 87,243,830원 상당의 주식을 교부받은 것을 비롯하여 그 무렵부터 2010.5.28.경까지 별지 범죄일람표 1 기재와 같이 모두 46회에 걸쳐 합계 844,540,729원 상당의 주식과 현금을 교부받았다.",
            "이에 속은 피해자로부터 같은 날 0000 P에 있는 피해자의 집에서 차용금 명목으로 현금 1,500,000원을 교부받은 것을 비롯하여 그 무렵부터 2010.7.15.경까지 사이에 별지 범죄일람표 2 기재와 같이 모두 43회에 걸쳐 합계 119,651,790원을 교부받거나 송금받았다.",
            "이에 속은 피해자로부터 피해자 명의의 R카드를 교부받아 사용한 다음, 피해자로 하여금 합계 36,773,106원 상당의 신용카드대금을 결제하게 하고도 그 대금을 변제하지 아니한 것을 비롯하여, 그 무렵부터 2010.8.경까지 별지 범죄일람표 3 기재와 같이 모두 15회에 걸쳐 합계 103,946,430원 상당의 신용카드대금을 변제하지 아니하였다.",
            "피고인은 2012.10.30.경 피해자에게 \"내가 운행하는 E 승용차를 담보로 돈을 빌려주면 이자와 원금을 틀림없이 갚겠다.\" 고 거짓말하여, 이에 속은 피해자로부터 2012.11.6.경 차용금 명목으로 T 명의의 예금계좌로 16,000,000원을 송금받았다.",
            "피고인은 위와 같이 피해자를 기망하여 이에 속은 피해자로부터 변호사 선임비 명목으로 2012.11.26.경 8,500,000원, 2012.12.7.경 14,000,000원, 2012.12.8.경 1,000,000원을 각 V 명의의 예금계좌로 송금받았다.",
            "피고인은 이에 속은 피해자로부터 피해자의 신용카드(AA 카드, AB)를 건네받아 2010.10.6.컴퓨터 구입 명목으로 1,550,000원을 결제한 것을 비롯하여 별지 범죄일람표 4 기재와 같이 그때부터 2010.10.24.까지 총 4회에 걸쳐 합계 2,074,850원 상당을 사용한 다음 신용카드대금을 변제하지 아니하였다.",
            "피고인은 이에 속은 피해자로부터 2010.10.22.AC 명의 AD은행 계좌(AE)로 2,500,000원을 송금받았다.",
            "피고인은 이에 속은 피해자들로부터 2012.12, 22.주식투자금 명목으로 20,000,000원을 교부받은 것을 비롯하여 별지 범죄일람표 5 기재와 같이 그때부터 2013.5.22.까지 총 26회에 걸쳐 주식투자금 및 일본 비자발급비용 명목으로 합계 187,862,219원을 교부받았다.",
            "피고인은 이에 속은 피해자로부터 2016.10.4.경 위 피해자의 집에서 투자금 명목으로 20,000,000원을 교부받은 것을 비롯해 같은 방법으로 별지 범죄일람표 6 기재와 같이 그때부터 2017.1.23.까지 총 25회에 걸쳐 합계 277,677,364원을 교부받았다.",
            "피고인은 이에 속은 피해자로부터 2017.1.3.13,000,000원, 2017.1.4.14,000,000원, 2017.1.5.10,000,000원 합계 37,000,000원을 AJ 명의 N증권계좌로 입금받았다.",
            "피고인은 이를 비롯하여 피해자로부터 위 일시경부터 2012.12.7.경까지 별지 범죄일람표 7 기재와 같이 13회에 걸쳐 192,644,590원을 교부받았다.",
            "피고인은 이와 같이 피해자를 기망하여 이에 속은 피해자로부터 위 일시경 토지 임대료 명목으로 현금 10,000,000원을 교부받았다.",
            "피고인은 이를 비롯하여 위 일시경부터 2012.11.26.경까지 별지 범죄일람표 8 기재와 같이 피해자를 기망하여 이에 속은 피해자로부터 6회에 걸쳐 95,500,000원을 송금받았다.",
            "피고인은 이를 비롯하여 위 일시경부터 2012.12.5.경까지 별지 범죄일람표 9 기재와 같이 피해자를 기망하여 이에 속은 피해자로부터 28회에 걸쳐 87,393,973원을 송금받았다.",
            "이와 같이 피고인은 같은 방법으로 별지 범죄일람표 10 순번 1 내지 3, 5, 7 내지 16 기재와 같이 피해자들로부터 합계 2,515,450,294원을 교부받았다.",
            "피고인은 이에 속은 피해자로부터 2014.9.2.피고인이 빌려 사용하는 AT 명의의 AV은행 계좌로 5,000,000원을 교부받은 것을 비롯하여 그때부터 2016.5.23.경까지 피해자로부터 별지 범죄일람표 10 순번 6 기재와 같이 총 61회에 걸쳐 합계 1,428,463,508원을 교부받았다.",
            "피고인은 2014.8.경 AX 등을 통해 알게 된 피해자 AW에게 같은 방법으로 \"나는 주식전문가이니 현재 투자를 하면 투자금에 대해 매월 10%를 배당금으로 주겠다.\" 라고 거짓말을 하여, 이에 속은 피해자로부터 2014.8.18.현금 3,000,000원을 교부받은 것을 비롯하여 그때부터 2016.5.23.경까지 피해자로부터 별지 범죄일람표 10 순번 4 기재와 같이 총 137회에 걸쳐 합계 742,639,226원을 교부받았다.",
            "피고인은 2010.10.20.경 0000 AY에 있는 피해자 AC의 주거지에서, 피해자의 휴대전화를 이용하여 인터넷 전자복권 게임사이트인 AZ에 접속한 뒤, 피해자의 주민번호와 전화번호를 이용하여 피해자의 휴대전화 소액결제로 합계 291,250원 상당을 사용하였다."
        ]
    },
    "dcss": {
        "courtDcss": [
            "범죄사실에 대한 해당법조 및 형의 선택 구 특정경제범죄 가중처벌 등에 관한 법률(2012.2.10.법률 제11304호로 개정되기 전의 것)제3조 제1항 제2호, 형법 제347조 제1항(판시 제1의 가항 기재 5억 원 이상 사기의 점, 포괄하여), 각 형법 제347조 제1항(판시 제1의 나항, 다항, 제2항 내지 제11항 기재 각 사기의 점,)",
            "(판시 제1의 나항, 다항, 제2의 나항, 제4의 가항, 제5항 내지 제7항, 제8의 가항, 제9항 내지 제11항 기재 각 사기의 점은 피해자별로 각 포괄하여, 징역형 선택), ",
            "구 특정경제범죄 가중처벌 등에 관한 법률(2016.1.6.법률 제13719호 개정되기 전의 것)제3조 제1항 제2호, 형법 제347조 제1항(판시 제12, 제13항 기재 각 5억 원 이상 사기의 점, 피해자별로 각 포괄하여), 형법 제347조의2(컴퓨터등사용사기의 점, 징역형 선택)",
            "피고인이 원금 및 수익금을 제대로 지불하여 줄 의사나 능력 없이 피해자들로부터 투자금을 교부받아 이를 편취하였다면 그 투자금을 교부받을 때마다 각별로 사기죄가 성립하는 것이므로, 교부받은 투자금을 피해자들에게 반환하였다가 다시 그 돈을 재투자받는 방식으로 계속적으로 투자금을 수수하였다면 그 각 편취범행으로 교부받은 투자금의 합계액이 이득액이 되는 것이지, 반환한 원금 및 수익금을 공제하여 이득액을 산정해야 하는 것은 아니다.",
            "(대법원 2006.5.26.선고 2006도1614 판결 등 참조).",
            "피고인이 피해자들에게 배당금 명목의 금원을 지급한 것은 지속적으로 사기범죄를 저지르기 위한 수단에 불과한 것이므로, 피고인 주장과 같이 피해자들에게 지급된 배당금 명목의 금원이 사기범죄의 이득액에서 공제될 수는 없다.",
            "피고인은 일본어를 사용하는 외국인이자 주식투자전문가인양 행세하며 피해자들에게 접근하였고, 투자금에 대한 고율의 수익금을 지급해주겠다고 피해자들을 기망하여 피해자들로부터 금원을 편취하거나, 피해자들과의 신뢰관계를 이용하여 차용금, 신용카드대금, 변호사 선임비용, 혼수비용 등 명목의 금원을 편취하였다.",
            "이 사건 각 사기 범죄의 피해자가 27명이나 되고, 피해금액 역시 총 67억여 원에 이르는 거액이다.",
            "피고인은 처음에는 피해자들로부터 적은 액수의 금원을 투자금 명목으로 지급받아 그에 대한 수익금을 꾸준히 지급하며 피해자들의 신뢰를 얻은 다음, 피해자들이 지인으로부터 차용하거나 금융기관으로부터 대출까지 받은 거액의 금원을 추가적으로 편취하였다.",
            "피고인은 이 사건 각 범죄로 취득한 이득액 중 주식투자에 사용한 일부를 제외한 대부분을 이미 투자받은 투자금에 대한 수익금 지급을 위한 돌려막기 용도로 사용하거나 자신의 생활비 등으로 사용하였다.",
            "피고인은 수익금으로 지급할 금원이 부족해지거나 일부 피해자들로부터 투자금에 대한 반환을 요구받다가 사기죄로 고소를 당하는 등의 사유가 발생하면 주거지를 옮기며 도피행각을 벌였는데, 0000, 0000 등의 도피처에서도 고율의 수익금을 미끼로 추가적인 범행을 저지르며 피해자들을 양산하였다.",
            "피해자들이 피고인으로부터 배당받은 금원이 일부 있기는 하나, 대부분 배당받은 금액마저 추가적으로 피고인에게 투자금 명목으로 교부하여 피해자들의 피해가 그다지 회복되지 아니하였고, 피해자들은 피고인의 강력한 처벌을 원하고 있다.",
            "피고인은 구속되어 구치소에 수감되어 있으면서도 교도관 명의의 증권계좌를 이용하여 투자를 하거나 다른 사람에게 금원을 송금하게 하는 등의 행위로 금치처분을 받기까지 하였다.",
            "피고인은 2007년경 동종범죄로 실형을 선고받은 전력이 있음에도 이 사건 각 범행을 반복하였다.",
            "이러한 사정을 종합하면, 피고인이 또다시 이 사건 각 범행과 유사한 사기범죄를 저지를 위험성이 매우 크고 피고인에게 그 죄책에 상응하는 엄한 처벌이 불가피하다.",
            "피고인은 대부분의 범죄사실을 인정하며 자신의 잘못을 반성하고 있다.",
            "피고인이 이 사건 각 범죄로 취득한 이득액 중 일부는 자신이 피해자들에게 지급한 배당금을 재투자받은 것이다."
        ]
    },
    "close": {
        "cnclsns": [
            "피고인을 징역 10년에 처한다."
        ]
    }
}