{
    "info": {
        "caseField": "2",
        "detailField": "6",
        "trailField": "1",
        "caseNm": "폭행",
        "courtNm": "서울중앙지방법원",
        "judmnAdjuDe": "2020. 12. 18.",
        "caseNo": "2020고정2188",
        "relateLaword": [
            "형법 제260조 ",
            "형법 제70조 ",
            "형법 제69조 ",
            "형사소송법 제334조"
        ],
        "qotatPrcdnt": []
    },
    "concerned": {
        "acusr": "4",
        "dedat": "1"
    },
    "org": {
        "orgJdgmnCourtNm": "",
        "orgJdgmnAdjuDe": "",
        "orgJdgmnCaseNo": ""
    },
    "disposal": {
        "disposalform": "9",
        "disposalcontent": [
            "피고인을 벌금 700,000원에 처한다.",
            "피고인이 위 벌금을 납입하지 아니하는 경 금 100,000원을 1일로 환산한 기간 피고인을 노역장에 유치한다.",
            "위 벌금에 상당한 금액의 가납을 명한다."
        ]
    },
    "mentionedItems": {
        "rqestObjet": [
            "피고인을 폭행으로 벌금에 처한다."
        ]
    },
    "assrs": {
        "acusrAssrs": [],
        "dedatAssrs": []
    },
    "facts": {
        "bsisFacts": [
            "피고인은 2020. 8. 21. 18:30경 0000 앞 노상에서 피해자 C(남, 40세)과 주차 문제로 다투다 화가 나 오른손으로 피해자의 왼쪽 뺨을 1회 밀쳐 폭행하였다."
        ]
    },
    "dcss": {
        "courtDcss": [
            "피고인이 폭력 범죄 등으로 형사처벌을 받은 전력이 있는 점, 피해자와 합의에 이르지 못한 점 등은 불리한 정상으로 참작한다.",
            "피고인이 이 사건 범행을 시인하고서 반성하고 있는 점, 이 사건 폭행의 정도가 그리 중하지 아니한 점 등은 유리한 정상으로 참작한다.",
            "그 밖에 피고인의 나이, 성행, 환경, 이 사건 범행에 이르게 된 동기 및 경위, 수단과 결과, 범행 후의 정황 등 기록에 나타난 여러 양형조건을 참작하여 주문과 같이 형을 정한다. "
        ]
    },
    "close": {
        "cnclsns": [
            "피고인을 벌금 700,000원에 처한다.",
            "피고인이 위 벌금을 납입하지 아니하는 경우 금 100,000원을 1일로 환산한 기간 피고인을 노역장에 유치한다.",
            "위 벌금에 상당한 금액의 가납을 명한다. "
        ]
    }
}