{
    "info": {
        "caseField": "2",
        "detailField": "6",
        "trailField": "1",
        "caseNm": "정보통신망이용촉진및정보보호등에관한법률위반(명예훼손)",
        "courtNm": "서울남부지방법원",
        "judmnAdjuDe": "2012. 12. 27.",
        "caseNo": "2012고단2717",
        "relateLaword": [
            "형사소송법 제327조 "
        ],
        "qotatPrcdnt": []
    },
    "concerned": {
        "acusr": "4",
        "dedat": "1"
    },
    "org": {
        "orgJdgmnCourtNm": "",
        "orgJdgmnAdjuDe": "",
        "orgJdgmnCaseNo": ""
    },
    "disposal": {
        "disposalform": "10",
        "disposalcontent": [
            "이 사건 공소를 기각한다."
        ]
    },
    "mentionedItems": {
        "rqestObjet": [
            "피고인은 피해자를 비방할 목적으로 정보통신망을 통하여 공공연하게 사실을 드러내어 피해자의 명예를 훼손하였다."
        ]
    },
    "assrs": {
        "acusrAssrs": [],
        "dedatAssrs": []
    },
    "facts": {
        "bsisFacts": [
            "피고인은 같은 대학원에 다니는 피해자 C을 협박죄 등으로 고소한 사건 등을 이유로 2011. 10. 22. 피해자와 다투다가 폭행죄로 처벌받게 되고 그 과정에서 피해자의 범죄 전력을 알게 되었다.",
            "피고인은 2012. 3. 16. 0000 D에 있는 피고인의 집에서 컴퓨터를 통하여 E의 MBA과정 자유게시판에 접속하여 \"도가니...부러진화살...그리고\"라는 제목으로 \"세상 얼마 살지도 않았는데 비슷한 일이 나에게도 일어나더군요 짧게 줄여서 얘기하자면...저에게 한동안 한 00 협박을 하다가 제가 경찰에 고소하니 자기 동생이 0000에 검찰이라고 넌 나한테 안되하고 협박하며 다음과 같은 문자를 보내더군요\"라는 내용의 글을 게시하였다.",
            "\"왜 일이커지니까 걱정되냐 참 그리고 혹시 아니 우리집이 집안이 좋다는거 그리고 결국 폭행을 하더군요. 그리고 전 상해3주진단이 나오고 진단서와 함께 경찰에 제출했는데 검찰에서 정당한 사유없이 단순폭행으로 끝내버리더라구 오히려 제가 폭행죄를 뒤집어 썼어요 알고 보니 00는 상해 2건 도둑질 1건 공문서 위조 1건의 전과까지 있더라구요\"라는 내용의 글을 게시하였다.",
            "\"주변에 법을 아는 사람들에게 물어보니 있을 수 없는 일이라며 말도 안된다고 하며 힘없으면 밟히는거야 하고 침묵하더라구요 목사님께서 직업이 사람을 정의롭게 할 수 없다고 하더니 검사와 판사라는 직업이 올바른 판결을 내리게 해주는 것은 아니더군요...ㅎㅎㅎㅎ\"라는 내용의 글을 게시하였다."
        ]
    },
    "dcss": {
        "courtDcss": [
            "위 공소사실은 정보통신망 이용촉진 및 정보보호 등에 관한 법률 제70조 제1항에 해당하는 죄로서 같은 법 제70조 제3항에 따라 피해자의 명시한 의사에 반하여 공소를 제기할 수 없다.",
            "그런데 공판기록에 편칠된 합의서의 기재에 의하면 이 사건 공소제기 이후인 2012. 12. 6. 피해자 C이 피고인의 처벌을 회망하는 의사표시를 철회한 사실을 인정할 수 있으므로 형사소송법 제327조 제6호에 따라 이 사건 공소를 기각한다."
        ]
    },
    "close": {
        "cnclsns": []
    }
}