{
    "info": {
        "caseField": "2",
        "detailField": "6",
        "trailField": "1",
        "caseNm": "국가보안법위반, 반공법위반, 집회및시위에관한법률위반",
        "courtNm": "대구지법",
        "judmnAdjuDe": "2019. 10. 01.",
        "caseNo": "2013재고단25",
        "relateLaword": [
            "형사소송법 제422조 ",
            "형사소송법 제420조",
            "구 집회 및 시위에 관한 법률(1989. 3. 29. 법률 제4095호로 전부 개정되기 전의 것) 제3조",
            "구 집회 및 시위에 관한 법률(1989. 3. 29. 법률 제4095호로 전부 개정되기 전의 것) 제14조",
            "형법 제1조",
            "형법 제124조",
            "형법 제125조",
            "구 국가보안법(1991. 5. 31. 법률 제4373호로 개정되기 전의 것) 제7조",
            "구 반공법(1980. 12. 31. 법률 제3318호 국가보안법 부칙 제2조에 의하여 폐지) 제4조 ",
            "구 형사소송법(1995. 12. 29. 법률 제5054호로 개정되기 전의 것) 제201조(현행 제201조, 제201조의2 참조)",
            "구 형사소송법(1995. 12. 29. 법률 제5054호로 개정되기 전의 것) 제206조(현행 제200조의3 참조)",
            "구 형사소송법(1995. 12. 29. 법률 제5054호로 개정되기 전의 것) 제207조(현행 제200조의4 참조)",
            "형사소송법 제307조",
            "형사소송법 제308조",
            "형사소송법 제309조",
            "형사소송법 제312조 ",
            "형사소송법 제317조 ",
            "형사소송법 제325조",
            "형사소송법 제326조",
            "형사소송법 제420조 "
        ],
        "qotatPrcdnt": [
            "대법원 2004. 9. 24. 선고 2004도2154 판결 ",
            "대법원 2010. 3. 11. 선고 2009도12930 판결, ",
            "대법원 2010. 12. 16. 선고 2010도5986 전원합의체 판결",
            "대법원 2012. 6. 14. 선고 2011도730 판결",
            "대법원 2013.3.28. 선고 2010도12836 판결",
            "대법원 2018. 8. 30. 선고 2014도14573 판결",
            "대법원 1992. 11. 24. 선고 92도2409 판결",
            "대법원 2003. 5. 30. 선고 2003도705 판결"
        ]
    },
    "concerned": {
        "acusr": "4",
        "dedat": "1"
    },
    "org": {
        "orgJdgmnCourtNm": "대구지방법원 ",
        "orgJdgmnAdjuDe": "1984. 1. 19. ",
        "orgJdgmnCaseNo": "83고단4920호"
    },
    "disposal": {
        "disposalform": "10",
        "disposalcontent": [
            "피고인 2, 3, 4, 망 5 및 피고인 1에 대한 집회및시위에관한 법률위반의 점은 각 면소이다.",
            "피고인 1에 대한 국가보안법위반, 반공법위반의 점은 각 무죄이다.",
            "피고인 1에 대하여 판결의 요지를 공시한다."
        ]
    },
    "mentionedItems": {
        "rqestObjet": [
            "피고인 1을 비롯한 피고인들은 1983. 9. 22. 발생한 ‘대구 미문화원 폭파사건’과 관련, 수사기관에 연행된 후 피고인1은 국가보안법 위반, 반공법 위반, 집회 및 시위에 관한 법률 위반, 그외 피고인들은 각 집회 및 시위에 관한 법률 위반으로 구속 기소되어 모두 유죄판결을 받고 확정되었는데, 당시 피고인들에 대한 경찰 조사가 사실상 인신이 구금당한 채 고문을 하면서 이루어진 사실이 증명됨으로써 위 재심대상판결에 재심사유가 있다."
        ]
    },
    "assrs": {
        "acusrAssrs": [],
        "dedatAssrs": [
            "개정된 집회 및 시위에 관한 법률은 구 집회 및 시위에 관한 법률 제3조 제1항 제4호의 현저히 사회적 불안을 야기시킬 우려가 있는 집회 또는 시위 부분을 삭제하였고, 이는 종전의 조치가 부당하다는 반성적 고려에 의한 것이므로, 면소판결이 선고되어야 한다.",
            "고무, 찬양의 점에 주2)대하여: 피고인 1은 별지 공소사실 제3의 가.항과 같은 각 발언을 하면서 반국가단체 등을 찬양, 고무한 적이 없고, 불법 구금 및 고문에 의하여 경찰과 검찰 단계에서 허위자백을 한 것이므로 위 공소사실을 증명할 증거가 없다.",
            "구 반공법, 구 국가보안법의 문서·취득소지의 점에 주3)대하여: 피고인 1이 소지하고 있었던 서적은 이적표현물에 해당되지 아니하고, 이적행위를 할 목적도 없었으므로 공소사실을 증명할 증거가 없다."
        ]
    },
    "facts": {
        "bsisFacts": [
            "피고인들은 대구지방법원 83고단4920호로 국가보안법 위반, 반공법 위반, 집회 및 시위에 관한 법률 위반의 별지 공소사실로 구속 기소되었다.",
            "위 법원은 1984.1.19.피고인 1에 대한 국가보안법 위반, 반공법 위반, 집회 및 시위에 관한 법률 위반죄, 나머지 피고인들에 대한 각 집회 및 시위에 관한 법률 위반죄에 대하여 모두 유죄로 인정하여 피고인 1에 대하여 징역 3년 및 자격정지 3년, 피고인 2, 피고인 3, 피고인 4, 망 피고인 5를 각 징역 1년 6월에 각 처한다는 판결을 선고하였다.",
            "그리고 피고인들은 같은 날 항소를 포기하여 위 판결은 확정되었다(이하 '재심대상판결'이라 한다).",
            "피고인 1, 피고인 2, 피고인 3, 피고인 4와 망 피고인 5(2005.3.4.사망)의 처 공소외 1은 2013.5.6.재심대상판결에 형사소송법 제420조에서 정한 재심사유가 있음을 이유로 이 법원에 재심을 청구하였다.",
            "이 법원은 2016.3.14.사법경찰관의 형법상의 불법체포·감금 및 폭행·가혹행위죄에 대하여 공소시효가 완성됨으로써 이에 대한 확정판결을 얻을 수는 없으나, 과거사정리위원회의 결과 및 재심청구에 대한 심리절차에서 피고인들에 대한 경찰 조사가 사실상 인신이 구금당한 채 고문을 가하면서 이루어진 사실이 증명되었다.",
            "형사소송법 제422조 본문에 해당하게 되어 재심개시결정을 하였고, 검사의 즉시항고가 2017.8.18.기각되어 위 결정은 확정되었다.",
            "피고인 1은 미문화원 폭파사건(1983.9.22.)과 관련하여 1983.9.말경 대구남부경찰서에 자진 출석하여 조사를 주7)받았는데, 그로부터 구속영장이 집행된 1983.10.26.까지 위 경찰서 조사실, 대구시경찰국 분실에서 귀가하지 못하고 계속 조사를 받았다.",
            "위 피고인은 남부경찰서에서는 폭파사건에 대하여 자백을 강요당하며 잠을 거의 자지 못한 채 조사받고, 졸기 시작하면 구타나 주리틀기 등 고문을 당하고, 대구시경찰국 분실에서도 시경 직원 및 치안본부에서 파견된 공소외 17 등으로부터 조사를 받았는데 공소외 17은 폭파사건보다 국가보안법 위반으로 조사를 하였다.",
            "조사 첫날 위 피고인의 오른쪽 어깨 관절 빼기, 급소 때리기 등의 고문을 하였고, 위 피고인에게 샘플 진술서를 보여주며 혐의에 대하여 자백하는 진술서를 작성하게 하였던 주8)점이 있다.",
            "피고인 망 피고인 5는 망인의 처가 재심청구를 하였고, 형사소송법 제438조 제3항의 규정에 의하여 불출석 상태에서 심리하였다.",
            "피고인 2는 1983.9.말경 대구남부경찰서로 연행되고, 구속영장이 집행된 1983.10.26.까지 대구남부경찰서, 대구시경찰국 대공분실에서 귀가하지 못하고 조사를 계속 받았으며, 잠을 거의 자지 못하고, 공소외 17 등 수사관으로부터 구타, 전기충격기 고문을 당하였다.",
            "피고인 3은 1983.9.말경 경찰에 연행되어 1983.10.26.구속영장이 집행될 때까지 파출소 뒤 안가 형태 건물과 대구시경찰국 대공분실에서 귀가하지 못하고 계속 조사를 받으며, 몽둥이로 가격을 당하는 등 구타와 고문을 당하였다.",
            "피고인 4는 1983.10.초순경 자취방에서 연행되어 대구북부경찰서와 대구시경찰국 대공분실 등에서 조사를 받으며 구속영장이 집행된 1983.10.26.까지 귀가하지 못하고 계속하여 구금되어 있었고, 조사 당시 일주일 동안 2시간 정도를 제외하고 잠을 거의 자지 못하고, 조금만 졸아도 머리를 때려 깨워 같은 내용의 진술서를 반복 작성하도록 강요받았다.",
            "뺨을 수차례 맞는 등 고문을 당하였다.망 피고인 5의 경우 진실규명 결정 이전에 사망하였지만, 나머지 피고인들과 근접한 일시에 미문화원 폭파사건 의 용의자로 지목되어 동일, 유사한 절차에 의하여 수사를 받은 것으로 보인다.",
            "이 법정에 증인으로 출석하였던 공소외 2, 공소외 3, 공소외 4도 수사기관에서 강압, 회유, 협박에 의하여 진술서류를 작성하였다는 취지의 진술을 한 점이 있다.",
            "변호인은 1984.1.13.자 변론요지서에서 피고인들을 영장 없이 20일 이상 귀가시키지 않은 채 조사를 하였다는 취지의 주장을 한 점 등에 비추어 보면, 늦어도 1983.10.9.(진술조서 작성일자)경 연행되어 구속영장이 집행된 1983.10.27.까지 영장 없이 구금된 것으로 보인다."
        ]
    },
    "dcss": {
        "courtDcss": [
            "재심개시결정이 확정된 사건에 대하여 법원은 그 심급에 따라 다시 심판을 하여야 하는데(형사소송법 제438조 제1항), 여기에서 다시 심판한다는 것의 의미는 재심대상판결 자체의 당부를 심사하는 것이 아니라 그 심급에 따라 사건 자체를 처음부터 다시 심판하는 것을 의미한다.",
            "이 법원은 이 사건 공소사실에 관하여 재심판결 당시를 기준으로 재심대상판결의 기초가 된 증거들과 그 이후에 재심공판절차에서 새롭게 제출된 증거들의 증거가치를 종합적으로 평가하여 원심판결의 당부를 새로이 판단하여야 하고(대법원 2004.9.24.선고 2004도2154 판결 등 참조), 법령을 해석함에 있어 재심판결 당시를 기준으로 하여야 할 것이다.",
            "재심이 개시된 사건에서 범죄사실에 대하여 적용하여야 할 법령은 재심판결 당시의 법령이다.",
            "따라서 법원은 재심대상판결 당시의 법령이 변경된 경우에는 그 범죄사실에 대하여 재심판결 당시의 법령을 적용하여야 하고, 만일 범죄사실에 적용할 법령이 그 제정의 이유가 된 법률이념의 변천에 따라 해당 행위에 대한 평가가 달라져 이를 범죄로 인정하고 처벌하는 것 자체가 부당하다는 반성적 고려에서 폐지된 경우에는 형법 제1조 제2항 및 형사소송법 제326조 제4호를 적용하여 그 범죄사실에 대하여 면소를 선고하는 것이 원칙이다.",
            "(대법원 2010.3.11.선고 2009도12930 판결, 대법원 2010.12.16.선고 2010도5986 전원합의체 판결 등 참조).",
            "이 사건 공소사실 중 각 집회 및 시위에 관한 법률위반의 점(별지 공소사실 중 제1, 2항)에 관하여 구 집회 및 시위에 관한 법률(1989.3.29.법률 제4095호로 전부 개정되기 전의 것, 이하 같다)제3조 제2항, 제1항 제4호(시위음모의 점)를 적용하였다.",
            "그 후 개정된 집회 및 시위에 관한 법률은 구 집회 및 시위에 관한 법률 제3조 제1항 제4호의 현저히 사회적 불안을 야기시킬 우려가 있는 집회 또는 시위 부분을 삭제하였고 이는 구 집회 및 시위에 관한 법률 제3조 제1항 제4호에 의한 집회 내지 시위까지 처벌대상으로 삼은 종전의 조치가 부당하다는 반성적 고려에 의한 것이다.",
            "이 사건 공소사실 중 각 집회 및 시위에 관한 법률위반의 점은 범죄 후 법률의 개폐에 의하여 형이 폐지되었을 때에 해당하여 면소를 선고하여야 한다(대법원 2012.6.14.선고 2011도730 판결 참조).",
            "따라서, 피고인 00, 00, 00, 00 및 피고인 00에 대한 집회 및 시위에 관한 법률위반의 점에 대한 별지 제1, 2항의 공소사실은, 위에서 살펴 본 바와 같이 이 부분 공소사실에 적용된 구 집회 및 시위에 관한 법률 제3조 제1항 제4호가 1989.3.29.법률 제4095호에 의하여 폐지되었음이 명백하므로, 형사소송법 제326조 제4호에 의하여 각 면소를 선고한다.",
            "① 먼저, 경찰이 작성한 피고인 1에 대한 각 피의자신문조서에 대하여 위 피고인과 변호인이 그 내용을 부인하고 있으므로, 각 피의자신문조서는 형사소송법 제312조 제3항 에 의하더라도 증거능력이 없다.",
            "② 다음으로, 경찰 단계에서 작성된 피고인 1에 대한 진술조서, 진술서, 자술서에 대하여 위 피고인과 변호인이 증거로 채택함에 부동의하면서 임의성을 부인하고 있는바, 이 법원이 적법하게 채택하여 조사한 증거들에 의하여 인정되는 다음과 같은 사정을 본다.",
            "㉮ 피고인 1은 미문화원 폭파사건(1983.9.22.)과 관련하여 1983.9.말경 대구남부경찰서에 자진 출석하여 조사를 주7)받았는데, 그로부터 구속영장이 집행된 1983.10.26.까지 위 경찰서 조사실, 대구시 경찰국 분실에서 귀가하지 못하고 계속 조사를 받았다.",
            "위 피고인은 남부경찰서에서는 폭파사건에 대하여 자백을 강요당하며 잠을 거의 자지 못한 채 조사받고, 졸기 시작하면 구타나 주리틀기 등 고문을 당하고, 대구시 경찰국 분실에서도 시경 직원 및 치안본부에서 파견된 공소외 17 등으로부터 조사를 받았는데 공소외 17은 폭파사건보다 국가보안법 위반으로 조사를 하였고, 조사 첫날 위 피고인의 오른쪽 어깨 관절 빼기, 급소 때리기 등의 고문을 하였다.",
            "위 피고인에게 샘플 진술서를 보여주며 혐의에 대하여 자백하는 진술서를 작성하게 하였던 주8)점, ㉯수사기록의 검거보고서에 위 피고인에 대한 검거일이 1983.10.21.~23.로 되어 있으나, 검거일 이전에 각 진술서류가 존재하고, 임의동행보고서나 석방보고서가 발견되지 않는 주9)점 에 의하면, 위 피고인은 경찰에 연행된 1983.9.말경부터 구속영장이 집행된 1983.10.26.까지 불법 구금되어 있었다.",
            "경찰 수사과정에서 고문 등을 당하여 임의성 없는 심리상태에서 제3항의 공소사실을 자백하였다고 인정되고, 이러한 진술이 기재된 위 피고인에 대한 각 진술조서, 진술서, 자술서는 위법수집증거에 해당하고, 임의성도 인정할 수 없어 증거로 할 수 없다.",
            "이 법원이 적법하게 채택하여 조사한 증거들에 의하여 인정되는 다음과 같은 사정, ① 피고인 1은 검찰 1회 조사 당시 경찰에서 가혹행위가 있었다고 말하였으나 옆방에 수감 중이던 공소외 18로부터 검찰에서 경찰 조사 받았던 사항을 거짓이라고 얘기하자 다시 공소외 17이 데리고 가서 폭행하여 갈비뼈가 상한 것 같다는 진술을 들었다.",
            "그 후 경찰에서 진술한 대로 인정할 수밖에 없었다고 진술하는 점, ② 피고인 1, 피고인 2는 재심대상판결의 제1심 공판기일에서 경찰에서 위협에 의해 강요된 진술을 했고, 검사 앞에서는 대구 미문화원 사건 조사 과정에서 장기간 고통을 받아 귀찮아서 위와 같이 진술을 하였고 한 주10)점 등을 종합하여 본다.",
            "검사가 위 피고인에 대하여 직접적인 불법 구금, 고문, 폭행 등의 가혹행위를 한 바는 없다고 하더라도 위 피고인이 검사의 조사단계에서도 경찰 수사로 인한 임의성 없는 심리상태가 계속되어 동일한 내용의 자백을 한 것이라고 의심할 만한 충분한 이유가 있다.",
            "달리 그 임의성의 의문점을 해소할 만한 검사의 증명이 없으므로, 결국 검사가 작성한 위 피고인에 대한 각 피의자신문조서 또한 증거능력이 없다.",
            "증인 공소외 2는 이 법정에 출석하여 1983.9.경찰에 연행되어 1983.12.25.까지 집에 가지 못하고 수사기관에 억류되어 있었고, 수사기관에서 잠을 안 재우고 고문을 하면서 진술서를 작성하라고 강요하여 진술서류를 작성하게 되었으며, 실제로 친구들과 교양 서적을 읽고 논의하였을 뿐 공소사실 제3의 가.항과 같은 행위를 한 적이 없다고 증언하였다.",
            "증인 공소외 4는 1983.9.23.경 소속을 밝히지 않은 남자 2명에게 연행되어, 열흘 정도 집에 가지 못하고 감금되어 다른 사람들이 쓴 진술서를 베껴 적으라고 하여 진술서류를 작성하게 되었다고 증언하였으며, 증인 공소외 3은 경찰에 연행되어 일주일 정도 구금된 상태에서 잠을 재우지 않고, 폭언을 하면서 다른 사람의 진술서를 베껴 쓰라고 하여 진술서류를 작성하였다.",
            "검찰에서도 이미 경찰에서 조사받은 것을 뒤집을 수 없는 느낌으로 강압적인 분위기였다고 증언하였는바, 위 각 진술서류의 임의성을 인정할 수 없어 증거능력이 없다.",
            "위 증거들은 위 피고인과 변호인이 증거로 함에 동의하지 아니하였고, 진술내용과 동일하게 기재되어 있음이 작성자 또는 원진술자의 진술에 의하여 증명되지 아니하였으므로, 모두 증거능력이 없다.",
            "한편 피고인 1은 공소사실 제3의 가.항과 같은 발언을 하거나 반국가단체를 동조, 찬양한 적이 없고, 제3의 나.항의 서적을 소지하고 있었던 사실은 맞지만, 위 서적은 이적표현물로 볼 수 없고, 반국가단체에 동조할 목적으로 이를 소지하고 있었던 것도 아니며 일부 서적은 일본어로 되어 있어 읽지도 못하였다고 주장한다.",
            "검사가 제출한 나머지 증거들을 종합하여 보더라도, 피고인 1이 공소사실 제3의 가.항의 발언을 하였다는 사실 및 피고인 1에게 반국가단체나 그 구성원 또는 국외의 공산계열의 활동을 찬양, 고무 또는 이에 동조하거나 기타의 방법으로 반국가단체 등을 이롭게 할 목적 이 있었다거나, 위 피고인의 서적 취득,소지행위로 인하여 국가의 존립,안전이나 자유민주적 기본질서에 위해를 줄 명백한 위험 이 발생하였다고 보기도 어렵다."
        ]
    },
    "close": {
        "cnclsns": [
            "피고인 1 외 주1)4인",
            "피고인 2, 피고인 3, 피고인 4, 망 피고인 5 및 피고인 1에 대한 집회 및 시위에 관한 법률 위반의 점은 각 면소.",
            "피고인 1에 대한 국가보안법 위반, 반공법 위반의 점은 각 무죄이다.",
            "피고인 1에 대하여 판결의 요지를 공시한다."
        ]
    }
}