{
    "info": {
        "caseField": "2",
        "detailField": "6",
        "trailField": "1",
        "caseNm": "아동, 청소년의성보호에관한법률위반(강제추행)",
        "courtNm": "서울동부지법",
        "judmnAdjuDe": "2020. 01. 15.",
        "caseNo": "2019고합285",
        "relateLaword": [
            "아동, 청소년의 성보호에 관한 법률 제7조 ",
            "형법 제298조",
            "국민의 형사재판 참여에 관한 법률 제46조 ",
            "형사소송법 제325조",
            "형사소송법 제325조 ",
            "형법 제58조"
        ],
        "qotatPrcdnt": [
            "대법원 2002. 12. 24. 선고2002도5662 판결",
            "대법원 2005. 4. 15. 선고 2005도767 판결 ",
            "대법원 2002. 4. 26. 선고 2001도2417 판결 "
        ]
    },
    "concerned": {
        "acusr": "4",
        "dedat": "1"
    },
    "org": {
        "orgJdgmnCourtNm": "",
        "orgJdgmnAdjuDe": "",
        "orgJdgmnCaseNo": ""
    },
    "disposal": {
        "disposalform": "10",
        "disposalcontent": [
            "피고인은 무죄로 판결한다.",
            "피고인에 대한 판결의 요지를 공시한다.",
            "이 법원이 채택하여 조사한 증거들에 의하여 인정되는 피고인과 피해자 사이의 기존 관계, 문제 된 신체접촉의 경위나 그정도 등에 비추어 볼 때, 검사가 제출한 증거만으로는 피고인의 행위가 앞서 살펴본 법리에 따른  추행 에 해당한다는 점이 합리적인 의심을 할 여지가 없을 정도로 증명되었다고 보기 어렵고, 달리 이를 인정할 증거가 없다."
        ]
    },
    "mentionedItems": {
        "rqestObjet": [
            "피고인은 아동,청소년인 피해자를 강제로 추행하였다."
        ]
    },
    "assrs": {
        "acusrAssrs": [],
        "dedatAssrs": [
            "피고인이 피해자에게 공소사실과 같은 신체접촉을 하기는 하였으나 이는 강제추행죄에서 규정하는 '추행' 에 해당하지 않는다."
        ]
    },
    "facts": {
        "bsisFacts": [
            "피고인은 아동·청소년인 피해자 공소외인(여, 18세)과 000 오픈채팅방에서 알게 되어 당일 처음 만난 사이이다.",
            "피고인은 2018.12.18.10:00경부터 같은 날 12:00경까지 사이에 0000 (주소 생략)'0' 테마파크에서 피해자와 함께 다니던 중 수회에 걸쳐 피해자의 손을 갑자기 잡고, 피해자의 옆구리를 갑자기 쿡쿡 찌르며, 피해자의 볼을 갑자기 만지고, 계속하여 피해자를 팔을 벌려 껴안으려고 하였다.",
            "이로써 피고인은 아동·청소년인 피해자를 강제로 추행하였다."
        ]
    },
    "dcss": {
        "courtDcss": [
            "이 법원이 채택하여 조사한 증거들에 의하여 인정되는 피고인과 피해자 사이의 기존 관계, 문제 된 신체접촉의 경위나 그정도 등에 비추어 볼 때, 검사가 제출한 증거만으로는 피고인의 행위가 앞서 살펴본 법리에 따른 '추행' 에 해당한다는 점이 합리적인 의심을 할 여지가 없을 정도로 증명되었다고 보기 어렵고, 달리 이를 인정할 증거가 없다.",
            "그렇다면 위 공소사실은 범죄의 증명이 없는 경우에 해당하므로, 형사소송법 제325조 후단에 따라 무죄를 선고하고 형법 제58조 제2항에 의하여 피고인에 대한 무죄판결의 요지를 공시하기로 한다."
        ]
    },
    "close": {
        "cnclsns": [
            "피고인은 무죄이다.",
            "피고인에 대한 판결의 요지를 공시한다."
        ]
    }
}