{
    "info": {
        "caseField": "2",
        "detailField": "6",
        "trailField": "1",
        "caseNm": "상해",
        "courtNm": "창원지방법원",
        "judmnAdjuDe": "2018. 08. 31.",
        "caseNo": "2018고정381",
        "relateLaword": [
            "형법 제257조",
            "형법 제70조",
            "형법 제69조"
        ],
        "qotatPrcdnt": []
    },
    "concerned": {
        "acusr": "4",
        "dedat": "1"
    },
    "org": {
        "orgJdgmnCourtNm": "",
        "orgJdgmnAdjuDe": "",
        "orgJdgmnCaseNo": ""
    },
    "disposal": {
        "disposalform": "9",
        "disposalcontent": [
            "피고인을 벌금 100만 원에 처한다.",
            "피고인이 위 벌금을 납입하지 아니하는 경우 10만 원을 1일로 환산한 기간 피고인을 노역장에 유치한다."
        ]
    },
    "mentionedItems": {
        "rqestObjet": [
            "피고인을 벌금 100만 원에 처한다.",
            "피고인이 위 벌금을 납입하지 아니하는 경우 10만 원을 1일로 환산한 기간 피고인을 노역장에 유치한다."
        ]
    },
    "assrs": {
        "acusrAssrs": [],
        "dedatAssrs": []
    },
    "facts": {
        "bsisFacts": [
            "피고인은 2017. 3. 18. 23:30경 0000에 있는 C모텔에서, 피해자 D (19세)이 술에 취하여 E에게 자꾸 말을 하면서 심하게 술주정을 한다는 이유로, \"너부터 기절시키고 상황을 정리해야 되겠다.\" 라고 하면서 오른손 주먹으로 피해자의 얼굴 부위를 1회 때렸다.",
            "피고인은 위와 같이 피해자를 폭행하여 피해자에게 약 1달간의 치료를 요하는 치관, 치근 파절의 상해를 가하였다."
        ]
    },
    "dcss": {
        "courtDcss": [
            "형법 제257조 제1항(벌금형 선택)을 적용한다."
        ]
    },
    "close": {
        "cnclsns": [
            "피고인을 벌금 100만 원에 처한다.",
            "피고인이 위 벌금을 납입하지 아니하는 경우 10만 원을 1일로 환산한 기간 피고인을 노역장에 유치한다."
        ]
    }
}