{
    "info": {
        "caseField": "2",
        "detailField": "6",
        "trailField": "1",
        "caseNm": "특정경제범죄가중처벌등에관한법률위반(사기),사기,사기미수,조세범처벌법위반,의료법위반,식품위생법위반,고용보험법위반,국민기초생활보장법위반,전자금융거래법위반,이자제한법위반,국가기술자격법위반",
        "courtNm": "대구지방법원 서부지원",
        "judmnAdjuDe": "2014. 04. 17.",
        "caseNo": "2013고합236",
        "relateLaword": [
            "의료법 제88조",
            "의료법 제27조",
            "형법 제30조 ",
            " 형법 제347조 ",
            "형법 제352조",
            "형법 제347조 ",
            "구 식품위생법(2013. 3. 23. 법률 제11690호로 개정되기 이전의 것) 제97조",
            "구 식품위생법(2013. 3. 23. 법률 제11690호로 개정되기 이전의 것) 제27조",
            "조세범처벌법 제10조",
            "특정경제범죄 가중처벌 등에 관한 법률 제3조",
            "의료법 제87조",
            "고용보험법 제116조",
            "이자제한법 제8조 ",
            "이자제한법 제2조",
            "전자금융거래법 제49조 ",
            "전자금융거래법 제6조",
            "국민기초생활보장법 제49조",
            "형법 제40조 ",
            "형법 제50조",
            "형법 제42조"
        ],
        "qotatPrcdnt": [
            "대법원 2005. 2. 25. 선고 2004도7245 판결",
            "대법원 2008. 11. 13. 선고 2008도7388 판결",
            "대법원 2004. 4. 9. 선고 2003도7828 판결",
            "대법원 2007. 3. 29. 선고 2006도9334 판결 ",
            "대법원 1997. 5. 16. 선고 97도60 판결",
            "대법원 1994. 12. 23. 선고 94도1937 판결"
        ]
    },
    "concerned": {
        "acusr": "4",
        "dedat": "1"
    },
    "org": {
        "orgJdgmnCourtNm": "",
        "orgJdgmnAdjuDe": "",
        "orgJdgmnCaseNo": ""
    },
    "disposal": {
        "disposalform": "6",
        "disposalcontent": [
            "피고인들을 각 징역 2년 6월에 처한다.",
            "다만, 피고인 2에 대하여는 이 판결 확정일로부터 3년간 위 형의 집행을 유예한다",
            "피고인 3(대판:피고인)에 대한 공소사실 중 국가기술자격법위반의 점은 무죄이다."
        ]
    },
    "mentionedItems": {
        "rqestObjet": [
            "피고인들은 본인부담금을 할인하거나 환자를 소개해 주는 사람에게 소개비를 지급하는 등의 방법으로 환자를 유인하기로 공모하였다.",
            "피고인들은 병원의 식당을 공소외 7에게 위탁하여 운영하도록 하였음에도 마치 직영으로 운영하는 것처럼 속여 요양급여, 환자본인부담금, 보험금을 편취하기로 공모하였다.",
            "피고인들과 공소외 7은 이에 속은 피해자 국민건강보험공단으로부터 별지 범죄일람표 (2) 기재와 같이 2012. 6. 8.경부터 2013. 3. 21.경까지 총 32회에 걸쳐 환자식대 가산금(직영가산금, 영영사 가산금, 조리사 가산금, 선택식단 가산금)으로 86,383,755원을 교부받았다.",
            "피고인들은 공모하여 환자식대 가산금을 편취하는 한편 세금을 포탈하기 위해 세금계산서를 발행받지 않기로 하고, 위와 같은 급식위탁운영계약에 따라 위 기간 동안 합계 933,670,909원의 급식 용역을 제공받았음에도 이에 대한 세금계산서를 수취하지 아니하였다.",
            "피고인들은 부가가치세 신고를 하면서 위 세금계산서를 반영한 매입처별 세금계산서 합계표를 허위로 제출하였다."
        ]
    },
    "assrs": {
        "acusrAssrs": [],
        "dedatAssrs": [
            "피고인들이 근무하는 000(이하 ‘이 사건 병원’이라고 한다)은 피고인 2가 적법하게 개설한 의료기관으로서 의사 등이 아닌 나머지 피고인들이 피고인 2의 명의만을 빌려 개설한 의료기관이 아니다.따라서 피고인들에 대하여는 의료법위반죄가 성립하지 아니하고, 이를 전제로 한 사기죄도 성립하지 아니한다.",
            "피고인들은 판시 범죄사실 제6항 기재 각 대출(이하 ‘이 사건 각 대출’이라고 한다)과 관련하여 피해자 은행들에 대하여 어떠한 기망행위도 없었을 뿐만 아니라 편취 의사도 존재하지 않았다는 취지로 주장한다.",
            "피고인 3(대판:피고인)은 경찰 이래 이 법정에 이르기까지 이 사건 공소사실을 부인하면서, 공소외 2 명의의 가스기능사 2급 자격증을 대여받은 주체는 이 사건 병원의 임대인인 00000 건물주라는 취지로 주장한다."
        ]
    },
    "facts": {
        "bsisFacts": [
            "누구든지 국민건강보험법이나 의료급여법에 따른 본인부담금을 면제하거나 할인하는 행위, 금품 등을 제공하거나 불특정 다수인에게 교통편의를 제공하는 행위 등 영리를 목적으로 환자를 의료기관이나 의료인에게 소개·알선·유인하는 행위를 하여서는 아니 된다.",
            "그럼에도 피고인들은 본인부담금을 할인하거나 환자를 소개해 주는 사람에게 소개비를 지급하는 등의 방법으로 환자를 유인하기로 공모하였다.",
            "피고인들은 위와 같은 공모에 따라 별지 범죄일람표 (1)기재와 같이 2011.8.경부터 2013.9.30.경까지 0000 (주소 생략)에 있는 000에서 입원환자 115명에게 국민건강보험법에 따른 본인부담금 171,495,312원을 할인해주었다.",
            "또한, 환자를 소개해 준 사람에게 소개비 명목으로 5만 원 내지 10만원 상당의 현금이나 5만원 상당의 상품권을 지급하고, 무료로 구급차를 이용하도록 하여 교통 편의를 제공하였다.",
            "이로써 피고인들은 공모하여 영리를 목적으로 환자를 유인하는 행위를 하였다.",
            "피고인들과 공소외 7은 병원 식당을 직영으로 운영하면 위탁으로 운영하는 경우에 비해 요양급여, 환자본인부담금, 손해보험사로부터 지급되는 보험금을 더 많이 받을 수 있다는 점을 악용하여, 위 병원의 식당을 공소외 7에게 위탁하여 운영하도록 하였음에도 마치 직영으로 운영하는 것처럼 속여 요양급여, 환자본인부담금, 보험금을 편취하기로 공모하였다.",
            "피고인들은 공소외 7과 공모하여, 2012.5.1.경 공소외 7이 운영하는 공소외 8 주식회사로부터 보증금 4억 원을 받고 위 병원 식당을 위탁운영하도록 하였음에도, 피해자 국민건강보험공단의 직원에게 2012.6.8.경부터 2013.3.21.경까지 마치 위 병원 식당을 직영으로 운영하는 것처럼 기망하였다.",
            "피고인들과 공소외 7은 이에 속은 피해자 국민건강보험공단으로부터 별지 범죄일람표 (2)기재와 같이 2012.6.8.경부터 2013.3.21.경까지 총 32회에 걸쳐 환자식대 가산금(직영가산금, 영영사 가산금, 조리사 가산금, 선택식단 가산금)으로 86,383,755원을 교부받았다.",
            "피고인들은 공소외 7과 공모하여, 2012.5.1.경 공소외 7이 운영하는 공소외 8 주식회사로부터 보증금 4억 원을 받고 위 병원 식당을 위탁운영하도록 하였음에도, 피해자 국민건강보험공단의 직원에게 2013.4.8.경부터 2013.10.15.경까지 마치 위 병원 식당을 직영으로 운영하는 것처럼 기망하였다.",
            "피고인들은 공소외 7과 공모하여, 2012.5.1.경 공소외 7이 운영하는 공소외 8 주식회사로부터 보증금 4억 원을 받고 위 병원 식당을 위탁운영하도록 하였음에도, 피해자 국민건강보험공단의 직원에게 2013.4.8.경부터 2013.10.15.경까지 마치 위 병원 식당을 직영으로 운영하는 것처럼 기망하였다.",
            "피고인들과 공소외 7은 이와 같이 피해자 국민건강보험공단을 기망하여 이에 속은 피해자에게 별지 범죄일람표 (3)기재와 같이 2013.4.8.경부터 2013.10.15.경까지 총 20회에 걸쳐 환자식대 가산금(직영가산금, 영영사 가산금, 조리사 가산금, 선택식단 가산금)으로 77,806,360원을 지급해 달라고 청구하였다.",
            "피해자가 2013.4.10.경부터 위 병원에 대한 요양급여 지급을 중지함에 따라 위 가산금을 지급받지 못하고 미수에 그쳤다.",
            "이로써 피고인들은 공소외 7과 함께 피해자 공소외 5 등 위 병원 입원환자 2,513명을 기망하여 피해자로부터 164,190,115원을 교부받았다.",
            "이로써 피고인들과 공소외 7과 함께 피해자 공소외 9 회사등 5곳의 손해보험사로부터 합계 3,725,180원을 교부받았다.",
            "이로써 피고인들은 공소외 7과 공모하여 관할 관청에 신고를 하지 아니하고 위탁급식영업을 하였다.",
            "그럼에도 피고인들은 공모하여 환자식대 가산금을 편취하는 한편 세금을 포탈하기 위해 세금계산서를 발행받지 않기로 하고, 위와 같은 급식위탁운영계약에 따라 위 기간 동안 합계 933,670,909원의 급식 용역을 제공받았음에도 이에 대한 세금계산서를 수취하지 아니하였다.",
            "피고인 2와 피고인 3(대판:피고인)은 공모하여, 사실은 공소외 14가 000의 명의를 빌려 000의 인테리어 공사를 하였고, 000과는 실물 거래가 없었음에도, 공소외 14로부터 000 대표 공소외 15가 발행한 2억 2,000만 원 상당의 세금계산서를 수취했다.",
            "2012.1.경 대구▷▷세무서에 2011.경 부가가치세 신고를 하면서 위 세금계산서를 반영한 매입처별 세금계산서 합계표를 허위로 제출하였다.",
            "피고인들은 자기 자본이 하나도 없는 상태에서 오로지 다른 사람으로부터 자금을 차용하여 병원을 개설한 관계로 매월 수천만 원의 사채 이자를 부담하는 등 원리금을 변제하기 어려운 상태에 빠지자, ",
            "금융기관에 허위의 재무제표, 허위의 수지현황서 등을 제출하는 방법으로 대출을 받아 기존의 채무를 변제하기 위한 자금 등을 마련하기로 공모하였다.",
            "그럼에도 피고인들은 이와 같이 피해자를 기망하여 이에 속은 피해자로부터 3억 원을 대출받았다.",
            "피고인들은 피해자 000에 허위의 인테리어 공사계약서 등을 제출하여 위 000의 운영자금을 대출받기로 공모하였다."
        ]
    },
    "dcss": {
        "courtDcss": [
            "의료의 적정을 기하여 국민의 건강을 보호·증진함을 목적으로 하는 의료법 제33조 제2항은 의료기관 개설자의 자격요건에 대하여 정하고, 같은 법 제87조 제1항은 이에 위반한 자를 처벌하도록 정하고 있다.위 규정의 입법취지는 의료기관 개설자격을 의료전문성을 가진 의료인이나 공적인 성격을 가진 자로 엄격히 제한한다.",
            "건전한 의료질서를 확립하고 영리 목적으로 의료기관을 개설하는 경우에 발생할지도 모르는 국민 건강상의 위험을 미리 방지하기 위한 것이다(대법원 2005.2.25.선고 2004도7245 판결 등 참조).",
            "위 규정에 의하여 금지되는 의료기관 개설행위는, 비의료인이 그 의료기관의 시설 및 인력의 충원·관리, 개설신고, 의료업의 시행, 필요한 자금의 조달, 그 운영성과의 귀속 등을 주도적인 입장에서 처리하는 것을 의미한다(대법원 2008.11.13.선고 2008도7388 판결 등 참조).",
            "이 법원이 적법하게 채택한 증거들을 종합하여 인정되는 다음과 같은 사정, 즉 ① 피고인 1은 주도적으로 원무과장 공소외 26, 원무계장 공소외 23, 간호과장 공소외 53, 대외협력과장 공소외 21, 행정실장 공소외 22 외에 다수 직원들을 채용하였던 점이 있다.",
            "② 피고인 1은 행정실장인 공소외 22에게 이 사건 병원의 수익을 부풀리는 허위 내용의 수지분석표, 재무제표를 작성하도록 지시하고, 원장인 피고인 2에 의사에 반하여 간호과장 공소외 53에게 사직을 권고하며, 일주일에 한번 씩 부서장 회의를 주재하고, 간호일지에 직접 결재하는 등 병원 운영에 관한 전적인 권한을 행사한 점이 있다.",
            "③ 피고인 3(대판:피고인)은 위 공소외 22에게 위 병원의 수익에 관한 이중정산서를 작성하도록 지시하고 그 차액을 임의로 인출하였던 점, ④ 판시 범죄사실 제6항 기재의 금융기관에 대한 각 대출은 이 사건 병원의 개업 및 운영자금을 마련하기 위하여 피고인 2의 명의로 이루어 진 것이었다.",
            "피고인 2가 2012.8.30.피해자 주식회사 000으로부터 3억 원을, 2014.1.4.피해자 000으로부터 5억 원을 대출받을 당시, 피고인 3(대판:피고인)이 위 각 대출에 관하여 연대보증을 서고, 자신의 처형인 공소외 16 소유의 0000 소재 아파트를 담보로 제공한 점이 있다.",
            "⑤ 또한 피고인 2는 2012.4.16.공소외 31로부터 3억 원을, 2011.5.23.공소외 34로부터 2억 원을, 2012.9.14.공소외 38(피고인 1의 외숙모)로부터 5억 원을, 2013.4.30.공소외 55(피고인 1의 형)으로부터 1억 원을 각 차용하였는데, 피고인 1, 피고인 3(대판:피고인)은 위 각 채무에 대하여 연대보증을 하였다.",
            "그리고 피고인 2가 2013.4.초순경 공소외 54(행정실장 공소외 22의 부)로부터 2억 원을 차용할 당시 피고인 3(대판:피고인)이 위 채무에 대하여 연대보증을 하였던 점이 있다.",
            "⑥ 피고인 1, 피고인 3(대판:피고인)은 이 사건 병원에서 본인들의 월급 외에도 월 300만 원 상당의 연금 보험, 월 300만 원 상당의 현금을 급여 명목으로 가져갔다.",
            "2011.10.경부터 2013.8.경까지 업무용 신용카드로 월 수백만 원에 이르는 금액을 추가로 사용한 점, ⑦ 이에 반하여 원장인 피고인 2는 이 사건 수사전까지 월 1,000만 원의 고정된 급여만을 지급받다가 이 사건 수사 후 나머지 피고인들의 지시에 의하여 비로소 1,000만 원 이상의 급여를 지급받은 점이 있다.",
            "⑧ 이 사건 병원의 개원 무렵부터 피고인 1은 공소외 6(위 피고인의 처제), 공소외 41(위 피고인의 장모)를, 피고인 3(대판:피고인)은 공소외 56(위 피고인의 형수)를 직원으로 허위 등재하여 약 월 100만 원에서 150만 원 상당의 월급을 받아간 점을 고려한다면 이하 다음 내용과 같다.",
            "즉, 피고인 1, 피고인 3(대판:피고인)은 의료인이 아니면서도 이 사건 병원의 개업, 자금 운용, 수익배분, 운영형태와 관련하여 주도적인 위치에서 이 사건 병원을 개설하였다고 봄이 상당하고, 피고인 2는 나머지 피고인들과 공모하여 위 피고인들의 행위에 가담하였다고 볼 것이다.",
            "사기죄의 요건으로서의 기망은 널리 재산상의 거래관계에 있어서 서로 지켜야 할 신의와 성실의 의무를 저버리는 모든 적극적 또는 소극적 행위를 말하는 것이다.",
            "반드시 법률행위의 중요 부분에 관한 허위표시임을 요하지 아니하고, 상대방을 착오에 빠지게 하여 행위자가 희망하는 재산적 처분행위를 하도록 하기 위한 판단의 기초가 되는 사실에 관한 것이면 충분하다(대법원 2004.4.9.선고 2003도7828 판결 등 참조).",
            "이 법원이 적법하게 채택한 증거들을 종합하여 인정되는 다음과 같은 사정, 즉 ① 이 사건 병원의 주된 수입은 환자들의 본인 분담금과 국민건강보험공단으로부터 받는 요양급여 및 의료급여라고 할 것이다.",
            "앞서 판시한 바와 같이 이 사건 병원은 비의료인인 피고인 1, 피고인 3(대판:피고인)이 주도적으로 설립한 의료기관으로서 국민건강보험공단으로부터 요양급여 및 의료급여를 지급받을 수 없거나 기존에 지급받은 급여들도 환수당할 처지였음에도 불구하고 이러한 사실을 숨긴채 피해자 은행들과 이 사건 각 대출계약을 체결한 점이 있다.",
            "② 이 사건 병원은 피해자 000으로부터 2011.9.29.3억 원을 대출받을 당시 사채원금 4억 2,000만 원과 사채이자 월 1,100만원, 2011.12.12.27.1억 원을 대출받을 당시 사채원금 6억 2,000만 원과 사채이자 월 1,600만원, 2013.1.4.5억 원을 대출받을 당시 사채원금 5억 2,000만 원과 사채이자 월 1,400만원을 대출받았다.",
            "또한 2013.6.11.3억 7,500만 원을 대출받을 당시 사채원금 22억 2,000만 원과 사채이자 월 6,200만원, 피해자 000으로부터 2012.8.30.3억 원을 대출받을 당시 사채원금 13억 1,000만 원과 사채이자 월 5,000만원, 피해자 000으로부터 2억 원을 대출받을 당시 사채원금 22억 4,000만 원과 사채이자 월 6,200만원 상당의 재정상 부담을 지고 있었다.",
            "그리하여 피해자 은행들로부터 대출을 받더라도 이를 상환하기가 어려움에도 불구하고 위 피해자들에게 사채내역을 고지하지 않은 점,",
            "③ 나아가 피고인들은 이 사건 병원이 위 사채이자 부담으로 인하여 수익이 거의 나지 않음에도 오히려 허위의 재무제표, 수지분석표, 견적서, 세금계산서를 작성하여 피해자 은행들에게 제출한 점 등을 고려해본다.",
            "피고인들은 피해자 은행들에 대하여 대출금이나 이자를 변제하였는지 여부와 무관하게 이 사건 대출 계약 성립 여부를 결정하는 기초적인 판단 자료인 이 사건 병원의 재정상태, 수익상황, 변제자력 등에 관하여 위 피해자들을 기망하였다고 보기 충분하고 피고인들의 편취의사 또한 인정된다고 할 것이다.",
            "국가기술자격법 제26조 제3항 제1호, 제15조 제2항이 금지하는 국가기술자자격증의 대여행위는 다른 사람이 국가기술자격증을 이용하여 국가기술자격증이 있는 사람인 것처럼 행세하면서 국가기술자격자로서의 업무를 수행하려는 것을 알면서 국가기술자격증 자체를 대여하는 것을 말한다.",
            "무격자가 국가기술자격자로 업무를 수행한 바 없다면 이를 국가기술자격증의 대여행위라고 할 수 없다.",
            "또한, 무자격자가 국가기술자격자로서의 업무를 수행하였는지 여부는 외관상 국가기술자격자가 직접 업무를 수행하는 형식을 취하였는지 여부에 관계없이 실질적으로 무자격자가 국가기술자격자로서의 업무를 수행하였는지 여부에 따라 결정하여야 한다.",
            "(대법원 2007.3.29.선고 2006도9334 판결, 대법원 1997.5.16.선고 97도60 판결, 대법원 1994.12.23.선고 94도1937 판결 등 참조.)",
            "검사가 제출한 증거들에 의하면, 이 사건 병원을 운영하기 위하여 위 병원이 입주해 있는 00000 건물에 가스기능사를 고용해야 하는데, 피고인 3(대판:피고인)이 공소외 1을 통하여 가스기능사 2급 자격증을 가진 공소외 2를 위 빌딩 건물주인 공소외 3에게 소개한 사실이 있다.",
            "위 공소외 3은 2011.8.경부터 3개월에 60만 원을 공소외 1을 통해 공소외 2에게 지급한 사실을 각 인정할 수 있으나, 나아가 무자격자인 피고인 3(대판:피고인)또는 위 공소외 3이 공소외 2의 관여 없이 가스기능사의 업무를 실제로 수행하였음을 인정할 증거가 없다."
        ]
    },
    "close": {
        "cnclsns": [
            "피고인들은 각 징역 2년 6월에 처한다.",
            "다만, 피고인 2에 대하여는 이 판결 확정일로부터 3년간 위 형의 집행을 유예한다.",
            "피고인 3(대판:피고인)에 대한 공소사실 중 국가기술자격법위반의 점은 무죄이다."
        ]
    }
}