{
    "info": {
        "caseField": "2",
        "detailField": "6",
        "trailField": "1",
        "caseNm": "야간주거침입절도",
        "courtNm": "수원지방법원",
        "judmnAdjuDe": "2015. 12. 30.",
        "caseNo": "2015고단1786",
        "relateLaword": [
            "형법 제330조",
            "형법 제35조",
            "형법 제37조 전단, 제38조 제1항 제2호, 제50조",
            "형법 제48조",
            "형사소송법 제333조",
            "형법 제38조",
            "형법 제50조 전단",
            "형법 제37조 전단"
        ],
        "qotatPrcdnt": []
    },
    "concerned": {
        "acusr": "4",
        "dedat": "1"
    },
    "org": {
        "orgJdgmnCourtNm": "",
        "orgJdgmnAdjuDe": "",
        "orgJdgmnCaseNo": ""
    },
    "disposal": {
        "disposalform": "6",
        "disposalcontent": [
            "피고인을 징역 8개월에 처한다.",
            "압수된 증 제1호를 피고인으로부터 몰수한다.",
            "압수된 증 제2, 3호를 피해자 성명불상자에게 환부한다."
        ]
    },
    "mentionedItems": {
        "rqestObjet": [
            "피고인은 2회에 걸쳐 야간에 피해자들의 주거에 침입하여 재물을 절취하였다."
        ]
    },
    "assrs": {
        "acusrAssrs": [],
        "dedatAssrs": []
    },
    "facts": {
        "bsisFacts": [
            "피고인은 2013.6.4.수원지방법원 평택지원에서 절도죄로 징역 4월을 선고받고, 2013.12.27.그 형의 집행을 종료하였다.",
            "피고인은 2015.10.29.02:00경 0000에 있는 피해자 D(68세)의 주택에 이르러 시정되지 않은 대문을 열고 침입하여, 그곳 마당 비닐하우스에 보관 중이던 시가 28만 원 상당의 콩 7말을 가지고 나왔다.",
            "피고인은 2015.11.2.02:48경 0000에 있는 피해자 F(여, 45세)의 주택에 이르러 시정되지 않은 대문을 열고 침입하여, 그곳 마당 창고에서 보관 중이던 시가 25만 원 상당의 들깨 25kg을 가지고 나왔다.",
            "이로써 피고인은 2회에 걸쳐 야간에 피해자들의 주거에 침입하여 재물을 절취하였다."
        ]
    },
    "dcss": {
        "courtDcss": [
            "피고인이 이 사건 공소사실을 인정하고 자신의 잘못을 반성하고 있는 점 등은 피고인에게 유리한 정상이나, 피고인은 동종의 잘못으로 여러 차례 처벌받은 전력이 있고, 동종의 누범 기간에 이 사건 각 범행을 저지른 점, 피해자들에 대한 피해회복이 이루어지지 않은 점 등에 비추어 피고인에 대한 실형의 선고가 불가피하다.",
            "그밖에 이 사건 절취 피해액의 정도, 피고인의 나이, 성행, 가정환경 등 기록에 나타난 여러 정상을 참작하이 주문과 같이 판결한다."
        ]
    },
    "close": {
        "cnclsns": [
            "피고인을 징역 8개월에 처한다.",
            "압수된 증 제1호를 피고인으로부터 몰수한다.",
            "압수된 증 제2, 3호를 피해자 성명불상자에게 환부한다"
        ]
    }
}