{
    "info": {
        "caseField": "2",
        "detailField": "6",
        "trailField": "1",
        "caseNm": "특정 범죄 가중 처벌등에 관한 법률 위반(조세),특정 범죄 가중 처벌등에 관한 법률 위반(허위 세금 계산서 교부등),조세범 처벌법 위반",
        "courtNm": "의정부지방법원 고양지원",
        "judmnAdjuDe": "2011. 01. 26.",
        "caseNo": "2007고합68(분리),2007고합159(병합)(분리),2008고합51(병합)(분리)",
        "relateLaword": [
            "형사소송법 제325조 ",
            "형법 제37조 ",
            "형법 제38조 ",
            "형법 제50조",
            "구 조세범처벌법(2010. 1. 1. 법률 제9919호로 개정되기 전의 것) 제4조 ",
            "형법 제53조",
            "형법 제55조 ",
            "형법 제70조 ",
            "형법 제69조 ",
            "형법 제57조 ",
            "형사소송법 제334조 ",
            "조세범처벌법 제9조"
        ],
        "qotatPrcdnt": [
            "대법원 2000. 2. 8. 선고 99도5191 판결 ",
            "대법원 2004. 1. 15. 선고 2001도1429 판결",
            "대법원 2002. 5. 16. 선고2002도51 전원합의체 판결"
        ]
    },
    "concerned": {
        "acusr": "4",
        "dedat": "1"
    },
    "org": {
        "orgJdgmnCourtNm": "",
        "orgJdgmnAdjuDe": "",
        "orgJdgmnCaseNo": ""
    },
    "disposal": {
        "disposalform": "6",
        "disposalcontent": [
            "피고인을 징역 4년 및 벌금 100억 원에 처한다.",
            "피고인이 위 벌금을 납입하지 아니하는 경우 1억 원을 1일로 환산한 기간 피고인을 노역장에 유치한다.",
            "이 판결 선고 전의 구금일수 544일을 위 징역형에 산입한다.피고인에게 위 벌금에 상당한 금액의 가납을 명한다.",
            "이 사건 공소사실 중 각 특정범죄가중처벌등에관한법률위반(허위세금계산서교부등), 조세범처벌법위반의 점은 무죄이다."
        ]
    },
    "mentionedItems": {
        "rqestObjet": [
            "피고인은 공동피고인 4와 함께 이 사건 주유소사업 초기부터 공동피고인 2 등으로부터 막대한 양의 무자료유류를 공급받으면서 조세를 포탈할 목적으로 조세납부능력이 없는 바지사장들을 내세워 여러 개의 업체를 운영하였고, 그 배후에서 70억원에 육박하는 포탈액수에 상당한 이익을 향유하여 왔으며, 결과적으로 조세정의를 심각하게 훼손하고 성실히 납세의무를 이행하고 있는 일반국민들의 납세의식에도 큰 해악을 가하였고, 이 사건 범행이 계획적, 조직적이다.",
            "포탈세액이 거의 징수되지 아니하여 국고에도 큰 손실을 끼치게 되었다."
        ]
    },
    "assrs": {
        "acusrAssrs": [],
        "dedatAssrs": [
            "피고인은 초기 사업자금의 조달에만 관여하였을 뿐이고, 이 사건 부가가치세 포탈은 동업자였던 공동피고인 00가 무자료유류를 취급하면서 발생한 사건이므로, 피고인은 그에 대한 죄책을 지지 않는다.",
            "피고인은, 000, 000에 관한 조세포탈의 점은 매입세액의 공제 없이 매출세액만을 근거로 하여 그 포탈세액이 산정되었는데, 이는 실질과세의 원칙에 반하고, 포탈세액의 산정에 있어 매입세액의 공제가 이루어져야 하며 매입세금계산서 이외에 다른 증빙에 의한 입증을 허용하여야 한다고 주장한다.",
            "포탈세액의 산정에 있어 허위매출세금계산서의 발행으로 신고한 매출세액 부분은 제외되어야 함에도불구하고, 검사는 2007고합68호 사건의 공소사실과 관련하여 피고인 등이 000, 000의 각 명의로 신고한 매출금액이 모두 실질공급임을 전제로 기소하였는바, 이 부분 공소사실은 그 가공거래금액과 실질공급가액 부분이 특정되지 않아 범죄의 증명이 없는 때에 해당한다.",
            "000 명의로 신고한 매입자료 중 000 및 000로부터 유류를 매입하였다는 자료는 실물거래에 근거하여 작성된 것이므로, 위 매입자료에 의하여 매입세액을 공제받은 것은 정당하다.",
            "설령 000 및 000와 000 사이의 거래가 매입자료 확보를 위한 가공거래로 판명되더라도, 공소사실의 포탈세액 산정에 있어 매입세액뿐만 아니라 매출세액도 함께 특정되어야 하는데, 2008고합51호 사건의 판시 범죄사실은 그 매출세액을 특정할 만한 증거가 없으므로 범죄의 증명이 없는 때에 해당한다."
        ]
    },
    "facts": {
        "bsisFacts": [
            "공동피고인 00은 공소외 00,00과 함께 미상의 방법으로 000로부터 무자료 경유를 구입한다음 이를 공동피고인 00 및 공소외 00 등에게 공급하고, 피고인은 공동피고인 00와 함께 조세 납부능력이없는 공소외 000 등 일명 바지사장을 대표이사로 하여 주유소 운영회사를 설립한 후 공동피고인 00, 공소외 00 등으로부터 무자료로 공급받은 경유를 수도권 일대 주유소에 판매하였다.",
            "다음, 부가가치세 등 세금이부과될 무렵 위 조세의 징수를 회피할 목적으로 위와 같이 일명 바지사장을 내세워 설립하여 운영하고있던 000 등 주유소 운영회사를 방치하여 사실상 폐업하는 방법으로 조세의 징수를 불가능하게 하거나 현저히 곤란하게 하는 등 사기 기타 부정한 행위로 조세를 포탈하기로 결의하였다.",
            "피고인은 공동피고인 00와 함께 2005.1.12.경 0000 (지번 3 생략)에서, 조세 납부능력이 없는 공소외 00을 일명 바지사장으로 하여 000를 설립하고, 공동피고인 00은 공소외 00, 00과 함께 2005.1.21.경부터 2005.6.30.경까지 사이에 미상의 방법으로 무자료 경유를 구입하여 이를 공동피고인 00 등에게 공급하였다.",
            "공동피고인 00 등은 위와 같이 구입한 무자료 경유 시가 불상을피고인 등이 운영하는 000에 공급하고, 피고인 등은 위와 같이 공급받은 무자료 경유 공급가액 합계 26,285,191,257원 상당을 0000 (지번 4 생략)에 있는 0 등 거래처에 판매한 후 위 금원을 매출금액으로 기재해 신고하여 2005.7.25.그 신고기한을 경과하게 한 다음그 무렵 000를 방치하는 등의 방법으로 사실상 폐업하였다.",
            "이로써 피고인은 공동피고인 00와 공모하여 조세의 징수를 불가능하게 하거나 현저히 곤란하게 하는 등사기 기타 부정한 행위로 부가가치세 2,626,519,242원을 포탈하였다.",
            "피고인은 공동피고인 00와 함께 2005.7.14.경0000(지번 5 생략)에서, 조세납부능력이 없는 공소외 00를 일명 바지사장으로 하여 000를 설립하고, 공동피고인 00은 공소외 00, 00과 함께 2005.7.14.경부터 2005.12.31.경까지 사이에 미상의 방법으로 무자료 경유를 구입하여 이를 공동피고인 00 등에게 공급하였다.",
            "공동피고인 00 등은 위와 같이 구입한 무자료 경유 시가 불상을 피고인 등이 운영하는 000에 공급하고, 피고인 등은 위와 같이 공급받은 무자료 경유 공급가액 합계 8,646,442,654원 상당을 위 0 등 거래처에 판매한 후 위 금원을 매출금액으로 기재해 신고하여 2006.1.25.그 신고기한을 경과하게 한 다음 그 무렵 000를 방치하는등의 방법으로 사실상 폐업하였다.",
            "이로써 피고인은 공동피고인 00와 공모하여 조세의 징수를 불가능하게 하거나 현저히 곤란하게 하는 등사기 기타 부정한 행위로 부가가치세 864,644,936원을 포탈하였다.",
            "피고인은 공동피고인 00와 공모하여, 2006.4.25.0000 (이하 생략)에 있는 000 사무실에서, 000의 2006년도 1기분 부가가치세 세금신고를 하면서 000가 000로부터유류를 공급받은 사실이 없음에도 불구하였다.",
            "매입처별세금계산서합계표에 000로부터합계 7,162,981,817원 상당의 유류를 실제 매입한 것처럼 위 금원을 매입금액으로 기재하여 신고한 후2006.7.25.그 신고기한을 경과하여 716,298,183원을 공제받은 것을 포함하였다.",
            "000의부가가치세 신고를 함에 있어서 그 무렵부터 2006.7.25.까지 별지 범죄일람표1 기재와 같이 2회에 걸쳐 허위매입세금계산서상의 공급가액을 매입금액으로 기재한 매입처별세금계산서합계표를 작성하여이를 근거로 부가가치세 확정신고를 하여 공제받은 방법으로 합계 2,045,114,911원의 부가가치세를사기 기타 부정한 방법으로 포탈하였다.",
            "2006.10.25.위 000 사무실에서, 000의 2006년도 2기분 부가가치세세금신고를 하면서 000가 000로부터 유류를 공급받은 사실이 없음에도불구하고, 매입처별세금계산서합계표에 000로부터 합계 11,558,236,363원 상당의 유류를 실제 매입한 것처럼 위 금원을 매입금액으로 기재하여 신고하였다.",
            "2007.1.25.그 신고기한을 경과하여 1,155,823,637원을 공제받은 것을 포함하여, 000의 부가가치세 신고를 함에 있어서그 무렵부터 2007.1.25.까지 별지 범죄일람표2 기재와 같이 2회에 걸쳐 허위매입세금계산서상의 공급가액을 매입금액으로 기재한 매입처별세금계산서합계표를 작성하여 이를 근거로 부가가치세 확정신고를 하여 공제받는 방법으로 합계 1,366,486,337원의 부가가치세를 사기 기타 부정한 방법으로 포탈하였다.",
            "피고인은 공동피고인 00와 공모하여,부가가치세법의 규정에 의한 재화나 용역을 공급함이 없이 매출처별세금계산서합계표를 허위기재하여 정부에 제출하여서는 아니됨에도 2006.4.25.경 0000 (지번 1 생략)소재 000 사무실에서, 000에 재화 또는 용역을 공급한 사실이 없다.",
            "매출처별세금계산서합계표의 일련번호란에 '1',사업자등록번호란에 '(사업자등록번호 1 생략)', 상호명에 '000', 매수란에 '3', 공급가액란에 '7,162,981,000'로 허위기재한 다음 위 매출처별세금계산서합계표를 정부에 제출하고, 2006.7.25.경 위 000 사무실에서, 000에 재화 또는 용역을 공급한 사실이 없다.",
            "매출처별세금계산서합계표의 일련번호란에 '1', 사업자등록번호란에 '(사업자등록번호)', 상호명에 '000', 매수란에 '3', 공급가액란에 '13,288,167,000'로 허위기재한 다음 위 매출처별세금계산서합계표를 정부에 제출했다.",
            "2006.10.25.경 0000 (지번 2 생략)에 있는 000 사무실에서, 000가 000에 재화 또는 용역을 공급한 사실이 없음에도, 매출처별세금계산서합계표의 일련번호란에 '1', 사업자등록번호란에 '(사업자등록번호)', 상호명에 '000', 매수란에 '3', 공급가액란에 '11,558,236,363'로 허위기재한 다음 위 매출처별세금계산서합계표를정부에 제출했다.",
            "2007.1.25.위 000 사무실에서, 000가 000로부터 재화 또는 용역을 공급받은 사실이 없음에도, 매입처별세금계산서합계표의 일련번호란에 1, 사업자등록번호란에 (사업자등록번호), 상호명에 000, 매수란에 2, 공급가액란에 2,106,627,000 로 허위기재한 다음 위 매입처별세금계산서합계표를 정부에 제출하였다."
        ]
    },
    "dcss": {
        "courtDcss": [
            "공동피고인 00는, 이 법정에서 이 사건 공소사실을 모두 자백하면서 피고인과는 중학교 동창 사이로이 사건 이전에는 0를 함께 운영한 적이 있었는데, 피고인이 2004년경 \"내가 돈을 댈 테니,공동피고인 00 네가 주유소 영업을 해라\" 라고 지시한 이래 피고인에게 고용되어 전무 직함으로 매월 평균 300만 원의 월급을 받았으며, 사업장 명칭은 조세포탈의 의도 하에 계속 바꾸었으나 사무실 직원은10명으로 계속 동일하였다고 일관되게 진술하고 있다.",
            "피고인 스스로도, 검찰조사시 공동피고인 00와 함께 000, 000, 000, 000를 각 설립하여 운영하면서 000의 공소외 00, 000의 공소외 00, 000의 공소외 000 등 일명 바지사장을 내세워 영업을 하였으며, 다만 자신은 기름일에 대하여는 잘 알지 못하여 공동피고인 00가 알아서 일을 처리하였다.",
            "피고인은 주유소 매입 등 다른 일을 하였으나, 공소외 00에게 일일경비만 지출하게 하였을 뿐 총괄적인 자금결제는하게 하지 않았으며, 모든 일과 급여지급은 공동상의하에 처리하였다고 진술하여 이에 일부 부합하는취지의 진술을 한 바 있다(2007고합68호 사건의 수사기록 제1권 제689~690면)",
            "공동피고인 00는, 공동피고인 00가 000 전무이고, 본부장은 피고인으로 알고 있었다고 검찰수사에서 진술한 바 있어 공동피고인 00의 위 진술에 부합한다(위 수사기록 제291면)",
            "증인 공소외 000은, 2006.7.1.부터 피고인과 공동피고인 00의 부탁을 받고 000의 바지사장이 되었는데, 피고인이 주유소 사업의 수입금을 관리하였고 공동피고인 00에게 지시를 하는 방법으로 지출을 결정하였으며 위 회사의 명칭도 위 증인의 이름을 따서 피고인이 지어주었다고 진술하고 있다(제3회 공판조서)",
            "증인 공소외 00은, 2005.1.경부터 피고인의 요청에 따라 000의 사업자등록을 하고 바지사장이 되었으며, 공동피고인 00는 거래처 관리 및 주문, 공소외 00는 경리를 맡았고, 피고인이 공소외 00과 위 증인이 있는 자리에서 네가 사장으로 있으면 나중에 금전적으로 보상해 줄 테니까 라고말한 적이 있으며, 피고인이 공소외 00를 통하여 위 증인에게 방을 하나 구해줄 테니 잠시 피해 있으라고 지시한 일이 있다고 진술하고 있다(제4회 공판조서)",
            "증인 공소외 00은, 피고인이 자금을 조달하였고 공동피고인 00가 영업을 담당하였으며 사람들은 피고인을 김사장이라고 호칭하였고, 중학교 동창끼리는 서로 이름을 부르는 사이였으며, 이 사건 주유소사업은 사실상 피고인, 공동피고인 00, 공소외 00, 00 사이의 동업 형태를 취하였는데, 피고인은 2006.2.경부터는 주유소 일보다는 건설시행사업(◇◇◇◇◇)에 주력하였다는 취지로 진술하고 있다(제5회공판조서)",
            "증인 공소외 00는, 피고인의 직원으로 일한 위 증인이 목격한 바로는 피고인이 거래를 위장하기 위한 목적의 법인을 설립하였고, 그가 자금의 흐름에 대한 권한을 갖고 있었다고 진술하였으며(제6회 공판조서), 최종의사결정권자는 피고인이고 공동피고인 00는 결정권이 없었으며 공소외 00가 법인통장을관리하였다고 진술한 바 있다(제17회 공판조서)",
            "증인 공소외 00는, 경리담당 직원으로 근무한 위 증인이 지켜본 바로는 피고인이 바지사장을 내세워 2005.1.경부터 6개월 단위로 000, 000, 000, 000 순으로 회사를 설립하였다가 폐업시키고 다시 다른 회사를 설립하는 행위를 주도하였고, 공동피고인 00를 통하여 무자료유류의 대부분을 공급받았으며",
            "으며, 000를 별도로 만들어 매입자료를 만드는 방안을 마련하였고, 공동피고인 00는 거래처 관리, 무자료유류업자와의 접촉, 유류확보업무를 담당하였으며, 위 증인은 주유소 사업의 수입금을 피고인의 차명계좌로 송금하는 역할을 수행하였다고 진술하고 있다.",
            "앞에서 든 각 증거에 의하면, 피고인은 공동피고인 00와 함께 공동피고인 00, 00 등으로부터 매입세금계산서를 교부받지 않고 무자료유류를 공급받은 사실을 인정할 수 있는바, 매입세금계산서를 교부받지 않았거나 매입처별세금계산서합계표를 제출하지 아니하였다면 위에서 본 법리에 따라 매입세액 공제를할 수 없으므로, 무자료유류 공급가액 상당의 매입액에 대한 매입세액은 부가가치세법에 따라 공제될수 없다.",
            "따라서, 피고인의 위 주장은 이유 없다.",
            "살피건대, 공동피고인 00는 신규사업자로서 기존 주유소들이 구축한 거래처를 뚫기 어려워 가격경쟁력을 갖추기 위하여 무자료유류에 손을 대기 시작하였으며, 600억 원 상당의 무자료유류는 공동피고인 00로부터, 나머지 물량은 공동피고인 00(정부장으로 호칭)이나 기타 무자료거래상들로부터 공급받았다고 검찰수사시 진술한 바 있으며(2007고합68호 사건의 수사기록 제1권 제300면), ",
            "또한, 공판기일의 피고인신문에서도 이 사건 000와 000의 매출자료만큼은 진실한 거래였다고 진술하고 있다.",
            "그밖에 경리담당 직원인 공소외 00도 포탈기간 동안 공동피고인 00, 공소외 00 등으로부터 어림잡아 900억 원대의 무자료유류를 공급받았다고 진술하고 있는 점, 000, 000의 각명의로 신고한 매출금액 중 현재까지 가공거래로 판명된 부분은 단 1건도 나타나지 않았다.",
            "피고인 등이 위 각 회사를 이른바 자료상 으로 활용하였다는 근거도 달리 찾아 볼 수 없는 점 등에 비추어 보면, 2007고합68호 사건의 판시 범죄사실 기재 2005년도 1기 공급가액 26,285,191,257원, 2005년도 2기 공급가액 8,646,442,654원 부분은 모두 실질거래로 인정되므로, 위 공급가액을 기초로 한 포탈세액 산정은 정당하고 위 주장은 이유 없다.",
            "공동피고인 00는, 이 법정 및 검찰수사과정에서 000 및 000는 허위의매입자료를 확보하기 위해 만들어진 이른바 페이퍼컴퍼니로서 000에 실제 유류를 공급한 적이 없으며, 피고인은 공소외 00의 계좌를 통하여 피고인의 지인인 공소외 00, 00, 00, 00에게 송금하는 방식으로 이익금을 수취하였다는 취지로 일관되게 진술하고 있다.",
            "증인 공소외 00, 00는 위 공소외 00가 2005.12.말부터 2006.6.30.까지 000의 바지사장으로 있었다고 진술하고 있고, 공소외 00은 2006.1.경부터 2006.9.경까지 000의 바지사장으로 있었다고 진술하고 있다(위 수사기록 제879~881면)",
            "또한, 서울지방국세청장 작성의 고발서(위 수사기록 제1권 제132~786면)에 의하면, 국세청은 공동피고인 00가 무자료유류를 매입하면서 매입세금계산서를 받지 못하였던 문제를 해결하고자 000에게 가공의 세금계산서를 교부할 법인을 물색하여 2005.12.28.바지사장 공소외 00를 내세워 000를 인수하게 하고 이에 대한 대가로 일정급여를 지급하였다.",
            "000는 다량의 경유를 취급할 수 있는 인적,물적설비를 전혀 갖추고 있지 못한 채 석유실물을 취급하지않고 있으며, 000와 000의 각 세금계산서가 동일한 양식(인터넷주소 생략)을 사용하고 있다.",
            "각 출하전표도 동일한 업체(000)가 제작한 양식을 사용하고 있으며, 각 출하전표 왼편 하단의 고유번호가 거의 일치하고 있는 사실에 비추어 000와 000 명의의 각 세금계산서, 출하전표는 동일한 사람에 의해서 발행된 것으로 판단하고 있다.",
            "수사보고 000, 000 매입,매출처별 세금계산서 합계표 등 판시 각 증거에 의하면, 2006.4.25.작성된 2006년도 1기 매출처별세금계산서합계표의 0 등 공급가액7,642,678,182원(2008고합51호 사건의 수사기록 제1권 제18면), 2006.7.25.작성된 2006년도 1기 매출처별세금계산서합계표의 0 등 공급가액 14,098,822,730원(위 수사기록 제25면), 2006.10.25.",
            "작성된 2006년도 2기 매출처별세금계산서합계표의 0 등 공급가액 13,790,918,180원(위수사기록 제34면), 기타(위 수사기록 제42~71면)등 포탈기간 동안의 매출금액이 000명의로 신고한 매출처별세금계산서의 집계에 의해 특정되어 있는 사실을 인정할 수 있으므로, 위 주장도 이유 없다.",
            "법조경합은 1개의 행위가 외관상 수개의 죄의 구성요건에 해당하는 것처럼 보이나 실질적으로 1죄만을 구성하는 경우를 말하며, 실질적으로 1죄인가 또는 수죄인가는 구성요건적 평가와 보호법익의 측면에서 고찰하여 판단하여야 한다(대법원 2004.1.15.선고 2001도1429 판결, 대법원 2002.5.16.선고2002도51 전원합의체 판결 등 참조)",
            "위 공소사실 기재와 같이 재화 또는 용역을 공급받은 사실이 없으면서도 부가가치세를 포탈하기 위하여 매입처별세금계서합계표를 허위기재하여 제출하거나, 재화나 용역을 공급함이 없이 매출처별세금계산서합계표를 허위기재하여 정부에 제출하는 행위 는 조세범처벌법 제9조 제1항에 정한 사기 기타부정한 방법 의 하나이다.",
            "조세포탈의 직접적인 수단일 뿐만 아니라 그에 수반하여 행하여지는 것이므로, 그 행위의 불법과 책임내용은 구성요건적 평가와 보호법익의 측면에서 고찰할 때 조세포탈죄의 구성요건에 포섭되어 그 죄에 흡수되는 것이라고 봄이 상당하다.",
            "따라서 부가가치세를 포탈하기 위하여 매입처별세금계산서합계표나 매출처별세금계산서합계표를 허위기재하여 제출한 행위가 외관상으로는 그 성립시기 및 기수시기가 달라 마치 세금계산서 허위기재의 구성요건 및 조세포탈의 구성요건에 각각 해당하는 것처럼 보이더라도 실질적으로는 조세포탈죄만을 구성하는 것이라고 보아야 한다.",
            "그렇다면 피고인의 이 부분 행위에 대하여는 2008고합51호 사건의 판시 범죄사실과 같이 조세포탈에의한 각 특정범죄 가중처벌 등에 관한 법률 위반(조세)죄가 인정되는 것과 별도로 허위세금계산서교부죄가 성립하지 아니하므로, 이 부분 공소사실은 범죄로 되지 아니하는 경우에 해당하여 형사소송법 제325조 전단에 의하여 무죄를 선고한다."
        ]
    },
    "close": {
        "cnclsns": [
            "피고인을 징역 4년 및 벌금 100억 원에 처한다.",
            "피고인이 위 벌금을 납입하지 아니하는 경우 1억 원을 1일로 환산한 기간 피고인을 노역장에 유치한다.",
            "이 판결 선고 전의 구금일수 544일을 위 징역형에 산입한다.",
            "피고인에게 위 벌금에 상당한 금액의 가납을 명한다.",
            "이 사건 공소사실 중 각 특정범죄 가중처벌 등에 관한 법률위반(허위세금계산서교부등), 조세범처벌법위반의 점은 무죄"
        ]
    }
}