{
    "info": {
        "caseField": "2",
        "detailField": "6",
        "trailField": "1",
        "caseNm": "사기",
        "courtNm": "서울중앙지방법원",
        "judmnAdjuDe": "2018. 01. 08.",
        "caseNo": "2017고단5634",
        "relateLaword": [
            "형법 제347조",
            "형법 제35조",
            "형법 제37조",
            "형법 제38조",
            "형법 제50조"
        ],
        "qotatPrcdnt": []
    },
    "concerned": {
        "acusr": "4",
        "dedat": "1"
    },
    "org": {
        "orgJdgmnCourtNm": "",
        "orgJdgmnAdjuDe": "",
        "orgJdgmnCaseNo": ""
    },
    "disposal": {
        "disposalform": "6",
        "disposalcontent": [
            "피고인을 징역 1년 6월에 처한다."
        ]
    },
    "mentionedItems": {
        "rqestObjet": [
            "피고인을 징역 1년 6월에 처한다."
        ]
    },
    "assrs": {
        "acusrAssrs": [],
        "dedatAssrs": []
    },
    "facts": {
        "bsisFacts": [
            "피고인은 2014. 12. 23. 서울북부지방법원에서 사기죄로 징역 1년 6월을 선고받은 후, 안양교도소에서 그 형의 집행 중 2015. 12, 24. 가석방되어, 2016. 2. 24. 가석방 기간이 경과하였다.",
            "피고인은 2016. 8.경 불상의 장소에서 피해자 C에게 \"나는 40억원 상당의 재산을 보유하고 있고 국내에서 무역회사 및 렌트카 회사 등을 운영하고 있다. F /W 시즌이라서 해외에 물건 구매 오더를 넣는데, 니가 필요한 '000' 브랜드의 '0' 지갑을 반값에 구매할 수 있으니 물건 값을 송금해 주면 원하는 지갑을 구해주겠다\" 라고 거짓말하였다.",
            "그러나 피고인은 생활비가 부족하여 피해자로부터 송금받는 돈을 생활비로 사용할 계획이었으므로 피해자로부터 돈을 송금받더라도 피해자가 원하는 지갑을 구해줄 의사나 능력이 전혀 없었다.",
            "피고인은 위와 같은 방법으로 피해자를 기망하여 이에 속은 피해자로부터 2016. 8.11. 자신 명의의 000계좌(D)로 287,000원을 송금받고, 그 다음날 287,000원을 송금받는 등 합계 574,000원을 송금받아 편취하였다.",
            "피고인은 2016. 8. 19.경 불상의 장소에서 피해자 C에게 \"내가 위와 같이 사업을 크게 하고 있으니, 990만 원을 빌려주면 이자까지 합하여 1,300만 원을 돌려주겠다\" 라고 거짓말하였다.",
            "피고인은 위와 같이 피해자를 기망하여 이에 속은 피해자로부터 자신 명의의 위 계좌로 2016, 8. 19.경 490만 원, 같은 달 24. 500만원 등 합계 990만 원을 송금받아 편취하였다."
        ]
    },
    "dcss": {
        "courtDcss": [
            "범죄사실에 대한 해당법조 및 형의 선택: 각 형법 제347조 제1항, 각 징역형 선택이다.",
            "자백, 피해금액 중 1,000만 원 변제이다. ",
            "피해자의 엄벌탄원(합의를 위한 전단계로서 피해자에 대한 진실한 사죄가 없었고 자신이 지급할 수 있는 돈의 금액을 제시하면서 일단 합의해 달라고 하는 등 피해회복을 위한 진지한 노력보다는 처벌을 회피하기에 급급한 나머지 피해자의 의사와 상관없이 합의서 작성을 요구한 것이라고 보여 개전의 정상을 인정하기 어렵다)이다.",
            "실형 포함 동종 처벌전력 16회에 이름에도 마지막 범행에 대한 형 집행 후 그 누범기간 중에 또다시 이 사건 범행에 이른 것이어서 개전의 정상을 인정하기 어려울 뿐만 아니라 재범의 가능성이 매우 높다고 할 것이어서 선처의 여지가 없다."
        ]
    },
    "close": {
        "cnclsns": [
            "피고인을 징역 1년 6월에 처한다."
        ]
    }
}