{
    "info": {
        "caseField": "2",
        "detailField": "6",
        "trailField": "1",
        "caseNm": "성폭력범죄의처벌등에관한특례법위반(13세미만미성년자강제추행)",
        "courtNm": "울산지방법원",
        "judmnAdjuDe": "2013. 06. 17.",
        "caseNo": "2012고합554",
        "relateLaword": [
            "성폭력범죄의 처벌 등에 관한 특례법 제7조",
            "형법 제298조",
            "형법 제53조",
            "형법 제55조",
            "형법 제62조",
            "아동,청소년의 성보호에 관한 법률 제13조",
            "아동,청소년의 성보호에 관한 법률 제38조",
            "아동,청소년의 성보호에 관한 법률 제38조의2"
        ],
        "qotatPrcdnt": [
            "대법원 2012. 6. 14. 선고 2012도3893, 2012감도14, 2012전도83 판결"
        ]
    },
    "concerned": {
        "acusr": "4",
        "dedat": "1"
    },
    "org": {
        "orgJdgmnCourtNm": "",
        "orgJdgmnAdjuDe": "",
        "orgJdgmnCaseNo": ""
    },
    "disposal": {
        "disposalform": "8",
        "disposalcontent": [
            "피고인을 징역 2년 6월에 처한다.",
            "다만, 이 판결 확정일부터 3년간 위 형의 집행을 유예한다.",
            "피고인에 대하여 40시간의 성폭력치료강의의 수강을 명한다.",
            "피고인에 대한 공개정보를 3년간 정보통신망을 이용하여 공개하고, 고지한다."
        ]
    },
    "mentionedItems": {
        "rqestObjet": [
            "피고인을 징역 2년 6월에 처한다.",
            "피고인에 대하여 40시간의 성폭력치료강의의 수강을 명한다.",
            "피고인에 대한 공개정보를 3년간 정보통신망을 이용하여 공개하고, 고지한다."
        ]
    },
    "assrs": {
        "acusrAssrs": [],
        "dedatAssrs": [
            "피고인은 B의 집에 방문하기 위하여 범죄사실 기재 건물 1층에 들어가서 베란다에 서 있는 피해자를 만나 이야기를 하다가 팔을 한 번 친 바 있으나 피해자의 허벅지를 쓰다듬어 피해자를 강제추행한 바 없다."
        ]
    },
    "facts": {
        "bsisFacts": [
            "피고인은 2012.10.23.18:00경 0000에 거주하고 있는 B의 집에 방문하기 위하여 위 건물 1층으로 들어갔다가 위 1층에 거주하고 있는 피해자 C(여, 11세)이 집에 혼자 있는 것을 알고 피해자를 추행하기로 마음먹고 피해자의 왼쪽 반바지 아래로 손을 집어넣어 왼쪽 허벅지를 쓰다듬어 피해자를 추행하였다."
        ]
    },
    "dcss": {
        "courtDcss": [
            "성추행 피해 아동이 수사기관에서 한 진술의 신빙성을 판단할 경우에, 아동은 질문자에 의한 피암시성이 강하고, 상상과 현실을 혼동하거나 기억 내용의 출처를 제대로 인식하지 못할 가능성이 있는 점 등을 고려해야 한다.",
            "아동의 나이가 얼마나 어린지, 그 진술이 사건 발생 시부터 얼마나 지난 후에 이루어진 것인지, 사건 발생 후 그러한 진술이 이루어지기까지의 과정에서 최초로 아동의 피해 사실을 청취한 보호자나 수사관들이 편파적인 예단을 가지고 아동에게 사실이 아닌 정보를 주거나 반복적인 신문 등을 통하여 특정한 답변을 유도하는 등으로 아동 기억에 변형을 가져올 여지는 없었는지 확인해야 한다.",
            "수사기관에서의 진술 내용에 대하여도 일관성이 있고 명확한지, 세부 내용의 묘사가 풍부한지, 사건, 사물, 가해자에 대한 특징적인 부분에 관한 묘사가 있는지, 정형화된 사건 이상의 정보를 포함하고 있는지 등도 종합적으로 검토되어야 한다.",
            "피해자는 이 사건 범행 일시, 장소, 피고인의 인상착의, 추행방법 등을 상당히 구체적이고 일관되게 진술하고 있을 뿐만 아니라 정형화된 사건 이상의 정보를 포함하고 있다.",
            "피해자에 대한 조사를 담당한 경찰관이 피해자에게 암시적인 질문을 반복하였다거나 피해자에게 특정한 답변을 유도한 정황을 찾기 어렵다.",
            "피해자는 이 사건 범행 다음날 오전에 조사를 받았고, 이 사건 범행 당시 피해자 및 피고인과 통화한 피해자의 모 E가 통화 후 바로 강제추행을 당했다는 취지로 112에 신고한 점 등에 비추어 피해자가 보호자 등으로부터 추궁당하거나 사실과 다른 정보를 제공받아 피해 사실을 진술한 것으로 보이지 않는 점 등에 비추어 보면, 피해자의 진술은 신빙성이 있다."
        ]
    },
    "close": {
        "cnclsns": [
            "피고인을 징역 2년 6월에 처한다.",
            "다만, 이 판결 확정일로부터 3년간 위 형의 집행을 유예한다.",
            "피고인에 대하여 40시간의 성폭력치료강의의 수강을 명한다.",
            "피고인에 대한 공개정보를 3년간 정보통신망을 이용하여 공개하고, 고지한다."
        ]
    }
}