{
    "info": {
        "caseField": "2",
        "detailField": "6",
        "trailField": "1",
        "caseNm": "강제추행",
        "courtNm": "대전지방법원",
        "judmnAdjuDe": "2018. 12. 27.",
        "caseNo": "2018고단3973",
        "relateLaword": [
            "형법 제298조",
            "형법 제62조",
            "형법 제62조의2",
            "성폭력범죄의 처벌 등에 관한 특례법 제16조",
            "성폭력범죄의 처벌 등에 관한 특례법 제42조",
            "성폭력범죄의 처벌 등에 관한 특례법 제43조"
        ],
        "qotatPrcdnt": []
    },
    "concerned": {
        "acusr": "4",
        "dedat": "1"
    },
    "org": {
        "orgJdgmnCourtNm": "",
        "orgJdgmnAdjuDe": "",
        "orgJdgmnCaseNo": ""
    },
    "disposal": {
        "disposalform": "8",
        "disposalcontent": [
            "피고인을 징역 8월에 처한다.",
            "다만, 이 판결 확정일부터 2년간 위 형의 집행을 유예한다.",
            "피고인에게 80시간의 사회봉사 및 40시간의 성폭력치료강의 수강을 명한다."
        ]
    },
    "mentionedItems": {
        "rqestObjet": [
            "피고인은 피해자를 강제로 추행하였다."
        ]
    },
    "assrs": {
        "acusrAssrs": [],
        "dedatAssrs": []
    },
    "facts": {
        "bsisFacts": [
            "피해자 C(여, 57세)는 0000에서 'E식당'을 운영하는 자이고, 피고인은 위 식당 손님이다.",
            "피고인은 2018.7.27.13:50경 위 E 식당에서 혼자 음식을 하고 있는 피해자의 뒤로 다가가 갑자기 손으로 피해자의 가슴을 4회 만졌다.",
            "피고인은 피해자가 피고인의 손을 뿌리치면서 이를 거부하였음에도 재차 손으로 피해자의 가슴을 만지면서 피고인의 성기 부분을 피해자의 엉덩이에 2회 들이댄 후 피해자의 손을 잡아 자신의 성기에 닿게 하였다.",
            "이로써 피고인은 피해자를 강제로 추행하였다."
        ]
    },
    "dcss": {
        "courtDcss": [
            "아래의 정상 및 그밖에 피고인의 연령, 직업, 성행, 한경, 범행의 동기 및 수단과 결과, 범행 후의 정황 등 기록과 이 사건 변론에 나타난 여러 가지 양형의 조건을 종합하여 주문과 같이 형을 정한다.",
            "이 사건 범행의 경위 및 내용 등에 비추어 그 죄질 및 범정이 불량한 점, 동종 범행으로 처벌받은 전력 있는 점, 추행의 정도가 가볍지 않은 점, 피해자가 느꼈을 성적 수치심이나 정신적 충격이 상당할 것으로 보이는 점 등은 불리한 정상이다.",
            "이 사건 범행을 자백하면서 반성하고 있는 점, 벌금형 이상의 형사 처벌 전력 없는 점, 피해자와 원만히 합의한 점 등은 유리한 정상이다.",
            "등록대상 성범죄인 판시 범죄사실에 관하여 유죄판결이 확정되는 경우 피고인은 성폭력 범죄의 처벌 등에 관한 특례법 제42조 제1항에 따라 신상정보 등록대상자가 되므로, 같은 법 제43조에 정한 바에 따라 관할기관에 신상정보를 제출할 의무가 있다.",
            "피고인의 연령, 직업, 재범위험성, 이 사건 범행의 동기, 범행 방법, 결과 및 죄의 경중, 공개명령 또는 고지명령으로 인하여 피고인이 입는 불이익의 정도와 예상되는 부작용, 그로 인해 달성할 수 있는 등록대상 성범죄의 예방효과, 피해자 보호 효과 등을 종합적으로 고려한다.",
            "성폭력 범죄의 처벌 등에 관한 특례법 제47조 제1항, 제49조 제1항, 아동·청소년의 성보호에 관한 법률 제49조 제1항 단서, 제50조 제1항 단서에 따라 신상정보를 공개·고지하여서는 아니 될 특별한 사정이 있다고 판단되므로, 피고인에 대하여 공개명령 또는 고지명령을 선고하지 아니한다.",
            "피고인의 연령, 직업, 재범위험성, 이 사건 범행의 내용과 동기, 범행의 방법과 결과 및 죄의 경중, 취업제한명령으로 인하여 피고인이 입는 불이익의 정도와 예상되는 부작용, 그로 인해 달성할 수 있는 범죄의 예방효과 등을 종합적으로 고려하여 볼 때, 아동·청소년의 성보호에 관한 법률 제56조 제1항 단서에 따라 취업을 제한하여서는 아니 되는 특별한 사정이 있다고 판단되므로, 피고인에 대하여 취업제한 명령을 선고하지 아니한다."
        ]
    },
    "close": {
        "cnclsns": [
            "피고인을 징역 8월에 처한다.",
            "다만, 이 판결 확정일부터 2년간 위 형의 집행을 유예한다.",
            "피고인에게 80시간의 사회봉사 및 40시간의 성폭력치료강의 수강을 명한다."
        ]
    }
}