{
    "info": {
        "caseField": "2",
        "detailField": "6",
        "trailField": "1",
        "caseNm": "폭행사기",
        "courtNm": "청주지방법원",
        "judmnAdjuDe": "2020. 01. 09.",
        "caseNo": "2018고단2476",
        "relateLaword": [
            "형법 제260조",
            "형법 제347조",
            "형법 제37조",
            "형법 제38조",
            "형법 제50조",
            "형법 제62조",
            "형법 제62조의2"
        ],
        "qotatPrcdnt": []
    },
    "concerned": {
        "acusr": "4",
        "dedat": "1"
    },
    "org": {
        "orgJdgmnCourtNm": "",
        "orgJdgmnAdjuDe": "",
        "orgJdgmnCaseNo": ""
    },
    "disposal": {
        "disposalform": "8",
        "disposalcontent": [
            "피고인을 징역 6월에 처한다.",
            "다만, 이 판결 확정일로부터 1년간 위 형의 집행을 유예한다.",
            "피고인에게 보호관찰을 받을 것을 명한다."
        ]
    },
    "mentionedItems": {
        "rqestObjet": [
            "피고인을징역 6월에처한다.",
            "다만, 이 판결 확정일로부터 1년간 위 형의 집행을 유예한다.",
            "피고인에게 보호관찰을 받을 것을 명한다."
        ]
    },
    "assrs": {
        "acusrAssrs": [],
        "dedatAssrs": []
    },
    "facts": {
        "bsisFacts": [
            "피고인은 2018. 7. 9. 00:00경 B 오픈 채팅방에서 알게 된 피해자 C(여, 21세)를 만나 0000에 있는 E대학교 부근에서 함께 술을 마셨다.",
            "피고인은 2018. 7. 9. 04:10경 0000에 있는 G편의점 앞 노상에서 집에 들어가겠다는 피해자에게 \"왜 가느냐\" 라고 말하면서 손으로 피해자의 머리채를 붙잡고 \"미친년아 내가 만만하냐\" 라고 욕을 하면서 주먹으로 피해자의 턱, 머리, 입술 등을 수회 때려 피해자를 폭행하였다.",
            "피고인은 2018. 9. 11.경 0000에서 사실은 돈을 송금 받더라도 게임 계정을 넘겨줄 의사나 능력이 없음에도, 인터넷 'J' 게시판에 '0게임 계정을 판매한다. '는 판매글을 게시하여 이를 보고 연락한 피해자 K으로부터 피고인 명의 L은행 계좌(번호: M)로 게임 계정 판매대금 명목으로 3만 원을 송금 받았다."
        ]
    },
    "dcss": {
        "courtDcss": [
            "양형의 이유 피해 회복이 되지 않았고, 변론 종결 후 도주하는 등 범행 후의 정황이 좋지 않다. 다만 아직까지 벌금형보다 무거운 전과가 없고. 피해 정도, 건강상태, 가정환경, 연령, 반성하고 있는 점 등을 참작해 볼 때 개전의 기회를 주는 것이 적절하다고 판단되므로, 주문과 같이 판결한다."
        ]
    },
    "close": {
        "cnclsns": [
            "피고인을 징역 6월에 처한다.",
            "다만, 이 판결 확정일로부터 1년간 위 형의 집행을 유예한다. 피고인에게 보호관찰을 받을 것을 명한다."
        ]
    }
}