{
    "info": {
        "caseField": "2",
        "detailField": "6",
        "trailField": "1",
        "caseNm": "강간미수",
        "courtNm": "서울중앙지방법원",
        "judmnAdjuDe": "2017. 12. 22.",
        "caseNo": "2017고합998",
        "relateLaword": [
            "형법 제300조",
            "형법 제297조",
            "형법 제25조",
            "형법 제55조",
            "형법 제53조",
            "성폭력범죄의 처벌 등에 관한 특례법 제16조",
            "성폭력범죄의 처벌 등에 관한 특례법 제47조",
            "성폭력범죄의 처벌 등에 관한 특례법 제49조",
            "아동ㆍ청소년의 성보호에 관한 법률 제49조",
            "아동ㆍ청소년의 성보호에 관한 법률 제50조",
            "성폭력범죄의 처벌 등에 관한 특례법 제42조",
            "성폭력범죄의 처벌 등에 관한 특례법 제43조"
        ],
        "qotatPrcdnt": [
            "대법원 2000. 6. 9. 선고 2000도1253 판결",
            "대법원 1991. 4. 9. 선고 91도288 판결"
        ]
    },
    "concerned": {
        "acusr": "4",
        "dedat": "1"
    },
    "org": {
        "orgJdgmnCourtNm": "",
        "orgJdgmnAdjuDe": "",
        "orgJdgmnCaseNo": ""
    },
    "disposal": {
        "disposalform": "6",
        "disposalcontent": [
            "피고인을 징역 1년에 처한다.",
            "피고인에게 40시간의 성폭력 치료프로그램 이수를 명한다."
        ]
    },
    "mentionedItems": {
        "rqestObjet": [
            "피고인은 자고 있는 피해자를 간음하여 강간하려 하였으나 피해자가 완광히 저항하는 바람에 미수에 그쳤으므로 강간미수죄로 처벌받아야 한다."
        ]
    },
    "assrs": {
        "acusrAssrs": [],
        "dedatAssrs": [
            "피고인은 피해자와 술을 마신 후 잠만 자기로 하고 모텔에 함께 들어갔고, 실제로 방에 들어가자마자 바로 잠이 들었으며 신고를 받은 경찰관이 깨워 일어났을 뿐이다.",
            "피해자의 진술이 일관되지 않은 점, 피고인이 피해자의 경찰 신고를 전혀 제지하지 않았고 경찰관이 도착할 때까지 그대로 잠들어 있었던 점, 피해자는 경찰 신고를 한 후에도 모텔 방 안에서 그대로 있었던 점, 피해자에게 아무런 상처가 없었고 의복, 두발 상태 및 화장 상태도 양호하였으며, 피고인의 몸에서도 상처나 흔적이 발견되지 않은 점 등에 비추어 보면 ",
            "피해자의 진술은 신빙성이 없고, 당시 피고인이 피해자의 항거를 현저히 곤란하게 할 정도의 폭행·협박을 한 것으로 볼 수도 없다."
        ]
    },
    "facts": {
        "bsisFacts": [
            "피고인은 2017.4.10.경 피해자 C(가명, 여, 22세)와 채팅어플인 'D'를 통해 만난 사이이다.",
            "피고인은 2017.4.12.22:00경부터 그 다음 날인 13.06:00경까지 OOOO일원에서 피해자 및 피고인의 지인들과 함께 술을 마시던 중 피해자가 술에 취해 있는 것을 보고 피해자를 모텔로 유인하여 강간하기로 마음먹고, 피해자에게 \"건드리지 않을 테니 모텔에 들어가서 술만 깨고 가자.\" 고 말을 하여 피해자를 서울 강남구 E에 있는 F모텔 로 데리고 갔다.",
            "피고인은 2017.4.13.10:40경 위 모텔 OOOO에서 피해자가 잠을 자고 있는 것을 보고 피해자를 강간하기 위해 피해자의 옷을 벗기던 중 잠에서 깬 피해자가 저항을 하자 피해자의 몸 위로 올라가 한 손으로 피해자의 상체를 힘껏 눌러 움직이지 못하게 하고 다른 한 손으로 피해자가 입고 있던 브래지어를 벗긴 후 입으로 피해자의 가슴을 빨았다.",
            "계속하여 피해자의 바지를 벗긴 후 피해자를 간음하여 강간하려고 하였으나 피해자가 소리를 지르면서 완강히 저항하는 바람에 그 뜻을 이루지 못하고 미수에 그쳤다."
        ]
    },
    "dcss": {
        "courtDcss": [
            "피고인이 피해자를 간음할 의사를 가지고 피해자의 반항을 억압하거나 현저하게 곤란하게 할 정도의 유형력을 행사하여 피해자를 강간하려다 미수에 그친 사실을 충분히 인정할 수 있다.",
            "국립과학수사연구원의 유전자감정서에 의하면, 피해자의 양쪽 유두, 양쪽 유방, 브래지어 컵 안쪽 면에서 타액반응 양성이 나왔고, 이는 피고인의 DNA와 일치한다는 STRI)검사 결과, 피해자의 팬티 허리 부위에서 피고인과 동일한 DNA형이 검출되었다.",
            "피고인은 피해자의 의사에 반하여 피해자의 반항을 억압하거나 현저하게 곤란하게 할 정도의 유형력 행사를 개시하였으나 피해자가 저항함으로써 실제로 피해자의 항거를 불능하게 하거나 현저히 곤란하게 하지 못하여 간음에 이르지 못한 것으로 보일 뿐이다.",
            "범죄사실에 대한 해당법조: 형법 제300조, 제297조",
            "이 사건 범행은 함께 술을 마신 후 잠만 자기로 하고 피해자와 모텔 방에 투숙한 후 강간을 하려다가 미수에 그친 것이어서 그 죄질이 좋지 않다.",
            "피고인이 범행 과정에서 강제로 옷을 벗기고 간음을 시도한 것을 넘어 따로 피해자를 폭행하거나 협박한 사실은 없으며 위 범행이 미수에 그친 점, 피고인이 동종범죄전력은 없는 점 등은 피고인에게 유리한 정상으로 참작한다."
        ]
    },
    "close": {
        "cnclsns": [
            "피고인을 징역 1년에 처한다.",
            "피고인에게 40시간의 성폭력 치료프로그램 이수를 명한다."
        ]
    }
}