{
    "info": {
        "caseField": "2",
        "detailField": "6",
        "trailField": "1",
        "caseNm": "특정경제범죄가중처벌등에관한법률위반(사기)",
        "courtNm": "춘천지방법원 강릉지원",
        "judmnAdjuDe": "2016. 06. 23.",
        "caseNo": "2016고합7,11(병합)",
        "relateLaword": [
            "구 특정경제범죄 가중처벌 등에 관한 법률(2016. 1. 6. 법률 제13719호로 개정되기 전의 것) 제3조",
            "형법 제37조 ",
            "형법 제38조 ",
            "형법 제50조 ",
            "형법 제347조"
        ],
        "qotatPrcdnt": []
    },
    "concerned": {
        "acusr": "4",
        "dedat": "1"
    },
    "org": {
        "orgJdgmnCourtNm": "",
        "orgJdgmnAdjuDe": "",
        "orgJdgmnCaseNo": ""
    },
    "disposal": {
        "disposalform": "6",
        "disposalcontent": [
            "피고인을 징역 4년에 처한다."
        ]
    },
    "mentionedItems": {
        "rqestObjet": [
            "피고인을 징역 4년에 처한다."
        ]
    },
    "assrs": {
        "acusrAssrs": [],
        "dedatAssrs": [
            "피고인이 피해자 공소외 1 등과의 2012.8.22.자 주식인수계약(이하 '이 사건 계약'이라 한다)에 따른 약정금 지급의무를 이행하지 못한 것은 사실이지만, 피고인이 처음부터 이 사건 계약에 따른 약정금 지급의무를 이행할 의사 없이 OOOOO(이하 공소외 2 회사가 소유하던 1층과 2층을 지칭하는 것으로 한다)을 편취할 의도로 이 사건 계약을 체결한 것은 아니다.",
            "피고인은 공소외 6 주식회사(이하 공소외 6 회사라 한다)유상증자시 OOOOO을 현물출자하여 주식을 배정받은 후 이를 처분하거나 담보로 제공하여 받은 현금으로 피해자 공소외 1 등에게 약정금을 지급하겠다고 피해자 공소외 1에게 설명하였으나, 그러한 유상증자 참여 계획이 무산되면서 피해자 공소외 1 등에 대한 약정금 지급의무를 이행하지 못한 것이다.",
            "설령 피고인이 유죄라 하더라도, 이 사건 편취금액의 기준이 되는 OOOOO의 가액과 관련하여 이 사건 계약 당시의 객관적인 시세자료가 없으므로, 이 사건 계약상 약정금을 편취금액으로 볼 것이 아니라, 개별공시지가를 바탕으로 작성된 세액산정자료(증 제4호증)상의 OOOOO의 가액에 기초하여 편취금액을 정하여야 한다.",
            "위 세액산정자료에 기초한 시가는 15억 6,700만 원이고, 여기서 공소외 5 은행 대출채무와 임대차보증금 반환채무를 공제하면 이 사건 편취금액은 5억 원 미만이므로, 이 부분 공소사실에 대하여는 특정경제범죄 가중처벌 등에 관한 법률이 적용될 수 없고, 형법(제374조 제1항)이 적용되어야 한다."
        ]
    },
    "facts": {
        "bsisFacts": [
            "피고인은 피해자 공소외 1이 자신이 운영하는 법인인 공소외 2 주식회사(이하 공소외 2 회사라 한다)를 통하여 0000 (주소 1 생략)에 있는 3층짜리 00000(이하 ‘OOOOO’이라 한다)을 소유하고 있다는 사실을 알고 2012.5.경 피해자에게 '회사에 분양하는 팀이 있으니 그 집을 팔아 주겠다'고 말했다.",
            "피해자로부터 '그 집은 세를 받기 위한 것이니까 팔기는 좀 곤란하다'는 말을 들었는데도 위 피해자에게 '비싼 값에 제가 팔아드리겠습니다'라고 말하며 피해자 소유의 건물을 이용하여 자신의 사업을 진행하기로 마음먹었다.",
            "피고인은 2012.8.22.경 0000 (주소 2 생략)에 있는 피해자가 운영하는 공소외 3 주식회사((이하 ‘공소 외 3 회사’라 한다)사무실에서 피해자에게 다음과 같이 거짓말하였다.",
            "\"제가 공소외 16 주식회사 운영하고 있는데, 소유하고 계시는 OOOOO을 주시면 이를 처분하여, 2012.12.31.경까지 공소외 2 회사의 가수금 합계 3,101,939,295원(공소외 3 회사: 655,350,000원, 공소외 4: 153,311,470원, 공소외 1: 2,293,277,828원)을 공소외 3 회사, 공소외 4, 공소외 1에게 각각 지급하겠습니다.\" ",
            "\"또한, 공소외 3 회사의 공사미수금 385,000,000원을 지급하며, 공소외 5 은행의 장기차입금 1,057,000,000원을 제 명의로 전환하겠습니다.다만, OOOOO이 공소외 2 회사 소유로 등기되어 있어, 공소외 2 회사도 양수받아야 OOOOO을 처분하기가 쉬우니, 공소외 2 회사의 주식을 1,000만 원에 전부 매수하겠습니다.\"",
            "그러나 사실 피고인은 피해자로부터 OOOOO을 교부받더라도 이를 담보로 대출을 받아 사용할 생각이었고, 체납된 세금이 4,170만 원 상당이 있는 등 피해자의 가수금 등 3,486,939,295원(이하 ‘약정금’이라 한다)을 피해자에게 2012.12.31.까지 교부할 의사나 능력이 없었다.",
            "그럼에도 피고인은 이와 같이 피해자를 기망하여 이에 속은 피해자로부터 같은 날 1,000만 원을 지불하고 공소외 2 회사 주식 10,000주를 모두 인계 받음으로써 공소외 2 회사 소유의 3,486,939,295원 상당의 OOOOO을 교부받아 편취하였다.",
            "피고인은 2014.3.경 0000 (주소 4 생략)에 있는 00000 1층 커피숍 부근에서 피해자 공소외 1로부터 0000 도시개발사업을 추진하기 위해서 자금이 필요하다는 말을 듣고, 피해자에게 \"나는 부실채권 투자를 전문으로 하는 000의 이사로 있는데, 자금 조달을 할 수 있도록 위 회사와 업무협약을 체결해주겠다.\" 라고 거짓말하였다.",
            "계속하여 2014.4.중순경 피해자에게 \"000 아시아 총괄본부로부터 구두로 업무협약 건에 대하여 승인을 받았고, 홍콩 본부에 승인 결재를 올렸으니 조만간 승인이 날 것이다.\" 라고 말했다.",
            "그러면서 위 업무협약 체결이 임박한 것인 양 가장하여 이를 빌미로 피해자에게 \"내가 자산운용사 인수를 추진 중인데 이에 급하게 자금을 사용할 곳이 있으니 당장 빌려 달라, 내 명의로 된 건물도 있으니 위 차용금의 반환 요청을 받으면 언제든지 위 돈을 갚아주겠다.\" 라고 거짓말하고, 마치 위 돈을 빌려주지 않으면 업무협약이 체결되지 않을 듯한 태도를 보였다.",
            "그러나 사실 피고인은 20억 원의 채무를 지고 있어 피해자로부터 자산운용사 인수자금 명목으로 돈을 빌리더라도 채무변제에 사용할 계획이어서 그로부터 반환요청을 받더라도 이를 즉시 변제할 의사나 능력이 없었고, 피해자와 000 사이에 업무협약을 체결해 줄 의사나 능력도 없었다.",
            "피고인은 위와 같이 피해자를 기망하여 이에 속은 피해자로부터 2014.4.30.차용금 명목으로 5억 원을, 2014.6.9.업무협약을 승인받는 데 필요한 경비 명목으로 1,000만 원을 피고인 명의의 000 계좌로 송금받았다."
        ]
    },
    "dcss": {
        "courtDcss": [
            "피고인에게 OOOOO을 편취할 고의가 있었음이 넉넉히 인정되고, 따라서 피고인과 변호인의 위 주장은 받아들이지 아니한다.",
            "피고인이 피해자 공소외 1 등과 계약상 정한 약정금은 공소외 5 은행의 피담보채권액과 임대차보증금을 제외한 OOOOO의 실제 가액을 반영한 것으로 봄이 상당하고, 따라서 피고인의 위 주장도 받아들이지 아니한다."
        ]
    },
    "close": {
        "cnclsns": [
            "피고인을 징역 4년에 처한다."
        ]
    }
}