{
    "info": {
        "caseField": "2",
        "detailField": "6",
        "trailField": "1",
        "caseNm": "사기",
        "courtNm": "수원지방법원",
        "judmnAdjuDe": "2013. 06. 21.",
        "caseNo": "2013고단10",
        "relateLaword": [
            "형법 제347조",
            "형법 제30조",
            "형법 제37조",
            "형법 제38조",
            "형법 제50조",
            "형법 제62조"
        ],
        "qotatPrcdnt": []
    },
    "concerned": {
        "acusr": "4",
        "dedat": "1"
    },
    "org": {
        "orgJdgmnCourtNm": "",
        "orgJdgmnAdjuDe": "",
        "orgJdgmnCaseNo": ""
    },
    "disposal": {
        "disposalform": "8",
        "disposalcontent": [
            "피고인 00을 징역 1년 2월에 , 피고인 00를 징역 1년에 , 피고인 00 , 00을 각 징역 4월에 각 처한다.",
            "다만 , 피고인 00 , 00에 대하여는 이 판결확정일로부터 각 1년간 위 각 형의 집행을 유예한다."
        ]
    },
    "mentionedItems": {
        "rqestObjet": [
            "피고인 00을 징역 1년 2월에 , 피고인 00를 징역 1년에 , 피고인 00 , 00을 각 징역 4월에 각 처한다.",
            "다만 , 피고인 00 , 00에 대하여는 이 판결확정일로부터 각 1년간 위 각 형의 집행을 유예한다."
        ]
    },
    "assrs": {
        "acusrAssrs": [],
        "dedatAssrs": [
            "게임아이템은 그 자체로 재산상 가치가 있다. 고 보기 어렵고, 피고인들이 복구받아 판매한 게임아이템에는 무료아이템도 상당량 포함되어 있었으므로, '재산상 이익' 은 피고인들 각자가 실제 취득한 수익금 (피고인 00의 경우 313, 384, 540원, 피고인 00의 경우 피고인 00으로부터 급여 명목 으로 지급받은 2000만 원)에 한정되어야 한다.",
            "피고인들에게 서버이전으로 인해 게임캐릭터가 삭제되었다는 점을 고지할 의무가 있다고 볼 수 없으므로, 피고인들의 게임캐릭터 복구신청행위를 기망행위 로 볼 수 없다.",
            "피해회사가 삭제된 캐릭터를 복구하여 준 행위 자체는 그로 인해 권리의 변동이 일어나는것이 아니므로, 재산적 처분행위 로 볼 수 없다."
        ]
    },
    "facts": {
        "bsisFacts": [
            "피고인들은 피해자 주식회사 ㅁㅁ코리아 (이하 '피해회사' 라한다)가 제공하는온라인 게임의 이용자들이다.",
            "피고인 00은 2010. 10. 6. 0000에 있는 자신의 집에서, 사실은 게임캐릭터를 실수로 삭제한 것이 아니었고, 캐릭터의 게임서버이전 서비스를 이용하여 스스로 다른 서버로 이전해 갔음에도, 위 22앤파이터 게임 홈페이지 내 1대1 복구 신청란에 접속하여 \"0 계정을 통하여 시로코 서버에서 해즐링 캐릭터를 보 유하고 있었는데 실수로 캐릭터를 삭제하였으니 복구해달라.\" 고 거짓말하였다.",
            "이에 속은 피해회사 CS2팀 소속 성명불상의 직원으로 하여금 위 캐릭터를 복구하게 하고, 복구받은 캐릭터가 가진 게임아이템을 사이트 내 경매장에서 게임머니로 교환한 다음, 그 무렵 온라인 게임머니거래사이트를 통해 위 게임머니를 처분하였다.",
            "피고인 00은 그때부터 2010. 10. 25.까지는 별지 범죄일람표 순번 1, 2번 기재와 같이 피고인 00 단독으로, 2010. 11. 22. 부터 2011. 12. 27.까지는 범죄일람표 순번 3 내지 71번 기재와 같이 피고인 00와 공동하여, 2011. 12. 28. 부터 2012. 2. 2.까지는 범죄일람표 순번 72 내지 76번 및 83번 기재와 같이 피고인이 과 공동하여, 이하 다음과 같이 하였다.",
            "즉, 피해회사를 기망하여 총 77회에 걸쳐 시가 합계 약 575, 555, 800원 상당의 게임아이템을 지닌 게임캐릭터를 복구받아 이를 취득하였다.",
            "이로써 피고인 00은 피고인 한미, 피고인 00과 각 공모하여 피해회사를 기망하여 합계 약 575, 555, 800원 상당의 재산상 이익을 취득하였다.",
            "피고인 00는 2010. 11. 22. 부터 2011. 12 27. 까지는 별지 범죄일람표 순번 3 내 지 71번 기재와 같이 피고인 00과 공동하여, 2012. 1. 18. 부터 2012. 1. 31. 까지는 범죄일람표 순번 77 내지 82번 기재와 같이 피고인 00과 공동하여, 이하 다음과 같이 하였다.",
            "위 제1항 기재와 같은 수법으로 피해회사를 기망하여 총 75회에 걸쳐 시가 합계 약 576, 318, 690원 상당의 게임아이템을 지닌 게임캐릭터를 복구받아 이를 취득하였다.",
            "이로써 피고인 00는 피고인 00, 피고인 00과 각 공모하여 피해회사를 기망하여 합계 약 576, 318, 690원 상당의 재산상 이익을 취득하였다.",
            "피고인 00은 피고인 00와 공동하여, 2012. 1. 18. 부터 2012. 1. 31. 까지 범죄 일람표 순번 77 내지 82번 기재와 같이 위 제1항 기재와 같은 수법으로 피해회사를 기망하여 총 6회에 걸쳐 시가 합계 약 46, 657, 300원 상당의 게임아이템을 지닌 게임캐 릭터를 복구받아 이를 취득하였다.",
            "이로써 피고인 00은 피고인 00와 공모하여 피해회사를 기망하여 합계 약 46, 657, 300원 상당의 재산상 이익을 취득하였다.",
            "피고인 00은 피고인 00과 공동하여, 2011. 12. 28. 부터 2012. 2. 2. 까지 범죄 일람표 순번 72 내지 76번 및 83번 기재와 같이 위 제1항 기재와 같은 수법으로 피해 회사를 기망하여 총 6회에 걸쳐 시가 합계 약 77, 469, 600원 상당의 게임아이템을 지닌 게임캐릭터를 복구받아 이를 취득하였다.",
            "이로써 피고인 00은 피고인 00과 공모하여 피해회사를 기망하여 합계 약 77, 469, 600원 상당의 재산상 이익을 취득하였다."
        ]
    },
    "dcss": {
        "courtDcss": [
            "이 사건 게임아이템과 같은 '온라인게임아이템' 이 형법상 재물 에 해당한 다고 보기는 어렵지만, 게임아이템을 취득하기 위해서는 유료아이템의 경우 현금을 지급하거나 무료아이템의 경우 시간과 노력을 투자하는 등 반대급부를 지불하여야 하고, 게임아이템이 현실적으로 거래의 대상이 되어 금전으로 그 가치가 평가되고 있는바, 게임아이템에 대하여 경제적 교환가치를 충분히 인정할 수 있다 할 것이다.",
            "형법상 보호의 객체가 되는 '재산상 이익' 에는 해당한다고 봄이 상당하다.",
            "나아가 무료아이템이라 하더라도 재산적 가치가 없다고 단정할 수 없고, 경우에 따 라서는 충분히 '재산상 이익' 에 해당할 수 있다.",
            "피고인들이 피해회사를 기망하여 게임아이템을 보유한 게임캐릭터를 복구받 는 방식으로 게임아이템을 취득한 이상, 그 게임아이템의 재산상 가치 상당액이 '재산상 이익' 에 해당한다고 보아야 하므로 (다만, 이 사건에서 게임아이템의 재산상 가치 상 당액을 산정하면서 피고인들이 실제 취득한 수익금을 고려한 것은 게임아이템의 재산 상 가치 산정방식의 문제이다), 위 주장은 받아들이지 아니한다.",
            "피고인들은 고가의 게임아이템을 보유한 게임 캐릭터를 서버이전 서비스를 통해 다른 서버로 이전시킨 다음, 마치 위 게임캐릭터를 실수로 삭제한 것처럼 복구 신청함으로써 피해회사 소속의 캐릭터복구업무 담당직원으 로 하여금 그와 같이 믿게 한 사실이 인정되는바, 이와 같은 행위는 사기죄에 있어서 '기망행위' 에 해당하므로, 위 주장은 받아들이지 아니한다.",
            "게임아이템에 재산상 가치가 인정되는 이상, 피해회사 가 게임아이템을 보유한 게임캐릭터를 복구하여 준 행위는 사기죄에 있어서 '처분행위' 로 볼 수 있으므로, 이 부분 주장 역시 받아들이지 아니한다."
        ]
    },
    "close": {
        "cnclsns": [
            "피고인 홍ㅁㅁ을 징역 1년 2월에, 피고인 한ㅁㅁ를 징역 1년에, 피고인 김ㅁㅁ, 이ㅁㅁ을 각 징역 4월에 각 처한다.",
            "피고인 김ㅁㅁ, 이ㅁㅁ에 대하여는 이 판결 확정일로부터 각 1년간 위 각 형의 집행을 유예한다."
        ]
    }
}