{
    "info": {
        "caseField": "2",
        "detailField": "6",
        "trailField": "1",
        "caseNm": "폭력행위등 처벌에 관한 법률위반(공동상해)",
        "courtNm": "울산지방법원",
        "judmnAdjuDe": "2013. 05. 24.",
        "caseNo": "2013고단563",
        "relateLaword": [
            "폭력행위 등 처벌에 관한 법률 제2조",
            "형법 제257조",
            "형법 제70조",
            "형법 제69조",
            "형법 제62조",
            "형사소송법 제334조"
        ],
        "qotatPrcdnt": []
    },
    "concerned": {
        "acusr": "4",
        "dedat": "1"
    },
    "org": {
        "orgJdgmnCourtNm": "",
        "orgJdgmnAdjuDe": "",
        "orgJdgmnCaseNo": ""
    },
    "disposal": {
        "disposalform": "9",
        "disposalcontent": [
            "피고인 A, B를 각 벌금 300만 원에, 피고인 C을 징역 4월에 각 처한다.",
            "피고인 A, B가 위 각 벌금을 납입하지 아니하는 경우 5만 원을 1일로 환산한 기간 위 피고인들을 노역장에 유치한다.",
            "다만, 피고인 C에 대하여 이 판결 확정일부터 2년 간 위 형의 집행을 유예한다.",
            "피고인 A, B에게 위 각 벌금 상당액의 가납을 명한다."
        ]
    },
    "mentionedItems": {
        "rqestObjet": [
            "피고인 A, B를 각 벌금 300만 원에, 피고인 C을 징역 4월에 각 처한다.",
            "피고인 A, B가 위 각 벌금을 납입하지 아니하는 경우 5만 원을 1일로 환산한 기간 위 피고인들을 노역장에 유치한다."
        ]
    },
    "assrs": {
        "acusrAssrs": [],
        "dedatAssrs": []
    },
    "facts": {
        "bsisFacts": [
            "피고인 A은 E노총 F노동조합 0000지부 비계분회 소속 조합원이고, 피고인 B는 위 노동조합 0000지부 제관분회 소속 조합원이며, 피고인 C은 위 노동조합 0000지부 비계분회 소속 조합원이다.",
            "E노총 F노동조합 0000지부는, 000 관련 플랜트 하청업체들 중 배관 1군 업체로서 이전 단체교섭 과정에서 플랜트 하청업체들을 대표하였던 000가 E노총 소속 근로자를 배제하고 G노총 소속 근로자를 고용하고 있다고 주장하였다.",
            "2012.8.16.경부터 위 '000' 앞에서 소속 조합원들에게 위 '000'에 출근하는 근로자들의 신분을 확인하여 신분확인에 응하지 않는 자나 다른 노동조합 소속 근로자들의 출근을 막고 저지하는 등의 방법으로 집회를 하여 왔다.",
            "피고인들은 성명불상의 조합원 수명과 함께 2012.8.20.06:50경 울산 남구 여천동 1385에 있는 '000' 앞에서, 위 노동조합 0000지부장 H 등으로부터 출근하려는 '000' 근로자들의 신분을 확인하여 E노총 소속이 아닌 G노총 소속 근로자 등이 '000' 사업장에 출근하지 못하게 막도록 하는 내용의 지시를 받고 그와 같은 방법으로 집회하고 있었다.",
            "피고인 A은 G노총 조끼를 입고 출근하던 피해자 1(47세)를 보고 신분을 물으며 출근을 저지하였으나 피해자가 이에 응하지 않는다는 등의 이유로 피해자의 멱살을 잡아 흔들고 손으로 피해자의 얼굴을 1회 때리고, 피고인 C은 팔로 피해자의 목을 감아 끌어당겼다.",
            "그리고, 피고인 B는 손에 든 물병으로 안경을 착용한 피해자의 얼굴을 1회 때린 다음 바닥에 쓰러진 피해자를 발로 수 회 걷어차고, 성명불상의 조합원 수명은 이에 가세하여 바닥에 쓰러진 피해자의 머리를 발로 수 회 발로 걷어찼다.",
            "이로써 피고인들은 성명불상의 조합원 수명과 공동하여 피해자에게 약 3주 간의 치료를 요하는 두피 열상 등을 가하였다."
        ]
    },
    "dcss": {
        "courtDcss": [
            "폭력행위 등 처벌에 관한 법률 제2조 제2항, 제1항 제3호, 형법 제257조에 따라 피고인들의 형을 정한다."
        ]
    },
    "close": {
        "cnclsns": [
            "피고인 A, B를 각 벌금 300만 원에, 피고인 C을 징역 4월에 각 처한다.",
            "피고인 A, B가 위 각 벌금을 납입하지 아니하는 경우 5만 원을 1일로 환산한 기간 위 피고인들을 노역장에 유치한다.",
            "다만, 피고인 C에 대하여 이 판결 확정일부터 2년 간 위 형의 집행을 유예한다.",
            "피고인 A, B에게 위 각 벌금 상당액의 가납을 명한다."
        ]
    }
}