{
    "info": {
        "caseField": "2",
        "detailField": "6",
        "trailField": "1",
        "caseNm": "사기",
        "courtNm": "수원지방법원 안산지원",
        "judmnAdjuDe": "2018. 12. 27.",
        "caseNo": "2018고단2837",
        "relateLaword": [
            "형법 제347조",
            "형법 제37조",
            "형법 제38조",
            "형법 제50조"
        ],
        "qotatPrcdnt": []
    },
    "concerned": {
        "acusr": "4",
        "dedat": "1"
    },
    "org": {
        "orgJdgmnCourtNm": "",
        "orgJdgmnAdjuDe": "",
        "orgJdgmnCaseNo": ""
    },
    "disposal": {
        "disposalform": "6",
        "disposalcontent": [
            "피고인을 징역 1년 6월에 처한다."
        ]
    },
    "mentionedItems": {
        "rqestObjet": [
            "피고인을 징역 1년 6월에 처한다."
        ]
    },
    "assrs": {
        "acusrAssrs": [],
        "dedatAssrs": []
    },
    "facts": {
        "bsisFacts": [
            "피고인은 2017.4 19.경 0000에 있는 자신의 집에서, 고등학교 후배인 피해자 D에게 전화하여 \"아버지에게 상속받은 자동차 부품 제조 회사를 어머니와 함께 운영하고 있는데 회사 사정이 어려워 경비가 필요하니 돈을 빌려주면 형편이 나아지는 대로 갚겠다.회사를 접으면 남는 돈이 있고, 어머니 집도 내놨으니 팔리면 갚을테니 걱정말고 빌려달라.\" 라고 거짓말을 하였다.",
            "그러나 사실 피고인은 2년 전에 위 회사를 폐업하였고, 개인채무가 약 4천만 원 정도에 이른 상태이며, 소득도 전혀 없어, 피해자로부터 돈을 빌리더라도 이를 약정대로 변제할 의사나 능력이 없었고, 피해자에게 빌린 돈은 생활비 및 사채이자 지급에 사용할 생각이었다.",
            "피고인은 이와 같이 피해자를 기망하여 이에 속은 피해자로부터 같은 날 차용금 명목으로 100만 원을 피고인 명의의 000 계좌로 송금받은 것을 비롯하여 그 때부터 2017.10.30.경까지 별지 범죄일람표 기재와 같이 총 11회에 걸쳐 차용금 명목으로 합계 4,150만 원을 송금받았다."
        ]
    },
    "dcss": {
        "courtDcss": [
            "후배인 피해자의 믿음을 악용하여 편취하였고, 나아가 피해자도 돈이 없어 대출을 받아 피고인에게 돈을 빌려주었음에도 변제하지 않음으로써 피해자가 이자까지 변제하는 등 이중의 피해를 보고 있다.",
            "피해자의 재상산태에 비추어 보면 피해 금액이 거액이라고 보임에도 피해가 전혀 회복되지 않았고 피해를 회복하려고 진지하게 노력하였다고 보이지도 아니하므로 엄한 처벌이 불가피하다.",
            "다만, 피고인에게 별다른 범죄전력이 없는 사정을 참작하여 주문과 같이 형을 정한다."
        ]
    },
    "close": {
        "cnclsns": [
            "피고인을 징역 1년 6월에 처한다."
        ]
    }
}