{
    "info": {
        "caseField": "2",
        "detailField": "6",
        "trailField": "1",
        "caseNm": "가. 특정경제범죄가중처벌등에관한법률위반(횡령) 나. 특정경제범죄가중처벌등에관한법률위반(배임)",
        "courtNm": "수원지방법원",
        "judmnAdjuDe": "2013. 04. 25.",
        "caseNo": "2012고합1230",
        "relateLaword": [
            "특정경제범죄 가중처벌 등에 관한 법률 제3조",
            "형법 제356조",
            "형법 제355조",
            "형법 제30조",
            "형법 제37조",
            "형법 제38조",
            "형법 제50조",
            "형법 제53조",
            "형법 제55조"
        ],
        "qotatPrcdnt": [
            "대법원 2005. 9. 28. 선고 2005도3929 판결"
        ]
    },
    "concerned": {
        "acusr": "4",
        "dedat": "1"
    },
    "org": {
        "orgJdgmnCourtNm": "",
        "orgJdgmnAdjuDe": "",
        "orgJdgmnCaseNo": ""
    },
    "disposal": {
        "disposalform": "6",
        "disposalcontent": [
            "피고인 00을 징역 3년에, 피고인 00을 징역 2년에 각 처한다."
        ]
    },
    "mentionedItems": {
        "rqestObjet": [
            "피고인 00을 징역 3년에, 피고인 00을 징역 2년에 각 처한다."
        ]
    },
    "assrs": {
        "acusrAssrs": [],
        "dedatAssrs": [
            "피고인 00과 변호인은 피고인 00이 별지 범죄일람표 1 기재와 같이 2010.11.경부터 2012.6.경까지 범죄일자를 기준으로 16회에 걸쳐 범행을 저지른 것으로 기소되었다.",
            "그 중 피고인 00이 피고인 00으로부터 8회(2011.1.경부터 같은 해 5.경까지 4회, 같은 해 7.경 1회, 같은 해 12.경 2회, 2012.6.경 1회)에 걸쳐 피해자 회사 소유 자재를 받아 00에게 판매한 사실은 인정하지만, 나머지 8회의 범행에는 가담한 바 없다고 주장한다.",
            "피고인 00과 변호인은 이 사건에서 피고인 00이 전산을 조작하여 허위의 반출증을 출력한 다음 이를 자재 관리업체인 000 에 제시하여 그로부터 자재를 교부받은 것으로, 피고인 00이 위 자재를 보관하는 자라고 볼 수 없다.",
            "다만 자재를 보관하는 자인 000 를 기망하여 이를 교부받았을 뿐이므로 횡령죄가 아닌 사기죄가 성립한다 할 것이며, 피고인 00은 그 장물 처분에 가담하였을 뿐이므로 피고인 00에 대하여도 횡령죄는 성립하지 않는다고 주장한다.",
            "피고인 00과 변호인은 이 부분 범행에 관하여 2010.11.경부터 2012.6.경까지이루어진 각 범행 사이에 상당한 간격이 있으므로, 이를 단일한 범의 하에 저질러진 포괄일죄라고 볼 수 없다고 주장한다."
        ]
    },
    "facts": {
        "bsisFacts": [
            "피고인 00은 1986.2.17.부터 2012.10.23.까지 0000에 있는 피해자인 000수원VD사업부 제조그룹 SMT부서에서 근무한 사람으로 2009.7.경부터 2011.12.경까지 피해자 회사에서 사용하는 외주관리시스템을 이용하여 피해자 회사의 협력업체인 ☼☼ 전자의 제품 생산에 필요한 자재를 계획에 따라 반출하고, 위 자재의 재고를 관리하며, 완성된 제품을 납품받는 등 자재관리업무에 종사하였던 사람이다.",
            "피고인 00은 위와 같이 ☖☖ 전자 제품 생산에 필요한 자재를 반출하는 과정에서 필요한 자재 내역 및 자재의 수량이 입력되어 있는 전산을 수정할 수 있는 권한을 이용하여 피해자 회사 소유 자재를 임의로 반출하여 판매하기로 마음먹고 ☖☖ 전자에 근무하는 피고인 00과 사이에 피고인 00이 자재가 더 필요한 것처럼 전산을 입력하여 반출증을 만들어 피고인 00에게 자재를 반출하여 주면 피고인 00이 이를 처분하기로 공모하였다.",
            "피고인 00은 이에 따라 2010.11.16.경 위 피해자 회사 사무실에서 피해자 회사를 위하여 피해자 회사 소유 자재를 업무상 보관하던 중, 외주관리시스템에 실제 ☖☖전자가 제품을 생산할 때 필요하지 않은 IC-DDR2 SDRAM 3,563개가 추가로 필요한 것처럼 입력한 후, 위 부품에 대해 반출증을 따로 출력하고, 자재창고인 000에 위 반출증을 제시하여 위 부품을 교부받아 이를 피고인 00에게 넘겨주었다.",
            "피고인 00은 이를 받아 그 무렵 00에게 판매하는 등 개인적인 용도에 소비하였다.",
            "피고인들은 공모하여 그 때부터 2012.6.8.경까지 이와 같은 방법으로 16일간 총75회에 걸쳐 별지 범죄일람표 1과 같이 피해자 회사 소유인 시가 707,910,390원 상당의 재물을 횡령하였다.",
            "피고인 00은 2010.10.8.경 위 피해자 회사 사무실에서 재고관리를 하며 피해자 회사의 전산상 재고와 ☖☖ 전자에 남아있는 자재의 재고를 비교하여 ☖☖ 전자에 남아있지 않은 재고의 경우 ☖☖ 전자에 그 대금을 청구하고, ☖☖ 전자에 남아있는 재고의 경우 다시 피해자 회사로 반입하는 등 위 자재들을 관리할 업무상 임무에 위배하였다.",
            "ㅁㅁ 전자로 지급된 자재인 solder-wire 39,743개가 실제로는 ☖☖ 전자가 생산한 반제품에 포함되어 있지 않음에도 마치 ☖☖ 전자가 생산하여 피해자 회사에 입고된 제품에 위 자재가 추가로 투입된 것처럼 전산을 조작하여 전산상 ☖☖전자에 해당 재고가 없는 것처럼 가장하는 방법으로 피해자 회사가 위 자재들을 ☖☖ 전자로부터 돌려받거나 ☖☖ 전자에 위 자재의 대금지급을 요구하는 것을 어렵게 하였다.",
            "이로써 피고인 00은 ㅁㅁ 전자에 1,002,373원 상당의 재산상의 이익을 취득하게 하고, 피해자 회사에 같은 액수에 해당하는 손해를 가하는 등 그 때부터 2011.11.20.까지 이와 같은 방법으로 별지 범죄일람표 2의 기재와 같이 총 1,376회에 걸쳐 ㅁㅁ 전자에 시가 512,671,952원 상당의 재산상의 이익을 취득하게 하고, 피해자 회사에 같은 액수의 손해를 가하였다."
        ]
    },
    "dcss": {
        "courtDcss": [
            "판시 각 증거들에 의하면 다음과 같은 사실이 인정된다.",
            "피고인 00은 피해자 회사가 이 사건 조사에 착수한 이후 경찰 3회 진술에 이르기까지 공범 없이 단독으로 범행하였다고 진술하면서, 장물 처분 경위에 대해 인터넷으로 알게 된 불상의 장물업자가 요구하는 대로 0000까지 가서 중국인 심부름꾼을 만나 자재를 처분하였다고 진술하였다.",
            "경찰 4회 진술 시 경찰이 자신에 대한 휴대전화 통화내역을 조회한 결과 범행 전후에 0000에서의 통화내역이 없다는 점을 추궁하기에 이르자 비로소 피고인 00과의 공모 사실을 자백하였다.",
            "피고인 00은 이후 피고인 00과 공모하여 이 부분 범행을 저질렀음을모두 인정하면서, 피고인 00이 수년간 자재 계통에서 일을 하고 회사 폐업 시 자재를 매각하는 일을 해왔던 것으로 알고 있었기 때문에 피고인 00에게 이 사건 범행을 제의한 것으로, 자신은 자재 처분 방법을 알지 못하여, 이 사건 범행으로 취득한 자재는 모두 피고인 00이 그 처분을 담당하였다고 진술하고 있다.",
            "피고인 00은 피해자 회사의 자체조사 당시 3회에 걸쳐 작성했던 자필진술서에서는 범행 일시와 횟수에 대해 일관되지 않게 진술한 바 있으나, 이후 피해자 회사로부터 전산에 남아있는 자료 등을 제시받고, '전산자료와 가지고 나간 자재코드가 맞기 때문에 범행을 인정하였으며, 이렇게 작성된 범죄일람표를 보고 범행 횟수가 생각보다 많은 것에 놀랐다'고 진술하고 있다(00에 대한 증인신문조서 3쪽).",
            "피고인 00은 이 법정에서 이 부분 범행 중 8회를 인정하면서, 그 중 7회는 정확히 기억나지만 나머지 1회는 기억나지 않는다고 진술하고, 검찰 진술 시 별지 범죄일람표 1을 제시하자 '언제 무엇을 빼냈는지 몰라서 봐도 생각이 안 나고, 그저 00이 반출증과 자재를 주면 받아서 팔았을 뿐이며, 구치소에서 그 횟수를 세어봤는데아무리 기억해 봐도 8회를 넘지 않는 것 같다'고 진술하였다.",
            "2010.11.및 12.경의 범행에 관하여는 '2010.9.경 ☖☖ 전자에 입사하였는데 업무에 익숙하지 않은 시점에서그렇게 할 리가 없고, 피해자 회사의 재고조사가 있었을 2010.11.및 12.경에 했다는게 말이 안 되며, 당시에는 00과 친하지도 않았다'고 진술하고 있다.",
            "위 인정사실 등에 의하여 알 수 있는 다음과 같은 점, 즉 ① 피고인 00은 당초 친구인 피고인 00의 범행을 숨기고자 장물 처분 경위까지 꾸며냈던 것으로 보이고, 이후 진술에 허점이 드러나 범행을 모두 자백한 후로는 피고인 00과의 공모사실과 피고인 00이 담당했던 장물 처분 역할에 관하여 명확하게 진술하고 있으 며, ② 피고인 00도 자신이 가담하였음을 인정하는 부분에 관하여는 그 횡령물의 처분에 주도적으로 관여하였음을 인정하고 있는 점등이 있다.",
            "③ 피고인 00은 자신의 기억에 의존하여 막연하게 8회라고 주장하고 있을 뿐, 인정하는 부분과 부인하는 부분에 관한 근거가 분명하지 않은데 반해, 이 부분 범죄사실은 피고인 00이 피해자 회사로부터 전산 수정과 자재 반출이 같은 날 이루어진 내역을 제시받아 그 중 범행 부분을 표시한 것으로 그 내용이 객관적 자료에 의해 뒷받침되는 점 등에 비추어 보면, 피고인 00은 이 사건 범행에 모두 가담하였다고 봄이 상당하다.",
            "따라서, 피고인과 변호인의 위 주장은 받아들이지 아니한다.",
            "위에 있었는지에 관하여 보건대, 판시 각 증거들에 의하면 다음과 같은 사실을 인정할 수 있다.",
            "피해자 회사는 일부 제품의 생산을 ☖☖ 전자와 같은 협력업체에게 하도급하면서, 그 소요 자재를 협력업체에 직접 공급하고, 이를 위해 000 로 하여금 자재를 보관하도록 하였다.",
            "피고인 00은 위 자재의 입출고 관리업무를 담당하면서, 생산부서에서 제품을 요청해오면 피해자 회사의 자재관리시스템에 접속하여 요청된 정보를 입력하고,그에 대응하는 부품 리스트가 추출되면, 000에게 위 자재의 출고를 의뢰하였다.",
            "피고인 00은 그 후 000 로부터 출고 준비가 되었다는 회신이 오면 이를 전산에 입력하여 반출증을 출력하고, 이를 협력업체 직원에게 교부하였으며, 협력업체 직원은 000에게 위 반출증을 제시하여 자재를 교부받았다.",
            "피고인 00은 위와 같은 자재 입출고 관리 과정에서 상사의 결재나 감독을 받지 않고, 자신의 직권으로 업무를 처리하였다.",
            "위 인정사실에 의하면, 피고인 00은 피해자 회사의 자재관리 담당자로서 자재의 입출고 여부를 결정할 전적인 권한을 행사하였던 것으로 보이고, 000는 피고인 00으로부터 출고의뢰를 받으면 그 내용대로 자재를 반출하였을 뿐, 출고의뢰를 심사하여 출고 여부를 결정할 권한까지 있었던 것으로는 보이지 않는다.",
            "00도 협력업체에 투입하는 자재를 추가하거나 삭감하는 권한은 자신과 같은 자재 담당자에게 있고, 000는 반출증이 제시되면 기계적으로 자재를 반출하므로, 000에게 자재에 대한 독자적인 처분권한이 있다고 보기 어렵다고 진술하고 있다(00에 대한 증인신문조서).",
            "이러한 점을 종합하여 보면, 피고인 00은 000 에 보관되어 있는 피해자 회사 소유의 자재에 관하여 그 입출고 여부를 통제하고 관리하는 지위에 있었다고 할 것이고, 이는 횡령죄에서의 '타인의 재물을 보관하는 자' 에 해당한다고 할 것이다.",
            "다음으로 피고인 00이 이 부분 범행에 공동정범으로 가담하였는지에 관하여 보건대, 피고인들의 진술에 의하여 인정되는 다음과 같은 점, 즉 이 부분 범행은 당초 피고인 00이 피고인 00에게 피해자 회사로부터 자재를 반출하면 이를 처분할 수 있겠느냐고 물어보면서 이 사건 범행을 제의하고, 피고인 00이 이를 승낙하면서 개시되었던 점(피고인 00에 대한 검찰 피의자신문조서 등)이 인정된다.",
            "피고인 00은 이후 피고인 00이 반출한 자재를 받아 이를 처분하고 그 이익을 피고인 00에게 나누어 주면서, 처분하기에 적당한 품목을 지정하기도 하였던 점 등에 비추어 보면, 피고인 00은 피고인 00이 제안한 횡령 범행에 대한 공동가공의 의사로서 피고인 00으로 하여금 이를 실현하도록 기여하였다고 할 것이다.",
            "피고인 00이 이 부분 범행에 공동정범으로 가담하였음을 인정하기에 충분하다 할 것이다.",
            "따라서 피고인 00과 변호인의 위 주장도 받아들이지 아니한다.",
            "수개의 업무상횡령 행위라 하더라도 피해법익이 단일하고, 범죄의 태양이 동일하며, 단일 범의의 발현에 기인하는 일련의 행위라고 인정될 때에는, 포괄하여 1개의 범죄라고 봄이 타당하다(대법원 2005.9.28.선고 2005도3929 판결 등 참조).",
            "이 사건에서, 판시 각 증거들에 의하여 알 수 있는 다음의 사정, 즉 ① 이 부분 범행은 모두 피해자 회사가 소유하는 자재를 횡령한 것으로서 그 피해법익이 단일하고, ② 피해자 회사의 자재관리를 담당하던 피고인 00이 전산을 조작하고 허위의 반출증을 만들어 자재를 반출하면 피고인 00이 이를 처분하는 것으로 범죄의 태양이 동일하다.",
            "③ 2010.11.경부터 2012.6.경까지 발각되지 않은 채 16일간 75회에 걸쳐 지속적으로 이루어진 범행이라는 점에서 범의의 계속성과 단일성도 인정된다 할 것이므로, 이 부분 범행은 포괄하여 1개의 범죄라고 봄이 상당하다.",
            "따라서 피고인 00과 변호인의 위 주장도 받아들이지 아니한다."
        ]
    },
    "close": {
        "cnclsns": [
            "피고인 00을 징역 3년에, 피고인 00을 징역 2년에 각 처한다."
        ]
    }
}