{
    "info": {
        "caseField": "2",
        "detailField": "6",
        "trailField": "1",
        "caseNm": "특정범죄가중처벌등에관한법률위반(절도)",
        "courtNm": "서울중앙지방법원",
        "judmnAdjuDe": "2013. 05. 22.",
        "caseNo": "2013고단6",
        "relateLaword": [
            "특정범죄 가중처벌 등에 관한 법률 제5조의4",
            "형법 제331조",
            "형법 제329조",
            "형법 제53조",
            "형법 제55조"
        ],
        "qotatPrcdnt": []
    },
    "concerned": {
        "acusr": "4",
        "dedat": "1"
    },
    "org": {
        "orgJdgmnCourtNm": "",
        "orgJdgmnAdjuDe": "",
        "orgJdgmnCaseNo": ""
    },
    "disposal": {
        "disposalform": "6",
        "disposalcontent": [
            "피고인 A를 징역 1년 6월, 피고인 B를 징역 2년에 각 처한다."
        ]
    },
    "mentionedItems": {
        "rqestObjet": [
            "피고인 A를 징역 1년 6월, 피고인 B를 징역 2년에 각 처한다."
        ]
    },
    "assrs": {
        "acusrAssrs": [
            "피고인 B은 범죄사실 다.(1)(4)범행을 저지른 사실이 없다고 주장한다."
        ],
        "dedatAssrs": [
            "피고인 B은 범행을 저지른 사실이 없는 것으로 기억하고, 다른 범행은 저지르려다가 보는 사람들이 있어 절취하지 않거나 돌려준 것으로 기억한다고 주장한다."
        ]
    },
    "facts": {
        "bsisFacts": [
            "피고인들은 2011.9.17.13:20경 0000에 있는 결혼예식장 축의금 접수대 앞에서 혼주인 000의 친척인 것처럼 행세하면서 피고인 B는 하객들의 방명록 작성을 도와주며 축의금 접수인의 시선을 유도하고, 피고인 A는 하객인 피해자 000으로부터 70만 원이 들어있는 축의금 봉투 13개를 건네받은 다음 양복 안주머니에 넣고 가 합동하여 피해자 소유인 금품을 절취하였다.",
            "피고인들은 2011.10.29.15:40경 0000 0에 있는 0결혼예식장 축의금 접수대 앞에서 혼주의 친척인 것처럼 행세하면서 피고인 A는 하객들의 방명록 작성을 도와주며 축의금 접수인의 시선을 유도하고, 피고인 B는 하객인 피해자 000로부터 134만 원이 들어있는 축의금 봉투 1개를 건네받은 다음 양복 안주머니에 넣고 가 합동하여 피해자 소유인 금품을 절취하였다.",
            "피고인 A는 같은 방법으로 4번에 걸친 단독범행을 하여 축의금 450만 원을 절취하였다.",
            "피고인 B 역시 같은 방법으로 4번에 걸친 단독범행을 하여 축의금 470만 원을 절취하였다.",
            "피고인 A는 1976.12.30.수원지방법원에서 절도죄로 징역 8월에 집행유예 2년을, 1977.12.15.같은 법원에서 같은 죄로 징역 6월을, 1993.10.7.서울북부지방법원에서 특수절도죄로 징역 10월을 각각 선고받고, 2003.11.10.같은 법원에서 절도죄로 벌금 300만 원의 약식명령을 각각 고지받았다.",
            "게다가, 2009.8.12.서울서부지방법원에서 같은 죄로 벌금 300만 원, 2012.7.19.서울북부지방법원에서 같은 죄로 벌금 50만 원의 약식명령을 각각 고지받았다.",
            "피고인 B은 1977.6.2.광주지방법원에서 절도죄로 벌금 2만 원을, 1978.8.31.서울중앙지방법원에서 특수절도죄로 징역 1년에 집행유예 2년을, 1981.4.16.같은 법원에서 같은 죄로 징역 6월을, 1981.7.31.같은 법원에서 같은 죄로 징역 1년을, 1984.9.3.같은 법원에서 특정범죄 가중처벌 등에 관한 법률 위반(절도)죄로 징역 1년 6월을을 선고받았다.",
            "또한, 1995.1.26.서울고등법원에서 같은 죄로 징역 1년 6월 및 보호감호를 각각 선고받았다.2009.8.12.서울서부지방법원에서 절도죄로 벌금 300만 원의 약식명령을 고지받고, 2010.9.10.수원지방법원 안양지원에서 특정범죄 가중처벌 등에 관한 법률 위반(절도)죄로 징역 1년 6월에 집행유예 3년을 선고받아 현재 그 유예기간 중에 있다.",
            "피고인은 2011.11.13.13:00경 서울 송파구0에 있는 웨딩홀 10층 축의금 접수대 앞에서 하객들의 방명록 작성을 도와주며 혼주의 친척인 것처럼 행세하다가 하객들로부터 축의금 봉투를 건네받은 다음 양복 안주머니에 넣고 가는 수법으로 피해자 000이 관리하는 축의금 120만 원을 절취하였다.",
            "피고인은 2012.6.10.11:49경 서울 송파구에 있는 결혼예식장 축의금 접수대 앞에서 위와 같은 수법으로 피해자 000이 관리하는 축의금 120만 원을 절취하였다.",
            "피고인은 2012.10.28.13:57경 서울 송파구에 있는 웨딩홀 5층 축의금 접수대 앞에서 위와 같은 수법으로 피해자 000가 관리하는 축의금 100만 원을 절취하였다.",
            "피고인은 2012.11.3.11:45경 서울 서초구 컨벤션 18층 신부측 축의금 접수대 앞에서 혼주의 친척인 것처럼 행세하다가 하객인 피해자 000로부터 110만 원이 들어 있는 축의금 봉투를 건네받은 다음 양복 안주머니에 넣고 가는 방법으로 피해자 소유의 축의금 110만 원을 절취하였다.",
            "피고인은 2011.10.22.15:44경 서울 서초구에 있는 결혼식장 축의금 접수대 앞에서 혼주의 친척인 것처럼 행세하다가 하객들로부터 축의금 봉투를 건네받은 다음 양복 안주머니에 넣고 가는 수법으로 피해자 000가 관리하는 축의금 200만 원을 절취하였다.",
            "피고인은 2012.7.1.14:00경 서울 강남구에 있는 결혼예식장 5층 축의금 접수대 앞에서 하객들의 방명록 작성을 도와주며 혼주의 친척인 것처럼 행세하다가 하객들로부터 축의금 봉투를 건네받은 다음 양복 안주머니에 넣고 가는 수법으로 피해자 000 소유인 축의금 50만 원을 절취하였다.",
            "피고인은 2012.11.17.17:12경 서울 강남구에 있는 신부측 축의금 접수대 앞에서 위와 같은 방법으로 피해자 000 소유인 축의금 100만 원을 절취하였다.",
            "피고인은 2012.12.1.11:52경 서울 서초구에 있는 결혼식장 축의금 접수대 앞에서 위와 같은 방법으로 피해자 000이 관리하는 축의금 120만 원을 절취하였다."
        ]
    },
    "dcss": {
        "courtDcss": [
            "피고인들의 이 사건 범행은 그 수법이 전문적이고 계획적이다.",
            "피고인 B는 검찰 피의자신문 및 경찰 피의자신문시 이를 자백하였고 이에 증인 A, 000, 000의 법정 진술 및 앞서 든 증거를 보태어 보면, 위 범죄사실은 인정된다.",
            "그리고 피해자들의 재산적 피해와 정신적 피해가 적지 않다.",
            "피고인 A는 2012.9.10.수원지방법원 안양지원에서 장물취득죄로 징역 4월, 집행유예 2년을 선고받았음에도 불구하고, 그 집행유예 기간 중에 범행을 저질렀다.",
            "증인 000, 000의 법정 진술 및 CCTV 자료 등 증거에 의하면, 피고인 B가 위 범죄사실을 저지른 것이 인정된다."
        ]
    },
    "close": {
        "cnclsns": [
            "피고인 A를 징역 1년 6월, 피고인 B를 징역 2년에 각 처한다."
        ]
    }
}