{
    "info": {
        "caseField": "2",
        "detailField": "6",
        "trailField": "1",
        "caseNm": "특정범죄가중처벌등에관한법률위반(보복폭행등)(인정된 죄명 폭행)",
        "courtNm": "서울중앙지방법원",
        "judmnAdjuDe": "2017. 07. 21.",
        "caseNo": "2017고합473",
        "relateLaword": [
            "형법 제260조",
            "형법 제70조",
            "형법 제69조",
            "형사소송법 제334조",
            "특정범죄 가중처벌 등에 관한 법률 제5조의9",
            "형사소송법 제325조"
        ],
        "qotatPrcdnt": [
            "대법원 2014. 9. 26. 선고 2014도9030 판결"
        ]
    },
    "concerned": {
        "acusr": "4",
        "dedat": "1"
    },
    "org": {
        "orgJdgmnCourtNm": "",
        "orgJdgmnAdjuDe": "",
        "orgJdgmnCaseNo": ""
    },
    "disposal": {
        "disposalform": "9",
        "disposalcontent": [
            "피고인을 벌금 700,000원에 처한다.",
            "피고인이 위 벌금을 납입하지 아니하는 경우 100,000원을 1일로 환산한 기간 피고인을 노역장에 유치한다.",
            "위 벌금에 상당한 금액의 가납을 명한다."
        ]
    },
    "mentionedItems": {
        "rqestObjet": [
            "피고인은 피해자의 멱살을 잡고 수차례 흔드는 등 폭행하였다."
        ]
    },
    "assrs": {
        "acusrAssrs": [
            "피고인은 2017.4.24.20:26경 D에서 술에 취해 소란을 피우던 중, 피해자의 112 신고를 받고 출동한 경찰관들에 의해 범칙금을 부과 받게 되자 피해자에게 보복하기로 마음먹고, 같은 날 21:15경 D에서 보복의 목적으로 판시와 같이 피해자를 폭행하였다."
        ],
        "dedatAssrs": [
            "피고인은 피해자의 신고로 범칙금을 부과받게 되었지만 급한 용무로 다른 사람을 만나기 위해 D에 다시 찾아갔던 것이고, 그곳에서 만취한 피해자로부터 욕설을 듣게 되어 피해자를 밖으로 끌고 나가기 위해 옷자락을 잡아당겼을 뿐이므로, 보복의 목적으로 폭행한 것이 아니다."
        ]
    },
    "facts": {
        "bsisFacts": [
            "피고인은 2017.4.24.21:15경 0000 C에 있는 D에서 양손으로 피해자 E(48세)의 멱살을 잡고 수차례 흔드는 등 폭행하였다."
        ]
    },
    "dcss": {
        "courtDcss": [
            "피고인은 음식점에서 동네 후배인 피해자와 말다툼을 하던 중 피해자의 멱살을 잡아 흔드는 등 폭행하였고, 4회의 폭력전과가 있다.",
            "다만 폭행의 정도가 무겁지 않고, 피해자도 피고인에게 욕설을 하여 범행의 한 원인을 제공한 점 등의 유리한 정상이 있다.",
            "피해자의 진술은 이 사건 범행이 특정범죄 가중처벌 등에 관한 법률 제5조의9 제1항에서 정한 수사단서의 제공 등에 대한 보복의 목적에 기인한 것이라는 점을 인정하기에 부족하다.",
            "피고인은 수사기관에서부터 이 법정에 이르기까지 일관되게, 피해자의 신고로 서울혜화경찰서 F파출소에서 범칙금 스티커를 받고 나서 급한 물건 납품 건으로 G만나기 위해 D에 다시 갔을 뿐이고, 그곳에서 G과 함께 술을 마시려고 하는데 피해자가 먼저 욕설을 하며 시비를 걸어 피해자를 밖으로 끌고 나가기 위해 옷자락을 잡았다는 취지로 진술하고 있고, 증인 H의 법정진술도 이에 부합한다.",
            "피해자는 이 법정에서, 피고인이 D에 돌아오자마자 112 신고한 것을 따지면서 자신의 멱살을 잡고 끌고 나갔다는 취지로 진술한다.",
            "그러나 피해자는 경찰에서 피고인에게 욕설을 한 사실은 있다는 취지로 진술한 바 있고(증거기록 16쪽), 당시 현장에 있었던 I, J과 G은 피고인과 피해자가 D에서 말다툼을 하고서 피고인이 피해자의 멱살을 잡고 밖으로 끌고 나갔다는 취지로 진술하였으며(증거기록 10쪽), H도 이 법정에서 피고인과 피해자가 D에서 6~7분 정도 말다툼을 하였다고 진술하고 있다.",
            "피고인과 피해자는 약 10년간 동네 선,후배로 지내면서 종종 D에서 술자리를 함께하였는데, 평소 사이가 좋다가도 술을 마시면 서로 욕설을 하며 다투기도 한 것으로 보인다.",
            "이 사건 범행 경위와 전후 사정, 폭행의 정도, 피고인과 피해자의 관계 등을 종합하여 볼 때, 그밖에 검사가 제출한 증거를 모두 모아 보더라도 피고인에게 보복의 목적 이 있었다는 점이 합리적 의심의 여지가 없을 정도로 증명되었다고 보기 어렵다.",
            "따라서 이 부분 공소사실은 범죄의 증명이 없는 때에 해당하므로 형사소송법 제325조 후단에 따라 무죄를 선고하여야 할 것이나, 이와 동일한 공소사실의 범위 내에 있는 판시 폭행죄를 유죄로 인정한 이상 주문에서 따로 무죄의 선고를 하지 아니한다."
        ]
    },
    "close": {
        "cnclsns": [
            "피고인을 벌금 700,000원에 처한다.",
            "피고인이 위 벌금을 납입하지 아니하는 경우 100,000원을 1일로 환산한 기간 피고인을 노역장에 유치한다.",
            "위 벌금에 상당한 금액의 가납을 명한다."
        ]
    }
}