{
    "info": {
        "caseField": "2",
        "detailField": "6",
        "trailField": "1",
        "caseNm": "강제추행,절도",
        "courtNm": "창원지방법원",
        "judmnAdjuDe": "2018. 06. 28.",
        "caseNo": "2018고단1061",
        "relateLaword": [
            "형법 제298조",
            "형법 제329조",
            "형법 제37조",
            "형법 제38조",
            "형법 제50조",
            "형법 제62조",
            "성폭력범죄의 처벌 등에 관한 특례법 제16조"
        ],
        "qotatPrcdnt": []
    },
    "concerned": {
        "acusr": "4",
        "dedat": "1"
    },
    "org": {
        "orgJdgmnCourtNm": "",
        "orgJdgmnAdjuDe": "",
        "orgJdgmnCaseNo": ""
    },
    "disposal": {
        "disposalform": "6",
        "disposalcontent": [
            "피고인을 징역 1년 6개월에 처한다.",
            "다만 이 판결 확정일부터 3년간 위 형의 집행을 유예한다.",
            "피고인에게 보호관찰 받을 것과 40시간의 성폭력 치료강의 수강을 명한다."
        ]
    },
    "mentionedItems": {
        "rqestObjet": [
            "피고인을 징역 1년 6개월에 처한다."
        ]
    },
    "assrs": {
        "acusrAssrs": [],
        "dedatAssrs": []
    },
    "facts": {
        "bsisFacts": [
            "피고인은 술에 취한 피해자 00(여, 26세)과 피해자의 친구가 0000(0000), 00000빌딩 지하주차장으로 걸어 들어간 후 피해자의 친구만 나오는 모습을 확인하고 술에 취해 혼자 있는 피해자를 강제추행하기로 마음먹었다.",
            "피고인은 2018.3.18.02:17경 위 00000 지하주차장에서 피해자가 운전석에 타고 있던 (차량번호) 승용차로 다가가 운전석 창문을 통해 피해자를 살펴보자, 피해자가 피고인을 주차 관리인으로 착각하여 위 승용차를 빼달라는 것으로 생각하고 피고인에게 \"왜요\"라고 하면서 차문을 열었다.",
            "피고인은 피해자에게 \"너무 예뻐서 그렇다.\" 라고 말하며 갑자기 위 승용차 안으로 몸을 넣어 오른손으로 그곳에 누워 있던 피해자의 가슴부위를 눌러 피해자가 반항하지 못하게 한 후 피해자가 '왜 이러세요'라고 말하며 피고인을 밀쳤음에도 이를 무시하고 피해자의 볼에 뽀뽀를 하고, 왼손을 피해자의 치마 속으로 넣어 속바지 위로 음부를 수회 만져 피해자를 강제로 추행하였다.",
            "피고인은 제 1항 기재와 같은 날 02:33경 위 지하주차장에서 피해자 00이 위와 같이 피해를 당한 후 남자친구인 00에게 위 피해 내용을 알리기 위해 위 (차량번호) 승용차를 시정하지 않은 채 자리를 비운 틈을 이용하였다.",
            "위 승용차 전면 유리창에 장착되어 있는 피해자 소유인 시가 200,000원 상당의 블랙박스 1개, 위 승용차 조수석에 있던 시가 15,000원 상당의 파우치 화장품 1개, 시가 30,000원 상당의 아이폰 충전기 1개, 주민등록증 1장, 000 체크카드 1장이 들어있는 피해자 소유인 시가 200,000원 상당의 검정색 핸드백 1개를 가지고 가 합계 445,000원 상당의 피해자 물건을 절취하였다."
        ]
    },
    "dcss": {
        "courtDcss": [
            "형법 제62조의2 제1항, 성폭력범죄의 처벌 등에 관한 특례법 제16조 제2항 양형의 이유 피고인은 범행대상을 발견한 뒤 의도적으로 접근하여 피해자를 강제추행 하였으며, 강제추행 사실이 발각되지 않도록 승용차에 부착된 블랙박스를 훔치는 등 죄질이 불량하다.",
            "피고인은 자신의 잘못을 인정하면서 반성하는 태도를 보인다.",
            "피고인은 피해자와 합의하였고, 피해자는 피고인에 대한 선처를 탄원하고 있다. ",
            "피고인은 처와 나이 어린 자녀를 부양하여야 하는 처지이다.",
            "피고인의 연령, 성행, 환경, 피해자와의 관계, 범행의 이르게 된 경위, 범행의 수단과 결과, 범행 후의 정황 등 변론에 나타난 모든 양형 조건을 참작하여 주문과 같이 형을 정한다.",
            "신상정보 등록 및 제출의무 피고인에 대하여 판시 범죄사실에 대한 유죄판결이 확정될 경우 피고인은 성폭력범죄의 처벌 등에 관한 특례법 제42조 제1항에 의하여 신상정보등록 대상자가 되고, 같은 법 제43조 제1항에 따라 주소지 관할 경찰관서의 장에게 신상정보를 제출할 의무가 있다.",
            "공개명령 또는 고지명령의 면제등록 대상 범행의 내용, 처벌 전력 등에 비추어 아동·청소년의 성보호에 관한 법률제49조 제1항 단서, 제50조 제1항 단서에 따라 신상정보를 공개하여서는 안 될 특별한 사정이 있는 경우에 해당한다고 판단되므로, 신상정보의 공개,고지 명령은 선고하지 아니한다."
        ]
    },
    "close": {
        "cnclsns": [
            "피고인을 징역 1년 6개월에 처한다.",
            "이 판결 확정일부터 3년간 위 형의 집행을 유예한다.",
            "피고인에게 보호관찰 받을 것과 40시간의 성폭력 치료강의 수강을 명한다."
        ]
    }
}