{
    "info": {
        "caseField": "2",
        "detailField": "6",
        "trailField": "1",
        "caseNm": "특정경제범죄가중처벌등에관한법률위반(사기),사기",
        "courtNm": "서울중앙지방법원",
        "judmnAdjuDe": "2017. 07. 06.",
        "caseNo": "2016고합1135",
        "relateLaword": [
            "형사소송법 제325조",
            "형법 제58조"
        ],
        "qotatPrcdnt": []
    },
    "concerned": {
        "acusr": "4",
        "dedat": "1"
    },
    "org": {
        "orgJdgmnCourtNm": "",
        "orgJdgmnAdjuDe": "",
        "orgJdgmnCaseNo": ""
    },
    "disposal": {
        "disposalform": "10",
        "disposalcontent": [
            "피고인은 무죄이다.",
            "피고인에 대한 판결의 요지를 공시한다."
        ]
    },
    "mentionedItems": {
        "rqestObjet": [
            "피고인은 무죄이다.",
            "피고인에 대한 판결의 요지를 공시한다."
        ]
    },
    "assrs": {
        "acusrAssrs": [],
        "dedatAssrs": [
            "B으로부터 공소사실 기재와 같은 돈을 받은 사실은 인정하나, C 재개발 아파트 분양권을 주겠다고 약속한 사실이 없고, 위 돈은 특정 사업에 대한 것이 아니라 피고인이 진행하던 부동산 사업과 관련하여 전반적으로 투자금 운용을 위탁하는 간접 투자 형식으로 받은 투자금이다.",
            "공소사실에 기재된 것처럼 000 인수를 위한 차용금 명목으로 B으로부터 2013. 12. 5.부터 2014. 2. 4.까지 6,700만 원을 받은 사실은 인정하나, 차용 당시 변제할 의사와 능력이 있었고, 2014. 3. 4.에 받은 1,500만 원은 0000 H 사업과 관련하여 받은 투자금이지 차용금이 아니다.",
            "B으로부터 2,000만 원을 받은 사실은 인정하나, 피고인이 공소사실 기재와 같이 \"0000 H 내 인테리어 공사를 최고급으로 하는 데 7,000만 원이 드나, 아는 사람에게 부탁하여 그 인 테리어 공사를 2,000만 원에 해주겠다.\"라고 말하여 피해자를 기망한 사실이 없고, 위 돈은 H 현장에서 소요되는 경비로 사용할 목적으로 B으로부터 투자받은 것이다.",
            "F으로부터 공소사실 기재와 같은 돈을 받은 사실은 인정하나, 대부분 사업에 필요한 경비 전반에 대한 자금지원 명목으로 투자금을 받은 것이고 용도를 정해서 받은 돈은 모두 그 용도대로 사용하였다.",
            "F으로부터 공소사실 기재와 같은 돈을 받은 사실은 인정하나, 그 돈은 피고인이 영위하는 부동산 사업 전반에 관한 투자금 명목(전반적인 자금지원)으로 받은 돈이므로 사업과 관련된 자금으로 자유롭게 운용할 수 있도록 용인된 돈이었다.",
            "변제기한을 정하여 돈을 빌린 것은 아니었고 추후 F의 투자금에 대한 수익을 정산하면서 변제하려 했으며, 0000 H 사업이 원활히 진행되었다면 충분히 변제할 수 있었다.",
            "K으로부터 공소사실 기재와 같은 돈을 받은 사실은 인정하나, 그 돈은 대부분 사업에 필요한 경비 전반에 대한 자금지원 명목으로 투자금을 받은 것이고 용도를 정하여 받은 돈은 모두 그 용도대로 사용하였다.",
            "L에게 0000 H 분양행사를 대행하게 한 사실과 그 대금이 지급되지 않은 사실은 인정하나, 공소사실에 기재된 것과 같은 말을 한 사실이 없고, 비용을 N에서 지급할 것이라는 말을 하기는 했으나 분양행사 비용은 시행사인 N이 지급해야 하므로 피고인에게 편취의 범의가 없었다."
        ]
    },
    "facts": {
        "bsisFacts": [
            "피고인은 사실은 특별한 재산이나 월수입도 없을 뿐만 아니라 3억 원 상당의 양도소득세를 체납하고 있었고, 0000 00000 재개발 시행 사업에 관여한 사실도 없으므로, 피해자 B으로부터 돈을 빌리거나 분양대금 명목으로 받더라도 차용금을 변제하거나 C 재개발 아파트 분양권을 받게 해 줄 의사나 능력이 없었다. ",
            "그럼에도 피고인은 2009. 9.경 0000 D에 있는 피해자가 근무하는 E 일식집에서, 피해자에게 \"0000 C에 재개발 아파트 시행을 하는 데 경비가 필요하니 돈을 주면 재개발 아파트를 분양받을 수 있게 해 주겠다.\"라고 거짓말을 하여 이에 속은 피해자로부터 2009. 9. 9. 분양대금 명목으로 2,000만 원을 받았다.",
            "이를 비롯하여, 그 무렵부터 2015. 1.경까지 별지 범죄일람표(1) 기재와 같이 모두 11회에 걸쳐 차용금 또는 분양대금 명목 등으로 합계 1억 4,250만 원을 받았고, 이로써 피고인은 피해자를 기망하여 피해자로부터 1억 4,250만 원을 교부받았다.",
            "피고인은 사실은 특별한 재산이나 월수입이 없을 뿐만 아니라 3억 원 상당의 양도소득세를 체납하고 있었고, 0000 G에 있는 H(이하 'H'라 한다) 시행과 관련하여 시행사와 분양대행 등 용역계약을 체결하였을 뿐 PF 대출을 받지도 못하였으며, 건설 사인 000 I(이하 'T'라 한다)로부터 시공참여 의향서만 받았을 뿐 시공사 선정도 되지 않았고, 공사 관련 인허가도 다 받지 못하여 착공 여부가 불분명하여 당장 수익을 기대할 수 없는 상황이었다.",
            "따라서 피해자 모으로부터 H 청약금을 받더라도 이를 생활비나 경비 등에 사용할 생각이었을 뿐 피해자의 청약금 명목으로 신탁사에 내거나 피해자와 분양계약을 하면서 계약금에 포함해 줄 의사나 능력이 없었다.",
            "그럼에도 피고인은 2013. 7.경 피해자에게 \"H를 분양받으면 수익을 많이 남길 수 있는데, 펜트하우스는 8채밖에 없으므로 나중에 분양받고 싶어도 받지 못할 수 있다. 너는 친구라서 청약금을 먼저 넣어 지급하면 펜트하우스 1채를 분양해 주고, 먼저 지급한 청약금은 정식 계약을 할 때 계약금에 포함시켜 주겠다.\"라고 거짓말을 하였다.",
            "이에 속은 피해자로부터 2013. 7. 2. H 1채에 대한 청약금 명목으로 3,500만 원을 J 명의의 예금계좌로 송금받은 것을 비롯하여, 그 무렵부터 2014. 10. 30.까지 별지 범죄일람표(2) 기재와 같이 모두 29회에 걸쳐 합계 14억 7,000만 원을 받았고, 이로써 피고인은 피해자를 기망하여 피해자로부터 14억 7,000만 원을 교부받았다.",
            "피고인은 피해자 K으로부터 H 청약금을 받더라도 위 나항 기재와 같이 이를 생활비나 경비 등에 사용할 생각이었을 뿐 피해자의 청약금 명목으로 신탁사에 내거나 피해자와 분양계약을 하면서 계약금에 포함해 줄 의사나 능력이 없었다.",
            "그럼에도 피고인은 2013. 7.경 피해자에게 전화하여 \"H에 대한 청약금을 먼저 주면 동과 호수를 정해서 좋은 위치로 분양을 받게 해 주겠다. 먼저 지급한 청약금은 정식계약을 받을 때 청약금에 포함해 주겠다.\"라고 거짓말을 하였다.",
            "이에 속은 피해자로부터 2013. 7. 23. H 3채에 대한 청약금 명목으로 2,000만 원을 J 명의의 예금계좌로 송금받은 것을 비롯하여, 그 무렵부터 2014. 9. 26.까지 별지 범죄일람표(3) 기재와 같이 모두 6회에 걸쳐 합계 1억 6,700만 원을 받았고, 이로써 피고인은 피해자를 기망하여 피해자로부터 1억 6,700만 원을 교부받았다.",
            "피고인은 사실은 특별한 재산이나 월수입이 없을 뿐만 아니라, 3억 원 상당의 양도소득세를 체납하고 있었고, 한편 피고인이 추진 중인 H 공사도 PF 대출을 받지도 못하고, 시공사도 선정되지 않았으며, 인허가도 다 받지 못하여 착공 여부가 불분명하여당장 수익을 기대할 수 없는 상황이었다.",
            "따라서 피해자 L으로 하여금 H 분양행사를 대행하게 하더라도 그 대금을 변제할 의사나 능력이 없었다.",
            "그럼에도 피고인은 2014. 4.경 0000 M에 있는 피해자의 사무실에서, 피해자에게 \"나는 N의 부사장으로 H 시행을 책임지고 있다. I가 시공사로 선정되어 책임시공을 하기로 결정되었고, 사업비 중 홍보비 마케팅 비용으로 9억 원이 책정되어 있는데 내 마음대로 집행할 수 있다. H 분양이 70-80% 정도 끝난 상태이므로 자금 신청만 하면 돈이 나오니 H 분양행사를 개최해 주면 그 대금을 틀림없이 지급하겠다.\"라고 거짓말을 하였다.",
            "이에 속은 피해자로 하여금 2014. 8. 28.부터 2014. 8. 29.까지 0000 O에 있는 P에서 H 분양행사를 대행하게 하고도 그 대금 187,588,500원을 지급하지 아니하였고, 이로써 피고인은 피해자를 기망하여 피해자로부터 187,588,500원 상당의 재산상 이익을 취득하였다."
        ]
    },
    "dcss": {
        "courtDcss": [
            "피고인이 B으로부터 C 재개발 아파트 분양대금 명목으로 돈을 받았다는 공소사실에 부합하는 듯한 증거로는 B, Q의 진술이 있고, B이 피고인에게 공소사실 기재와 같은 금액의 돈을 준 사실이 인정되고, B, Q이 모두 피고인으로부터 \"자신이 C 재개발 아파트 사업을 시행 중이므로 돈을 주면 분양권을 받게 해주겠다.\"라는 취지의 말을 들었다고 진술하고 있다.",
            "피고인이 B을 기망하여 공소사실과 같이 분양대금 명목으로 돈을 편취한 것이 아닌가 하는 의심이 들기는 하지만, 한편으로 이 법원이 적법하게 채택하여 조사한 증거들에 의하여 인정되는 다음과 같은 사정들을 종합하면, 검사가 제줄한 증거들만으로는 피해자의 주장처럼 피고인이 공소사실과 같이 B으로부터 C 재개발 아파트 분양대금 명목으로 돈을 받았다는 점이 합리적인 의심이 없을 정도로 증명되었다고 인정하기에 부족하다.",
            "이 부분 공소사실에 부합하는 듯한 증거는 B, Q의 진술이 있으나, 이 법원이 적법하게 채택하여 조사한 증거들에 의하여 인정되는 다음과 같은 사정들을 종합하면, 위 각 진술은 그대로 믿기 어렵고 검사가 제출한 나머지 증거들만으로는 피고인이 투자금이 아니라 공사대금 명목으로 돈을 받았다는 공소사실이 합리적인 의심이 없을 정도로 증명되었다고 인정하기에 부족하다.",
            "가정적으로 피고인이 피해자로부터 공사대금 명목으로 돈을 받았다고 하더라도, 피고인이 인테리어 공사를 2,000만 원에 해 줄 의사나 능력 없음에도 피해자를 기망하였다고 인정하기에는 부족하다.",
            "이 부분 공소사실에 부합하는 듯한 주요 증거로는 F, K, V, X의 법정진술, 0000 H 집행경비내역, 추가 증거자료제출(고소인 F), J 계좌 출금내역 및 압수수색영장집행 회신자료, 고소인 F, K 등 입금내역 발췌 거래내역 등이 있고, 피고인이 피해자로부터 받은 돈을 개인적인 용도로 사용한 내역이 상당 부분 있으므로 피고인이 피해자를 기망하여 돈을 편취한 것이 아닌지 의심이 들기는 한다.",
            "그러나 한편으로 이 법원이 적법하게 채택하여 조사한 증거들에 의하여 인정되는 다음과 같은 사정들을 종합하면, F이 피고인에게 교부한 돈은 구체적인 용도를 특정하지 않은 투자금으로 볼 여지가 있거나 공소사실과 같은 피고인의 기망이 있었다고 보기 어려운 사정이 있으므로, 검사가 제출한 증거들만으로는 0000 H와 관련된 금전거래에 대한 공소사실이 합리적인 의심이 없을 정도로 증명되었다고 인정하기에 부족하다.",
            "이 부분 공소사실에 부합하는 듯한 증거로는 \"F의 진술이 사실상 유일하고 그 주된 내용은 피고인이 하는 말을 믿고 돈을 빌려주었는데 전부 거짓말이었고 돈도 받지 못했다.\"라는 것이지만, 이 법원이 적법하게 채택하여 조사한 증거들에 의하여 인정되는 다음과 같은 사정들을 종합하면, 차용금 명목이었다는 효의 위 진술은 믿기 어렵고 F이 피고인에게 교부한 돈은 투자금 명목이었던 것으로 보인다.",
            "따라서 검사가 제출한 증거들만으로는 피고인이 변제할 의사나 능력 없이 돈을 차용하였다는 공소사실이 합리적인 의심이 없을 정도로 증명되었다고 인정하기에 부족하다.",
            "이 부분 공소사실에 부합하는 듯한 증거로는 F, Q의 진술이 있으나, 이 법원이 적법하게 채택하여 조사한 증거들에 의하면 2014. 8.경은 H 사업을 통한 합리적인 수익 실현이 기대되던 시점이었고, 피고인이 F으로부터 받은 돈으로 000 AE를 2014. 8.경 자본금 5,000만 원으로 실제 설립한 사실도 인정된다.",
            "사후적으로 피고인이 F에게 돈을 돌려주지 않았다는 사정만으로 차용 당시 변제할 의사와 능력이 없었다고 보기는 어렵고, 검사가 제출 한 증거들만으로는 이 부분 공소사실이 합리적인 의심이 없을 정도로 증명되었다고 인정하기에 부족하다.",
            "이 부분 공소사실에 부합하는 듯한 증거로는 K, F, V의 진술, 0000 H 집행경비내역, 추가 증거자료제출(고소인 F), J 계좌 출금내역 및 압수수색영장 집행 회신 자료, 고소인 F, K 등 입금내역 발췌 거래내역 등이 있다.",
            "그러나, 이 법원이 적법하게 채택하여 조사한 증거들에 의하여 인정되는 다음과 같은 사정들을 종합하면, K이 피고인에게 교부한 돈은 구체적인 용도를 특정하지 않은 투자금으로 볼 여지가 있거나 피고인의 기망이 있었다고 보기 어려운 사정이 있으므로, 검사가 제출한 증거들만으로는 이 부분 공소사실이 합리적인 의심이 없을 정도로 증명되었다고 인정하기에 부족하다.",
            "이 부분 공소사실에 부합하는 듯한 증거로는 L, F, V의 진술, 분양파티결과 보고서, 분양파티세금계산서, 계약이행완료 확인서가 있고, 이에 따르면 피고인이 피해자 L이 운영하는(주)AF을 광고 및 행사대행사로 선정하여 2014. 8. 28.과 그 다음 날 이틀에 걸쳐 0000 H 분양행사를 진행하게 한 사실, 피해자가 행사를 완료했음에도 그 용역대금을 지급받지 못한 사실이 인정된다.",
            "그러나 이 법원이 적법하게 채택하여 조사한 증거들에 의하여 인정되는 다음과 같은 사정들을 종합하면, 검사가 제출한 증거들만으로는 피고인이 공소사실에 기재된 것과 같은 말을 하여 피해자를 기망했다고 인정하기에 부족하고, 이 부분 공소사실이 합리적인 의심이 없을 정도로 증명되었다고 보기 어렵다."
        ]
    },
    "close": {
        "cnclsns": [
            "이 사건 공소사실은 모두 범죄의 증명이 없는 때에 해당하므로 형사소송법 제325조 후단에 따라 피고인에 대하여 무죄를 선고하고, 형법 제58조 제2항에 따라 피고인에 대한 판결의 요지를 공시한다."
        ]
    }
}