{
    "info": {
        "caseField": "2",
        "detailField": "6",
        "trailField": "1",
        "caseNm": "부정처사후수뢰,뇌물공여,사기",
        "courtNm": "부산지방법원",
        "judmnAdjuDe": "2017. 09. 01.",
        "caseNo": "2016고합429",
        "relateLaword": [
            "형법 제131조",
            "공공기관의 운영에 관한 법률 제53조",
            "형법 제347조",
            "형법 제30조",
            "형법 제133조",
            "형법 제129조",
            "형법 제37조",
            "형법 제38조",
            "형법 제50조",
            "형법 제62조",
            "형법 제48조"
        ],
        "qotatPrcdnt": [
            "대법원 1996. 8. 23. 선고 96도1231 판결",
            "대법원 2003. 6. 13. 선고 2003도1060 판결",
            "대법원 2012.  8. 30. 선고 2012도6280 판결"
        ]
    },
    "concerned": {
        "acusr": "4",
        "dedat": "1"
    },
    "org": {
        "orgJdgmnCourtNm": "",
        "orgJdgmnAdjuDe": "",
        "orgJdgmnCaseNo": ""
    },
    "disposal": {
        "disposalform": "6",
        "disposalcontent": [
            "피고인 A를 징역 1년 2월에, 피고인 B를 징역 1년에, 피고인 C를 징역 1년에, 피고인 D를 징역 6월에, 피고인 E를 징역 1년 6월에 각 처한다."
        ]
    },
    "mentionedItems": {
        "rqestObjet": [
            "피고인 A는 공무원으로서 의제되는 피고인의 직무에 관하여 부정한 행위를 한 후 E으로부터 합계 2,000만원의 뇌물을 수수하였다.",
            "피고인 E는 공무원으로 의제되는 A의 직무에 관하여 부정한 청탁을 한 후 A에게 뇌물 2,000만원을 공여하였다.",
            "피고인 E는 피해자N의 물품구매 업무담당자 등을 기망하고 이에 속은 피해자로부터 3억 2,449만 8,900원을 송금받아 편취하였다.",
            "피고인들은 공모하여 합계 661만원을 피해자 N로부터 송금받아 편취하였다.",
            "피고인 E는 공무원인 AB의 직무에 관하여 4,007만원의 뇌물을 공여하였다."
        ]
    },
    "assrs": {
        "acusrAssrs": [],
        "dedatAssrs": [
            "피고인은 피해자 N(이하 N 라 한다)에 제출한 규격제안서에 기재된 내용대로 물품을 공급하였으므로, 피해자에 대하여 기망이 인정되지 않는다.",
            "피고인 A이 피고인 E으로부터 금전을 수수한 것은 사실이나, 대가성이 없다.",
            "피고인은 공소사실 중 AB에게 계좌를 통해 돈을 준 사실은 있으나, 현금을 지급한적은 없고, 피고인이 AB에게 계좌를 통해 준 돈의 경우 사적인 거래일뿐, 대가성이 없다."
        ]
    },
    "facts": {
        "bsisFacts": [
            "피고인 A은 2010.경 N 본사 보안계획팀 소속 직원으로 N가 구매할 대테러 장비의 공통 규격서 초안을 만드는 등 대테러 장비 구매에 관한 전반적인 업무를 담당하는 공무원으로 의제되는 사람이고, 피고인 B, 피고인 C, 피고인 D는 N 대테러업무 담당자이며,피고인 E은 O,(주)P 등을 운영하면서 N에 대테러 장비 등을 납품하는 업자이다. ",
            "피고인 A은 2010. 초경 0000 Q에 있는 N 본사에서 N가 대테러 장비인 X-RAY 디지털영상 시스템1)을 구매하기로 함에 따라 위 대테러 장비의 공통 규격서 초안을 만드는 등 전반적인 장비 구매업무를 진행하였다.",
            "당시 E이 운영하는 O 명의로 모델명 'R' 장비를, E이 차명으로 운영하는(주)P 명의로 모델명 'S' 장비를 납품하겠다는 취지의 규격 제안서가 N에 제출되었으며, E이 운영하는 회사인 위(주)P만이 최종적으로 규격 제안서 심사를 통과하게 되었다.",
            "그 후 위(주)P는 나라장터를 통해서 단독으로 입찰에 참가한 후 최종적으로(주)P가 미국 T의 S 3대를 3억 2,449만 8,900원에 N에 납품하기로 계약이 체결되었고, 피고인은 2010. 5. 13.경 E이 차명으로 운영하는(주)P 명의로 위와 같은 계약이 체결되게 되었다.",
            "그러자 ㅇㅇ군부대 후배이자 평소에 친분이 있던 E으로부터 제안심사를 통과하여 최종적으로 N와 계약을 체결한 제품인 미국 T의 S와 다른 장비인 미국 U의 V를 납품하겠으니 이를 묵인해 달라 라는 취지의 부정한 청탁을 받고, E이 계약한 장비와 다른 장비를 공급하는 행위를 묵인해주었다.",
            "결국 E은 2010. 8. 13.경 미국 U의 V 3대를 N에 납품을 하였고, 피고인은 그. 후 E이 2010. 8. 17. N로부터 위 장비 납품대금 3억 2,449만 8,900원을 송금받게 되자, 위와 같이 계약한 장비와 다른 장비를 N에 공급하는 것을 묵인해주는 등의 대가로 E으로부터 2010. 8. 27.(주)P의 명의상 대표인 W 명의의 계좌로부터 피고인의 계좌로 400만 원을 송금받았다.",
            "그리고 2010. 9. 27. E 명의의 계좌로부터 피고인의 계좌로 400만 원을 송금받고, 같은 날인 2010. 9. 27. E 명의의 계좌에서 인출된 10만 원 권 수표 60매를 피고인의 계좌로 입금받고, 2010. 9. 28. 피고인의 0 차량 할부대금 600만 원을 E이 000 가상계좌로 송금해주는 방법으로 교부받았다.",
            "이로써 피고인은 공무원으로 의제되는 피고인의 직무에 관하여 부정한 행위를 한 후 E으로부터 합계 2,000만 원의 뇌물을 수수하였다.",
            "피고인 E은 위 1항 기재 일시, 장소에서 공무원으로 의제되는 A의 직무에 관하여 위 1항과 같이 부정한 청탁을 한 후 A에게 뇌물 2,000만 원을 공여하였고, 피고인은 2010. 4.경 0000 Q에 있는 N 본사에서 위 1항과 같이 T의 S 3대를 피해자 N에 납품하겠다며 으의 규격 제안서를 제출하였고, 이와 같이 제출된 T의 S가 단독으로 규격심사를 통과하였다.",
            "최종적으로 2010. 5. 13. 피해자 N와 사이에 T의 S 3대를 3억 2,449만 8,900원에 납품하기로 계약을 체결하였으나, 사실 피고인이 피해자 N에 납품하겠다며 제출한 규격 제안서에 기재된 T는 단순한 중개상으로 물건을 제조할 능력이 없다.",
            "피고인은 위 T의 대표인 X에게 자신이 알아서 물건을 납품하겠으니 P가 N에 제출하는 규격 제안서에 첨부되어야 할 TECHNICAL PROPOSALS, 장비 시험성적서 등에 T의 대표 자격으로 서명을 해달라 라는 부탁을 하는 등 N와 계약을 체결한 T 으가 아닌 미국 U의 V 제품을 공급할 마음을 먹고 있었다.",
            "실제 2010. 8. 13.경 미국 U의 V 3대를 피해자 N에 납품을 하였고, 피고인은 이와 같이 피해자 N의 물품구매 업무 담당자 등을 기망하고 이에 속은 피해자 시로부터 2010. 8. 17. T의 S 3대에 대한 납품대금 명목으로 3억 2,449만 8,900원을 송금 받아 편취하였다.",
            "피고인 C, 피고인 B은 Y를 운영하며 N에 각종 자재 등을 납품하는 업자인 Z과 공모하여 2008. 5.경 0000에 있는 AP에서 폭발물처리 훈련 등을 위하여 위 Y로부터 모의사제폭발물 부품 시가 91만 7,400원 상당을 구매하였다는 취지의 Y 명의의 견적서, 세금계산서 등을 피해자 N 물품대금 지급 담당자에게 제출하였다.",
            "그러나, 사실 피고인 C, 피고인 B은 Y로부터 91만 7,400원 상당의 모의사제폭발물 부품을 공급받은 사실이 없었고, 피해자 N가 모의사제폭발물 부품 대금 91만 7,400원 을 Y에 송금을 하면 그 중 수수료를 제외한 금액을 다시 Y로부터 돌려받아 임의로 사용할 마음을 먹고 있었다.",
            "결국 피고인 C, 피고인 B은 공모하여 이와 같이 피해자 N의 물품대금 지급 담당자를 기망하고 이에 속은 물품대금 지급 담당자로 하여금 2008. 5. 9.에 91만 7,400원을 Y에 송금하게 하였다.",
            "피고인들은 위와 같은 방법으로, 1 피고인 A은 Z 등과 공모하여 2011. 3. 2.부터 2014. 12. 8.까지 별지1의 순번 18-25, 27-29, 31-36, 38-50, 53-55 기재와 같이 합계 2,625만 7,800원을 송금 받아 편취하였다.",
            "2 피고인 B은 Z 등과 공모하여 2008. 5. 9.부터 2014. 7. 28.까지 별지1의 순번 1~25, 27-29, 31-36, 38-46, 51 기재와 같이 합계 2,981만 9,200원을 송금 받아 편취하였다.",
            "3 피고인 C은 Z 등과 공모하여 2008. 5. 9.부터 2014. 7. 31.까지 별지1의 순번 1~17, 26, 30, 37, 52 기재와 같이 합계 1,058만 3,000원을 송금 받아 편취하였다.",
            "4 피고인 D는 Z 등과 공모하여 2014. 3. 19.부터 2014. 12. 8.까지 별지1의 순번 47-50, 53-55 기재와 같이 합계 661만 원을 피해자 N로부터 모의사제폭발물 부품 구매대금을 송금 받아 편취하였다.",
            "피고인은 1999. 1.부터 2006. 1.까지 육군 AA대대 폭발물처리중대에서 폭발물처리담당관으로 근무하고 전역한 후 2007.경부터 현재까지 대테러 폭발물탐지장비 등을 납품하는(주)P, O 등을 운영하고 있다.",
            "AB(2016. 8. 12. 특정범죄 가중처벌 등에 관한 법률 위반(뇌물) 등으로 군검찰에 구속)은 2006. 7.부터 2015. 12.까지 육군 AA대대의 폭발물처리담당관 및 특전물자관리관으로 근무하면서 위 대대 예하 폭발물처리중대에 납품되는 대테러 장비에 대한 소요제기 및 규격제안 등 서류 작성, 대테러 장비의 납품 검수 및 관리, 대테러 장비 관련 개선사항의 상급부대 건의, 위 대대가 사용하는 군수 물자 보급 및 관리 등의 직무를 수행하였다.",
            "피고인은 2010. 4.경 N가 발주한 대테러 폭발물탐지장비인 X-RAY 디지털영상시스템 도입 사업을(주)P 명의로 경쟁입찰 방식으로 수주하기 위하여 개인사업체인 O를 형식적으로 입찰에 참여시키는 과정에서 위 O의 납품실적확인서가 필요하자 AB에게 부탁하여 그로부터 O의 납품 실적확인서를 발급받아 이를 N에 제출하였다.",
            "뿐만 아니라, 2009. 11.경 (주)P가 위 폭발물처리중대에 납품한 X-RAY 현상기(모델명 AC)에 하자가 발생하자 AB이 2010.경 상급자에 대한 승인 및 보고 없이 임의로 기존에 납품된 제품과는 제조사와 사양이 전혀 다른 미국 U 제품(모델명 AE)으로 교체하여 주는 등 AB로부터 사업상 편의를 제공받아 왔다.",
            "피고인은 AB로부터 위와 같이 사업상 편의를 제공받고 향후에도 대테러 장비 납품 등 피고인의 사업 및 AB의 직무와 관련된 편의를 제공받는 대가로, AB에게 2010. 3. 22.경 0000 일원에서 현금 100만 원을 교부한 것을 비롯하여 그때부터 2014. 4. 21.경까지 별지2 범죄일람표 기재와 같이 총 14회에 걸쳐 합계 4,007만 원을 제공하였고, 이로써 피고인은 공무원인 AB의 직무에 관하여 4,007만 원의 뇌물을 공여하였다."
        ]
    },
    "dcss": {
        "courtDcss": [
            "이 법원에서 적법하게 채택한 증거에 의하여 인정되는 다음과 같은 사정을 종합하여 살펴보면, 피고인이 N와 계약한 드의 현상기를 AM에서 임의로 V로 바꿔서 공급한 사실이 인정된고, 따라서 피고인의 위 주장은 이유 없다.",
            "피고인 A이 직무상 부정한 행위를 하고, 위와 같은 직무상 부정행위에 대한 대가로 E으로부터 2,000만 원을 받았고, 피고인 E은 부정한 청탁을 한 후 A에게 뇌물 2,000만 원을 준 사실이 충분히 인정된다. ",
            "피고인이 AB에게 별지2와 같이 뇌물을 공여한 사실이 인정된다."
        ]
    },
    "close": {
        "cnclsns": [
            "피고인 A을 징역 1년 2월에 처하고, 피고인으로부터 2,000만 원을 추징한다.",
            "피고인 B을 징역 1년에 처하고, 다만, 이 판결 확정일로부터 2년간 위 형의 집행을 유예한다.",
            "피고인 C을 징역 1년에 처하고, 다만, 이 판결 확정일로부터 2년간 위 형의 집행을 유예한다.",
            "피고인 D을 징역 6월에 처하고, 다만, 이 판결 확정일로부터 1년간 위 형의 집행을 유예한다.",
            "피고인 E을 징역 1년 6월에 처한다."
        ]
    }
}