{
    "info": {
        "caseField": "2",
        "detailField": "6",
        "trailField": "1",
        "caseNm": "사기, 사문서위조, 위조사문서행사",
        "courtNm": "서울북부지방법원",
        "judmnAdjuDe": "2014. 01. 29.",
        "caseNo": "2013고단2059",
        "relateLaword": [
            "형법 제347조",
            "형법 제30조",
            "형법 제231조",
            "형법 제234조",
            "형법 제35조",
            "형법 제37조",
            "형법 제39조",
            "형법 제38조",
            "형법 제50조"
        ],
        "qotatPrcdnt": []
    },
    "concerned": {
        "acusr": "4",
        "dedat": "1"
    },
    "org": {
        "orgJdgmnCourtNm": "",
        "orgJdgmnAdjuDe": "",
        "orgJdgmnCaseNo": ""
    },
    "disposal": {
        "disposalform": "6",
        "disposalcontent": [
            "피고인을 징역 1년 6월에 처한다."
        ]
    },
    "mentionedItems": {
        "rqestObjet": [
            "피고인을 징역 1년 6월에 처한다."
        ]
    },
    "assrs": {
        "acusrAssrs": [],
        "dedatAssrs": []
    },
    "facts": {
        "bsisFacts": [
            "피고인은 2007. 2. 2. 서울중앙지방법원에서 사기죄 등으로 징역 1년과 징역 8월을 선고받아 2008. 5. 6. 안동교도소에서 그 형의 집행을 종료하였고, 2011. 10. 13. 같은 법원에서 사기죄로 징역 10월을 선고받아 그 판결이 2012. 1. 31.경 확정되었다.",
            "피고인은 C, D과 공모하여 고액의 돈이 들어 있는 계좌를 이용하여 정부의 비자금이나 지하자금을 양성화하고, 위 계좌에 비자금 등이 입금이 되면 계좌주와 그와 같은 일에 협조한 사람들이 공로금을 받게 되는 일명 “증식 프로젝트”를 실행하는 데에 이행약정보증금이 필요하다는 거짓말로 돈을 편취하기로 하였다.",
            "구체적으로 피고인은 자신의 계좌를 빌려 주고, D은 이를 이용하여 피고인이 계좌 명의인이고 고액의 돈이 들어 있다는 내용의 거래내역서를 위조하고, C는 E에게 위와 같이 위조된 거래내역서를 보여 주어 이행약정보증금으로 사용할 돈을 편취하기로 하였다.",
            "피고인은 C등과 공모하여, 2011. 2.경 서울 이하 불상지에서 행사할 목적으로 권한없이 컴퓨터를 이용하여 '제목'에 요구불 거래내역 의뢰 조회표, '고객명'에 A, '조회점포'에 강남교보사거리, '계좌번호'에 F, '사용자'에 G, H, '조회기간'에 2010/04/01~2011/02/28, '총거래건수'에 19, '거래일자'에 20100407, '상태'에 입금, '거래 금액'에 100을 기재하였다.",
            "이어서 '표면잔액'에 56,533,334,875, '취급점'에 영등포, '단말적요'에 I 등을 기재하고, 거래일자 20110228자에 표면잔액이 24,091을 기재한 문서를 작성하고, 미리 새긴 국민은행 강남교보사거리 부지점장의 도장을 찍어 사실증명에 관한 사문서인 국민은행 강남교보사거리 부지점장 명의의 통장거래내역서를 위조하였다.",
            "피고인은 C 등과 공모하여, 2011. 2. 28.경 서울 강남구 J빌딩 606호에서 E에게 피고인 명의의 국민은행 계좌(계좌번호 F)앞면 복사본 뒤에 위에서 작성한 위조한 통장거래내역서를 첨부하여 마치 진정하게 거래된 통장거래 내역서인 것처럼 건네주어 위조된 사문서를 행사하였다.",
            "피고인 C 등과 공모하여, 2011. 2. 25.경 서울 강남구 J빌딩 606호에서 피해자 E에게 \"증식 프로젝트 사업에 필요한 현금 500억 원 이상이 들어있는 통장을 준비하려면 이행약정보증금 명목으로 8,000만원이 필요하니 8,000만 원을 달라.\" 라고 말하였다.",
            "그러나 피고인 등은 피해자로부터 이행약정보증금 8,000만 원을 받더라도 500억 원 이상의 현금이 들어 있는 통장을 건넬 의사나 능력이 없었다.",
            "피고인은 C 등과 공모하여 피해자로부터 이행약정보증금 명목으로 2011. 2. 26.에 6,000만 원, 2011. 2. 28.에 2,000만 원의 합계 8,000만 원을 교부받아 이를 편취하였다.",
            "피고인은 C 등과 공모하여 2011. 3. 16.경 서울 강남구 J빌딩 606호에서 위 증식 프로젝트 사업이 진행되지 않아 이행약정보증금 8,000만 원을 돌려달라는 피해자 E의 요청을 받자 \"다른 사람을 통하여 증식 프로젝트를 성사시켜 8,000만 원을 포함하여 더 큰 금액을 벌어 주겠다. 고액이 든 통장을 구입하는 데에 필요한 이행약정보증금으로 5,000만 원을 더 달라.\" 라고 말하였다.",
            "피고인 등은 이행약정보증금을 받더라도 500억 원 이상의 현금이 들어 있는 통장을 건넬 의사나 능력이 없었다. 이로써 피고인은 C등과 공모하여 2011. 3. 16.경 피해자로부터 이행약정보증금 명목으로 5,000만 원을 교부받아 이를 편취하였다.",
            "피고인 등은 2011. 4.경 E으로부터 증식 프로젝트가 이행되지 않고, 위 통장거래내역서의 기재내용에 대하여 오류를 지적당하자 다른 내용의 거래내역서를 E에게 제시하기로 마음먹었다.",
            "피고인은 C 등과 공모하여 사실 증명에 관한 사문서인 국민은행 서소문로지점장 명의의 통장거래내역서를 위조하였고, 2011. 5. 중순경 E에게 이 위조한 통장거래내역서를 첨부하여 마치 진정하게 거래된 통장거래 내역서인 것처럼 건네주어 위조된 사문서를 행사하였다."
        ]
    },
    "dcss": {
        "courtDcss": [
            "형법 제347조 제1항, 제30조(사기의 점), 형법 제231조, 제30조(사문서위조의 점), 형법 제234조, 제231조, 제31조(위조사문서행사의 점)를 적용한다."
        ]
    },
    "close": {
        "cnclsns": [
            "법령에서 각 징역형을 선택하여 피고인을 징역 1년 6월에 처한다."
        ]
    }
}