{
    "info": {
        "caseField": "2",
        "detailField": "6",
        "trailField": "1",
        "caseNm": "보험사기방지특별법위반(인정된,죄명사기1)),산업재해보상보험법위반,부동산실권리자명의등기,에관한법률위반,전자금융거래법위반",
        "courtNm": "대구지방법원",
        "judmnAdjuDe": "2020. 06. 04.",
        "caseNo": "2018고단2821",
        "relateLaword": [
            "형법 제37조",
            "형법 제38조",
            "형법 제50조",
            "형법 제347조",
            "형법 제30조",
            "산업재해보상보험법 제127조",
            "부동산실권리자명의 등기에 관한 법률 제7조",
            "부동산실권리자명의 등기에 관한 법률 제3조",
            "전자금융거래법 제49조",
            "전자금융거래법 제6조"
        ],
        "qotatPrcdnt": []
    },
    "concerned": {
        "acusr": "4",
        "dedat": "1"
    },
    "org": {
        "orgJdgmnCourtNm": "",
        "orgJdgmnAdjuDe": "",
        "orgJdgmnCaseNo": ""
    },
    "disposal": {
        "disposalform": "6",
        "disposalcontent": [
            "피고인을 징역 1년 2개월에 처한다."
        ]
    },
    "mentionedItems": {
        "rqestObjet": [
            "피고인을 징역 1년 2개월에 처한다."
        ]
    },
    "assrs": {
        "acusrAssrs": [],
        "dedatAssrs": [
            "피고인은 동태 절단 작업을 하다가 우연히 손가락 4개가 절단되는 사고가 발생하였을 뿐, 보험금 편취목적으로 위 손가락을 고의로 절단한 것이 아니라고 주장한다."
        ]
    },
    "facts": {
        "bsisFacts": [
            "피고인 은 산업 재해로 인하여 손가락이 절단된 것이 아님에도 마치 산업재해로 상해를 입게 된 것처럼가장하여 피해자인 근로복지공단 및 보험사들을 속이고 요양급여 및 보험금 등을 받아내기로 마음먹었다.",
            "피고인은 2014. 12. 4.경부터 2014. 12. 19.경까지 피해자 A 보험 주식회사를 비롯 하여 3개의 보험사 보험을 가입하고, 생선노점상을 하던 사회친구 00에게 '고의로 손가락을 절단시켜 사고를 당한 것처럼 가장하면 산재보험금 및 보험 회사로부터 보험금을 탈 수 있으니 미리 네 사업장 명의로 산재보험에 가입하여 달라. 고 제의하였다.",
            "사고가 발생하였을 경우, 네가 목격자 행세를 해주고 그 후 보험금을 지급받게 되면 너에게 1억 원 을 주겠다. '고 제의하고, 00은 그 제안을 승낙하였다.",
            "이에 따라 피고인및 00은 2014. 12. 19.피고인을 00운영의 C수산 종업원으로 등록 하여 산업재해보험에 가입하고, 보험금 등 이 나오면 이를 나눠 갖기로 공모 하였다.",
            "피고인 및 00의 공동범행(사기, 산업재해보상보험법위반)피고인은 2015. 1.22. 20:00경 0000 시장 노점 가판대에서 생선절단용 칼을 들고 스스로 왼쪽 손가락부위를 내리쳐 왼손 손가락 4개(검지, 중지, 약지, 새끼손가락)를 고의로 절단하였다.",
            "그럼에도 불구하고 피고인은 생선절단 작업을 하던 중 우연히 사고가 난 것으로 거짓말 하여 2015. 2. 경피해자 B보험 주식회사에 사고 접수 후 보험금을 청구하고, 00 은 사고 목격자 행세를 하여, 이에 속은 피해자 회사로부터 2015.2.9.보험금으로 1,154,621 원을 교부 받았다.",
            "피고인 및 00은 이를 비롯하여 유사한 방법으로 그 때부터 2015.7.29.까지 피해자 회사 들 로부터 보험금 합계 347,151,741원 을 교부받고, 2015.2. 초순경부터 2018. 3. 26. 까지 피해자 근로복지공단으로부터 휴업급여 등 보험금 명목으로 합계 34,681,070 원을 교부받았다.",
            "이로써 피고인 및00은 공모하여 보험사기 행위로 보험금을 취득하고 거짓으로 보험 급여를 받았다.",
            "부동산 실 권리자명의등기에관한법률위반 피고인 은 00과 는 0000 고등학교 선,후배 사이이다. ",
            "피고인은 2015. 5. 14. 0000 공인중개사사무소에서 '0000'를 매수 하여 사실상 실권리자임에도 피고인 명의로 등기하지 아니하고, 00과의 명의신탁 약정 에 의하여 2015. 6. 2. 00 명의로 소유권이전등기를 경료하였다",
            "전자 금융 거래법위반 누구든지 접근 매체를 양도하거나 양수하여서는 아니된다. 피고인 은 2015.6.2.경 0000 은행 지점에서 이 00 명의의 000 계좌와 연결된 통장, 체크 카드, 비밀번호를 00으로부터 건네받아 접근매체를 양수하였다."
        ]
    },
    "dcss": {
        "courtDcss": [
            "000 응용역학 해석 및 공학 분석 보고서에 의하면 한 번의 사고로 손가락이 절단되면 절단된 부위의 절단면은 동일선상에 위치해야 하는데, 5번 수지의 절단면은 다른 절단면보다 돌출되어 있고, 각 손가락이 절단된 단면의 각도와 4개의 손가락이 절단된 전체의 각도가 서로 않으므로, 피고인의 사고는 1 회의 사고로 발생한 것이 아니라 최소  회 이상의 외력이 가해진 것으로 고의적인 손가락 절단으로 판단하고 있다.",
            "위 보고서를 작성한 증인 00은 이 법정에서 피고인이 사고 당시를 재연하고 설명한 것을 전제로 과학적 검토를 거쳐 보고서를 작성하였다고 하면서, 보고서 작성과정에 대하여 상세하게 진술하였다.",
            "사고 당시 노점상 사장인 00이 바로 뒤에서 이를 목격하였으며, 바로 옆에서 과일 노점상을 하는 00과 노점상 관리 일을 하는 00도 목격하고 택시를 잡아 주었다고 답하여, 피고인에게 목격자 진술서를 제출하여 달라고 하였고, 그 후 피고인 및 00 중 한 명이 00과 00의 진술서를 자신에게 주어 이를 보험회사에 제출하였다고 진술하였다.",
            "증인 00은 수사기관 및 이 법정에서 진술서는 자신이 작성한 적이 없고, 이 사건 사고를 목격한 적도 없다고 진술하였으며, 증인 00도 이 법정에서 진술서에 사인을 한 적은 있으나, 그 내용을 모르고, 사고를 목격한 적도 없다고 진술하였는바, 위 진술서는 피고인 및 00에 의해 허위로 작성된 것으로 보이는 점, 피고인은 이 사건 사고 무렵 별다른 재산이 없었고, 벌금을 납부하지 못하여 지명수배 상태에 있는 등 경제적으로 어려웠다.",
            "피고인은 2014. 12. 경 단기간에 3개의 보험을 집중적으로 가입하였다(2014. 12.4. A에 상해후유장애담보 3억 원, 팔 및 손가락상해후유장애담보 10억 원이 지급되는 보험에 가입하고, 같은 달 19. 보험료 미납으로 해지되었던 B에 보험금 4개월분 을 한꺼번에 납부하여 부할시켰다).",
            "00을 사용자로 하여 산재보험에 가입한 점, 피고인의 소득에 비해 3개 보험의 보험료가 과도하고, 위 보험에 가입한 때로부터 불과 한 달여 만에 이 사건 사고가 발생한 점, 사고 장소에서 피고인의 절단된 손가락이 발견되지 아니하였다.",
            "피고인이 보험회사로부터 받은 보험금 중 1억 원 정도가 00에게 전달되었는바, 이에 대하여 피고인 및 00은 납득할 만한 설명을 하지 못하고 있는 점 등에 비추어 보면, 피고인의 위 주장 은 받아들이지 아니한다.",
            "보험 사기 범행은 사회적으로 그 폐해가 크고 도덕적 해이를 조장하므로 근절이 필요한 점, 특히 이 사건보험사기범행은 계획적이고, 범행 동기나 수단 및 피해액 규모에 비추어 그 죄질이 좋지 아니한 점, 피고인이 보험사기 범행에 대하여 자신의 잘못을 반성 하고 있지 아니한 점, 보험사기범행에 대하여 피해회복이 이루어지지 아니한 점, 피고인에게 다수의 범죄전력이 있는 점 등 불리한 정상이다.",
            "피고인이 일부범행에 대하여 반성 하고 있는 점 등 유리한 정상, 그밖에피고인의 나이, 환경, 범행 후의정황, 건강상태 등 제반 양형 조건을 모두 고려하여 주문과 같이 형 을 정한다."
        ]
    },
    "close": {
        "cnclsns": [
            "피고인을 징역 1 년 2개월에 처한다."
        ]
    }
}