{
    "info": {
        "caseField": "2",
        "detailField": "6",
        "trailField": "1",
        "caseNm": "저작권법위반",
        "courtNm": "수원지법 성남지원",
        "judmnAdjuDe": "2016. 08. 18.",
        "caseNo": "2016고정432",
        "relateLaword": [
            "저작권법 제1조",
            "저작권법 제2조",
            "저작권법 제3조",
            "저작권법 제20조",
            "저작권법 제28조",
            "저작권법 제30조",
            "저작권법 제35조의3",
            "저작권법 제136조",
            "저작권법 제140조",
            "저작권법 제141조",
            "형사소송법 제230조",
            "형사소송법 제327조"
        ],
        "qotatPrcdnt": [
            "대법원 1996. 7. 30. 선고 95다29130 판결",
            "대법원 2002. 2. 8. 선고 2001도5410 전원합의체 판결",
            "대법원 2004. 2. 27. 선고 2003도6535 판결",
            "대법원 2010. 7. 15. 선고 2010도4680 판결"
        ]
    },
    "concerned": {
        "acusr": "4",
        "dedat": "자연인, 법인"
    },
    "org": {
        "orgJdgmnCourtNm": "",
        "orgJdgmnAdjuDe": "",
        "orgJdgmnCaseNo": ""
    },
    "disposal": {
        "disposalform": "10",
        "disposalcontent": [
            "피고인들에 대한 공소를 모두 기각한다.",
            "피고인들의 저작권 침해행위는 저작권법 제140조 단서 제1호의 영리를 목적으로 저작권을 침해한 경우에 해당하지 않아 친고죄로서 고소가 필요한데, 친고죄에 관한 고소가 고소기간 경과 후에 제기되었다는 이유로 피고인들에 대한 공소를 모두 기각한다."
        ]
    },
    "mentionedItems": {
        "rqestObjet": [
            "피고인 2 주식회사가 0을 수입하여0을 제조하기 위해2012. 6. 5.경 식품의약품안전청(현 식품의약품안전처, 이하 식약처라 함)에 피고인 2 주식회사 명의로 건강기능식품 기능성 원료 인정 신청을 하면서 저작권자인 공소외 1 또는 공소외 2저널 등의 사용 허락 없이 0 이라는 임상연구 논문을 임의로 복제 및 첨부하여 식약처에 제출하는 방법으로 위 공소외 1 등의 저작재산권을 침해하였다.",
            "피고인 2 주식회사는 그 사용인인 피고인 1이 피고인 2 주식회사의 업무에 관하여 제1항 기재와 같이 공소외 1 등의 저작재산권을 침해하였다."
        ]
    },
    "assrs": {
        "acusrAssrs": [
            "고소인들의 주장에 의하면, 이 사건 논문은 덴마크에 거주하는 공소외 1 등이 공소외 3 회사의 의뢰를 받아 작성하였고, 이를 공소외 1등의 명의로 덴마크 학술지인 공소외 2 저널에 발표한 것이다.",
            "피고인 1은 피고인 2 주식회사의 연구소 부소장으로, 피고인 2 주식회사가 칠레산 로즈힙을 수입하여 로즈힙 분말을 제조하기 위해2012.6.5.경 식품의약품안전청(현 식품의약품안전처, 이하 ‘식약처’라 함)에 피고인 2 주식회사 명의로 건강기능식품 기능성 원료 인정 신청을 하였다.",
            "저작권자인 공소외 1 또는 공소외 2저널 등의 사용 허락 없이 다음 아래에 기재된 임상연구 논문을 임의로 복제 및 첨부하여 식약처에 제출하는 방법으로 위 공소외 1 등의 저작재산권을 침해하였다.",
            "임상연구 논문은 “A powder made from seeds andshells of a rose-hip subspecies(Rosa canina)reduces symptoms of knee and hip osteoarthritis: a randomized, double-blind, placebo-controlled clinical trial(로즈힙 종자와 껍질 분말의 무릎과 골반 골관절염 증상 개선 효과에 관한 임상실험)” 이다.",
            "피고인 2 주식회사는 그 사용인인 피고인 1이 피고인 2 주식회사의 업무에 관하여 제1항 기재와 같이 공소외 1 등의 저작재산권을 침해하였다."
        ],
        "dedatAssrs": [
            "피고인 1이 인터넷을 통해 논문을 다운로드받아 이를 출력, 제출한 행위는 저작권법상 복제 및 배포에 해당하지 않는다.",
            "피고인들의 저작권 침해행위는 영리 목적이 없으므로 친고죄에 해당하는데, 저작권자의 고소가 없거나 고소기간을 도과하여 고소가 제기되어 공소제기가 위법하다.",
            "공소외 1 등이 공소외 2 저널에 논문의 저작권을 모두 양도하였으므로 저작권은 공소외 2 저널 000만이 배타적으로 가지고 있고, 따라서 공소외 2 저널의 고소가 없는 이 사건 기소는 부적법하다고 주장한다.",
            "변호인은 복제권의 침해와 관련하여, 위 논문은 원칙적으로 복제가 허용된 것이고 다만 이를 개인적인 목적으로만 이용할 부수적 의무만이 있는 것이어서 저작권침해죄에는 해당하지 않는다고 주장한다.",
            "변호인은, 이 사건 논문의 배포행위는 공중이 아닌 특정 소수인(식약처의 담당 공무원)에게만 이루어졌으므로 배포권의 침해행위에 해당하지 않는다고 주장한다.",
            "피고인들의 변호인은, 저작권법 제140조 단서 제1호에서 비친고죄로 규정한 영리를 목적으로 저작권을 침해한 경우라 함은 저작물의 복제 및 배포 등으로 직접적인 이익을 얻으려는 직접적인 영리의 목적의 경우로 한정해석해야 하고, ",
            "피고인들의 변호인은, 피고인 1이 이사건 논문을 식약처에 제출한 행위는 단순히 기업활동에서 업무상의 목적으로 사용한 것으로 간접적인 영리의 목적에 해당한다고 주장한다.",
            "피고인들의 변호인은, 결국 피고인들의 침해행위는 친고죄에 해당하고, 저작권자의 고소가 없거나 그 고소기간이 도과하였다고 주장한다."
        ]
    },
    "facts": {
        "bsisFacts": [
            "덴마크에 소재한 공소외 3 회사는 로즈힙(Rose Hip, 들장미 열매)원료를 생산하는 회사이고, 공소외 4 주식회사는 공소외 3회사의 한국 독점 총대리점이다.",
            "공소외 4 주식회사는 2007년경 식약처에 로즈힙을 건강기능식품 기능성 원료로 인정해 달라는 신청을 하면서, 공소외 3 회사로부터 제공받은 공소외 1 교수 등의 공소사실 기재 임상연구 논문(이하 '이 사건 논문'이라 함)을 제출하였다.",
            "이 사건 논문은 공소외 3 회사가 공소외 1 교수 등에게 연구 용역을 주어 작성된 것으로서, 2005년경 류마티스에 관한 덴마크학술지인 공소외 2 저널에 게재되었다.",
            "피고인 2 주식회사는 2012년경 칠레산 로즈힙을 수입하려 하였고, 피고인 2 주식회사의 연구소 부소장인 피고인 1은 2012.6.5.경 식약처에 건강기능식품 기능성 원료 인정 신청을 하면서 인터넷을 통하여 다운받은 위 논문 전체를 그대로 출력하여 함께 제출하였다.",
            "공소외 4 주식회사는 2013.7.중순경 피고인들이 논문을 허락 없이 사용한 사실을 알았고, 이후 공소외 1 등에게 연락하여 공소외 1은 2013.8.7.및 2014.8.25.이 사건에 대한 의견을 공소외 4 주식회사 및 공소외 3 회사에 전달하였다.",
            "공소외 1은 2015.2.18.공소외 3 회사에 고소권을 위임하였고, 공소외 3 회사는 2015.3.30.공소외 4 주식회사에 다시고소권을 위임하였으며, 공소외 4 주식회사는 2015.4.20.청주지방검찰청에 고소장을 접수하였다."
        ]
    },
    "dcss": {
        "courtDcss": [
            "공소외 1 등은 논문의 창작자로서 저작자에 해당하나(저작권법 제2조 제2호), 공소외 3 회사는 단순히 창작을 의뢰하거나 주문한 것에 불과하고 공소외 1 등으로부터 저작권을 양도받았다는 자료도 없으므로, 공소외 3 회사를 저작권자로 볼 수 없다.",
            "저작권에 관한 계약을 해석함에 있어 그것이 저작권 양도계약인지 이용허락계약인지가 명백하지 아니한 경우, 저작권 양도 또는 이용허락되었음이 외부적으로 표현되지 아니하였으면 저작자에게 권리가 유보된 것으로 유리하게 추정함이 상당하고,계약 내용이 불분명한 때에는 구체적인 의미를 해석함에 있어 거래관행이나 당사자의 지식, 행동 등을 종합하여 해석함이 상당하다(대법원 1996.7.30.선고 95다29130 판결 등 참조).",
            "변호인이 제출한 계약서는 논문 게재 시에 저작권자에게 요구하는 일반적인 양식으로 논문의 저작자들로부터 논문의 출간(publication)등을 위하여 저작물의 이용허락을 받는 내용에 불과하고, 계약서 양식의 맨 첫머리에는 향후 발생하는 저작물침해에 용이하게 대응하기 위한 용도로 저작권 양도계약서가 필요하다고 기재되어 있다.",
            "양도(assignment)라는 용어가 기재되어 있기는 하나, 그 대상 권리는 재출간(republish), 재인쇄(reprint)및 합본출간(republish the work in a collection of articles)등으로 특정되어 있는 반면 복제, 대여, 배포 등의 일반적인 저작재산권에 관하여는 아무런 언급이 없다.",
            "공소외 2 저널이 저작자에게 논문의 경제적 가치에 상당한 대가를 모두 지급하였다고 볼 자료가없는 점을 고려하면, 위 계약 내용이 논문 저자로부터 저작권을 포괄적, 배타적으로 양도받는 계약이라고 볼 수는 없다.",
            "공소외 1 등이 실제로 위 계약서에 서명하였다고 볼 자료도 없다.",
            "이 사건 논문 작성자인 공소외 1 등은 여전히 저작자로서 복제권, 배포권 등의 저작재산권을 가지고 있다.",
            "이 사건 논문은 해외 학술정보사이트에서 유료로 제공되고 있는바, 저작권자가 일반 대중에게 인터넷을 통한 자유로운 복제를 사전에 허용하였다고 볼 수는 없다.",
            "피고인들은 불상의 방법으로 인터넷을 통하여 위 논문을 대가를 지급하지 않고 다운받은 후 그 복제본을 생성하여 식약처에제출하였는바, 이는 저작권자의 동의 없이 저작물을 무단 복제한 것으로 복제권의 침해행위에 해당한다.",
            "이 사건 논문의 말미에서는 개인적인 용도(individual use)로 출력, 다운로드 또는 이메일 전송하는 행위는 허용하고있으나, 회사의 업무수행을 위하여 한 위와 같은 행위가 개인적인 용도에 해당한다고 볼 수도 없다.",
            "대한민국 저작권법 제2조 제32호에서 \"공중은 불특정 다수인(특정 다수인을 포함한다)이라고 규정하고, 제2조 제23호에서 배포는 저작물등의 원본 또는 그 복제물을 공중에게 대가를 받거나 받지 아니하고 양도 또는 대여하는 것을 말한다.\" 라고 규정하고 있다.",
            "저작권법에 의하여 보호받는 저작권자의 배타적 권리인 배포권(저작권법 제20조)의 보호범위를 설명한 것일 뿐, 저작권법 제136조 제1항 제1호에 의하여 처벌받는 배포권의 침해행위가 반드시 공중을 대상으로 이루어질 것을 요건으로 한다고 해석할 수는 없다.",
            "배포권의 침해행위에서 배포 상대방이 1인인지 다수인지의 여부는 저작재산권 침해의 양적인 문제에 불과할 뿐이고, 저작권자의 동의를 받지 않은 특정인에 대한 배포행위를 저작권법의 보호대상에서 제외할 이유가 없기 때문이다.",
            "공중의 개념이 적용되는 저작권자의 권리 중 용어 자체에서 상대방이 불특정 다수임을 내포하는 공표, 공연, 공중전송등의 저작권자의 권리는 그 침해태양도 공중을 요건으로 한다고 해석될 수 있으나, 배포권의 침해는 특정인에 대한 전달만으로도 이루어질 수 있으므로 그 침해태양은 공중을 요건으로 하지 않는다고 보아야 한다.",
            "피고인 1이 이 사건 논문을 제출할 당시 이를 검토 내지 사용할 담당 공무원이 누구인지 특정되지도 않았고 그 인원 및 내부에서 담당하는 사람이 한정되지도 않았던 점을 고려하면, 피고인 1이 불특정 다수인에게 위 논문을 배포한 것으로 볼 여지도 있다.",
            "피고인 1이 이 사건 논문을 저작권자의 허락을 받지 않고 담당 공무원에게 배포한 행위는 저작권자의 배포권을 침해하는 행위에 해당한다.",
            "구 저작권법에서는 저작권법위반죄가 모두 친고죄로 규정되어 있었으나, 저작권 침해의 공익적인 해악에 관한 논의가 제기되어2006.12.28.자 개정 당시 영리를 위하여 상습적으로 저작재산권을 침해한 경우에는 비친고죄로 개정되었다.",
            "형벌법규의 해석은 엄격하여야 하고 명문규정의 의미를 피고인에게 불리한 방향으로 지나치게 확장 해석하거나 유추 해석하는 것은 죄형법정주의의 원칙에 어긋나는 것으로서 허용되지 않는다.",
            "비친고죄가 적용되는 저작권법제140조 단서 제1호의 영리를 목적으로 저작권을 침해한 행위는 저작재산권 등의 침해행위를 통하여 직접 대가를 지급받아 불법적인 수익을 얻으려는 목적을 의미하는 것으로 한정하여 해석하는 것이 타당하다.",
            "회사 및 상인 등 영리활동을 하는 모든 경제주체의 활동은 궁극적으로는 영리의 목적이 있다고 볼 수 있는데, 이러한 업무활동에서 발생하는 모든 저작권 침해행위가 비친고죄에 해당하는 것으로 넓게 해석한다면, 이는 제한적으로 비친고죄를 규정한 저작권법의 입법 취지에 어긋난다.",
            "이러한 저작권법의 입법 및 개정 취지를 고려하면, 이 사건과 같이 1회성 또는 소규모로 이루어지는 각종 저작권 침해 사건에서 간접적인 영리의 목적이 있는 경우까지 고소권자의 의사와 무관하게 일률적으로 처벌할 필요성이 있다고 볼 수는 없을 것이다.",
            "저작권법은 제30조 '사적 이용을 위한 복제' 조항에서는 \"공표된 저작물을 영리를 목적으로 하지 아니하고 개인적으로 이용하거나 가정 및 이에 준하는 한정된 범위 안에서 이용하는 경우에는 그 이용자는 이를 복제할 수 있다.\" 라고 규정하고 있는바, 여기서의 영리의 목적의 해석에 관한 논의 또한 비친고죄에 관한 저작권법 제140조 단서 제1호의 영리의목적의 해석에 참고할 수 있다.",
            "이 사건 논문은 학술지에 공표된 저작물로서 보도, 비평, 교육, 연구 등을 위하여는 정당한 범위 안에서 공정한 관행에 합치되게 이를 인용할 수 있고(저작권법 제28조), 저작물의 공정한 이용 조항(저작권법 제35조의3)의 규정 취지 및 학술 논문의 공공적인 성격을 고려하면, 피고인들이 식약처에 기능성 원료 신청을 하면서 그 근거로서 위 논문을 일부 인용하는 것 역시 허용된다고 보아야 한다.",
            "비록 피고인들이 정식으로 학술정보 데이터베이스 제공업자에게 소정의 사용료를 지급한 후 열람 및 복사하지 않고 임의로 이 사건논문을 업무상 이용한 잘못이 있기는 하나, 피고인들이 위 논문 전체를 복제하여 제출한 것은 담당 공무원의 편의를 위한 것에불과하고 그로 인한 저작권의 침해도 1회성에 그치는바, 이로써 논문 저작권자의 복제권 내지 배포권이 중대하게 침해되었거나대규모·반복적으로 침해될 우려가 있는 것도 아니다.",
            "공표된 논문의 복제 및 배포행위가 저작권 침해에 해당할 수 있다는 점에 관한 피고인들의 인식 역시 미약하였다.",
            "위와 같은 이 사건 법률조항의 내용과 통일적 해석, 개정 취지 및 죄형법정주의 원칙 등에 비추어 보면, 비친고죄의 대상이되는 영리의 목적은 저작재산권 등의 침해행위를 통하여 직접 대가를 지급받아 불법적인 수익을 얻으려는 목적으로 한정적으로 해석하는 것이 형벌법규 확대해석 금지의 원칙에 부합하고 비친고죄의 지나친 확대를 막는 면에서도 타당하다.",
            "이 사건 논문을 무단 이용한 피고인들의 저작권 침해행위는 직접적인 영리의 목적에 해당하지 않으므로 저작권법 제140조 단서 제1호가 적용되지 않아 친고죄에 해당한다.",
            "공소외 4 주식회사(대표이사 공소외 7)는 2013.7.중순경 피고인들이 이 사건 논문을 허락 없이 사용한 사실을알게 되었고, 이를 공소외 1 등에게 알려서 공소외 1은 2013.8.7.및 2014.8.25.이에 대한 의견을 공소외 4 주식회사 및공소외 3 회사에 각 전달하였다.",
            "이 사건 논문 저작권자인 공소외 1은 2013.8.7.무렵에 피고인들이 이 사건 논문을 허락없이 사용한 사실을 이미 알았다고 봐야 한다.",
            "이후 공소외 4 주식회사는 공소외 1 및 공소외 3 회사의 위임을 받아 2015.4.20.에야 고소장을 접수하였는바, 저작권자인 공소외 1의 고소는 고소기간 6월이 도과된 것으로서 공소제기의 절차가 법률의 규정에 위반되어 무효인 때에 해당한다."
        ]
    },
    "close": {
        "cnclsns": [
            "피고인들에 대한 공소를 모두 기각한다."
        ]
    }
}