{
    "info": {
        "caseField": "2",
        "detailField": "6",
        "trailField": "1",
        "caseNm": "성폭력범죄의처벌및피해자보호등에관한법률위반(13세미만미성년자강간등)",
        "courtNm": "서울중앙지방법원",
        "judmnAdjuDe": "2018. 04. 16.",
        "caseNo": "2017고합1179",
        "relateLaword": [
            "구 성폭력범죄의 처벌 및 피해자 보호 등에 관한 법률(2006. 10. 27. 법률 제8059호로 개정되기 전의 것) 재8조",
            "형법 제298조",
            "구 형법(2010. 4. 15. 법률 제10259호로 개정되기 전의 것) 제42조",
            "형법 제37조",
            "형법 제38조",
            "형법 제50조",
            "아동,청소년의 성보호에 관한 법률 제21조"
        ],
        "qotatPrcdnt": []
    },
    "concerned": {
        "acusr": "4",
        "dedat": "1"
    },
    "org": {
        "orgJdgmnCourtNm": "",
        "orgJdgmnAdjuDe": "",
        "orgJdgmnCaseNo": ""
    },
    "disposal": {
        "disposalform": "6",
        "disposalcontent": [
            "피고인을 징역 12년에 처한다.",
            "피고인에 대하여 80시간의 성폭력치료 프로그램 이수를 명한다."
        ]
    },
    "mentionedItems": {
        "rqestObjet": [
            "피고인을 징역 12년에 처한다."
        ]
    },
    "assrs": {
        "acusrAssrs": [
            "피고인은 위력으로써 13세 미만의 피해자를 추행하였다.",
            "피고인은 위력으로써 13세 미만의 피해자를 간음하였다."
        ],
        "dedatAssrs": [
            "피고인은 공소사실 기재와 같이 피해자를 위력으로 추행, 강제추행 및 위력으로 간음한 사실이 없다."
        ]
    },
    "facts": {
        "bsisFacts": [
            "피고인은 대한민국에서 일본으로 귀화한 일본 국적의 외국인으로서 약 20년 전부터 15년 이상 피해자 00(여, 현재 24세)의 모 00와 동거를 하면서 피해자와 가족처럼 지내던 사람이다.",
            "피고인은 위 00가 유흥업소를 운영하느라 귀가하는 시간이 늦어 피해자와 단 둘이 집에 있는 경우가 많고 위 00가 성관계를 거의 해주지 않자, 피고인을 할아버지라고 부르면서 아무런 경계심 없이 피고인의 방에 들어와 잠을 자는 피해자를 추행 및 간음하기로 마음먹었다.",
            "피고인은 2005. 1. 일자불상 늦은 밤에 0000에 있는 피해자의 집에서, 피해자(당시 11세)가 혼자 잠을 자는 것이 무서워 피고인의 방으로 들어오자 피해자에게 옷을 벗고 누워보라고 한 후 그곳 장롱 서랍 안에 들어 있던 피고인이 일본에서 가지고 온 남자 성기 모양의 성인 기구(진동기능이 있는 길이 10cm 이상의 기구)를 꺼내 들고 피해자의 음부에 위 성인 기구를 넣으려고 하였다.",
            "잘 들어가지 않자 피고인의 손가락을 피해자의 음부에 넣었다가 뺀 후 다시 위 성인 기구를 피해자의 음부에 집어넣고, 위와 같은 과정에서 피해자가 \"이걸 어떻게 넣느냐, 싫다.\" 고 이야기를 하자 \"요즘 엄마가 힘들어 보이지 않느냐? 내가 엄마를 도와줄 수 있다.\" 라고 말을 하여 만일 피해자가 거부를 하면 피고인이 피해자의 엄마를 도와주지 않을 것처럼 피해자에게 겁을 주었다.",
            "피고인은 2005. 5.~6. 일자불상 어느 주말 낮에 전항과 같은 장소에서, 피해자(당시 11세)가 방 안에서 혼자 컴퓨터를 하고 있는 것을 발견하고 방 안으로 들어가 피해자에게 \"방 안에서 혼자 뭐하냐?\"라고 하면서 피해자의 등 뒤로 온 후 갑자기 피해자의 상의 안으로 피고인의 손을 집어넣어 피해자의 가슴을 움켜쥐듯이 만졌다. ",
            "이로써 피고인은 13세 미만의 피해자를 강제로 추행하였다.",
            "피고인은 2005. 12. 일자불상 22:00경 위 제1항과 같은 장소에서, 피해자(당시 12세)와 단 둘이 있는 틈을 이용하여 피해자를 간음하기로 마음먹고 피해자에게 라면을 끓여오라고 한 후 피해자가 라면을 끓여 피고인의 방으로 가지고 들어오자 미리 준비하여 보관하고 있던 소주를 꺼내 피해자에게 2~3잔 정도 마시게 하였다.",
            "피해자가 술에 취해 방바닥에 눕자 피해자의 양쪽 팔을 잡아끌어 피해자를 이불 위로 눕힌 후 피해자의 하의와 속옷을 벗기고 피해자의 다리를 양쪽으로 벌린 다음 그 사이에 앉아 피고인의 손으로 피해자의 다리를 꽉 잡아 피해자를 움직이지 못하게 한 후 피해자의 음부에 피고인의 성기를 삽입하였다."
        ]
    },
    "dcss": {
        "courtDcss": [
            "범죄사실에 대한 해당법조 구 성폭력범죄의 처벌 및 피해자 보호 등에 관한 법률(2006. 10. 27. 법률 제8059호로 개정되기 전의 것, 이하 같다) 제8조의2 제4항, 제2항, 형법 제298조, 구 형법(2010. 4. 15. 법률 제10259호로 개정되기 전의 것, 이하 같다) 제42조 본문(13세 미만 미성년자 위력 추행의 점, 징역형 선택)",
            "구 성폭력범죄의 처벌 및 피해자 보호 등에 관한 법률 제8조의2 제2항, 형법 제298조, 구 형법 제42조 본문(13세 미만 미성년자 강제추행의 점, 징역형 선택), 구 성폭력범죄의 처벌 및 피해자 보호 등에 관한 법률 제8조의2 제4항, 제1항, 형법 제297조, 구 형법 제42조 본문(13세 미만 미성년자 위력 간음의 점)",
            "배심원 평결결과(배심원 7명)",
            "유죄(6명)",
            "무죄(1명)",
            "배심원 양형의견(배심원 7명)",
            "징역 12년(5명)",
            "징역 14년(1명)",
            "징역 15년(1명)",
            "이상의 이유로 이 사건을 피고인의 희망에 따라 국민참여재판을 거쳐 주문과 같이 판결한다."
        ]
    },
    "close": {
        "cnclsns": [
            "피고인을 징역 12년에 처한다.",
            "피고인에 대하여 80시간의 성폭력치료 프로그램 이수를 명한다."
        ]
    }
}