{
    "info": {
        "caseField": "2",
        "detailField": "6",
        "trailField": "1",
        "caseNm": "강간, 감금, 사기, 여신전문금융업법위반, 절도",
        "courtNm": "춘천지방법원",
        "judmnAdjuDe": "2013. 09. 27.",
        "caseNo": "2013고합85",
        "relateLaword": [
            "형법 제276조",
            "형법 제297조",
            "형법 제329조",
            "형법 제347조",
            "여신전문금융업법 제70조",
            "형법 제37조",
            "형법 제38조",
            "형법 제50조",
            "구 성폭력범죄의 처벌 등에 관한 특례법(2012.12.18 법률 제11556호로 전부 개정되기 전의 것) 제16조",
            "구 성폭력범죄의 처벌 등에 관한 특례법(2012.12.18. 법률 제11556호로 전부 개정되기 전의 것) 제37조",
            "구 성폭력범죄의 처벌 등에 관한 특례법(2012.12.18. 법률 제11556호로 전부 개정되기 전의 것) 제41조",
            "성폭력범죄의 처벌 등에 관한 특례법 제42조",
            "성폭력범죄의 처벌 등에 관한 특례법 제43조"
        ],
        "qotatPrcdnt": []
    },
    "concerned": {
        "acusr": "4",
        "dedat": "1"
    },
    "org": {
        "orgJdgmnCourtNm": "",
        "orgJdgmnAdjuDe": "",
        "orgJdgmnCaseNo": ""
    },
    "disposal": {
        "disposalform": "6",
        "disposalcontent": [
            "피고인을 징역 4년에 처한다.",
            "피고인에 대하여 80시간의 성폭력 치료프로그램의 이수를 명한다.",
            "피고인에 대한 정보를 5년간 정보통신망을 이용하여 공개하고, 고지한다(다만 공개 및 고지되는 범죄의 요지는 판시 각 강간죄에 한한다)."
        ]
    },
    "mentionedItems": {
        "rqestObjet": [
            "피고인을 징역 4년에 처한다. ",
            "피고인에 대하여 80시간의 성폭력 치료프로그램의 이수를 명한다.\n",
            "피고인에 대한 정보를 5년간 정보통신망을 이용하여 공개하고, 고지한다(다만 공개 및 고지되는 범죄의 요지는 판시 각 강간죄에 한한다).\n"
        ]
    },
    "assrs": {
        "acusrAssrs": [],
        "dedatAssrs": []
    },
    "facts": {
        "bsisFacts": [
            "피고인은 2012.7.초순경 피해자 C(여, 28세)이 일하는 가라오케에 손님으로 방문하 였다가 피해자와 알고 지내던 중 피해자에게 욕정을 느끼고 피해자를 감금하고 강간하기로 마음먹었다.",
            "피고인은 2012.7.초순경부터 2012.8.10.경까지 피해자에게 \"나는 0000쪽에서 활동 하는 알아주는 조폭이고 네 번째 서열이며 동생들을 많이 거느리고 있다, 양아버지는 국회위원이다.\" 라고 수시로 이야기하고, 팔에 붕대를 감은 채 피해자를 찾아와 \"너를 만나러 오다가 안 보이는 곳에 숨어 있던 반대파에게 사시미로 찔렸는데 나는 스피드 가 빨라서 피하다가 사시미 칼이 팔을 관통했다\" 라고 이야기를 하기도 했다.",
            "가상의 폭력배 동생 'D' 및 자신의 스폰서인 E이라는 인물을 만들어 스스로 거짓으로 문자를 보내고 피해자에게 보여주는 등 마치 피고인이 조직 폭력배로 생활하고 있다는 듯 연기하였다.",
            "피고인은 2012.8.10.경 서울 0000에 있는 피해자의 집 앞에서 피해자에게 \"스폰서인 E 형을 만나러 0000으로 가야한다, 같이 가자\" 고 이야기하여 피해자를 피고인이 운전하는 F 0 승용차에 태운 후 0000 이하 불상지에 차를 세우고 잠시 쉬자면서 뒷좌석으로 가 잠을 자는 척 하다가 일어나 조수석에 앉아 있는 피해자의 목을 뒤에서 힘껏 졸조르면서 발버둥을 치는 피해자를 조수석과 운전석 사이로 끌어당겨 뒷좌석까지 끌고 갔다.",
            "피해자로 하여금 호흡 곤란으로 온 얼굴에 멍이 들게 하고, 피해자에게 \"넌 오늘 나에게 죽은거야.내 윗 서열인 G 형이 돈 때문에 너를 죽이라고 했다. 처음에는 섬에 팔라고 했는데 내가 불쌍한 애라고 말리다가 안돼서 내가 죽이겠다고 했다. 너를 죽이라고 명령을 받은 후 계속 못 죽이니까 오늘 너를 데리고 0000으로 오라고 한 것 이다.\" 라고 했다.",
            "\"아까 집 앞에서 너를 기다릴 때 봤는데 G 형 동생이 차를 타고 지나가더라. 이미 그 사람들도 내가 너를 죽이나 안 죽이나 감시하고 있다.\" 라고 이야기하여 피해자 를 협박하고, 너를 죽이지 않은 사실이 들통나면 그놈들이 우리 둘 다 죽일 것이니 함께 도망을 다녀야 한다, 전화는 꺼두어라. 전화를 켜는 즉시 추적을 당하는데, G는 000 사장과 친구이기 때문에 즉시 추적된다\" 고 이야기하여 피해자로 하여금 겁을 먹게 했다.",
            "그 때부터 2012.11.22.경까지 0000, 0000, 0000 등으로 피해자를 끌고 다니면서 도망가지 못하게 하여 감금하였다.",
            "피고인은 2012.8.중순 02:00경 0000 H역 앞에 있는 상호불상의 모텔 객실 내에 서 피해자에게 \"솔직히 0000에서 너를 죽이지 못해 좀 후회가 될 때도 있어, 성관계를 하지 않을 거면 차라리 잠깐 섬에 가 있어라, 안전하긴 하지만 네가 나오고 싶을 때 나올 수 없다, 징역 살 때 거기서 만났던 사람이 있는데 섬에서 아가씨 장사를 하는데 거기로 보내주겠다 \" 라고 협박하여 반항을 억압한 후 피해자를 1회 간음하여 강간하였다.",
            "피고인은 2012.8.19.02:00경 0000에 있는 J 모텔 호실미상의 객실에서 자 고 있는 피해자에게 다가가 목에 손을 가져다 대는 행동을 하여 피해자로 하여금 '나를 죽이려나보다'라고 생각하게 하고, 성관계를 거부하는 피해자의 몸을 더듬고 피해자의 몸을 벽으로 밀면서 강제로 옷을 벗기려고 하는 등으로 반항을 억압한 후 피해자를 1회 간음하여 강간하였다.",
            "피고인은 2012.8.26.02:00경 0000에 있는 K원룸 0000에서 \"지금 이 일을 해결할 사람은 나밖에 없다. 지금 그 사람들은 우리를 추적하고 있고, 조금만 잘못하 면 네 아빠부터 죽일 것이다. 그 사람들이 얼마나 무서운 사람들인 줄 아느냐, 경찰 뭐 해봤자 소용없다.\" 라고 협박하고, 몸이 좋지 않아 구토를 하는 등 반항할 힘조차 없는 피해자의 옷을 벗기고 1회 간음하여 강간하였다.",
            "피고인은 2012.8.28.10:00경 위 K원룸 0000에서 피해자에게 갑자기 정신이 나간 것처럼 행세하며 \"손님을 이따위로 받느냐, 손님한테 이렇게 해도 되느냐, 내 가슴을 빨기 싫으면 내 좆을 빨아라. 만약 시키는대로 하지 않으면 죽여버리겠다.\" 라고 협박하여 반항을 억압한 후 피해자를 1회 간음하여 강간하였다.",
            "피고인은 2012.9.초순 03:00경 위 K원룸 203호에서 피해자가 “조용히 살테니 제발 떨어져 살자” 라고 이야기하자 눈을 뒤집어 흰자가 보이게 하면서 “당신이 아니면 내가 죽을 수 있다. 당신 없으면 못산다.” 라고 하면서 성관계를 거부하는 피해자를 양 팔로 꼭 껴안아 반항하지 못하게 한 후 강제로 피해자의 옷을 벗기고 1회 간음하여 강간하였다.",
            "피고인은 2012.9.중순 02:00경 위 K원룸 203호에서 갑자기 미친 사람처럼 행세하며 피해자에게 “야 씹할 년아! 내 좆을 빨아, 안 그러면 죽여버린다. 손님한테 잘 해야지 씹할 년아” 라고 욕설을 하는 등 협박하여 반항을 억압한 후 피해자를 1회 간음 하여 강간하였다.",
            "피고인은 2012.10.중순 15:00경 위 K원룸 0000에서 피해자에게 \"전에도 줘 놓고 왜 또 못 주나, 씹할 년이 말이 많네\" 라고 하면서 피해자를 잡아당겨 양팔로 꼼짝 못하게 하여 반항을 억압한 후 피해자의 옷을 강제로 벗기고 1회 간음하여 강간하였다.",
            "피고인은 2012.10.하순 03:00경 위 L원룸 0000에서 피해자가 성관계를 완강히 거부하자 두 팔로 피해자를 잡아당겨 반항을 억압한 후 피해자의 옷을 강제로 벗기고 1회 간음하여 강간하였다.",
            "이로써 피고인은 피해자를 8회에 걸쳐 강간하였다.",
            "피고인은 2013.1.6.18:30경 0000에 있는 피해자 M의 어머니가 운영 하는 'N' 민박에서 그 곳에 있는 피해자의 옷 안에 있는 지갑에서 피해자 소유인 000 카드, 000체크카드 각 1장을 꺼내어 가 이를 절취하였다.",
            "피고인은 2013.1.19.11:00경 0000 O에 있는 피해자 Q의 집에서 그 곳에 있는 피해자 소유인 시가 80만원 상당의 휴대전화 1대, 운전면허증, 주민등록증, 현금 3만원, 000 체크카드 2장이 들어 있는 시가 10만원 상당의 지갑 1개를 가지고 가 절취하였다.",
            "피고인은 2013.1.19.11:04경 0000 O 내 000 현금인출기에서 위 나항과 같이 절취한 Q 명의의 000 체크카드를 넣고, 미리 알고 있었던 비밀번호를 입력한 후 피해자 주식회사 000 소유인 현금 560만원을 인출하여 절취하였다.",
            "이와 같이 피고인은 피해자를 기망하여 이에 속은 피해자로부터 그 자리에서 시가 100만원 상당의 휴대전화 1대를 교부받았다."
        ]
    },
    "dcss": {
        "courtDcss": [
            "피고인의 강간 범행은 부녀를 상대로 수개월 동안 감금한 상태에서 수차례 강간한 것으로 그 범행의 수법, 경위 등에 비추어 비난가능성이 큰 점, 강간 범행의 피해자는 피고인의 엄벌을 원하고 있는 점, 절도, 사기 범행은 피고인이 피해 회복을 위해 노력 한 적이 없는 점, 피고인은 절도죄로 2회의 벌금형을 받은 전력이 있는 점 등은 피고 인에게 불리한 정상이다.",
            "반면, 피고인은 성범죄에 관하여 형사처벌을 받은 전력이 없는 점, 피고인의 가족 및 지인이 피고인의 선처를 탄원하고 있는 점 등은 피고인에게 유리한 정상이다.",
            "그밖에 피고인의 연령, 성행, 환경 등 양형의 조건이 되는 제반사정을 참작하여 양 형기준에서 정한 권고형의 범위 내에서 주문과 같이 형을 정한다."
        ]
    },
    "close": {
        "cnclsns": [
            "피고인을 징역 4년에 처한다.",
            "피고인에 대하여 80시간의 성폭력 치료프로그램의 이수를 명한다.",
            "피고인에 대한 정보를 5년간 정보통신망을 이용하여 공개하고, 고지한다 (다만 공개 및 고지되는 범죄의 요지는 판시 각 강간죄에 한한다)."
        ]
    }
}