{
    "info": {
        "caseField": "2",
        "detailField": "6",
        "trailField": "1",
        "caseNm": "가. 성폭력범죄의처벌등에관한특례법위반(친족관계에의한강제추행) 나. 아동,청소년의성보호에관한법률위반(유사성행위), 부착명령",
        "courtNm": "수원지방법원",
        "judmnAdjuDe": "2013. 05. 21.",
        "caseNo": "2013고합125",
        "relateLaword": [
            "성폭력범죄의 처벌 등에 관한 특례법 제5조",
            "형법 제298조",
            "아동,청소년의 성보호에 관한 법률 제7조",
            "형법 제40조",
            "형법 제50조",
            "형법 제53조",
            "형법 제55조",
            "아동,청소년의 성보호에 관한 법률 제13조",
            "아동,청소년의 성보호에 관한 법률 제33조",
            "아동,청소년의 성보호에 관한 법률 제34조",
            "아동,청소년의 성보호에 관한 법률 제38조",
            "아동,청소년의 성보호에 관한 법률 제38조의2",
            "특정 범죄자에 대한 보호관찰 및 전자장치 부착 등에 관한 법률 제9조"
        ],
        "qotatPrcdnt": [
            "대법원 2010. 12. 9. 선고 2010도7410, 2010전도44 판결"
        ]
    },
    "concerned": {
        "acusr": "4",
        "dedat": "1"
    },
    "org": {
        "orgJdgmnCourtNm": "",
        "orgJdgmnAdjuDe": "",
        "orgJdgmnCaseNo": ""
    },
    "disposal": {
        "disposalform": "6",
        "disposalcontent": [
            "피고인을 징역 3년에 처한다.",
            "피고인에게 80시간의 성폭력 치료프로그램의 이수를 명한다.",
            "이 사건 부착명령 청구를 기각한다."
        ]
    },
    "mentionedItems": {
        "rqestObjet": [
            "피고인을 징역 3년에 처한다.",
            "피고인에게 80시간의 성폭력 치료프로그램의 이수를 명한다."
        ]
    },
    "assrs": {
        "acusrAssrs": [],
        "dedatAssrs": []
    },
    "facts": {
        "bsisFacts": [
            "피고인은 피해자 00의 이모부이다.",
            "피고인은 2011년 3월 말 20:00경 0000 △△아파트 □□동 ◇◇호에 있는 피고인의 집에서 당시 그곳에 거주하고 있던 피해자 00(여, 13세)가 방에서 옷을 갈아입는 것을 보고 방으로 들어가 강제로 피해자의 허벅지를 만지고 팬티를 벗긴 후 “많이 컸구나”라고 말하면서 물티슈로 피해자의 음부에 묻은 생리혈을 닦았다.",
            "피해자를 무릎 꿇게 한 후 자신의 성기를 피해자의 입안으로 넣고 “맛 한번 볼래? 기분이 어떠냐”라고 말하여 친족관계에 있는 아동․청소년인 피해자를 추행하였다."
        ]
    },
    "dcss": {
        "courtDcss": [
            "특정 범죄자에 대한 보호관찰 및 전자장치 부착 등에 관한 법률 제5조 제1항에 정한 성폭력 범죄의 재범의 위험성이라 함은 재범할 가능성만으로는 부족하고 피부착명령청구자가 장래 다시 성폭력 범죄를 범하여 법적 평온을 깨뜨릴 상당한 개연성이 있다는 것을 의미한다.",
            "성폭력 범죄의 재범의 위험성 유무는 피부착명령청구자의 직업과 환경, 당해 범행 이전의 행적, 그 범행의 동기, 수단, 범행 후의 정황, 개전의 정 등 여러 사정을 종합적으로 평가하여 객관적으로 판단하여야 하고, 이러한 판단은 장래에 대한 가정적 판단이므로 판결시를 기준으로 하여야 한다(대법원 2010.12.9.선고 2010도7410, 2010전도44 판결 등 참조).",
            "위 법리에 비추어 살피건대, 이 법원이 적법하게 채택하여 조사한 증거에 의하여 인정되는 다음과 같은 사정 즉, 피부착명령청구자에게 도로교통법위반(음주운전)죄 등 이외에 특별한 범죄 전력이 없고 피해자 가정의 사정으로 피해자가 피고인의 집에 함께 살게 된 기회에 우발적으로 이건 범행이 저질러진 것으로 보이는 점이 있다.",
            "피부착명령청구자에 대한 청구 전 조사서에 의하면 한국 성범죄자 재범 위험성 평가척도(K,SORAS)적용결과는 ‘중간’ 수준이고 정신병질자 선별도구(PCL,R)실시결과는 ‘낮은’ 수준으로서재범위험성이 크게 높지는 않은 점이 있다.",
            "피부착명령청구자가 이 사건 범행 이전에 생업에 종사하면서 처 및 두 자녀와 함께 비교적 정상적인 생활을 해온 것으로 보이는 점을 종합하면, 검사가 제출한 증거만으로는 피부착명령청구자가 향후 성폭력 범죄를 다시 범할 상당한 개연성이 있다고 단정하기 어렵다.",
            "이 사건 범행은 피고인이 당시 13세의 중학생이였던 처조카인 피해자를 자신의 집에서 돌보게 된 기회에 술에 취한 상태에서 피해자를 추행한 것으로 피고인이 피해자의 몸을 만지고 피해자에게 구강성교 행위를 가요하는 등 그 추행의 정도가 중하다.",
            "피해자는 자신을 돌봐 주던 이모부로부터 본건 범행을 당하여 현재까지도 상당한 불안감등으로 심리 상담을 지속적으로 받고 있을 정도로 큰 정신적 충격을 받은 점, 처벌불원 의사의 유무 및 처벌 정도에 있어 차이는 있지만 피해자의 보모 모두 피고인에 대한 상당한 수준의 차별을 원하고 있다.",
            "여러 사정을 고려하면 피고인에게 엄중한 실형의 선고가 불가피하다.",
            "피고인은 음주운전으로 세 차례 처벌받은 전력이 있을 뿐인 점, 전자제품 생산 업체에서 설비개발 부서의 부장으로 성실히 근무해오며 원만한 가족관계 및 대인관계를 유지해오다 취중에 우발적으로 본건범행을 저지를 것이다.",
            "범행 직후 이건으로 가족들과 1년 가까이 별거하기도 하는 등 이 법정에 이르기까지 자신의 잘못을 깊이 반성하고 있는 점 등 유리한 정상도 두루 참작하여 주문과 같이 형을 정한다."
        ]
    },
    "close": {
        "cnclsns": [
            "피고인을 징역 3년에 처한다.",
            "피고인에게 80시간의 성폭력 치료프로그램의 이수를 명한다.",
            "이 사건 부착명령 청구를 기각한다."
        ]
    }
}