{
    "info": {
        "caseField": "2",
        "detailField": "6",
        "trailField": "1",
        "caseNm": "상해, 도로교통법위반(음주운전), 도로교통법위반(무면허운전)",
        "courtNm": "의정부지방법원",
        "judmnAdjuDe": "2018. 01. 05.",
        "caseNo": "2017고단4699",
        "relateLaword": [
            "도로교통법 제148조의 2",
            "도로교통법 제44조",
            "도로교통법 제152조",
            "도로교통법 제43조",
            "형법 제257조",
            "형법 제40조",
            "형법 제50조",
            "형법 제37조",
            "형법 제38조",
            "형법 제62조",
            "형법 제62조의 2"
        ],
        "qotatPrcdnt": []
    },
    "concerned": {
        "acusr": "4",
        "dedat": "1"
    },
    "org": {
        "orgJdgmnCourtNm": "",
        "orgJdgmnAdjuDe": "",
        "orgJdgmnCaseNo": ""
    },
    "disposal": {
        "disposalform": "8",
        "disposalcontent": [
            "피고인을 징역 1년에 처한다.",
            "다만, 이 판결 확정일로부터 2년간 위 형의 집행을 유예한다.",
            "피고인에게 120시간의 사회봉사를 명한다."
        ]
    },
    "mentionedItems": {
        "rqestObjet": [
            "피고인을 징역 1년에 처한다.",
            "다만, 이 판결 확정일로부터 2년간 위 형의 집행을 유예한다.",
            "피고인에게 120시간의 사회봉사를 명한다."
        ]
    },
    "assrs": {
        "acusrAssrs": [
            "피고인은 음주운전금지 규정을 2회 이상 위반한 사람으로서 다시 위 규정을 위반하여 술에 취한 상태에서 자동차운전면허를 받지 아니하고 자동차를 운전하였다."
        ],
        "dedatAssrs": []
    },
    "facts": {
        "bsisFacts": [
            "피고인은 2008. 2. 12. 서울남부지방법원에서 도로교통법위반(음주운전)죄로 벌금 200만 원의 약식명령을, 2015. 10. 8. 의정부지방법원에서 도로교통법위반(음주운전)죄로 벌금 500만 원의 약식명령을, 2015. 12. 7. 의정부지방법원에서 도로교통법위반(음주운전)죄로 벌금 500만 원의 약식명령을 받았다.",
            "피고인은 2017. 9. 11. 18:25경 00000에 있는 D식당 앞 도로에서 자동차운전면허를 받지 아니하고 혈중알코올농도 0.220%의 술에 취한 상태로 E 0승합차를 약 50cm가량 운전하였다.",
            "피고인은 제1항 기재 일시, 장소에서 위와 같이 E 0 승합차를 운전하다가 진행방향 뒤편에 피해자 F(56세)이 주차해 둔 G 0 승용차의 앞부분을 위 승합차의 뒷부분으로 들이받고도 아무런 조치를 하지 아니한 채 그 자리를 떠나려고 하다가 피해자로부터 제지당하자 주먹으로 피해자의 얼굴을 1회 때리고 손으로 피해자의 머리채를 잡아 흔들어 피해자에게 약 31일간의 치료가 필요한 치아의 아탈구 등의 상해를 가하였다."
        ]
    },
    "dcss": {
        "courtDcss": [
            "범죄사실에 대한 해당법조 도로교통법 제148조의2 제1항 제1호, 제44조 제1항(음주운전의 점), 도로교통법 제152조 제1호, 제43조(무면허운전의 점), 형법 제257조 제1항(상해의 점)이다.",
            "피해자 F와 합의하여 처벌불원서 제출된 점 등 사정 참작한다."
        ]
    },
    "close": {
        "cnclsns": [
            "피고인을 징역 1년에 처한다.",
            "다만, 이 판결 확정일로부터 2년간 위 형의 집행을 유예한다.",
            "피고인에게 120시간의 사회봉사를 명한다."
        ]
    }
}