{
    "info": {
        "caseField": "2",
        "detailField": "6",
        "trailField": "1",
        "caseNm": "특정경제범죄가중처벌등에관한법률위반(사기), 사기, 배상명령신청",
        "courtNm": "서울중앙지방법원",
        "judmnAdjuDe": "2017. 05. 26.",
        "caseNo": "2017고합2",
        "relateLaword": [
            "특정경제범죄 가중처벌 등에 관한 법률 제3조",
            "형법 제347조",
            "형법 제37조",
            "형법 제38조",
            "형법 제50조",
            "소송촉진 등에 관한 특례법 제25조 제1항 제1호",
            "소송촉진 등에 관한 특례법 제31조",
            "소송촉진 등에 관한 특례법 제25조",
            "소송촉진 등에 관한 특례법 제32조"
        ],
        "qotatPrcdnt": []
    },
    "concerned": {
        "acusr": "4",
        "dedat": "1"
    },
    "org": {
        "orgJdgmnCourtNm": "",
        "orgJdgmnAdjuDe": "",
        "orgJdgmnCaseNo": ""
    },
    "disposal": {
        "disposalform": "6",
        "disposalcontent": [
            "피고인을 징역 3년 8월에 처한다.",
            "피고인은 배상신청인 I에게 32,500,000원을 지급하라.",
            "피고인은 배상신청인 J에게 13,540,000원을 지급하라.",
            "피고인은 배상신청인 K에게 24,960,000원을 지급하라.",
            "피고인은 배상신청인 L에게 261,889,894원을 지급하라.",
            "피고인은 배상신청인 M에게 152,460,000원을 지급하라.",
            "피고인은 배상신청인 N에게 42,220,000원을 지급하라.",
            "피고인은 배상신청인 O에게 121,660,000원을 지급하라.",
            "피고인은 배상신청인 P에게 45,750,000원을 지급하라.",
            "피고인은 배상신청인 Q에게 45,230,000원을 지급하라.",
            "피고인은 배상신청인 R에게 19,700,000원을 지급하라.",
            "피고인은 배상신청인 S에게 9,700,000원을 지급하라.",
            "위 각 배상명령은 가집행할 수 있다.",
            "배상신청인 T, U, V, W, X, Y, ZㆍAA의 각 배상신청을 각하한다."
        ]
    },
    "mentionedItems": {
        "rqestObjet": [
            "피고인은 피해자들로부터 투자금 및 차용금 명목으로 총 443회에 걸쳐 합계 6,022,965,000원을 교부받아 이를 편취하였다.",
            "피고인은 피해자 AG를 기망하여 합계 5,500만 원을 투자금 명복으로 교부받아 이를 편취하였다.",
            "피고인은 피해자 U을 기망하여 투자금 명목으로 3만원을 교부받아 이를 편취하였다."
        ]
    },
    "assrs": {
        "acusrAssrs": [
            "피고인은 2016.4.29.0000에 있는 오피스텔에서 판시 제1항과 같은 방법으로 피해자 U을 기망하여 이에 속은 위 피해자로부터 투자금 명목으로 같은 날 3만 원을 피고인 명의의 000 계좌로 이체받아 이를 편취하였다.",
            "피고인은 이를 포함하여 별지 2 범죄일람표 기재와 같이 2010.7.12.부터 2016.12.2.까지 피해자 L 외 29명으로부터 총 443회에 걸쳐 합계 6,022,965,000원을 투자금 내지 차용금 명목으로 교부받아 이를 편취하였다.",
            "피고인은 위와 같이 피해자를 기망하여 이에 속은 피해자로부터 2016.4.25.1,500만 원, 2016.5.23, 500만 원, 2016.7.6.1,000만 원, 2016.7.22.500만 원, 2016.8.9.2,000만 원 합계 5,500만 원을 투자금 명목으로 교부받아 이를 편취하였다."
        ],
        "dedatAssrs": []
    },
    "facts": {
        "bsisFacts": [
            "피고인은 2010.7.12.경 0000에 있는 (주)D 사무실에서 피해자 L에게 휴대전화로 내가 D 팀장으로 근무하면서 위 회사의 사모펀드를 위탁받아 운영하는 중이니 나에게 투자하면 투자원금은 100% 보장하고 투자원금의 10%에서 13%에 해당하는 수익을 추가로 돌려주겠다는 취지의 문자메시지를 발송하였다.",
            "피고인은 사모펀드를 운영한 사실이 없어 피해자로부터 교부받은 금원을 편드에 투자할 의사나 능력이 없었고, 피고인 명의로 보유한 다른 재산도 없고 위 회사로부터 받는 월급 외에는 다른 수익도 없어 다른 투자자들을 모집하여 금원을 교부받아 기존 투자금을 변제하는 방법(소위 돌려막기)외에는 위 투자금을 변제할 수 있는 능력이 없었으며, 위 투자금도 대부분 피고인의 생활비로 사용되어 이를 변제할 의사도 없었다.",
            "피고인은 이에 속은 피해자로부터 투자금 명목으로 2010.7.12.500만 원을 피고인 명의의 000 계좌(AC)로 이체받은 것을 비롯하여 별지 2 범죄일람표 연번 336번부터 414번까지의 기재와 같이 그때부터 2016.12.2.까지 사이에 총 79회에 걸쳐 합계 5억 8,620만 원을 투자금과 차용금 명목으로 위 계좌와 피고인 명의의 000 계좌(E, AD), 000 계좌(AE)로 이체받았다.",
            "피고인은 2014.2.13.경 0000에 있는 피해자 AG이 운영하는 스튜디오에서 위 피해자에게, \"투자회사에서 사모펀드를 운용하고 있다.\"",
            "\"위 사모펀드에 투자하면 원금을 보장하고 10%의 수익금을 주겠다\" 라고 말하였다."
        ]
    },
    "dcss": {
        "courtDcss": [
            "이 사건 범행은 증권정보제공회사의 보험모집 영업팀장이 6년이 넘는 기간 동안 30여 명의 학교 동창, 친구, 지인들에게 원금 보장과 고율의 수익금 지급을 약속하며 실체가 전혀 없는 사모펀드에 합계 60억 원이 넘는 돈을 투자받은 것이다.",
            "피고인은 위 회사의 투자팀장, 부지점장 등을 사칭하면서 피해자들에게 투자를 권유하였고, 이른바 돌려막기 방식으로 투자금을 운용하면서 피해자들에게 지급할 원금과 수익금이 부족해지자 2016.10.11.경 피해자들에게 다른 직원의 범죄로 인해 원금과 수익금을 지급하지 못하였다는 취지의 허위 공지 문자메시지를 발송하여 피해자들의 원금 반환 요구를 무마시키기도 하였다",
            "이와 같은 범행 수법, 피해 규모 등에 비추어 죄질과 범정이 불량할 뿐 아니라, 많은 피해자들이 피고인에 대한 처벌을 원하고 있어 상당 기간의 실형이 불가피하다.",
            "피고인이 피해자들에게 편취금액 일부를 배당금 명목으로 지급하여 실제 손해액은 약 12억 4,000만 원 정도이고, 피고인은 최초 고소 이후 수사기관에 자진 출석하여 범행을 자백하였으며, 아무런 범죄전력이 없는 점 등의 유리한 정상이 있다.",
            "피고인과 피해자 U 사이의 금융거래 내역, 송금 명목 등에 비추어 볼 때, 위 3만 원은 피고인이 피해자에게 배당금 명목으로 송금한 금원 중 과다하게 지급된 금액을 돌려받은 것으로 보이고, 달리 피고인이 위 3만 원을 투자금 명목으로 편취하였다는 점을 인정할 만한 증거가 없다",
            "따라서 이 부분 공소사실은 범죄의 증명이 없는 때에 해당하므로 무죄를 선고하여야 할 것이나, 이와 포괄일죄의 관계에 있는 판시 피해자 U에 대한 사기죄를 유죄로 인정한 이상 주문에서 따로 무죄의 선고를 하지 아니한다."
        ]
    },
    "close": {
        "cnclsns": [
            "피고인을 징역 3년 8월에 처한다.",
            "피고인은 배상신청인 I에게 32,500,000원을, J에게 13,540,000원을, K에게 24,960,000원을, L에게 261,889,894원을, M에게 152,460,000원을, N에게 42,220,000원을, O에게 121,660,000원을, P에게 45,750,000원을, Q에게 45,230,000원을, R에게 19,700,000원을, S에게 9,700,000원을 각 지급한다.",
            "위 각 배상명령은 가집행할 수 있다.",
            "배상신청인 T, U, V, W, X, Y, Z.AA의 각 배상신청을 각하한다."
        ]
    }
}