{
    "info": {
        "caseField": "2",
        "detailField": "6",
        "trailField": "1",
        "caseNm": "성폭력범죄의처벌등에관한특례법위반(친족관계에의한강제추행)",
        "courtNm": "창원지방법원",
        "judmnAdjuDe": "2020. 10. 22.",
        "caseNo": "2020고합2",
        "relateLaword": [
            "성폭력범죄의 처벌 등에 관한 특례법 제5조",
            "형법 제37조",
            "형법 제38조",
            "형법 제50조",
            "형법 제53조",
            "형법 제55조",
            "형법 제62조",
            "아동, 청소년의 성보호에 관한 법률 제21조",
            "구 아동, 청소년의 성보호에 관한 법률(2019. 11. 26. 법률 제16622호로 개정되기 전의 것) 제49조",
            "구 아동, 청소년의 성보호에 관한 법률(2019. 11. 26. 법률 제16622호로 개정되기 전의 것) 제50조",
            "구 아동, 청소년의 성보호에 관한 법률(2018. 3. 13. 법률 제15452호로 개정되기 전의 것) 제56조",
            "장애인복지법 제59조",
            "성폭력범죄의 처벌 등에 관한 특례법 제42조",
            "성폭력범죄의 처벌 등에 관한 특례법 제43조"
        ],
        "qotatPrcdnt": [
            "대법원 2002. 4. 26. 선고 2001도2417 판결",
            "대법원 2004. 4. 16. 선고 20045도52 판결",
            "대법원 2006. 10. 26. 선고 2006도3830 판결"
        ]
    },
    "concerned": {
        "acusr": "4",
        "dedat": "1"
    },
    "org": {
        "orgJdgmnCourtNm": "",
        "orgJdgmnAdjuDe": "",
        "orgJdgmnCaseNo": ""
    },
    "disposal": {
        "disposalform": "6",
        "disposalcontent": [
            "피고인을 징역 2년 6월에 처한다.",
            "다만, 이 판결의 확정일로부터 3년간 위 형의 집행을 유예한다.",
            "피고인에게 40시간의 성폭력 치료강의 수강을 명한다."
        ]
    },
    "mentionedItems": {
        "rqestObjet": [
            "피고인은 친족관게인 피해자를 강제로 추행하였다."
        ]
    },
    "assrs": {
        "acusrAssrs": [
            "피고인을 강제추행의 죄로 엄한 처벌을 요한다."
        ],
        "dedatAssrs": [
            "공소사실의 추행을 범한 일이 없다.",
            "설령 그와 유사한 행위가 있었다고 하더라도 이는 아버지가 홀로 딸을 양육하는 과정에서 발생할 수 있는 자연스러운 신체접촉에 불과한 것으로 추행이라 볼 수 없다. ",
            "피해자는 가출하고 싶은 동기로 과장 또는 허위의 진술을 하였으므로 피해자의 진술은 신빙성이 없다. "
        ]
    },
    "facts": {
        "bsisFacts": [
            "피고인은 피해자의 가슴을 만지는 등 추행을 하였다.",
            "피고인은 피해자의 양쪽 다리 사이에 자신의 한쪽 다리를 끼워 넣고, 발 부분이 피해자의 음부에 닿은 상태로 수회 흔드는 등 추행을 하였다. ",
            "피고인은 자신의 성기를 만진 손을 피해자의 코에 갖대 대기도 하였고 피해자의 엉덩이에 발을 올리고 수회 흔드는 방법으로 피해자를 추행하였다. ",
            "피고인은 피해자의 아버지이다."
        ]
    },
    "dcss": {
        "courtDcss": [
            "사건 피해자의 진술은 그 신빙성이 인정된다.",
            "피고인은 피해자가 피고인의 신체접촉을 원하지 않거나 불쾌해한다는 것을 알면서도 그와 같은 행위를 반복한 것으로 보인다."
        ]
    },
    "close": {
        "cnclsns": [
            "이 사건 각 범행은 피고인이 피해자의 친부로서 피해자를 보호할 의무와 책임이 있음에도 불구하고 그 의무와 책임을 저버린 채 여러 차례에 걸쳐 피해자를 추행한 것으로서 그 죄질이 가볍지 않다. ",
            "피고인을 징역 2년 6월에 처한다. 다만, 3년간의 형의 집행유예를 한다. 40시간의 성폭력 치료강의 수강을 명한다.",
            "그러나 피고인이 피해자를 상대로 어떠한 뚜렷한 성적인 목적을 가지거나 성적 욕망을 채우기 위하여 벌인 범행으로까지 보이지는 않는다.",
            "비록 피해자로부터 용서받지는 못하였으나, 최근 피해자에게 사과편지를 보내는 등 자신이 잘못을 일부 깨닫는 모습을 보였다."
        ]
    }
}