{
    "info": {
        "caseField": "2",
        "detailField": "6",
        "trailField": "1",
        "caseNm": "특정경제범죄가중처벌등에관한법률위반(횡령),범죄수익은닉의규제및처벌등에관한법률위반",
        "courtNm": "대구지방법원  ",
        "judmnAdjuDe": "2016. 04. 22.",
        "caseNo": "2016고합50",
        "relateLaword": [
            "범죄수익 은닉의 규제 및 처벌 등에 관한 법률 제3조",
            "형법 제30조",
            "특정경제범죄 가중처벌 등에 관한 법률 제3조 ",
            "형법 제355조",
            "형법 제37조 ",
            "형법 제38조 ",
            "형법 제50조",
            "민법 제746조",
            "민법 제103조"
        ],
        "qotatPrcdnt": [
            "대법원 2004. 9. 3. 선고 2004다27488, 27495 판결",
            "대법원 2010. 5. 27. 선고 2009다12580 판결",
            "대법원 2001. 4. 10. 선고 2000다49343 판결 ",
            "대법원 2012. 11. 29. 선고 2011도5822 판결 ",
            "대법원 2000다49343 판결, 2011도5822 판결",
            "대법원 2005. 7. 28. 선고 2005다23858 판결 "
        ]
    },
    "concerned": {
        "acusr": "4",
        "dedat": "1"
    },
    "org": {
        "orgJdgmnCourtNm": "",
        "orgJdgmnAdjuDe": "",
        "orgJdgmnCaseNo": ""
    },
    "disposal": {
        "disposalform": "6",
        "disposalcontent": [
            "피고인을 징역 4년에 처한다.\n\n",
            "피고인으로부터 861,850,000원을 추징한다.\n\n"
        ]
    },
    "mentionedItems": {
        "rqestObjet": [
            "공소외 1은 공소외 10 주식회사, 공소외 11 주식회사, 공소외 12 주식회사, 공소외 13 주식회사, 공소외 14 주식회사, 공소외 15 주식회사, 공소외 16 주식회사 등 22개 불법다단계 유사수신업체의 행정부사장으로, 회장인 공소외 3, 부회장 공소외 17, 교육위원장 공소외 18, 공소외 19, 20, 21, 전산실장 공소외 22 및 각 센터장과 공모하여 위 유사수신업체들을 운영하면서 상습으로 피해자를 상대로 금융 다단계 상습사기범행을 저질렀다",
            "피고인은 공소외 6, 공소외 7 등과 공모하여 19억 2,370만 원을 횡령하였다."
        ]
    },
    "assrs": {
        "acusrAssrs": [],
        "dedatAssrs": [
            "공소외 1이 공소외 2, 공소외 4를 거쳐 피고인에게 19억 2,370만 원의 수표를 교부한 것은 범죄수익으로 인한 자금을 세탁할 목적에 따른 것이어서 불법원인급여에 해당하므로, 피고인이 이를 돌려주지 않고 임의로 사용하였다고 하더라도 횡령죄를 구성하지는 않는다."
        ]
    },
    "facts": {
        "bsisFacts": [
            "공소외 1 은 공소외 10 주식회사, 공소외 11 주식회사, 공소외 12 주식회사, 공소외 13 주식회사, 공소외 14 주식회사, 공소외 15 주식회사, 공소외 16 주식회사 등 22개 불법 다단계 유사수신업체의 행정부사장이다.",
            "회장인 공소외 3, 부회장 공소외 17, 교육위원장 공소외 18, 공소외 19, 공소외 20, 공소외 21, 전산실장 공소외 22 및 각 센터장과 공모하여 2004년경부터 2008.10.31.경까지 0000, 0000, 0000 등 지역에서 위 유사수신업체들을 운영하면서 상습으로 29,207명의 피해자를 상대로 약 2조 7,980억 원 규모의 금융 다단계 상습사기범행을 저질렀다.",
            "공소외 1은 2008.10.31.경 위 22개 불법 다단계 유사수신업체를 운영하면서 취득한 범죄수익금 19억 2,370만 원 상당의 수표를 자신의 매제인 공소외 2에게 현금으로 교환해 달라고 부탁하였고, 공소외 2는 그 무렵 자신의 지인인 공소외 4를 통해 이를 교환해 줄 사람으로 피고인을 소개받았다.",
            "피고인은 2008.11.초순경 0000 소재 불상의 커피전문점에서 공소외 4로부터 \"수표 19억 2,370만 원을 현금으로 교환해 주면 그 대가로 2,000만 원을 주겠다.\"는 제의를 받고 이를 승낙한 후 위 수표를 교부받았다.",
            "또한, 피고인은 위 수표가 공소외 3 등이 불법 금융다단계 유사수신행위 등으로 취득한 범죄수익금이라는 사실을 잘 알면서도 2008.11.6.경부터 같은 달 7.경까지 지인인 공소외 5를 통해 14억 원에서 15억 원가량을 현금으로 교환하였다.",
            "이로써 피고인은 공소외 1, 공소외 2, 공소외 4, 공소외 5 등과 순차적으로 공모하여 범죄수익 등인 14억 원 내지 15억 원가량의 취득 또는 처분에 관한 사실을 가장하고, 적법하게 취득한 재산으로 가장할 목적으로 이를 은닉하였다.",
            "피고인은 2008.11.초순경 불상의 장소에서 제1항 기재와 같이 수표를 현금으로 교환한 후 공소외 4 등이 위 수표 및 현금에 대하여 적극적으로 권리행사를 할 수 없다는 점을 이용하여 자신의 지인 공소외 6 및 애인 공소외 7과 함께 이를 빼돌려 분배한 후 임의로 사용하기로 상호 공모하였다.",
            "그리고 피고인은 공소외 6, 공소외 7과 함께 2008.11.9.경 위 19억 2,370만 원 중 2억 원을 공소외 6이, 나머지 금액은 피고인과 공소외 7이 사용하도록 분배한 후 2008.11.9.경부터 2009.2.경까지 개인적인 용도로 임의 사용하였기에, 이로써 피고인은 공소외 6, 공소외 7 등과 공모하여 19억 2,370만 원을 횡령하였다."
        ]
    },
    "dcss": {
        "courtDcss": [
            "이 사건 수표의 교부행위가 불법원인급여에 해당한다고 볼 수는 없으므로, 위 수표 및 이를 교환한 자금을 반환하지 않은 채 임의로 처분한 피고인의 행위를 횡령죄로 의율할 수 있다고 할 것이다.",
            "이 사건 수표가 공소외 3, 공소외 1이 다단계 사기 범죄행위를 통하여 취득한 범죄수익이거나 이러한 범죄수익에서 유래한 재산임은 앞서 본 바와 같다.",
            "앞서 본 바와 같이 범죄수익을 단순히 임치한 경우에는 불법원인급여에 해당하지 않는다(다만, 위 대법원 2000다49343 판결, 2011도5822 판결 의 사안은 모두 교부받은 자금을 현물 그대로 가지고 있다가 반환하는 순수한 의미의 임치 또는 보관이 아니라, 해당 금원을 관리 또는 사용할 것을 허락하면서 위탁자가 요구할 때 동일한 금액을 반환하는 것을 내용으로 한 것이다).",
            "그러나 이 사건 수표는 교부자가 수탁자에게 보관만 의뢰한 것이 아니라, 짧은 기간 내에 수표를 현금으로 교환하여 반환할 것까지 요구하였다는 점에서 그 법률관계를 위 각 대법원 판례의 사안과 같은 범주에서 평가할 수 없다고 볼 여지도 있다.",
            "교부자의 입장에서는 수탁자가 위탁받은 취지에 따라 수표를 자신의 계좌에 입금하는 등의 방법으로 상당한 기간 동안 보관하다가 추후 현금이나 다른 수표로 인출하여 반환하는 경우나 수탁자가 곧바로 제3자를 통해 수표를 현금으로 교환하여 반환하는 경우나 해당 범죄수익의 자금 세탁 효과를 얻게 되는 결과는 동일하다.",
            "수탁자의 입장에서도 교부자를 도와 범죄수익의 은닉·가장을 쉽게 한다는 측면에서 자신의 계좌에 보관하다가 현금 등으로 인출하여 반환하는 것이나 다른 사람을 통하여 현금으로 바꾸어 곧바로 반환하는 것이나 그 의사나 결과에 있어 본질적인 차이가 있다고 할 수는 없다.",
            "따라서, 이 사건과 같이 현금으로 교환해 줄 것을 요구하면서 수표를 교부한 행위와 단순히 보관하고 있다가 추후에 반환하여 줄 것을 요구하면서 수표를 교부한 행위를 규범적 평가의 관점에서 볼 때 달리 볼 이유는 없다.",
            "금지규정을 위반한 재산의 급부도 그것이 반사회질서의 법률행위에 해당하지 않는 경우에는 불법원인급여에 해당한다고 할 수 없고, 반사회질서의 법률행위에 해당하는지 여부는 급부행위 자체의 목적과 성격에 따라 판단하여야 하는바, 공소외 4와 피고인 사이의 수표에 관한 위탁관계는 수표를 현금으로 교환하는 것을 내용으로 하는 것이고, 다른 범죄행위에 사용하기 위한 자금으로 수표를 교부한 것은 아니다.",
            "그러므로 수표가 범죄수익에 해당하여 그 교부행위가 형사처벌의 대상이 된다고 하더라도, 위와 같은 위탁관계의 내용에 따른 수표의 교부 그 자체가 반사회질서의 성격을 지니고 있다고 할 수는 없다."
        ]
    },
    "close": {
        "cnclsns": [
            "피고인을 징역 4년에 처한다.",
            "피고인으로부터 861,850,000원을 추징한다."
        ]
    }
}