{
    "info": {
        "caseField": "2",
        "detailField": "6",
        "trailField": "1",
        "caseNm": "아동, 청소년의성보호에관한법률위반(위계등추행)",
        "courtNm": "대구지방법원 포항지원",
        "judmnAdjuDe": "2020. 09. 24.",
        "caseNo": "2020고합3",
        "relateLaword": [
            "아동, 청소년의 성보호에 관한 법률 제7조",
            "형법 제298조",
            "형법 제37조",
            "형법 제38조",
            "형법 제50조",
            "아동, 청소년의 성보호에 관한 법률 제21조",
            "구 아동, 청소년의 성보호에 관한 법률(2019. 11. 26. 법률 제16662호로 개정되기 전의 것) 제49조",
            "구 아동, 청소년의 성보호에 관한 법률(2019. 11. 26. 법률 제16662호로 개정되기 전의 것) 제50조",
            "구 아동, 청소년의 성보호에 관한 법률(2020. 6. 2. 법률 제17338호로 개정되기 전의 것) 제56조",
            "장애인복지법 제59조",
            "아동복지법 제29조",
            "성폭력범죄의 처벌 등에 관한 특례법 제42조",
            "성폭력범죄의 처벌 등에 관한 특례법 제43조"
        ],
        "qotatPrcdnt": [
            "대법원 2012. 6. 28. 선고 2012도2631 판결",
            "대법원 2019. 7. 11. 선고 201도2614 판결"
        ]
    },
    "concerned": {
        "acusr": "4",
        "dedat": "1"
    },
    "org": {
        "orgJdgmnCourtNm": "",
        "orgJdgmnAdjuDe": "",
        "orgJdgmnCaseNo": ""
    },
    "disposal": {
        "disposalform": "6",
        "disposalcontent": [
            "피고인을 징역 2년 6월에 처한다.",
            "피고인에게 80시간의 성폭력 치료프로그램 이수를 명한다.",
            "피고인에게 아동, 청소년 관련기관 등과 장애인복지시설 및 아동관련기관에 각 5년간 취업제한을 명한다."
        ]
    },
    "mentionedItems": {
        "rqestObjet": [
            "피고인은 위력으로 아동,청소년인 피해자를 추행하였다."
        ]
    },
    "assrs": {
        "acusrAssrs": [
            "2 019.4.경 범행의 경우 피고인은 당시 다른 교실에서 강의를 하고 있는 중이어서 피해자를 추행하는 것이 불가능하였고, 2019. 7.1.경 범행의 경우 피고인이 상담 후에 피해자와 헤어지면서 격려 차원에서 피해자의 양 어께를 보듬어 준 사실은 있으나, 추행할 의도로 위력 을 행사한 사실은 없다."
        ],
        "dedatAssrs": []
    },
    "facts": {
        "bsisFacts": [
            "피고인은 0000 C에 있는 D 학원을 운영하는 원장이고, 피해자 E(여, 가명, 14세)은 위 학원을 다니는 학생이다.",
            "피고인은 2019. 4. 오후경 위 D 학원 C반 교실에서, 책상에 앉아 공부하고 있는 피해자에게 다가가 \"허벅지 만지는 게 싫으면 이야기해라.\"라고 말하며 손으로 피해자의 허벅지를 수 회 주물렀다. 이로써 피고인은 위력으로 아동∙청소년인 피해자를 추행하였다.",
            "피고인은 2019. 7.1. 21:03경 통원차량인 F 0 승용차 뒷좌석에 피해자를 태우고 0000 G에 있는 H어린이집 앞에 이르러 피해자에게 조수석으로 넘어오라고하여 피해자로 하여금 피고인의 옆 조수석에 앉게 하였다.",
            "이어서 피고인은 위 승용차를 주차한 다음, 양손으로 피해자의 손을 잡고 \"선생님이 E를 좋아하는 것을 아느냐? E는 선생님이 선생님으로 좋은 거냐? 선생님은 너처럼 순수하고 귀여운 아이는 10년에 1번 볼까말까 한다. 선생님은 E가 좋은데 E이가 미성년자여서 좀 걸린다. E이가 성인이었으면 야한 짓 도 하고 그럴 텐데.\"라고 말하며 손으로 피해자의 허벅지를 만졌다.",
            "이어서 피고인은 위 차량을 운전하여 위 장소에서 반대 방향으로 다 시 주차한 후, 피해자가 뒷좌석으로 넘어 가자, 피고인도 운전석에서 내려 뒷좌석에 타 피해자의 옆에 앉은 다음 손으로 피해자의 허벅지와 가슴을 수 회 만지고 주물렀다.",
            "이로써 피고인은 위력으로 아동∙청소년인 피해자를 추행하였다."
        ]
    },
    "dcss": {
        "courtDcss": [
            "법원은 공소사실을 뒷받침하는 피해자 등 증인의 진술의 신빙성 유무를 판단함에 있어서, 진술 내용 자체의 합리성∙논리성∙모순 또 는 경험칙 부합 여부나 물증 또는 제3자의 진술과의 부합 여부 등은 물론, 법관의 면전에서 선서한 후 공개된 법정에서 진술에 임하고 있 는 증인의 모습이나 태도, 진술의 뉘앙스 등 증인신문조서에는 기록하기 어려운 여러 사정을 직접 관찰함으로써 얻게 된 심증까지 모두 고려하여 신빙성 유무를 평가하게 된다.",
            "피해자 등 증인의 진술이 대체로 일관되고 공소사실에 부합하는 경우 객관적으로 보아 도저히 신빙성이 없다고 볼 만한 별도의 신빙성 있는 자료가 없는 한 이를 함부로 배척하여서는 안 된다(대법원 2012. 6.28. 선고 2012E2631 판결 등 참조), ",
            "성폭행이나 성희롱 사건의 피해자가 피해사실을 알리고 문제를 삼는 과정에서 오히려 피해자가 부정적인 여론이나 불이익한 처우 및 신분 노출의 피해 등을 입기도하여 온 점 등에 비추어 보면, 성폭행 피해자의 대처 양상은 피해자의 성정이나 가해자와의 관계 및 구 체적인 상황에 따라 다르게 나타날 수밖에 없다.",
            "따라서 개별적, 구체적인 사건에서 성폭행 등의 피해자가 처하여 있는 특별한 사정을 충분히 고려하지 않은 체 피해자 진술의 증명력을 가볍게 배척하는 것은 정의와 형평의 이념에 입각하여 논리와 경험의 법칙에 따른 증 거판단이라고 볼 수 없다(대법원 2019.7.11. 선고 2018E2614 판결 등 참조)",
            "이 법원이 적법하게 채택하여 조사한 증거들에 의하여 인정되는 다음과 같은 사정을 위와 같은 법리에 비추어 보면 피해자의 진술은 신빙성이 있고, 신빙성 있는 피해자의 진술을 비롯하여 이 법원이 적법하게 채택하여 조사한 증거들을 종합하면 피고인이 판시 범죄사실 기재와 같은 각 추행행위를 한 사실을 충분히 인정할 수 있다. 따라서 피고인과 변호인의 주장은 받아들이지 않는다.",
            "2019.4. 아니면 5.부터, '(피고인이 피해자의) 몸을 터치한 것은 여러 번 있었다. 열 몇 번이다. 여러 날에 걸쳐서 있었던 일이다.",
            "피해자가 혼자 공부하고 있을 때', '피고인이 와가지고 허벅지를 만진다든지 그런', '그냥 만지면서 싫으면 이렇게 해라하고(왼손가락 전체를 쥐었다펴며'), '5분에서 10분 그렇게' 2019. 7.1.경 범행 부분 7월 1일 저녁에, '8시 50분부터 9시 몇 분까지', '학원에서 차 태워주는 그차 안에서', '피해자 집 가까이에 차를 일단 세워놓고'",
            "피고인이 허벅지를 만지고 싶으면 말하라고 그래가지고 또 있다 몸 만지고', '주물 주물', '오래 만진 기ㅇ '기분 나쁘면 또 말하라고 그걸 말하고(가슴을 만지고)', '한 손으로', '양쪽(가슴)', '5번, 4번', '그러고 나서 어머니 전화오고 \"빨리 가야겠다\"카고 마지막으로 한 번만 더 만져보자 카면서 만지고 ㅇ '가슴을 만지고 그리고 이거는 우리 둘만의 비밀이라고 다른 사람한테는 말 안하는 게 좋다고 그렇게 말하고'",
            "피해자는 경찰 및 검찰 조사과정에서 '제일 처음에 있었던 날의 상황을 기억하느냐'는 질문에 '피해자가 학원에서 자습을 하고 있는 데 피고인이 와서 \"(피고인이 피해자의) 허벅지를 만지는 것이 싫으면 이야기해라. 피고인은 피해자랑 친구를 하고 싶어서 이러는 거다.\"라고 말하며 피해자의 허벅지를 만졌다'는 취지로 진술한 것을 비롯하여 다음과 같이 범행 당시 피고인과 나눈 대화의 내용에 대하 여도 구체적이고 일관되게 진술하였다. ",
            "피해자가 뒷좌석에 있었는데 앞좌석으로 넘어오라면서 그래가지고, 일단 넘어갔고 손을 막 잡더니 피고인은 피해자가 좋은데 막 그카면서, 피해자가 미성년자여서 좀 걸린다고 막 성인이었으면 야한 짓도 하고 그런 짓 했을 텐데 이렇게 얘기하고', '그리고 그 다른 애들은 피해자처럼 그렇게 순수하고 귀여운 애를 처음 봤다고 이렇게 만지고 싶고, 하고 싶다고' ",
            "또한 피해자는 경찰 및 검찰 조사과정에서 '오른손을 접었다 폈다 하다가 앞뒤로 손을 움직이거나 '자리에서 일어나서 무릎을 살짝 굽힌 상태로 오른손을 뻗어서 조사자의 왼쪽 허벅지를 만지는 시늉을 하며 피고인이 피해자의 허벅지를 만지는 모습을 재현하는 등 피해 사실을 정확히 전달하기 위하여 노력하는 모습을 보였다.",
            "피해자는 경찰 조사과정에서 '월요일에는 피해자만 1시간 하고 다른 애들은 1시간 하고 난 뒤 다른 수업을 받으러 갔다. 그래서 피해 자가 거기 그 교실에 앉아 있어서 다른 공부도 하는데 그때 피고인이 와 가지고 허벅지 만졌다', '(수요일이나 금요일의 경우) 시험기간일 때는 원래(수업을) 2시간 하지만 남아가지고 한 9시까지 공부를 한다.",
            "그때는 다른 애들도 다른 방에서 공부를 하니 그럴 때 와 가지고(허벅지를 만졌다)'라고 피고인이 추행을 하였던 구체적인 시간대 및 그 이유에 관하여도 구체적으로 진술하였는데, 이와 같은 피해자의 진술은 피고인이 운영하였던 학원의 수업시간표 기재와도 부합한다.",
            "(피고인은 수학 과목을 담당하고 있었는데, 학원 시간표에 의하면 월요일에는 피해자가 수강하던 중학교 2학년 수업이 오후 19:45경 끝나고 난 이후 21:00경까지는 수학 과목이 개설되어 있지 않다)",
            "피해자는 경찰 및 검찰 조사과정에서 '2019. 7. 1. 피해를 당하던 중 피해자의 어머니로부터 전화가 와서 범행이 중단되었다'는 취지로 진술하였는데, 통화상세내역서(증 제21호)에 의하면 피해자 어머니 이 사용하는 휴대전화기에서 2019. 7.1. 21:13경 피해자가 사용하는 휴대전화기로 전화가 걸려온 사실이 인정된다.",
            "사. 피해자는 경찰 조사과정에서 2019. 7. 1. 피해를 입은 다음 날 친구에게 피해사실을 이야기 하였다, \"(친구가) 감방에 넣어야 된다. 엄마한테 빨리 말해라.'고 하였다.\"는 취지로 진술하였다",
            "한편 피해자는 경찰 조사과정에서 '피고인으로부터 성폭력 피해를 당하는 과정에서 별다른 거부의사를 표현하지는 않았다'는 취지로 진술하였다.",
            "그런데 피해자가 피고인이 무서운 것 같다, 피고인이 수업하다가 한 번씩 소리 지른다, 숙제를 안 하면 소리 지르고 무섭다,,(피해자가 수업에) 집중을 안 할 때는 그러니까 피해자가 성적이 잘 안 나온 것이라며 그러면서 막 그럴 때도 있었다며 자신을 지도하던 선생님인 피고인에 대한 두려움이 있어 적극적으로 거부 의사를 표현하지 못하였다고 나름의 이유를 설명하였다.",
            "이와 같은 사정 및 이 사건 편지에도 '피고인이 허벅지 만지는 거 싫으면 말하라고 했는데 선생님이고 그래서 말을 하지 못하였다,'는 취지로 기재 되어 있는 점, 40대 후반 남성의 학원 강사인 피고인과 아동, 청소년으로서 피고인으로부터 지도를 받고 있는 피해자 사이의 관계 등에 비추어 보면 피해자의 위와 같은 태도에 충분히 수긍이 간다.",
            "피해자는 2018. 5. 중순경부터 2019. 7.1. 마지막 피해를 입기 전까지 상당한 기간 동안 별다른 문제없이 피고인이 운영하는 학원을 다니고 있었고, 달리 피해자가 허위의 피해 사실을 만들어서까지 피고인을 무고할 만한 사정이나 수사기관 및 이 법정에서 반복적으로 거짓말을 하면서까지 피고인으로 하여금 형사처벌을 받도록 할 만한 이유나 동기가 발견되지 않는다.",
            "오히려 피해자는 '그 전까지는 집에 데려다 주는 과정에서 둘만 있으면 앞좌석에 앉으라고 하였고(다른 피해사실은 없었다), 가슴을 만진 것은 2019. 7.1. 차 안에서가 처음이다, 학원에서는 허벅지를 만진 것 말고 다른 추행행위는 없었다, 한쪽 허벅지만 만졌다,'",
            "다른 친구들에게 그런 행동을 한다거나 하지는 않았다, 피고인이 학원에서 피해자를 때린다거나 하는 가혹행위는 없었다'라고 자신이나 다른 학원생들이 추가적인 피해를 입은 사실이 없다는 취지로 말하는 등 자신이 경험하지 않았거나 사실과 다른 부분에 대하여도 명확하게 진술하였다. ",
            "또한 피해자가 피해사실을 공개하게 된 경위를 비롯하여 피해자가 마지막 피해를 입은 후 약 10일이 지 난 시점에서 조사가 이루어진 점, 이 사건 이전까지 피고인과 피해자의 부모 사이에 피해자의 학원 수강 문제 등으로 갈등이 있었다거나 이 사건과 관련하여 피고인에게 합의금 등 금품을 요구하였다는 정황은 찾아볼 수 없는 점 등에 비추어 본다.",
            "피해자가 그의 부모 때문에 피고인을 무고한다거나, 피 해자의 진술이 부모 등 주변사람의 암시나 유도에 의하여 왜곡 또는 오염되었다고 보기도 어렵다. 타. 피해자는 2019.4.경 처음으로 피해를 입은 직후 이를 알리지 않았고, 그로부터 약 3개월이 지난 2019.7.초순경에야 피해사실을 어 머니에게 알렸다.",
            "항에서 본 사정 및 피해자가 경찰 조사과정에서 애매해가지고 말 못하고 있다가 2019. 7.1. 기분이 팍 나빠 가지고 그런 소리 했으니까 확 나빠 가지고 라고 피해 사실을 숨기고 있었으나 추행의 정도와 그 과정에서 피고인 발언의 수위가 높아져 피해사실을 알리게 되었다는 취지로 진술하였다.",
            "자신을 지도하던 피고인으로부터 추행을 당하는 상황에 처한 나이 어린 피해자가 겪었을 창피함, 당혹감 등을 감안하면 피해자가 피해 사실을 즉시 알리지 못한 것도 충분히 납득할 수 있다. ",
            "피해자가 적극적으로 거부의사를 표시하지 못한 것에 대한 자책감, 그로 인하여 부모로부터 훈계를 받을지도 모른다는 두려움 등으로 인하여 피해를 당하고 상당한 시간이 흐른 후에야 이 사건 편지를 통하여 피해사실을 알렸다.",
            "피해자가 최초 경찰 조사를 받은 것은 어머니에게 피해사실을 밝힌 지 얼마 되지 않은 시점으로 당시 신뢰관계인으로 어머니가 동석하고 있었고 따라서 피해자의 입장에서는 성적으로 매우 민감한 부위인 가슴 부분에 대한 피해사실을 구체적으로 진술하기 어려웠을 가능성이 있는 점 등을 고려한다.",
            "실제로 피해자는 조사과정에서 피고인이 가슴 부분을 만진 행위와 관련하여 옷 겉으로 이렇게 만진 거 맞지?, 겉으로 이렇게 주무르듯 이 만진 거야? 라는 질문에 네라는 수동적인 답변을 하였을 뿐 추행의 방식을 자발적, 구체적으로 진술하지는 않았던 점, 반면 이 법정에서의 진술이 이루어진 것은 사건이 발생한 후 9개월 이상의 시간이 경과한 시점으로 그 사이에 피해자와 가족들 사이에 피해의 구체적인 내용이 어느 정도 공유되었을 것으로 보인다.",
            "피해자가 심리적인 부담 등으로 인하여 최초 경찰조사 당시 피해 사실을 사실대로 밝히지 못하였을 가능성이 있고, 따라서 피고인의 변호인이 주장하는 위와 같은 사정만으로는 피해자 진술의 신빙성을 흔들기에 부족하다.",
            "판시 범죄사실 제2항 기재 피해를 입을 당시 피해자의 모습이 촬영된 CCTV 영상 등에 의하면 피해자가 당시 목이 없는 반팔 티셔츠를 입었던 사실이 인정된다."
        ]
    },
    "close": {
        "cnclsns": [
            "피고인을 징역 2년 6월에 처한다.",
            "피고인에게 80시간의 성폭력 치료프로그램 이수를 명한다.",
            "피고인에게 아동, 청소년 관련기관 등과 장애인복지시설 및 아동관련기관에 각 5년간 취업제한을 명한다. "
        ]
    }
}