{
    "info": {
        "caseField": "2",
        "detailField": "6",
        "trailField": "1",
        "caseNm": "사기, 사문서위조, 위조사문서행사",
        "courtNm": "창원지방법원 밀양지원",
        "judmnAdjuDe": "2015. 12. 31.",
        "caseNo": "2015고단304",
        "relateLaword": [
            "형법 제347조",
            "형법 제231조",
            "형법 제234조",
            "형법 제37조",
            "형법 제38조",
            "형법 제50조",
            "형법 제62조",
            "형법 제62조의2"
        ],
        "qotatPrcdnt": []
    },
    "concerned": {
        "acusr": "4",
        "dedat": "1"
    },
    "org": {
        "orgJdgmnCourtNm": "",
        "orgJdgmnAdjuDe": "",
        "orgJdgmnCaseNo": ""
    },
    "disposal": {
        "disposalform": "8",
        "disposalcontent": [
            "피고인을 징역 10월에 처한다.",
            "다만 이 판결 확정일로부터 2년간 위 형의 집행을 유예한다.",
            "피고인에 대하여 120시간의 사회봉사를 명한다."
        ]
    },
    "mentionedItems": {
        "rqestObjet": [
            "피고인을 징역 10월에 처한다.",
            "다만 이 판결 확정일로부터 2년간 위 형의 집행을 유예한다.",
            "피고인에 대하여 120시간의 사회봉사를 명한다."
        ]
    },
    "assrs": {
        "acusrAssrs": [],
        "dedatAssrs": []
    },
    "facts": {
        "bsisFacts": [
            "피고인은 해군군수사령부에 각재를 납품함에 있어 공인기관으로부터 발급 받은 시험성적서의 제출을 요청받자, 기존에 발급받아 가지고 있던 한국화학융합시험연구원장 명의의 시험성적서를 위조하여 사용하기로 마음먹었다.",
            "피고인은 2011.6.28.경 0000에 있는 (주)D 사무실에서, 기존에 발급받아 소지하고 있던 한국화학융합시험연구원장 명의의 시험성적서를 스캔하여 컴퓨터에 저장하였다.",
            "문서편집 프로그램을 이용하여 시험성적서의 접수일자를 '2011년 06월 11일'로, 시험완료일자를 '2011년 06월 17일'로, 시료명을 '목재시편(미송)'으로, 휨강도 결과치를 '86.4'로, 시험성적서 발급일을 '2011년 06월 17일'로 각 기재하여 출력한 것을 비롯하여 별지 범죄일람표 기재와 같이 시험성적서 3장을 출력하였다.",
            "이로써 피의자는 행사할 목적으로 한국화학융합시험연구원장 명의의 시험성적서 3장을 위조하였다.",
            "피고인은 2011.6.29.경 0000에 있는 해군군수사령부 보급창에서 각재를 납품하면서 그 위조 사실을 모르는 해군군수사령부 E 직원인 F에게 제1항 기재와 같이 위조한 한국화학융합연구원장 명의의 시험성적서를 마치 진정하게 성립한 시험성적서인 것처럼 제출한 것을 비롯하여 별지 범죄일람표 기재와 같이 3회에 걸쳐 제출하여 행사하였다.",
            "피고인은 제2항 기재 일시, 장소에서 해군 군수사령부에 각재를 납품하면서 제2항 기재와 같이 위 F에게 정상적으로 시험을 거친 각재인 것처럼 시험성적서를 제출하고, 미송 각재 4,940개, 외송 각재 215개, 라왕 각재 540개 등 총 5,695개의 각재를 납품하였다.",
            "그러나 사실은 위 각재에 대해 한국화학융합연구의 시험을 거친 적이 없었고, 제출한 시험성적서는 제 1항 기재와 같이 위조한 것이었다.",
            "피고인은 위와 같이 해군군수사령부 E 직원을 기망하여 이에 속은 피해자 대한민국(소관: 경남지방조달청)으로부터 2011.7.13.경 각재 납품 대금 명목으로 58,598,311원을 (주)D 명의의 000 계좌로 송금받아 편취하였다."
        ]
    },
    "dcss": {
        "courtDcss": [
            "피고인을 징역 10월에 처한다.",
            "다만, 이 판결 확정일로부터 2년간 위 형의 집행을 면제한다.",
            "피고인에 대하여 120시간의 사회봉사를 명한다."
        ]
    },
    "close": {
        "cnclsns": [
            "피고인을 징역 10월에 처한다.",
            "다만, 이 판결 확정일로부터 2년간 위 형의 집행을 면제한다.",
            "피고인에 대하여 120시간의 사회봉사를 명한다."
        ]
    }
}