{
    "info": {
        "caseField": "2",
        "detailField": "6",
        "trailField": "1",
        "caseNm": "특수공무집행방해치상",
        "courtNm": "수원지방법원 안양지원",
        "judmnAdjuDe": "2017. 12. 29.",
        "caseNo": "2017고합171",
        "relateLaword": [
            "형법 제144조",
            "형법 제136조",
            "형법 제53조",
            "형법 제55조"
        ],
        "qotatPrcdnt": []
    },
    "concerned": {
        "acusr": "4",
        "dedat": "1"
    },
    "org": {
        "orgJdgmnCourtNm": "",
        "orgJdgmnAdjuDe": "",
        "orgJdgmnCaseNo": ""
    },
    "disposal": {
        "disposalform": "6",
        "disposalcontent": [
            "피고인을 징역 1년 6월에 처한다."
        ]
    },
    "mentionedItems": {
        "rqestObjet": [
            "피고인을 징역 1년 6월에 처한다."
        ]
    },
    "assrs": {
        "acusrAssrs": [],
        "dedatAssrs": [
            "피고인이 오토바이를 처음 출발시킬 당시 경찰관인 피해자가 붙잡은 사실을 인지하지 못하였고.오토바이를 20~30m 운전한 후 비로소 이를 인지하였으나 멈추지 못하고 계속 진행하였다 "
        ]
    },
    "facts": {
        "bsisFacts": [
            "피고인은 성명불상으로부터 일당을 받고, 오토바이를 운행하며 홍보용 전단지 및 명함 등을 길거리에 뿌리는 업무에 종사하는 사람으로서, 2017.8.30.경 0000 일대에서 지인인 C과 함께 '5분 초간단 대출 명함'을 길거리에 뿌리고 있었다",
            "피고인은 2017.8.30.11:48경 위험한 물건인 피고인 소유의 D 125cc 오토바이를 운전하여 0000에 있는 안양시립 평촌도서관 앞 도로에 이르러 위 명함을 뿌리던 중, 때마침 그곳을 지나던 안양동안경찰서 E 소속 경찰공무원인 피해자 F(35세)로부터 '아저씨, 그만 뿌리세요.'라는 말을 듣고, 도로가에 위 오토바이를 정차한 다음 노상에 선 채 대화를 나누고 있던 위 피해자 및 C에게 다가갔다",
            "이후 피고인은 피해자가 C에게 공무원증을 제시하며 '경찰관입니다.신분증 좀 줘보세요.'라는 맡을 하자, 도로가에 정차시킨 피고인의 오토바이로 되돌아가 시동을 걸었고, 피해자가 피고인 운전의 오토바이의 뒷부분을 양손으로 붙잡았음에도 계속하여 피해자를 매단 채 오토바이를 운전하여 약 137m를 진행하였고, 오토바이에 매달린 채 끌려가던 퍼해자로 하여금 이내 땅바다에 떨어져 부딪히게 함으로써 피해자에게 약 2주간의 치료가 필요한 복벽의 타박상을 가하였다.",
            "이로써 피고인은 위험한 물건을 휴대한 채 폭행으로 경찰공무원의 질서유지에 관한 정당한 직무집행을 방해하여 공무원을 상해에 이르게 하였다"
        ]
    },
    "dcss": {
        "courtDcss": [
            "경찰관인 피해자가 공무원증을 제시하자 피고인이 오토바이로 되돌아가 시동을 건 사실, 성인인 피해자가 오토바이의 뒷부분을 손으로 잡고 피고인이 오토바이를 출발하지 못하게 버티다가 오토바이를 붙잡은 상태에서 끌려간 사실, 피고인은 처음부터 오토바이 핸들을 흔들면서 운행하였고, 이에 피해자가 오토바이를 붙잡은 채 끌려가다가 오토바이 뒷부분을 잡고 있던 손을 놓았다.",
            "피고인도 경찰에서 '한 분이 오토바이를 잡고 있었다.그래서 도망가기 위해서 액셀레이터를 당겼다.(피해자 때문에)뒤로 쏠리면서 균형을 못 잡으니까 핸들이 흔들렸던 것 같다.'라고 진술한 사실(수사기록 70, 104쪽)에 비추어 보면, 피고인은 경찰관인 피해자가 자신의 오토바이를 불잡고 있음을 알고 있었음에도 오토바이를 출발하여 경찰관을 상해에 이르게 하였다 할 것이므로 피고인 및 변호인의 주장온 받아들이지 아니한다.",
            "이 사건 범행과 같은 특수공무집행방해 치상죄는 정당한 공권력 행사를 무력화시키고 이로 인하여 공무를 수행하는 공무원에게 상해까지 입게 하는 범죄로 그 죄질이 중한 점, 이 사건 범행으로 경찰관이 입은 상해가 상당하고, 피고인이 경찰관으로부터 용서받지 못한 점 등은 피고인에게 불리한 정상이다",
            "다만 피고인에게 동종 범죄전력이 없고, 집행유예를 초과하여 치벌받은 전력이 없는 점 등은 피고인에게 유리한 정상이다",
            "그밖에 피고인의 나이, 성행, 환경, 범행의 수단과 방법, 범행의 동기와 경위, 범행 후의 정황 등 이 사건 기록 및 공판과정에 나타난 양형의 조건이 되는 여러 사정을 종합하여 양형기준의 하한을 벗어나 주문과 같이 형을 정한다."
        ]
    },
    "close": {
        "cnclsns": [
            "피고인을 징역 1년 6월에 처한다."
        ]
    }
}