{
    "info": {
        "caseField": "2",
        "detailField": "6",
        "trailField": "1",
        "caseNm": "특정범죄가중처벌등에관한법률위반(운전자폭행등)",
        "courtNm": "서울중앙지방법원",
        "judmnAdjuDe": "2018. 11. 30.",
        "caseNo": "2018고합933",
        "relateLaword": [
            "특정범죄 가중처벌 등에 관한 법률 제5조의10",
            "형법 제53조",
            "형법 제55조",
            "형법 제62조"
        ],
        "qotatPrcdnt": []
    },
    "concerned": {
        "acusr": "4",
        "dedat": "1"
    },
    "org": {
        "orgJdgmnCourtNm": "",
        "orgJdgmnAdjuDe": "",
        "orgJdgmnCaseNo": ""
    },
    "disposal": {
        "disposalform": "6",
        "disposalcontent": [
            "피고인을 징역 1년 6월에 처한다.",
            "다만, 이 판결 확정일로부터 2년간 위 형의 집행을 유예한다."
        ]
    },
    "mentionedItems": {
        "rqestObjet": [
            "피고인은 운행중인 자동차의 운전자인 피해자를 폭행하여 상해에 이르게 하였다."
        ]
    },
    "assrs": {
        "acusrAssrs": [],
        "dedatAssrs": []
    },
    "facts": {
        "bsisFacts": [
            "피고인은 2018. 6. 23 01:00경 0000 소재 뱅뱅사거리에서 술에 취해 피해자 C(61세)가 운전하는 D 택시에 승차하여 목적지인 0000 소재 00000로 가던 중, 같은 날 02:00경 0000 소재 000 근처 도로에서 피해자가 정지신호에 따라 차량을 정차하기 위해 서행하자 갑자기 아무런 이유 없이 손으로 피해자의 얼굴을 수회 때렸다. ",
            "이에 피해자가 112에 신고하기 위해 000 근처 도로에 위 택시를 정차한 후 운전석에서 휴대전화로 112신고를 하자, 운전석 바로 뒷좌석으로 자리를 옮긴 후 계속하여 양손으로 피해자의 목을 잡아 피해자의 얼굴을 뒤로 세게 젖혀 꺾이게 하고, 손으로 피해자의 얼굴을 수회 때려 피해자에게 약 14일간의 치료가 필요한 얼굴 부분의 표재성 손상 등을 입게 하였다. ",
            "이로써 피고인은 운행 중인 자동차의 운전자인 피해자를 폭행하여 상해에 이르게 하였다."
        ]
    },
    "dcss": {
        "courtDcss": [
            "피고인은 피해자의 택시에 탑승한 후 운전 중인 피해자를 폭행하여 상해를 입게 하는바, 이러한 범행은 피해자뿐만 아니라 불특정 다수인에 대한 생명, 신체 또는 재산에 커다란 피해를 야기할 수 있는 위험한 범행이라는 점에서 그 죄질이 불량하다. ",
            "피고인은 이종 범행으로 벌금형을 선고받은 이외에는 범죄전력이 없는 점, 피해자의 상해 정도가 비교적 경미한 점, 피해자와 합의하여 피해자가 피고인의 처벌을 원하지 않는 점, 뒤늦게나마 자신의 잘못을 뉘우치고 있는 점 그 밖에 피고인의 연령, 성행, 직업, 환경, 가족관계 등 양형의 조건이 되는 제반 정상을 고려하여 주문과 같이 형을 정한다."
        ]
    },
    "close": {
        "cnclsns": [
            "피고인을 징역 1년 6월에 처한다.",
            "다만, 이 판결 확정일부터 2년간 위 형의 집행을 유예한다."
        ]
    }
}