{
    "info": {
        "caseField": "2",
        "detailField": "6",
        "trailField": "1",
        "caseNm": "",
        "courtNm": "대전고법",
        "judmnAdjuDe": "2002. 08. 23.",
        "caseNo": "2001노745",
        "relateLaword": [
            "형법 제355조 ",
            "특정경제범죄가중처벌등에관한법률 제3조 ",
            "법 제347조",
            "형사소송법 제325조",
            " 형사소송법 제364조"
        ],
        "qotatPrcdnt": []
    },
    "concerned": {
        "acusr": "피고인 및 검사",
        "dedat": "1"
    },
    "org": {
        "orgJdgmnCourtNm": "대전지법",
        "orgJdgmnAdjuDe": "2001. 11. 29.",
        "orgJdgmnCaseNo": " 99고합293, 99고합369(병합)"
    },
    "disposal": {
        "disposalform": "10",
        "disposalcontent": [
            "원심판결 중 유죄 부분을 파기한다.",
            "이 사건 공소사실 중 피고인에 대한 사기미수의 점 및 무고의 점은 각 무죄이다.",
            "원심판결 중 무죄 부분에 대한 검사의 항소를 기각한다."
        ]
    },
    "mentionedItems": {
        "rqestObjet": [
            "관련 증거들에 의하면, 이 사건 공소사실 중 특정경제범죄가중처벌등에관한법률위반(배임)의 점에 대하여도 그 입증이 충분하므로 유죄를 선고하여야 함에도 원심은 사실을 오인하여 이 부분에 대하여 무죄를 선고하였다.",
            "사기가 성립되지 않는 이상 공소외 6이 피고인을 사기로 고소한 것이 무고에 해당한다고 고소장을 제출한 것이 무고가 될 수 없다."
        ]
    },
    "assrs": {
        "acusrAssrs": [
            "관련 증거들에 의하면, 이 사건 공소사실 중 특정경제범죄 가중처벌 등에 관한 법률 위반(배임)의 점에 대하여도 그 입증이 충분하므로 유죄를 선고하여야 함에도 원심은 사실을 오인하여 이 부분에 대하여 무죄를 선고하여 항소한다."
        ],
        "dedatAssrs": [
            "피고인은 위 공소사실 중 피고인이 당시 공소외 1회사를 실질적으로 경영하고 있었던 사실, 공소외 1회사가 1996.6.19.한국토지공사로부터 이 사건 택지를 금 113억 9,400만 원에 매수하기로 하는 내용의 계약을 체결한 사실, 그 후 공소외 1회사가 1998.7.18.이 사건 택지에 관한 위 매매계약상의 지위를 한국토지공사의 승낙 아래 위 H에 양도한 사실은 인정하고 있다.",
            "피고인은 수사기관 이래 일관하여, 피고인이 한국토지공사로부터 매수한 이 사건 택지에 대한 중도금을 제대로 납입하지 못하여 1997.12.초순경 한국토지공사로부터 중도금을 납입하지 않으면 계약을 해제하겠다는 통보를 받고 그 무렵 위채권을 담보로 위 000로부터 중도금을 대출받으려고 협의하였다.",
            "채무자인 한국토지공사가 계약상의 지위가 이전되지않는 이러한 담보 방식의 채권양도에 대해서는 동의를 해 줄 수 없다는 의견을 표명함에 따라 위와 같이 위 채권을 담보로 중도금을 대출받으려던 협의는 무산되었다.",
            "그리하여 따로 피고인의 처인 공소외 3 소유의 부동산 3필지를 담보로 제공하고 7명의 연대보증인들을 세워 1997.12.26.위 신용금고로부터 공소외 2회사 명의로 6억 7,500만 원을 대출(이하 '이 사건 대출'이라 한다)받아 한국토지공사에 중도금의 일부로 납입하였을 뿐이다.",
            "피고인은 이 사건 채권을 위 신용금고에 유효하게 양도해 준 사실이 없다고 주장한다."
        ]
    },
    "facts": {
        "bsisFacts": [
            "피고인은 주택건설업체인 공소외 1 주식회사(이하 '공소외 1회사'라 한다)를 실질적으로 경영하던 자인바, 1997.7.25.경 0000 소재 피해자 000(이하 '신용금고'라고 한다)로부터 공소외 1회사 명의로 금 17억원을 대출받고 같은 해 12.26.경 피고인이 실질적으로 경영하는 공소외 2 주식회사(이하 '공소외 2회사'라 한다)명의로 금6억 7,500만 원을 대출받았다.",
            "위 신용금고 대출담당 직원인 D의 요구에 의하여 공소외 1회사가 1996.6.19.한국토지공사로부터 금 113억 9,400만 원에 매수한 E택지개발사업지구 내 6브럭 26,228㎡(이하 '이 사건 택지'라고 한다)에 관한 소유권이전등기청구권 또는 위 매매계약 해제시 발생하는 매매대금반환채권(이하 통틀어 '이 사건 채권'이라 한다)을 위 신용금고에 양도하였다.",
            "이러한 경우 채권을 양도한 피고인으로서는 한국토지공사에 채권양도통지를 하거나 한국토지공사로부터 채권양도승낙을 받음으로써 위 신용금고로 하여금 양수받은 채권에 관한 대항요건을 갖추도록 협력하여야 할 의무가 있음에도 불구하고 그 임무에 위배하였다.",
            "1998.7.18.위 채권을 한국토지공사의 승낙 아래 주식회사 F(주식회사 G가 1997.7.22.주식회사 F로, 1998.7.20.주식회사 H로 상호가 각 변경되었다가 1999.1.30.다시 주식회사 I로 상호가 변경되었다.",
            "이하 통틀어 H라 한다)에 양도함으로써 그 때까지 공소외 1회사에서 토지대금으로 지급한 금 2,702,019,913원 상당의 이득을 취득하고, 피해자 위 신용금고에게 동액 상당의 손해를 가하였다."
        ]
    },
    "dcss": {
        "courtDcss": [
            "공소사실을 뒷받침하는 실질적인 증거로는 위 D의 진술과 이 사건 채권양도계약서가 있을 뿐인데, 앞에서 검토한 바와 같이 위 증거만으로는 이 사건 채권양도계약이 유효하게 성립하였음을 인정하기에 부족하다고 하지않을 수 없고, 달리 이를 인정할 만한 증거가 없다.",
            "피고인은 위 H가 대표이사인 공소외 4와 건축주 공소외 6 사이에 맺어진 1998.12.10.자 정산 합의가 강박에 의한 것으로서 무효라고 믿고 이 사건 민사소송을 제기한 것이므로, 이 사건 민사소송이 명백한 허위의 청구라고 할 수 없다.",
            "무고에 관하여 앞서 본 바와 같이 사기가 성립되지 않는 이상 공소외 6이 피고인을 사기로 고소한 것이 무고에 해당한다고 고소장을 제출한 것이무고가 될 수 없다.",
            "비록 피고인이 공소외 1회사가 부도난 이후 같은 해 12.21.경 공소외 1회사의 채권자 대표인 R, S에게 위 H의 운영에 관한 권한을 일부 일임하기는 하였다.",
            "그 후에도 여전히 위 H의 운영에 참여하였고, 이 사건 민사소송도 위 S와 공소외 4가 피고인과 상의하지 않고 공소외 6과 이 사건 T건물 신축공사에 관련된 공사대금을 금 5,100만 원에 정산키로 합의한 것에 불만을 품은 피고인과 위 R이 서로 협의하여 제기한 사실을 넉넉히 인정할 수 있으므로, 이 부분 주장은 이유 없다.",
            "피고인이 실질적으로 운영하는 위 H가 공소외 6으로부터 이 사건 공사를 수급하여 일정 부분을 시공한 사실이 인정되는 이상 피고인이 공소외 6을 상대로 공사대금의 지급을 구하는 민사소송을 제기하는 행위가 소송사기가 된다고 보기는 어렵다.",
            "피고인이 이 사건 민사소송을 제기할 당시 1998.12.10.경 위 H의 형식상 대표이사인 공소외 4가 공소외 6과 만나 공소외 6으로부터 지급받은 선급금 및 기성금 2억 4,300만 원 이외에 추가로 금 5,100만 원을 교부받고 이 사건 공사대금을 정산하기로 합의한 사실을 알고 있었다고 하더라도, 그러한 사실을 상대방을 위하여 진술할 의무가 있다고도 보기 어렵다.",
            "이 사건에서는 앞서 본 바와 같이 공사 중단 당시의 기성고율이 적어도 전체 공정의 60%를 웃돌고 있었으므로, 피고인으로서는 공소외 4가 전체 도급금액 16억 6,000만 원 중 불과 3억 원 정도만을 받고 정산에 합의한 사실에 관하여충분히 불만을 가질 수 있는 것이다.",
            "공소외 4가 위압적인 분위기에 눌려 어쩔 수 없이 합의서를 작성해 주었다고 진술하고 있으므로, 피고인이 위 정산 합의는 효력이 없는 것으로 생각하고 이 사건 민사소송을 제기하였다는 변소는 설득력이 있으므로, 이 부분에 관한 피고인의 항소는 이유 있다.",
            "사기미수의 점이 유죄가 될 수 없다면, 피고인이 자신을 사기미수죄로 고소한 공소외 6을 무고죄로 처벌해 달라고고소한 것이 무고죄가 될 수도 없으므로, 이 부분 피고인의 항소도 이유 있다.",
            "이 부분 각 공소사실은 범죄사실의 증명이 없는 때에 해당하므로 형사소송법 제325조 후단에 따라 이 부분각 공소사실에 대하여 무죄를 선고한다."
        ]
    },
    "close": {
        "cnclsns": [
            "원심판결 중 유죄 부분을 파기한다.",
            "이 사건 공소사실 중 피고인에 대한 사기미수의 점 및 무고의 점은 각 무죄.",
            "원심판결 중 무죄 부분에 대한 검사의 항소를 기각한다."
        ]
    }
}