{
    "info": {
        "caseField": "2",
        "detailField": "6",
        "trailField": "1",
        "caseNm": "사기",
        "courtNm": "서울중앙지방법원",
        "judmnAdjuDe": "2014. 01. 29.",
        "caseNo": "2013고단7058",
        "relateLaword": [
            "형법 제347조",
            "형법 제37조",
            "형법 제39조",
            "형법 제62조"
        ],
        "qotatPrcdnt": []
    },
    "concerned": {
        "acusr": "4",
        "dedat": "1"
    },
    "org": {
        "orgJdgmnCourtNm": "",
        "orgJdgmnAdjuDe": "",
        "orgJdgmnCaseNo": ""
    },
    "disposal": {
        "disposalform": "8",
        "disposalcontent": [
            "피고인을 징역 6월에 처한다.",
            "다만, 이 판결 확정일로부터 1년간 위 형의 집행을 유예한다."
        ]
    },
    "mentionedItems": {
        "rqestObjet": [
            "피고인을 징역 6월에 처한다."
        ]
    },
    "assrs": {
        "acusrAssrs": [],
        "dedatAssrs": []
    },
    "facts": {
        "bsisFacts": [
            "피고인은 2013. 5. 9. 인천지방법원 부천지원에서 업무상배임죄 등으로 징역 6월에 집행유예 2년을 선고받아 2013. 5. 17. 위 판결이 확정된 사람이다.",
            "피고인은 2012. 11. 6.경 0000 피고인이 운영하는 두피관리 사무실에서, 피해자 C과 공사비 1,900만원 상당(계약금 100만원, 중도금, 잔금 각 900만원)의 인테리어 도급계약을 체결하였다.",
            "하지만 사실은 당시 피고인은 피고인이 운영하던 사무실 임대료조차 납부하지 못할 정도로 경제적 사정이 악화되어 있었는바, 피해자가 피고인과 계약을 체결한 대로 인테리어 공사를 완료하더라도 공사대금을 지급할 의사나 능력이 없었다.",
            "이로써 피고인은 이와 같이 피해자를 기망하여 이에 속은 피해자로 하여금 1,900만 원 상당의 공사를 이행하게 하여 위 공사비 상당의 재산상 이득을 취하였다."
        ]
    },
    "dcss": {
        "courtDcss": [
            "피고인이 자신의 잘못을 깊이 뉘우치고 있고, 피해자에게 금원을 일부 변제하여 피해회복을 위하여 노력하고 있으며, 피해자와 합의하여 피해자가 피고인의 선처를 탄원하고 있는 점 등을 고려하여 집행 유예를 선고한다."
        ]
    },
    "close": {
        "cnclsns": [
            "형법 제347조 제1항(징역형 선택)에 따라 피고인을 징역 6월에 처한다. ",
            "다만, 이 판결 확정일로부터 1년간 위 형의 집행을 유예한다."
        ]
    }
}