{
    "info": {
        "caseField": "2",
        "detailField": "6",
        "trailField": "1",
        "caseNm": "사기, 배상명령신청",
        "courtNm": "수원지방법원",
        "judmnAdjuDe": "2013. 07. 16.",
        "caseNo": "2013고단1731",
        "relateLaword": [
            "형법 제347조",
            "형법 제30조",
            "형법 제37조",
            "형법 제38조",
            "형법 제50조",
            "형법 제62조",
            "형법 제48조",
            "소송촉진 등에 관한 특례법 제25조",
            "소송촉진 등에 관한 특례법 제32조"
        ],
        "qotatPrcdnt": []
    },
    "concerned": {
        "acusr": "4",
        "dedat": "1"
    },
    "org": {
        "orgJdgmnCourtNm": "",
        "orgJdgmnAdjuDe": "",
        "orgJdgmnCaseNo": ""
    },
    "disposal": {
        "disposalform": "6",
        "disposalcontent": [
            "피고인 00을 징역 4년에, 피고인 00을 징역 1년8월에, 피고인 00을 징역 1년 6월에, 피고인 00을 징역 1년에, 피고인 00를 징역 8월에, 피고인 00 ,00 ,00을 각 징역 6월에 각 처한다.",
            "다만, 피고인 00, 00, 00, 00에 대해서는 이 판결확정일로부터 각 2년간 위 각 형의 집행을 유예한다.",
            "피고인 00에게 160시간의 사회봉사를, 피고인 00에게 80시간의 사회봉사를, 피고인 00, 00 에게 각 40시간의 사회봉사를 각 명한다.",
            "압수된 중고휴대폰(대포폰) 56개, 무선인터넷 와이브로 에그 6개, 가입신청서(2012년) 1권, 가입신청서(2013.1.) 1권, 가입신청서(2013.2.) 1권, 가입신청서(2013.3.) 1권, 가입신청서(2013.4.) 1권, 가입상담 메모지 1권, 연습장 4권, 기타서류 각 1권, 신협통장 1개, 농협은행통장 1개, 이동식 저장장치(USB) 출력물 1권, 중고휴대폰 14개, 갤럭시노트2 휴대폰1개(수원지방검찰청 2013압제646 압수물총목록 순번 제1 내지 10번, 제16 내지 18번, 제23 내지 25번)를 피고인 00으로부터 몰수한다.",
            "배상신청인의 배상명령신청을 각하한다."
        ]
    },
    "mentionedItems": {
        "rqestObjet": [
            "피고인 00을 징역 4년에, 피고인 00을 징역 1년8월에, 피고인 00을 징역 1년 6월에, 피고인 00을 징역 1년에, 피고인 00를 징역 8월에, 피고인 00 ,00 ,00을 각 징역 6월에 각 처한다.",
            "다만, 피고인 00, 00, 00, 00에 대해서는 이 판결확정일로부터 각 2년간 위 각 형의 집행을 유예한다.",
            "피고인 00에게 160시간의 사회봉사를, 피고인 00에게 80시간의 사회봉사를, 피고인 00, 00 에게 각 40시간의 사회봉사를 각 명한다.",
            "압수된 중고휴대폰(대포폰) 56개, 무선인터넷 와이브로 에그 6개, 가입신청서(2012년) 1권, 가입신청서(2013.1.) 1권, 가입신청서(2013.2.) 1권, 가입신청서(2013.3.) 1권, 가입신청서(2013.4.) 1권, 가입상담 메모지 1권, 연습장 4권, 기타서류 각 1권, 신협통장 1개, 농협은행통장 1개, 이동식 저장장치(USB) 출력물 1권, 중고휴대폰 14개, 갤럭시노트2 휴대폰1개(수원지방검찰청 2013압제646 압수물총목록 순번 제1 내지 10번, 제16 내지 18번, 제23 내지 25번)를 피고인 00으로부터 몰수한다.",
            "배상신청인의 배상명령신청을 각하한다."
        ]
    },
    "assrs": {
        "acusrAssrs": [],
        "dedatAssrs": []
    },
    "facts": {
        "bsisFacts": [
            "피고인 00은 2012. 9.경 대출을 빙자하여 피해자들의 인적사항과 휴대전화 개통에 필요한 개인정보를 알아낸 후 이를 도용하여 피해자들 명의로 휴대전화를 할부로 개통한 후 대포폰으로 판매하여 금원을 마련하기로 마음먹고, 0000 일대에 사무실을 마련하고 직원들을 모집하였다.",
            "피고인 00, 00, 00, 00, 00, 00은 각각의 역할을 분담하여, 2013. 1. 25. 14:30 경 0000에 있는 사무실에서, 피해 자 00에게 전화하여 대출회사를 사칭하며 \"고객님 명의로 핸드폰이 개통되면 300만원 대출이 가능하며 3개월을 유지한 후 취소하면 전혀 문제가 발생하지 않는다.\" 라며 피해자를 기망하였다.",
            "이에 속은 피해자로부터 주민등록등본 등 휴대전화 개통에 필요한 개인정보를 건네받아, 그 무렵 인터넷을 통하여 시가 936,000원 상당의 아이폰5 휴대전화와 시가 7,700원 상당의 유심칩을 피해자 명의로 구입하여 위 전화를 개통한 후 이를 대포폰 구매업자에게 판매하였다.",
            "피고인들은 이를 비롯하여 2012. 9. 3. 경부터 2013. 4. 2. 경까지 위와 같은 방법으로 별지 범죄일람표 기재와 같이 각 공모하여 피해자 총 229명의 명의로 시가 합계 152,619,627원 상당의 휴대전화 407대 등을 할부로 구입한 후 이를 처분하고 피해자들로 하여금 위 금원을 대위변제하도록 하는 방법으로 피고인 00, 00, 00, 00은 위 금원 상당의 재산상 이익을 취득하여 이를 편취하였다.",
            "피고인 00와 00은 피고인 00, 00, 00, 00과 함께 139,093,037원 상당의 재산상 이익을, 피고인 00은 피고인 00, 00, 00, 00과 함께 2,084,100원 상당의 재산상 이익을, 피고인 00과 00은 피고인 00, 00, 00, 00과 함께 13, 63,800원 상당의 재산상 이익을 각 취득하여 이를 편취하였다. ",
            "또한, 피고인 00, 00, 00, 00과 함께 2,084,100원 상당의 재산상 이익을, 피고인 00과 00은 피고인 00, 00, 00, 00과 함께 13,163,800원 상당의 재산상 이익을 각 취득하여 이를 편취하였다 "
        ]
    },
    "dcss": {
        "courtDcss": [
            "이 사건 범행은 대출업체를 사칭하면서 대량으로 문자메시지를 발송한 다음 상담신청을 하려는 대출희망자들을 상대로 휴대전화 개통시 대출이 가능하다고 기망하여 대출희망자들로부터 신분증 사본 등 개인정보를 넘겨받고, 그 개인정보를 이용하여 휴대전화를 개통한 후 이를 대포폰으로 판매함으로써 이익을 취한 휴대폰 소액대출사기범행이다.",
            "피고인들의 이 사건 범행은, 그 수법이 조직적 지능적이고, 상당한 기간에 걸쳐 반복적으로 이루어졌으며, 소액대출이라도 받고자 하는 절박한 입장에 있는 불특정 다수의 피해자들을 상대로 하였다는 점에서, 그 죄질과 범정이 매우 중하다.",
            "나아가 피고인들이 대량 공급한 대포폰은 그 상당수가 다른 범죄나 불법행위에 사용됨으로써 2차 피해를 재생산하였을 개연성이 있으므로, 이 사건 범행이 가지는 사회적 해악성의 정도가 여러 모로 중할 뿐 아니라, 피해자의 수 및 피해액수도 상당하여 피고인들에 대하여는 엄중한 형의 선고가 불가피하다.",
            "다만, 피해자229명 중 57명과 합의한 점(총 피해액수 152,619,627원 중 합의한 피 해자들에 대한 피해액수 합계는 약 4,700만 원), 피고인들에게 동종 범행전력이나 벌금형을 넘는 전력이 없고, 피고인 00의 경우 1회의 벌금형 외에 다른 전력이 없으며, 피고인 00, 00, 00, 00, 00, 00은 초범이고, 피고인들이 자신의 잘못을 깊이 뉘우치고 있는 점 등을 유리한 정상으로 참작한다.",
            "피고인들이 이 사건 범행에서 각 수행한 역할, 범행가담기간 및 정도, 실제 취득한 이득액수(피고인 00을 제외한 나머지 피고인들은 피고인 00으로부터 매월 급 여를 지급받은 것으로 보이고, 그 액수는 직급이나 근무기간에 따라 매월 150만 원 내 지 200만 원을 다소 상회하는 정도로 그리 많지는 않았던 것으로 보인다), 양형기준의 권고형량 등을 고려하여 그 형을 정하기로 한다.",
            "범행가담정도가 중한 피고인 00, 00, 00, 00에 대하여는 일정기간의 실형 선고가 불가피한 것으로 판단된다.",
            "다만, 1차 상담원들로 근무한 피고인 00, 00, 00, 00 의 경우, 범행가 담정도가 가벼운 점, 처음부터 대출사기 범행임을 알고 가담한 것은 아닌 것으로 보이 는 점 등을 인정한다. 담한 것은 아닌 것으로 보이 는 점 ",
            "이 사건 범행으로 취득한 이익이 많지 않은 점, 피고인 00, 00, 00은 단속 이전에 범행을 중단한 점 등을 참작하여 징역형의 집행을 유예하되, 사회봉사 명령을 부가하기로 한다."
        ]
    },
    "close": {
        "cnclsns": [
            "피고인 00을 징역 4년에, 피고인 00을 징역 1년 8월에, 피고인 00을 징역 1년 6월에, 피고인 00을 징역 1년에, 피고인 00를 징역 8월에, 피고인 00, 00, 00을 각 징역 6월에 각 처한다.",
            "다만, 피고인 00, 00, 00, 00에 대해서는 이 판결 확정일로부터 각 2년간 위 각형의 집행을 유예한다.",
            "피고인 00에게 160시간의 사회봉사를, 피고인 00에게 80시간의 사회봉사를, 피고인 00, 00에게 각 40시간의 사회봉사를 각 명한다.",
            "압수된 중고휴대폰(대포폰)56개, 무선인터넷 와이브로 에그 6개, 가입신청서(2012년)1권, 가입신청서(2013 . 1 .)1권, 가입신청서(2013 . 2 .)1권, 가입신청서(2013 . 3 .)1권, 가 입신청서(2013 . 4 .)1권, 가입상담 메모지 1권, 연습장 4권, 기타서류 각 1권을 피고인 임○○으로부터 몰수한다.",
            "신협통장 1개, 농협은행통장 1개, 이동식 저장장치(USB)출력물 1권, 중고휴대폰 14개, 갤럭시노트2 휴대폰 1개(수원지방검찰청 2013압제646 압수물총목록 순번 제1 내지 10번, 제16 내지 18번, 제23 내지 25번)를 피고인 임○○으로부터 몰수한다.",
            "배상신청인의 배상명령신청을 각하한다."
        ]
    }
}