{
    "info": {
        "caseField": "2",
        "detailField": "6",
        "trailField": "1",
        "caseNm": "성폭력범죄의처벌등에관한특례법위반(주거침입준유사강간), 성폭력범죄의처벌등에관한특례법위반(카메라등이용촬영), 주거침입",
        "courtNm": "부산지방법원",
        "judmnAdjuDe": "2017. 12. 22.",
        "caseNo": "2017고합472",
        "relateLaword": [
            "형법 제319조",
            "성폭력범죄의 처벌 등에 관한 특례법 제3조",
            "형법 제299조",
            "형법 제297조",
            "성폭력범죄의 처벌 등에 관한 특례법 제14조",
            "형법 제37조",
            "형법 제38조",
            "형법 제50조",
            "성폭력범죄의 처벌 등에 관한 특례법 제16조",
            "성폭력범죄의 처벌 등에 관한 특례법 제47조",
            "성폭력범죄의 처벌 등에 관한 특례법 제49조",
            "아동ㆍ청소년의 성보호에 관한 법률 제49조",
            "아동ㆍ청소년의 성보호에 관한 법률 제50조",
            "형법 제48조",
            "성폭력범죄의 처벌 등에 관한 특례법 제42조",
            "성폭력범죄의 처벌 등에 관한 특례법 제43조",
            "성폭력범죄의 처벌 등에 관한 특례법 제45조"
        ],
        "qotatPrcdnt": []
    },
    "concerned": {
        "acusr": "4",
        "dedat": "1"
    },
    "org": {
        "orgJdgmnCourtNm": "",
        "orgJdgmnAdjuDe": "",
        "orgJdgmnCaseNo": ""
    },
    "disposal": {
        "disposalform": "6",
        "disposalcontent": [
            "피고인을 징역 5년에 처한다.",
            "피고인에게 80시간의 성폭력 치료프로그램 이수를 명한다.",
            "피고인에 대한 정보를 7년간 정보통신만을 이용하여 공개 및 고지한다.",
            "압수된 LG휴대폰 1개(증 제4호)를 몰수한다."
        ]
    },
    "mentionedItems": {
        "rqestObjet": [
            "피고인은 피해자 집의 주방 창문 방충망을 뜯고 피해자의 방까지 들어가 침입하였으므로 주거침입죄로 처벌받아야 한다.",
            "피고인은 피해자의 항거불능상태를 이용하여 피해자를 유사강간하였으므로 주거침입준유사강간죄로 처벌받아야 한다.",
            "피고인은 성적 욕망 또는 수치심을 유발할 수 있는 타인의 신체를 그 의사에 반하여 촬영하였으므로 성폭력특례법에 따라 처벌받아야 한다."
        ]
    },
    "assrs": {
        "acusrAssrs": [
            "피고인은 피해자의 주거에 침입하여 피해자의 항거불능상태를 이용하여 피해자를 유사강간하였다.",
            "피고인은 성적 욕망 또는 수치심을 유발할 수 있는 타인의 신체를 그 의사에 반하여 촬영하였다.",
            "피고인은 휴대폰 카메라를 이용하여 성적 욕망 또는 수치심을 유발할 수 있는 피해자들의 신체를 그 의사에 반하여 촬영하였다."
        ],
        "dedatAssrs": []
    },
    "facts": {
        "bsisFacts": [
            "피고인은 2017.9.1.21:00경 0000 C에 있는 D마트 앞에서 위 슈퍼마켓 건너편 집에 거주하는 피해자 ㅇㅇㅇ(여, 25세)가 집에 들어가는 것을 발견하고 피해자가 잠들 때까지 기다려 피해자의 방에 침입한 후 피해자를 추행하고 그 영상을 촬영하기로 마음먹었다.",
            "피고인은 2017.9.1.02:00경 0000 E에 있는 피해자의 주거지에 이르러 시정되지 아니한 대문을 열고 들어가 옥외 계단을 통해 위 주거지 2층까지 올라간 후 손으로 그곳 주방 창문 방충망을 뜯고 피해자의 방까지 들어가 침입하였다.",
            "피고인은 위와 같이 피해자의 주거에 침입하였으나 피해자가 외출하고 없어 뜻을 이루지 못하게 되자 재차 피해자의 주거에 침입하여 계획을 실행하기로 마음먹었다.",
            "피고인은 2017.9.3.02:00~03:00경 피해자의 주거지에 전항과 같은 방법으로 침입하여 피해자의 방까지 들어가 혼자 잠을 자고 있던 피해자의 팬티를 손으로 내리고 피해자가 착용 중이던 생리대를 벗겨낸 후, 피고인의 손으로 피해자의 음부와 엉덩이를 만지고 손가락을 피해자의 음부에 삽입하였다.",
            "피고인은 전항과 같은 일시, 장소에서 소지하고 있던 피고인의 휴대전화 카메라 기능을 이용하여 위와 같이 피해자의 음부에 손가락을 삽입하는 등의 장면을 촬영하였다.",
            "피고인은 2017.8.29.20:00경 0000 F아파트 상가 안에 있는 G 슈퍼 내에서 식품류를 구입하기 위해 가게 내를 둘러보는 피해자 H(여, 25세)의 뒤에서 고의적으로 휴대폰 동영상 기능을 활성화하고 바닥에 떨어뜨리는 척하면서 치마 속을 몰래 찰영하였다.",
            "2017.7.26, 경부터 2017.9.2.경까지 별지 범죄일람표 기재와 같이 총 17회에 걸쳐 같은 방법으로 성명을 알 수 없는 피해자들을 각각 촬영하였다."
        ]
    },
    "dcss": {
        "courtDcss": [
            "피고인은 피해자 ㅇㅇㅇ의 주거에 침입하여 잠이 들어 항거불능 상태에 있던 피해자를 유사강간하고, 카메라를 이용하여 유사강간 장면을 촬영하였는바, 범행의 경위, 수단, 방법 등에 비추어 그 죄책이 매우 무겁다.",
            "또한 피고인은 약 1개월 동안 17회에 걸쳐 불특정 다수 여성들의 치마 속을 촬영하였는바, 범행기간 및 횟수, 촬영한 동영상이 정보통신망을 통해 유포될 위험성도 있었던 점 등을 고려하면 비난가능성이 큰 점, 이 사건 각 범행으로 인하여 피해자들이 상당한 정신적 충격을 받고 성적 수치심을 느꼈을 것으로 보이는 점, 피고인이 피해자들과 합의하지 못한 점 등은 불리한 정상이다.",
            "피고인이 이 사건 각 범행을 모두 인정하면서 반성하고 있는 점, 피고인은 이종의 벌금형으로 2회 처벌받은 외에는 별다른 형사처벌을 받은 전력이 없는 점 등은 유리한 정상이다.",
            "피고인은 판시 성폭력범쥐의처벌등에관한특례법위반(주거침입준유사강간)죄, 각 성폭력 범죄의 처벌 등에 관한 특례법 위반(카메라등이용촬영)죄로 유죄판결이 확정되는 경우, 성폭력 범죄의 처벌 등에 관한 특례법 제42조 제1항에 의하여 신상정보 등록대상자가 되므로, 같은 법 제43조에 따라 관할기관에 신상정보를 제출할 의무가 있다.",
            "피고인에 대한 신상정보 등록기간은 성폭력 범죄의 처벌 등에 관한 특례법 제45조 제1항 제2호, 제2항에 의하여 20년이 된다.",
            "그런데 신상정보 등록의 원인이 된 판시 성폭력 범죄의 처벌 등에 관한 특례법 위반(주거침입준유사강간)죄, 각 성폭력 범죄의 처벌 등에 관한 특례법 위반(카메라등이용촬영)죄와 나머지 죄의 법정형과 죄질, 범정의 경중 등에 비추어 보면, 위 등록기간은 적정한 것으로 판단된다.",
            "따라서 피고인에 대한 신상정보 등록기간을 더 단기의 기간으로 정하지는 아니한다."
        ]
    },
    "close": {
        "cnclsns": [
            "피고인을 징역 5년에 처한다.",
            "피고인에게 80시간의 성폭력 치료프로그램 이수를 명한다.",
            "피고인에 대한 정보를 7년간 정보통신망을 이용하여 공개 및 고지한다.",
            "다만, 대상범죄는 판시 성폭력 범죄의 처벌 등에 관한 특례법 위반(주거침입준유사강간)죄, 각 성폭력 범죄의 처벌 등에 관한특례법 위반(카메라 등 이용 촬영)죄에 한한다.",
            "압수된 00휴대폰 1개(증 제4호)를 몰수한다."
        ]
    }
}