{
    "info": {
        "caseField": "2",
        "detailField": "6",
        "trailField": "1",
        "caseNm": "상해",
        "courtNm": "서울중앙지방법원",
        "judmnAdjuDe": "2018. 12. 26.",
        "caseNo": "2018고단7337",
        "relateLaword": [
            "형법 제257조",
            "형법 제37조",
            "형법 제38조",
            "형법 제50조"
        ],
        "qotatPrcdnt": []
    },
    "concerned": {
        "acusr": "4",
        "dedat": "1"
    },
    "org": {
        "orgJdgmnCourtNm": "",
        "orgJdgmnAdjuDe": "",
        "orgJdgmnCaseNo": ""
    },
    "disposal": {
        "disposalform": "6",
        "disposalcontent": [
            "피고인을 징역 6월에 처한다."
        ]
    },
    "mentionedItems": {
        "rqestObjet": [
            "피고인을 징역 6월에 처한다."
        ]
    },
    "assrs": {
        "acusrAssrs": [],
        "dedatAssrs": []
    },
    "facts": {
        "bsisFacts": [
            "피고인은 2017.1.12.서울서부지방법원에서 공무집행방해죄 등으로 징역 8월에 집행유예 2년을 선고받고 2017.9.14.그 판결이 확정되었고, 2018.7.5.서울중앙지방법원에서 업무방해죄 등으로 징역 6월에 집행유예 2년을 선고받고 2018.7.13.그 판 결이 확정되었다.",
            "피고인은 2018.10.29.13:50경 0000 소재 C 정문 앞에서, 아무런 이유없이 그곳을 지나가던 피해자 D(여, 60세, E)의 뒷머리를 손바닥으로 1회 때려 바닥에 넘어지게 하였다.",
            "계속하여 피고인은 위 C 주차장 앞에서, 아무런 이유 없이 그곳을 지나가던 피해자 F(58세, G)의 얼굴을 가방으로 1회 때렸다.",
            "이로써 피고인은 피해자 D에게 치료일수 미상의 손바닥 부분 찰과상 등을, 피해자 F에게 치료일수 미상의 입술 부분 찰과상 등을 각각 가하였다."
        ]
    },
    "dcss": {
        "courtDcss": [
            "피고인이 별다른 이유 없이 지나가는 행인들을 폭행해 상해를 입게 한 것으로 죄질이 좋지 않은 점, 피고인이 업무방해, 폭행 등 죄로 여러 차례 처벌받은 전력이 있고, 동종 범행으로 인한 집행유예 기간 중에 이 사건 범행을 다시 저지른 점 등은 불리한 정상이다.",
            "피고인이 범행을 인정하고 반성하는 점은 유리한 정상으로 참작하고, 그밖에 피고인의 나이, 성행, 환경, 전과, 범행 경위, 상해 및 피해 정도, 범행 후의 정황 등 제반 양형조건을 종합하여 주문과 같이 형을 정한다."
        ]
    },
    "close": {
        "cnclsns": [
            "피고인을 징역 6월에 처한다."
        ]
    }
}