{
    "info": {
        "caseField": "2",
        "detailField": "6",
        "trailField": "1",
        "caseNm": "특정경제범죄가중처벌등에관한법률위반(사기),사기",
        "courtNm": "서울중앙지방법원",
        "judmnAdjuDe": "2018. 11. 29.",
        "caseNo": "2018고합533",
        "relateLaword": [
            "특정경제범죄 가중처벌 등에 관한 법률 제3조\n",
            "형법 제347조",
            "형법 제37조",
            "형법 제38조",
            "형법 제50조",
            "형법 제53조",
            "형법 제55조"
        ],
        "qotatPrcdnt": [
            "대법원 1985. 11. 26. 선고 85도490 판결",
            "대법원 1995. 3. 24. 선고 95도203 판결",
            "대법원 1998. 11. 10. 선고 98도2526 판결"
        ]
    },
    "concerned": {
        "acusr": "4",
        "dedat": "1"
    },
    "org": {
        "orgJdgmnCourtNm": "",
        "orgJdgmnAdjuDe": "",
        "orgJdgmnCaseNo": ""
    },
    "disposal": {
        "disposalform": "6",
        "disposalcontent": [
            "피고인을 징역 2년에 처한다."
        ]
    },
    "mentionedItems": {
        "rqestObjet": [
            "피고인을 징역 2년에 처한다.",
            "이 사건 범행은 피고인이 카드설계사로 활동하면서 자신을 통하여 카드를 발급받은 피해자들에게 접근하여 2년에 걸쳐 33억원이 넘는 거액을 다수의 피해자들로부터 편취한 사안으로 그 범행수법 및 피해 정도 등에 비추어볼 때 죄질이 불량하다 .",
            "대부분 피해자들이 피고인에 대한 처벌을 원하고 있다."
        ]
    },
    "assrs": {
        "acusrAssrs": [],
        "dedatAssrs": [
            "피해자 B에 대한 판시 제1의 가.항 상품권 관련 사기 중 2015. 8. 24. 600만 원 상당의 상품권, 2015. 9. 7. 2,000만 원 상당의 상품권을 각 지급한 부분, 판시 제1의 나. 항 은행 기프트 카드 관련 사기 부분이 있다. ",
            "피해자 L에 대한 판시 제2의 가.항 상품권 구매대금 관련 사기 중 2015. 8. 24. 600만 원, 2015. 8. 25. 700만 원을 각 지급한 부분이 있다.",
            "피해자 P에 대한 판시 제3의 가.항 상품권 관련 사기 중 'V' 쇼핑몰 사이트를 통한 2015. 8.~9.경의 사기 부분 별지 범죄일람표(5) 순번 1~10], 판시 제3의 나.항 Q 상품권 등 관련 사기 중 2015. 8. 29. 450만 원 상당의 상품권 지급 부분별지 범죄일람표(6) 순번 1 관련하였다. ",
            "위 기간은 순금골드바 프로모션이 시작되기 전으로서 피고인이 위 피해자들에게 약속한 카드결제대금과 수익금을 지급하는 데 별 어려움이 없었던 시기였고, 2015. 12.경 코 성형수술 부작용으로 카드영업일을 제대로 하지 못하면서 수익금 지급에 곤란을 겪게 되었다. ",
            "피해자 P의 경우 피고인이 운영하는 'V' X 쇼핑몰 사이트에서 000 상품권을 구매 결제하면 X측에서 수수료를 제한 금액을 피고인에게 입금해주었으므로 위 피해자에게 돌려줄 결제대금을 마련하기 위해 굳이 상품권을 제3자에게 재판매할 필요가 없었는데 X측이 피고인의 000 상품권 구매 경위가 불분명하다는 등의 이유로 소명을 요구하자 피고인이 위 쇼핑몰을 자진폐업하였다. ",
            "그 후 새로운 수익창출 방법으로 순금골드 바 프로모션을 시작하였다가 순금골드바 판매자 S이 일방적으로 수수료를 인상한 탓에 수익금 지급에 어려움을 겪게 된 것이므로 기망행위가 있었다고 할 수 없다. ",
            "또한 위 기간에는 피해자들의 상품권 등 구매원금과 약정 수익금이 모두 지급되어 재산상 손실도 발생하지 않았으므로 사기죄가 성립하지 않는다"
        ]
    },
    "facts": {
        "bsisFacts": [
            "피고인은 2015. 8.경 전화를 이용하여 피해자에게 \"내가 알고 있는 회사나 세무서에서 접대 명목으로 상품권을 구매해 가기 때문에 파는 데는 문제가 없다. 상품권을 구매해서 주면 이를 되팔아 다음 달에 상품권 구매비와 10%의 수익금을 돌려주겠다\"라고 거짓말을 하였다.",
            "사실 피고인은 당시 상품권 판매 수익금으로 다른 사람에 대한 채무를 변제하는 이른바 '돌려막기'를 하고 있어서 피해자로부터 상품권을 지급받더라도 피해자에게 상품권 구매비와 10%의 수익금을 돌려줄 의사나 능력이 없었다.",
            "피고인은 위와 같이 피해자를 기망하여 이에 속은 피해자로부터 2015. 8. 24.경 600만 원 상당의 상품권, 2015. 9. 7.경 2,000만 원 상당의 상품권, 2016. 8. 18.경 1,000만 원 상당의 상품권 등 합계 3,600만 원 상당의 상품권을 교부받아 이를 편취하였다.",
            "피고인은 2015. 10. 13.경 C을 이용하여 피해자에게 \"은행에서 '기프트 카드'를 구매해서 주면 이를 되팔아 다음 달에 기프트 카드 구매비와 10%의 수익금을 돌려주겠다\"라고 거짓말을 하였다.",
            "사실 피고인은 당시 기프트 카드 판매 수익금으로 다른 사람에 대한 채무를 변제하는 이른바 '돌려막기'를 하고 있어서 피해자로부터 기프트 카드를 지급받더라도 피해자에게 기프트 카드 구매비와 10%의 수익금을 돌려줄 의사나 능력이 없었다.",
            "피고인은 위와 같이 피해자를 기망하여 이에 속은 피해자로부터 2015. 10. 13.경 700만 원 상당의 기프트 카드를 교부받아 이를 편취하였다.",
            "피해자에게 D카드에서 새로운 이벤트 프로모션이 나왔다.",
            "피고인은 2016. 11. 15.경 0000 소재 지하철 2호선 0000 근처 커피숍에서 \"D카드에서 새로운 이벤트프로모션이 나왔다. 4,000만 원으로 현금 프로모션에 참여하면 두 달 단위로 10%의 수익금을 주고, 2017. 1.부터 같은 해 12.까지 매월 40만 원씩 추가로 지급하겠다\"라고 거짓말을 하였다.",
            "사실 D카드에서 위와 같은 프로모션을 만든 사실이 없었고, 피고인은 당시 피해자로부터 지급받은 금원으로 다른 사람에 대한 채무를 변제하는 이른바 '돌려막기'를 할 생각이었으므로 피해자에게 10%의 수익금 등을 지급해 줄 의사나 능력이 없었다.",
            "피고인은 위와 같이 피해자를 기망하여 이에 속은 피해자로부터 2016. 11. 16.경 1,000만 원, 2016. 11. 17.경 2,950만 원을 피고인의 E은행 계좌(F)로 각각 송금받아 이를 편취하였다.",
            "피고인은 2015. 12. 13.경 0000에 있는 카페에서 피해자에게 \"나에게 상품권을 구매해서 주는 대신에 그 비용을 내 계좌로 직접 입금해 달라.\"",
            "\"그러면 내가 대신 상품권을 구매하여 이를 판매한 후 상품권 구매비와 10%의 수익금을 돌려주겠다\"라고 거짓말을 하였다.",
            "사실 피고인은 당시 상품권 판매 수익금으로 다른 사람에 대한 채무를 변제하는 이른바 '돌려막기'를 하고 있어서 피해자로부터 상품권 구매비를 지급받더라도 피해자에게 상품권 구매비와 10%의 수익금을 돌려줄 의사나 능력이 없었다.",
            "피고인은 위와 같이 피해자를 기망하여 이에 속은 피해자로부터 2015. 12. 14.경 2,650만 원을 피고인의 E은행 계좌(F)로 송금받은 것을 비롯하여 별지 범죄일람표(1) 기재와 같이 2015. 12. 14.경부터 2017. 4. 3.경까지 사이에 총 12회에 걸쳐 합계 1억 4,100만 원을 피고인의 계좌로 송금받아 이를 편취하였다",
            "피고인은 2015. 12. 13.경 전화를 이용하여 \"피해자에게 순금골드바 프로모션이 나왔다 온라인 쇼핑몰인 G, H와 거래계약을 맺었고, VIP 고객들이 하는 코드에 입혀서 수익이 날 수 있는 구조이다.\"",
            "\"신용카드로 순금골드바 구매대금을 결제한 후 상품 직접 받기를 선택한 다음 휴대폰으로 발송되는 인증키를 알려 달라. 순금골드바로 프로모션을 진행해서 신용카드 결제대금 및 위 결제대금의 5, 6%를 수익금으로 주겠다\"고 거짓말을 하였다.2)",
            "사실 당시 순금골드바 프로모션은 존재하지 않았고, 피고인은 단지 순금골드바 구매를 가장하여 자금을 융통한 후 그 자금으로 다른 사람들에 대한 채무를 변제하는 등 이른바 '돌려막기'를 할 생각이어서 피해자로 하여금 신용카드로 순금골드바 구매대금을 결제하게 하더라도 피해자에게 순금골드바 결제대금 및 결제대금의 5, 6% 수익금을 지급하여 줄 의사나 능력이 없었다.",
            "피고인은 위와 같이 피해자를 기망하여 이에 속은 피해자로 하여금 2015. 12. 13.경 신용카드를 이용하여 순금골드바 구매대금 20,007,000원을 결제하게 한 것을 비롯하여 별지 범죄일람표(2) 기재와 같이 2015. 10. 16.경부터 2017. 6. 19.경까지 사이에 총 145회에 걸쳐 합계 8억 32,964,200원을 순금골드바 구매 대금으로 결제하게 하고, 동액 상당의 재산상 이익을 취득하였다.",
            "피고인은 2015. 8.경 B을 통하여 피해자에게 \"내가 알고 있는 회사나 세무서에서 접대 명목으로 상품권을 구매해 가기 때문에 파는 데는 문제가 없다.\"",
            "\"상품권을 구매해서 주면 이를 되팔아 다음 달에 상품권 구매비와 10%의 수익금을 돌려주겠다\"라고 거짓말을 하였다.",
            "사실 피고인은 당시 상품권 판매 수익금으로 다른 사람에 대한 채무를 변제하는 이른바 '돌려막기'를 하고 있어서 피해자로부터 상품권을 지급받더라도 피해자에게 상품권 구매비와 10%의 수익금을 돌려줄 의사나 능력이 없었다.",
            "피고인은 위와 같이 피해자를 기망하여 이에 속은 피해자로부터 2015. 8. 24.경 600만 원을 피고인의 E은행 계좌(F)로 송금받은 것을 비롯하여 별지 범죄일람표(3) 기재와 같이 2015. 8. 24.경부터 2017. 3. 1.경까지 사이에 총 6회에 걸쳐 합계 4,350만원을 피고인의 계좌로 송금받아 이를 편취하였다",
            "피고인은 2017. 4. 20.경 전화를 이용하여 피해자에게 전세자금으로 현금 프로모선을 할 수 있다. "
        ]
    },
    "dcss": {
        "courtDcss": [
            "피고인은 판시 제1의 가.항 상품권 관련 사기, 판시 제2의 가.항 상품권 구매대금 관련 사기에서는 피해자 B, L에게 '내가 알고 있는 회사나 세무서에서 접대명목으로 상품권을 구매해 가기 때문에 파는 데는 문제가 없다'는 취지로 말하였다.",
            "판시 제1의 나.항 은행 기프트 카드 관련 사기에서는 피해자 B에게 '은행에서 기프트 카드를 구매해서 주면 이를 되팔아 다음 달에 기프트 카드 구매비와 10%의 수익금을 돌려주겠다'고 말하였고, ",
            "판시 제3의 가.항 상품권 관련 사기에서는 피해자 P에게 '대기업에서 상품권을 구매하여 VIP들에게 선물로 제공하고 있다.'",
            "그래서 카드사에서 상품권을 구매하여 대기업에 이윤을 받고 판매하는 상품권 프로모션을 진행하고 있다'는 취지로, 말하였다.",
            "피고인은 당시 피해자들로부터 전달받은 상품권을 액면금보다 높은 가격에 판매할 만한 회사나 세무서 등 판매처를 알고 있지 않았고, 오히려 상품권 판매업체에 액면금보다 할인된 가격에 상품권을 판매하였다.",
            "피고인은 수사기관에서 AI에 있는 상품권 전문매입 업체인 AJ, AK 등에 상품권 액면금에서 5%의 수수료를 제외한 액면금의 95%만 받고 현금화하였다고 진술하였다((2018고합840) 증거기록 160쪽).",
            "이러한 사정을 피해자들에게 숨긴 이유에 관하여 상품권 구매비용에 10%의 추가수당을 주는 것은 애초부터 가능한 상품이 아니었는데, 제가 피해자를 속이고 권유했던 상품이라 차마 말을 할 수 없었다고 진술하였다.",
            "피고인은 이처럼 상품권, 기프트 카드 등을 현금화하는 과정에서 수수료 상당의 손해를 보는 구조임에도 피해자들에게는 '두 달 후 10%의 수당을 더해서 원금을 돌려주기로 약정한 동기에 관하여 수사기관에서 신용카드사로부터 제 몫의 수당을 더 받기 위하여 한 것이다. 제가 모집한 고객이 월 300만 원 이상이 되면 기본급을 제외한 추가수당이 10~15만 원 정도 나온다',",
            "제가 모집한 고객이 월 200만 원 이상 카드를 사용하여야 회사에서 카드 사용에 대한 수당 15만 원이 나오고, 고객들의 월 카드 사용금액에 따른 수당은 카드회사마다 차이가 있는데, 대략 10~20만 원 정도 나온다'는 취지로 진술하였다",
            "한편, 피고인이 제출한 카드의 프리미엄 플래너 수수료 지급 기준(2018년) 표(증 제1호증, 이하 이카드 기준표라 한다)에 따르면, 카드설계사가 받는 각종 수수료 중 카드 발급고객의 실적과 직접 연동되는 것으로는 이용수수료와 효율수수료가 있다. ",
            "이용수수료는 카드발급 후 1차월, 2차월 이용금액 중 높은 금액에 해당하는 단가를 기준으로 지급하게 되어있는데 그 액수는 이용금액 50만 원 이상일 경우 6만 원, 이용금액 100만 원 이상일 경우 8만 원, 이용금액 200만 원 이상일 경우 13만 원, 이용금액 300만 원 이상일 경우 18만 원이다. ",
            "효율수수료는 카드발급 후 6개월 동안 매월 이용금액을 기준으로 지급하는데 그 액수는 이용금액 50만 원 이상일 경우 5,000원에서 1만 원, 이용금액 100만 원 이상일 경우 1만 원에서 2만 원, 이용금액 200만 원 이상일 경우 2만 원에서 4만 원, 이용금액 300만 원 이상일 경우 4만 원에서 7만 원, 이용금액 500만 원 이상일 경우 4만 원에서 12만 원이다. ",
            "ㅇ 카드 기준표에 의할 때 카드설계사가 지급받는 수수료는 고객들의 카드 이용금액에 따라 달라지는데, 이용금액 50만 원 이상일 경우 최대 7만 원(14%), 이용금액 100만 원 이상일 경우 최대 10만 원(10%), 이용금액 200만 원 이상일 경우 최대 17만 원(8.5%), 이용금액 300만 원 이상일 경우 최대 25만 원(8.3%), 이용금액 500만 원 이상일 경우 최대 30만 원(6%)이다. ",
            "피고인의 위 진술에 의할 때 피고인이 모집한 고객들이 카드를 일정 금액 이상 사용하였을 때 피고인이 카드회사로부터 지급받을 수 있는 수당은 고객의 카드 이용금액의 약 3.3~7.5%6) 정도이고, 카드 기준표에 의하더라도 피고인이 지급받을 수 있는 수당의 액수는 이용금액이 증가함에 따라 늘어나지만, 이용금액 대비 수당의 비율은 14%에서 6%로 점점 줄어드는 역누진 구조이다. ",
            "피고인이 다투고 있는 2015. 8.~9.경에도 피고인은 피해자들로 하여금 매월 500만 원 이상을 카드로 결제하도록 하였는데 위 1.항에서 본 대로 상품권 현금화 과정에서 액면금 대비 5%의 손실을 보았다는 점이 있다. ",
            "피고인이 모집한 고객의 카드 이용금액이 500만 원 이상일 경우 피고인이 받을 수 있는 수당은 최대 30만 원이고 이용금액이 500만 원을 넘더라도 수당을 더 받지는 못한다.는 점을 고려할 때 피고인이 카드회사로부터 받는 수당만으로는 피해자들에게 약정한 10%의 수당을 지급하는 것은 불가능하였을 것으로 보인다.",
            "피해자 P가 V 쇼핑몰에서 구매 결제한 스타벅스 상품권의 경우에도 피고인은 X로부터 수수료를 제한 금액만을 지급받았을 것이므로 그 금액은 위 피해자가 결제한 카드대금에 미치지 못하였을 것이다. ",
            "약속한 수익금은 고객의 카드 이용금액에 따라 피고인이 지급받는 수당으로 지급했다는 것이므로 이 사건 다른 범행과 마찬가지로 피고인이 스스로 중단하지 않는 이상 점차 손해가 커져 결국에는 돌려막기를 하는 것이 예견된 구조였다(피해자 P가 결제한 000 상품권 전부가 실물이 존재한 정상적인 거래였는지도 분명하지 않다).",
            "사기죄는 타인을 기망하여 그로 인한 하자 있는 의사에 기하여 재물의 교부를 받거나 재산상의 이득을 취득함으로써 성립되는 범죄로서 그 본질은 기망행위에 의한 재산이나 재산상 이익의 취득에 있는 것이고 상대방에게 현실적으로 재산상 손해가 발생함을 요건으로 하지 않았다. ",
            "피해자에게 기망행위의 대가가 일부 지급된 경우에도 그 편취액은 피해자로부터 교부된 재물의 가치로부터 그 대가를 공제한 차액이 아니라 교부받은 재물 전부라고 할 것이다(대법원 1985. 11. 26. 선고 85도490 판결, 대법원 1995. 3. 24. 선고 95도203 판결, 1998. 11. 10. 선고 98도2526 판결 등 참조).",
            "피고인이 2015. 8.~9.경에는 피해자 B, L, P에게 상품권 등 구매원금과 수익금을 모두 지급하여 현실적인 손해가 발생하지는 않았다고 하더라도 앞서 본 대로 위 피해자들에게 돌려줄 결제대금을 마련하는 방법이 손실이 생길 수밖에 없는 한계가 있었고 약속한 수익금을 피고인의 수당으로만 지급하는 것이 불가능한 구조였던 이상 위 기간에 피해자들이 구매하거나 송금한 금액도 모두 기망행위에 의해 교부받거나 편취하였다고 보아야 한다.",
            "피고인은 자신을 통하여 신용카드를 발급받은 피해자들이 피고인에 대하여 갖는 신뢰관계를 이 사건 범행에 이용하였다. ",
            "앞서 2.항의 카드 기준표에서 보았듯 고객들의 카드 이용금액이 50~100만 원 정도일 때 이용금액 대비 피고인이 받는 수당 비율이 가장 높음에도 불구하고 피고인은 처음부터 카드발급 고객 전체가 아닌 피고인과 비슷한 나이 또래의 여성들에게 접근하여 사적인 신뢰관계를 쌓으면서 피해자들을 비롯한 10여 명가량의 소수 고객들에게만 매월 500만 원 이상의 카드 이용을 유인하 였다.)",
            "징역 2년 아래 각 정상을 참작하고, 그 밖에 피고인들의 나이, 성행, 성장 과정, 환경, 범행의 동기, 수단 및 결과, 범행 후의 정황 등 이 사건 변론에 나타난 여러 양형 요소를 종합적으로 고려하여 주문과 같이 권고형량의 하한을 이탈한 형으로 정한다.",
            "이 사건 범행은 피고인이 카드설계사로 활동하면서 자신을 통하여 카드를 발급받은 피해자들에게 접근하여 2년에 걸쳐 33억 원이 넘는 거액을 다수의 피해자들로부터 편취한 사안으로 그 범행수법 및 피해 정도 등에 비추어 볼 때 죄질이 불량하다. ",
            "대부분 피해자들이 피고인에 대한 처벌을 원하고 있다.",
            "피고인은 이 사건 범행의 사실관계는 대체로 인정하고 있다. ",
            "이 사건 범행은 속칭 돌려막기 방식으로 이루어져 피해금액의 상당 부분이 실질적으로는 회복된 상태이다.",
            "따라서 아직 회복되지 않은 피해액에 대하여 피고인이 피해자들에게 수익금조로 지급하거나 피해 회복을 위해 지급한 돈을 모두 원금에 충당하는 방식으로 계산하면 피해자 B, L의 경우 약 3억 3,000만 원, 피해자 P의 경우 약 4,000만 원, 피해자 M의 경우 약 1억 1,000만 원 등 합계 약 4억 8,000만 원으로 범죄사실의 편취금액보다는 상당히 줄어든다.",
            "피해자들도 피고인의 제안이 정상적이지 못한 방법으로 카드 이용 실적을 쌓아 수당을 받으려 한다는 것임을 알았을 것으로 보인다는 점에서 피해 발생이나 확대에 어느 정도 책임이 있다. ",
            "피고인은 2003년경 상해죄로 벌금 150만 원을 선고받은 것 외에 형사처벌을 받은 전력이 없다."
        ]
    },
    "close": {
        "cnclsns": [
            "피고인을 징역 2년에 처한다. "
        ]
    }
}