{
    "info": {
        "caseField": "2",
        "detailField": "6",
        "trailField": "1",
        "caseNm": "특정범죄가중처벌등에관한법률위반(뇌물),뇌물수수,정치자금법위반,범죄수은닉의규제및처벌등에관한법률위반,뇌물공여,증거위조교사,제3자죄물교부,특정경제범죄가중처벌등에관한법률위반(횡령),위조증거사용,특정범죄가중처벌등에관한법률위반(뇌물)방조,변호사법위반,제3자뇌물취득,조세범처벌법위반",
        "courtNm": "대구지방법원",
        "judmnAdjuDe": "2016. 06. 03.",
        "caseNo": "2015고합579",
        "relateLaword": [
            "형법 제129조",
            "정치자금법 제45조",
            "정치자금법 제31조",
            "정치자금법 제32조",
            "정치자금법 제11조",
            "특정범죄가중처벌등에관한법률 제2조",
            "정치자금법 제36조",
            "정치자금법 제47조",
            "형법 제133조",
            "형법 제30조",
            "형법 356조",
            "형법 355조",
            "형법 제40조",
            "헝법 제50조",
            "변호사법 제116조",
            "공직선거법 제18조",
            "형법 제38조",
            "형법 제69조",
            "형법 제62조",
            "특정범죄가중처벌등에관한법률 제13조"
        ],
        "qotatPrcdnt": [
            "대법원 2002. 7. 26. 선고 2001도6721 판결",
            "대법원2009. 9. 10 선고 2009도5657 판결",
            "대법원 2002. 4. 9. 선고 2001도7056 판결",
            "대법원 1999. 10. 8. 선고 99도1638 판결",
            "대법원 2011. 11. 24 선고 2011도9585 판결",
            "대법원 2007. 3. 29. 선고 2006도9182 판결",
            "대법원 2008. 4. 10. 선고 2008도1274 판결",
            "대법원 1965. 10. 26. 선고 65도785 판결",
            "대법원 2002. 7. 14. 선고 2002도1283 판결"
        ]
    },
    "concerned": {
        "acusr": "4",
        "dedat": "1"
    },
    "org": {
        "orgJdgmnCourtNm": "",
        "orgJdgmnAdjuDe": "",
        "orgJdgmnCaseNo": ""
    },
    "disposal": {
        "disposalform": "6",
        "disposalcontent": [
            "피고인을 판시 제1죄, 판시 제4의 가 죄에 대하여 징역 6년및 벌금 105,700,000원에, 판시 제2죄, 제4의 나 죄에 대하여 징역 4월에 각 처한다. ",
            "피고인을 판시 제1죄에 대하여 징역2년에, 판시 제2죄, 제3의 가, 다, 죄, 제7죄에 대하여 징역 1년 6월에 각 처한다. ",
            "피고인를 판시 제1죄에 대하여 징역 2년에, 판시 제2죄, 제3의 가, 다 죄, 제7죄에 대하여 징역 1년 6월에 각 처한다. ",
            "피고인으로부터 116,700,020원을 추징한다. ",
            "피고인를 판시 제1죄에 대하여 징역 2년에, 판시는 제2, 3, 5죄에  대하여 징역 1년 6월에 각 처한다. ",
            "피고인을 징역 2년 및 빌금 35,000,000원에 처한다.  ",
            "피고인이 위 벌금을 납입하지 아니하는 경우 200,000원을 1일로 환산한 기간 피고인을 노역장에 유치한다. ",
            "다만, 이 판결 확정일로부터 3년간 위 징역형의 집행을 유예한다. ",
            "위 벌금에 상당한 금액의 가납을 명한다."
        ]
    },
    "mentionedItems": {
        "rqestObjet": [
            "피고인들은 국회의원인 피고인1의 후원과 관련하여 공무원등에 대한 로비와 청탁을 하는데 가담하였고, 국회의원인 피고인1은 정치자금을 기부받음과 동시에 뇌물을 수수하였다. "
        ]
    },
    "assrs": {
        "acusrAssrs": [],
        "dedatAssrs": [
            "피고인이 공소외 00로부터 받은 800만 원은 직무관련성이 없는 돈이므로, 이에 관하여 뇌물수수죄가 성립할 수는 없다.",
            "7,000만 원에 관한 뇌물공여와 정치자금법위반 범행은 피고인 00가 공동정범에 해당할 정도로 가담한 적이 없으므로 방조범으로 처벌하여야 하고, 가사 공동정범으로 인정이 된다고 하더라도 피고인 00에게 실제로 전달된 4,500만 원 또는 5,500만 원에 대한 죄책만 부담하여야 한다.",
            "피고인 00에 대한 증거위조교사죄는 자신의 형사사건에 대하여 증거위조에 관한 것이므로 법리상 처벌이 불가능하고, 가사 자신의 사건에 관한 증거위조교사죄가 성립될 수 있다고 하더라도 교사행위를 직접 실행한 바가 없으므로, 증거위조교사죄의 죄책이 귀속될 수 없다.",
            "피고인 00가 OOO로부터 받은 96,700,020원은 000 와의 M&A 관련 용역대금이므로 변호사법위반죄가 성립할 수 없고, 가사 변호사법위반죄가 된다고 하더라도 정당한 용역대금과 청탁 명목의 금품을 금액으로 구분할 수 없으므로, 변호사법위반죄에 해당하는 금품의 액수는 불상으로 보아야 한다.",
            "피고인 00가 OOO로부터 받은 합계 2,000만 원 상당의 상품권은 충분한 고문료를 받지 못하여 공무원에게 공여할 목적이 없음에도 OOO를 기망하여 받은 것이다.따라서 이는 공무원에게 공여할 목적으로 받은 것이 아니라 고문료 명목으로 받은 것에 불과하므로, 피고인 00의 제3자뇌물취득죄는 성립할 수 없다."
        ]
    },
    "facts": {
        "bsisFacts": [
            "피고인 00은 2012.5.경 제19대 국회의원 선거에 000당 후보로 000선거구에 출마하여 당선된 후 2012.5.경부터 2014.5.경까지 제19대 국회 ◇◇◇◇◇◇위원회 위원으로 활동하였고, 2014.6.경부터 2015.10.경까지 제19대 국회 ◈◈◈◈◈◈◈◈◈◈위원회 위원으로 활동하다가, 2015.10.12.경 국회의원직을 사퇴하였다.",
            "피고인 00는 ◎◎◎◎대학교  산업 (학과명 생략)교수인 공무원으로서 2011.9.경부터 2015.8.경까지 ◎◎대학 테크노파크 단장으로 근무하였고, ◎◎대학 (학과명 생략)출신들 중심으로 구성된 피고인 00 의원 후원단의 연락책임자로서 피고인 00과는 ◎◎대학 (학과명 생략)(연도 생략)학번 동기이다.",
            "피고인 00은 전자부품 및 제조업을 목적으로 설립된 000 (이하 'OOO'라 한다)의 대표이사이다.",
            "피고인 00(대판:피고인 00)는 엔지니어링 전문 회사인 000의 영업사장으로서 피고인 00의 ▲▲▲▲고등학교  2년 후배이다.",
            "공소외 00는 무인보안시스템 생산 등을 목적으로 설립된 000(이하 'OOO' 라 한다)의 실제 운영자로서, 2014.1.27.경부터 2015.2.8.경까지 피고인 00 후원회의 후원회장을 역임하였다.",
            "피고인 00은 0000(주소 생략)에 지역 사무실을 두고 그 근무자로 사무국장 공소외 00, 비서관 공소외 00, 인턴 공소외 00, 수행기사 공소외 00을 두고 있었고, 피고인 00의 국회 사무실에는 보좌관 공소외 00,비서관 공소외 00, 비서 공소외 00, 공소외 00, 공소외 00, 인턴 공소외 00을 두고 있었다.",
            "피고인 00의 후원회 후원회장은 2012.5.23.경부터 2014.1.28.경까지 공소외 00, 2014.1.29.경부터 2015.2.8.경까지 공소외 00, 2015.2.9.경부터 2015.10.21.경까지 공소외 00이었으나 모두 특별히 후 원회장으로 활동하지는 않아 후원금에 관한 사항을 보고받지 않았고, 후원회 사무실 역시 별도로 두지 않은 채 지역 사무실을 후원회 사무실로 함께 사용하였다.",
            "선거관리위원회에 등록된 후원회 회계책임자는 2012.4.27.경부터 2014.3.11.경까지 공소외 00, 2014.3.12.경부터 2015.2.2.경까지 사무국장 공소외 00, 2015.2.3.경부터 2015.10.21.경까지 비서 공소외 00이었으나, 모두 선거관리위원회에 등록만 되어 있을 뿐 후원금과 관련된 업무를 전혀 하지 않았다.",
            "정치자금회계책임자인 공소외 00가 후원회 계좌 통장과 정치자금 계좌 통장을 관리하면서 후원금 수령, 관련 서류의작성, 후원금 계좌로부터 정치자금 계좌로의 이체 등 실질적으로 후원회 및 정치자금 회계업무를 전담하였다.",
            "후원금 계좌의 입·출금 내역 등 후원금에 관한 사항은 공소외 00가 피고인 00에게 보고하였다.",
            "그런데 공소외 00는 수시로 후원금 입금내역을 확인하여 50만 원 이상 고액 후원자 등에 대하여 필요한 경우, 상반기 및 하반기 선거관리위원회에 신고를 하기 전 그리고 후원금을 기부하겠다는 문의전화나 방문이 있는 경우 후원금 기부경로, 후원 이유, 피고인 00과의 관계, 직업 등을 확인한 후 피고인 00의 지인 등 보고할 사항이라고 판단되는 경우에 피고인 00에게 구두 또는 휴대폰 문자메시지로 보고하였다.",
            "또한, 공소외 00는 통상적으로 단체나 법인에서 후원을 한 경우에도 단체나 법인명과 함께 후원자 수 및 후원총액을 피고인 00에게 보고하였고, 고액기부자들에 대해서는 연초에 피고인 00이 감사전화를 돌릴 수 있도록 따로 명단을 작성하여 피고인 00에게 보고하였다."
        ]
    },
    "dcss": {
        "courtDcss": [
            "뇌물죄는 직무집행의 공정과 이에 대한 사회의 신뢰에 기하여 직무행위의 불가매수성을 그 직접의 보호법익으로 하고 있고, 직무에 관한 청탁이나 부정한 행위를 필요로 하지 아니하여 수수된 금품의 뇌물성을 인정하는 데 특별히 의무위반행위나 청탁의 유무 등을 고려할 필요가 없다.",
            "그러므로 뇌물은 직무에 관하여 수수된 것으로 족하고 개개의 직무행위와 대가적 관계에 있을 필요는 없으며, 그 직무행위가 특정된 것일 필요도 없다(대법원 2009.5.14.선고 2008도8852 판결, 1997.4.17.선고 96도3378 판결 참조).",
            "살피건대, 피고인 00이 국회의원으로서 법률안 제출, 심의 및 표결 등 입법 활동이나 소속 위원회 소관 사항에 대한 국정감사 또는 본회의, 상임위원회에서의 질의, 심사 및 표결 등의 직무를 담당하고 있었음은 앞서 본 바와 같고, 이 법원이 적법하게 채택하여 조사한 증거에 의하면 인정되는 다음과 같은 사정을 인정할 수 있다.",
            "즉 ① 신용보증기금이 국정감사 및 조사에 관한 법률 제7조 의 감사대상 기관에 해당하는 점, ② 피고인 00은 공소외 00로부터 그가 운영하던 회사가 신용보증기금으로부터 보증서 발급을 거부당하자 0000위원회 소속 공소외 20에게 연락하여 보증심사 운용요령을 개정하도록 요청한 점, ③ 피고인 00은 이후 공소외 00에게 금품 제공을 요청하여 후원금을 받은 점을 인정할 수 있다.",
            "④ 피고인 00이 공소외 00에게 관련 규정이 개정이 제대로 되지 않을 경우 다른 의원에게 부탁하여 국정감사에서 질의하겠다고 말하라는 000 메시지를 보내는 등 자신의 직무상 영향력을 발휘하여 공소외 00의 청탁을 해결해 줄 의사를 표시한 점, ⑤ 실제로 보증심사 운용요령이 개정되자 피고인 00이 공소외 00의 부탁을 받고 신용보증기금 ▽▽지점장에게 전화를 하여 공소외 00의 요청 사항을 전달한 것으로 보이는 점을 인정할 수 있다.",
            "⑥ 신용보증기금의 내부규정 개정은 기획재정부나 금융위원회의 소관으로 신용보증기금 본부에서 위 각 부처로부터 개정 지시를 받아 이루어지는 것인데 이 사건과 같이 국회의원의 민원에 의하여 개정되는 것은 극히 드문 일인 점 등을 종합하여 보면, 피고인 00이 공소외 00로부터 800만 원을 받은 것은 불법 정치자금인 동시에 직무와 관련하여 받은 뇌물의 성격을 가지고 있는 것이라고 보기에 충분하다.",
            "그러므로 대구지방법원 2016.6.3.선고 2015고합579, 2016고합11(병합), 2016고합221(병합)판결19로, 위 800만 원에 관하여 뇌물수수죄가 성립한다고 할 것이다.",
            "형법 제30조 의 공동정범은 2인 이상이 공동하여 죄를 범하는 것으로서, 공동정범이 성립하기 위하여는 주관적 요건으로서 공동가공의 의사와 객관적 요건으로서 공동의사에 기한 기능적 행위지배를 통한 범죄의 실행사실이 필요하다.",
            "공동가공의 의사는 타인의 범행을 인식하면서도 이를 제지하지 아니하고 용인하는 것만으로는 부족하고 공동의 의사로 특정한 범죄행위를 하기 위하여 일체가 되어 서로 다른 사람의 행위를 이용하여 자기의 의사를 실행에 옮기는 것을 내용으로 하는 것이어야 한다(대법원 2008.4.10.선고 2008도1274 판결참조).",
            "이 법원이 적법하게 채택하여 조사한 증거들에 의하면 인정되는 아래와 같은 사정을 종합하면, 피고인 00가 피고인 00과 공모하여 피고인 00에게 뇌물 및 불법 정치자금 7,000만 원을 제공하였음을 넉넉히 인정할 수 있다.",
            "범인 자신이 한 증거인멸의 행위는 피고인의 형사소송에 있어서의 방어권을 인정하는 취지와 상충하므로 처벌대구지방법원 2016.6.3.선고 2015고합579, 2016고합11(병합), 2016고합221(병합)판결의 대상이 되지 아니하나, 타인이 타인의 형사사건에 관한 증거를 그 이익을 위하여 인멸하는 행위를 하면 형법 제155조 제1항 의 증거인멸죄가 성립된다.",
            "그러므로 자기의 형사사건에 관한 증거를 인멸하기 위하여 타인을 교사하여 죄를 범하게 한 자에 대하여도 교사범의 죄책을 부담케 함이 상당하므로(대법원 1965.12.10.선고 65도826 전원합의체 판결 등 참조), 자신의 사건에 관한 증거에 대하여는 증거위조교사죄가 성립할 수 없다는 취지의 주장은 받아들일 수 없다.",
            "나아가 피고인 00의 가담 정도에 관하여 보건대, 이 법원이 적법하게 채택하여 조사한 증거들에 의하면 인정되는 다음과 같은 사정, 이하 다음 내용과 같다.",
            "즉, ① 피고인 00가 검찰 수사를 받으면서 약 1억 원의 지급 근거에 대한 서류제출을 요구 받자 피고인 00과 모의하여 새로 용역계약서를 만들기로 한 점, ② 피고인 00가 피고인 00과 만난 자리에서 2013.10.30.자 용역계약서의 내용을 2013.8.10.자 용역계약서의 내용과 같이 위조하기로 함께 검토하고 상의한 점,",
            "③ 위와 같이 위조한 용역계약서를 피고인 00가 검찰청에 제출한 점, ④ 피고인 00이 공소외 00에게 전화하여 용역계약서를 새로 작성하라고 지시한 것은 공소외 00가 OOO 의 직원인 것에 따른 자연스러운 과정이고, 증거위조행위가 피고인 00와 피고인 00의 공모에 의해 이루어진 것인 이상 누가 전화를 걸어 위조를 실행하도록 하였는지는 역할분담의 문제일 뿐이다.",
            "그래서 그에 따라 범행가담 여부가 달라진다고 할 수는 없는 점 등에 비추어 보면, 피고인 00는 피고인 00과 함께 증거인멸교사의 범행을 실현하려는 공동가공의 의사를 가지고 있었고, 둘 사이에 그러한 의사의 결합이 이루어짐으로써 공모관계가 성립하였다.",
            "이러한 공모가 이루어진 이상 자신이 실행행위에 나설 필요가 없기 때문에 교사행위에 직접 관여하지 않은 피고인 00도 공모자인 피고인 00의 교사행위에 대하여 공동정범으로서의 형사책임을 진다고 할 것이므로, 이에 관한 피고인 00의 주장도 받아들이지 않는다.",
            "변호사법 제111조 가 규정한 공무원이 취급하는 사건 또는 사무에 관하여 청탁 또는 알선을 한다는 명목으로 금품, 향응 기타 이익을 받는다라고 함은 공무원이 취급하는 사건 또는 사무에 관하여 공무원과 의뢰인 사이를 중개한다는 명목으로 금품을 수수한 경우를 말하는 것이다.",
            "단순히 공무원이 취급하는 사건 또는 사무와 관련하여 노무나 편의를 제공하고, 그 대가로서 금품 등을 수수하였을 뿐인 경우는 이에 포함되지 아니한다할 것이다.",
            "그러나 공무원이 취급하는 사건 또는 사무에 관하여 청탁한다는 명목으로서의 성질과 단순히 공무원이 취급하는 사건 또는 사무와 관련하여 노무나 편의를 제공하고 그 대가로서의 성질이 불가분적으로 결합되어 금품이 수수된 경우에는 그 전부가 불가분적으로 공무원이 취급하는 사건 또는 사무에 관하여 청탁한다는 명목으로서의 성질을 가진다고 할 것이다(대법원 2008.4.10.선고 2007도3044 판결 등 참조).",
            "이 법원이 적법하게 채택하여 조사한 증거들에 의하면 인정되는 아래의 사정을 종합하여 보면, 피고인 00가 OOO로부터 공무원이 취급하는 사무에 관하여 청탁할 목적에 따른 금품과 위 M&A 관련 용역대금 명목으로 그 액수를 따로 구분하지 않은 합계 96,700,020원을 받았음이 인정되는바, 이와 같이 불가분적으로 결합된 명목으로 위 돈을 지급받은 이상 앞서 본 법리와 같이 위 금액 전체에 관하여 변호사법위반죄가 성립한다 할 것이다.",
            "형법 제133조 제2항 은 증뢰자가 뇌물에 공할 목적으로 금품을 제3자에게 교부하거나 또는 그 점을 알면서 교부받는 증뢰물 전달행위를 독립한 구성요건으로 하여 이를 같은 조 제1항 의 뇌물공여죄와 같은 형으로 처벌하는 규정이다.",
            "그 중 제3자의 증뢰물 전달죄는 증뢰자나 수뢰자가 아닌 제3자가 증뢰자로부터 수뢰할 사람에게 전달될 금품이라는 정을 알면서 그 금품을 받은 때에 성립한다(대법원 1965.10.26.선고 65도785 판결, 대법원 2002.6.14.선고 2002도1283 판결 등 참조).",
            "이 법원이 적법하게 채택하여 조사한 증거들에 의하여 인정되는 아래와 같은 사정들을 종합하면, 피고인 00는 피고인 00이 공무원에게 공여할 목적으로 위 상품권을 교부한다는 것을 알면서도 이를 받았음을 인정할 수 있다.",
            "그러므로 피고인 00가 피고인 00을 기망하였는지 여부와 관계 없이 피고인 00의 행위는 제3자뇌물취득죄를 구성한다고 할 것이다(피고인 00의 기망행위가 있었을 경우 사기죄가 별도로 성립하여 제3자뇌물취득죄와 사기죄의 상상적 경합 관계가 성립할 여지가 있다고 보인다)."
        ]
    },
    "close": {
        "cnclsns": [
            "피고인 00을 판시 제1죄, 판시 제4의 가 죄에 대하여 징역 6년 및 벌금 105,700,000원에, 판시 제2죄, 제4의 나죄에 대하여 징역 4월에 각 처한다.",
            "피고인 00이 위 벌금을 납입하지 아니하는 경우 200,000원을 1일로 환산한 기간 피고인을 노역장에 유치한다(다만, 단수금액은 버린다).",
            "피고인 00으로부터 105,700,000원을 추징한다.",
            "위 벌금에 상당한 금액의 가납을 명한다.",
            "피고인 00을 판시 제1죄에 대하여 징역 2년에, 판시 제2죄, 제3의 가, 다 죄, 제7죄에 대하여 징역 1년 6월에 각 처한다.",
            "피고인 00으로부터 116,700,020원을 추징한다.",
            "피고인 00을 판시 제1죄에 대하여 징역 2년에, 판시 제2, 3, 5죄에 대하여 징역 1년 6월에 각 처한다.",
            "다만, 이 판결 확정일로부터 3년간 위 각 형의 집행을 유예한다.",
            "피고인 00을 징역 2년 및 벌금 35,000,000원에 처한다.",
            "피고인 00이 위 벌금을 납입하지 아니하는 경우 200,000원을 1일로 환산한 기간 피고인을 노역장에 유치한다.",
            "다만, 이 판결 확정일로부터 3년간 위 징역형의 집행을 유예한다.",
            "위 벌금에 상당한 금액의 가납을 명한다."
        ]
    }
}