{
    "info": {
        "caseField": "2",
        "detailField": "6",
        "trailField": "1",
        "caseNm": "강제추행, 상해, 폭행, 아동복지법위반",
        "courtNm": "대전지방법원",
        "judmnAdjuDe": "2017. 12. 28.",
        "caseNo": "2017고단3632",
        "relateLaword": [
            "아동복지법 제71조 제1항 제2호, 제17조 제3호, 아동복지법 제71조 제1항 제2호, 제17조 제5호, 형법 제257조 제1항, 형법 제298조",
            "형법 제37조 전단, 제38조 제1항 제2호, 제50조",
            "형법 제70조 제1항, 제69조 제2항",
            "성폭력범죄의 처벌 등에 관한 특례법 제16조 제2항, 아동학대범죄의 처벌 등에 관한 특례법 제8조",
            "형사소송법 제334조 제1항"
        ],
        "qotatPrcdnt": []
    },
    "concerned": {
        "acusr": "4",
        "dedat": "1"
    },
    "org": {
        "orgJdgmnCourtNm": "",
        "orgJdgmnAdjuDe": "",
        "orgJdgmnCaseNo": ""
    },
    "disposal": {
        "disposalform": "9",
        "disposalcontent": [
            "피고인을 벌금 700만원에 처한다.",
            "피고인이 위 벌금을 납입하지 아니하는 경우 10만원을 1일로 환산한 기간 피고인을 노역장에 유치한다.",
            "피고인에게 24시간의 성폭력 치료프로그램 및 40시간의 아동학대 치료프로그램 이수를 명한다.",
            "위 벌금에 상당한 금액의 가납을 명한다.",
            "이 사건 공소사실 중 각 폭행의 점에 대한 공소를 기각한다."
        ]
    },
    "mentionedItems": {
        "rqestObjet": [
            "피고인은 피해자 C의 부친이고, 피해자 D와는 2016. 10.경 재혼하여 부부로 지내던 사람으로 피고인은 피해자 C의 머리와 뺨을 수회 때려 아동의 신체에 손상을 주거나 신체의 건강 및 발달을 해치는 신체적 학대행위를 하였고, 또 피해자 D에게는 피고인을 무시했다는 이유로 주먹으로 폭행하여 약 15일간의 치료를 요하는 다발성 타박상 등의 상해를 가하였다.",
            "또한 피고인은 피해자 D에게 키스를 하려고 하였으나 계속된 가정폭력으로 피고인에 대한 감정이 좋지 않았던 피해자는 이를 거부하였고, 그럼에도 피고인은 계속하여 피해자에게 키스를 하려고 하자 피해자는 거부의사를 밝혔는데, 이와 같은 피해자의 명시한 거부의사에도 불구하고 피고인은 피해자의 몸을 끌어당긴 후 입에 키스를 하고, 가슴과 엉덩이를 만져 피해자를 강제로 추행하였다."
        ]
    },
    "assrs": {
        "acusrAssrs": [],
        "dedatAssrs": [
            "피고인이 이 사건 당시 C을 폭행한 사실 자체가 없다.",
            "피고인이 이 사건 당시 피해자 D에게 키스를 한 것은 사실이나 이는 배우자인 위 피해자에게 애정표현을 한 것일 뿐 별다른 유형력의 행사도 없었으므로, 강제추행죄가 성립되지 않는다."
        ]
    },
    "facts": {
        "bsisFacts": [
            "피고인은 피해자 C(여, 8세)의 부친이고, 피해자 D(여, 43세)과는 2016.10.경 재혼하여 부부관계로 지내던 사람이다.",
            "피고인은 2017.1.27.15:00경부터 17:00경 0000 피고인의 집에서, 피고인이 위 D에게 목걸이를 선물한 것에 대하여 피해자 C이 질투를 하며 골을 부렸다는 이유로 손바닥으로 피해자의 머리와 뺨을 수회 때려 아동의 신체에 손상을 주거나 신체의 건강 및 발달을 해치는 신체적 학대행위를 하였다.",
            "피고인은 2017.2.중순 저녁 시간불상경 위 피고인의 집에서, 피해자 C에게 사망한 전처의 사진 등이 저장되어 있는 USB를 달라고 하였음에도 피해자가 이를 거부한다는 이유로 유아용 야구방망이로 전신을 수회 때리는 등 폭행하여 아동의 신체에 손상을 주거나 신체의 건강 및 발달을 해치는 신체적 학대행위를 하였다.",
            "피고인은 2017.5.19.19:30경 위 피고인의 집에서, 피고인이 마련하여 둔 처벌불원서(위 가.항 및 나.항 범행에 대하여 처벌을 원하지 않는다는 취지)에 대하여 피해자 C이 서명을 해주지 않자, 부엌칼을 가져와 피고인의 목에 들이대며 \"서명을 해주지않으면 죽겠다\" 고 말하며 겁을 주었다.",
            "그리고는 피해자에게 두꺼운 겨울옷을 입힌 후 \" 큰아빠 집에 가서 살라, 아빠가 없으면 고아원에 가야 한다\" 는 등으로 말하며 마치 내쫓을 것 같은 태도를 취하여 아동의 정신건강 및 발달에 해를 끼치는 정서적 학대행위를 하였다.",
            "피고인은 2017.4.8.21:00경부터 22:00경 위 피고인의 집에서, 전날 피해자 D이 운전 중인 피고인에게 \"남자가 왜 이렇게 시야가 좁아\" 라고 말하며 피고인을 무시하였다는 이유로 주먹으로 피해자의 얼굴을 1회 때리고, 손으로 목을 조르고, 피해자가 저항하며 피고인의 상의를 붙잡자 팔목을 깨물고, 피해자를 잡아끌어 허벅지를 소파 모서리에 부딪치게 하는 등 폭행하였다.",
            "그리하여 피해자에게 약 15일간의 치료를 요하는 다발성 타박상 등의 상해를 가하였다.",
            "피고인은 2017.6.2.22:20경 위 피고인의 집에서, 피해자 D에게 키스를 하려고 하였으나 계속된 가정폭력으로 피고인에 대한 감정이 좋지 않았던 피해자는 이를 거부하였고, 그럼에도 피고인은 계속하여 피해자에게 키스를 하려고 하자 피해자는 \"한번만 더 하면 깨물어 버리겠다\"는 말까지 하며 명확히 거부의사를 밝혔다.",
            "이와 같은 피해자의 명시한 거부의사에도 불구하고 피고인은 피해자의 몸을 끌어당긴 후 입에 키스를 하고, 가슴과 엉덩이를 만져 피해자를 강제로 추행하였다."
        ]
    },
    "dcss": {
        "courtDcss": [
            "피고인이 판시 범죄사실 제1의 가.항 기재와 같이 위 피해자를 폭행하여 신체적 학대행위를 한 사실이 충분히 인정되고, 따라서 피고인 및 변호인의 이 부분 주장은 받아들이지 아니한다.",
            "피고인이 강제추행의 고의를 가지고 위 피해자의 의사에 반한 추행행위를 한 사실을 충분히 인정할 수 있고, 따라서 피고인 및 변호인의 이 부분 주장도 받아들이지 아니한다.",
            "이 부분 각 공소사실은 형법 제260조 제1항에 해당하는 죄로서 같은 조 제3항에 의하여 피해자의 명시한 의사에 반하여 공소를 제기할 수 없는바, 기록에 의하면, 피해자 D이 이 사건 공소 제기 후인 2017.11.30.피고인에 대한 처벌을 원하지 않는다는 의 사가 표시된 합의서를 이 법원에 제출한 사실이 인정된다."
        ]
    },
    "close": {
        "cnclsns": [
            "피고인을 벌금 700만 원에 처한다.",
            "피고인이 위 벌금을 납입하지 아니하는 경우 10만 원을 1일로 환산한 기간 피고인을 노역장에 유치한다.",
            "피고인에게 24시간의 성폭력 치료프로그램 및 40시간의 아동학대 치료프로그램 이수를 명한다.",
            "위 벌금에 상당한 금액의 가납을 명한다.",
            "이 사건 공소사실 중 각 폭행의 점에 대한 공소를 기각한다."
        ]
    }
}