{
    "info": {
        "caseField": "2",
        "detailField": "6",
        "trailField": "1",
        "caseNm": "특정경제범죄가중처벌등에관한법률위반(횡령)",
        "courtNm": "수원지방법원",
        "judmnAdjuDe": "2011. 12. 08.",
        "caseNo": "2011고합594",
        "relateLaword": [
            "특정경제범죄 가중처벌 등에 관한 법률 제3조",
            "형법 제356조",
            "형법 제355조"
        ],
        "qotatPrcdnt": []
    },
    "concerned": {
        "acusr": "4",
        "dedat": "1"
    },
    "org": {
        "orgJdgmnCourtNm": "",
        "orgJdgmnAdjuDe": "",
        "orgJdgmnCaseNo": ""
    },
    "disposal": {
        "disposalform": "6",
        "disposalcontent": [
            "피고인을 징역 3년 6월에 처한다."
        ]
    },
    "mentionedItems": {
        "rqestObjet": [
            "피고인을 징역 3년 6월에 처한다."
        ]
    },
    "assrs": {
        "acusrAssrs": [],
        "dedatAssrs": []
    },
    "facts": {
        "bsisFacts": [
            "피고인은 0000 피해자 주식회사 000 한국지점의 경리사원으로 2001. 4. 1. 경 입사하여 예금계좌 관리 등 재무관련 업무에 종사하던 사람이다.",
            "피고인은 2010.11. 경 피해자 회사에서 피해자 회사가 거래하는 000 예금계좌등 3개 예금계좌의 공인인증서, 보안카드, 비밀번호를 관리하면서 운영자금을 피해자를 위하여 업무상 보관하던 중 같은 달 22. 경 위(계좌번호)계좌에서 408,448,146원을 피고인 명의 000 예금계좌 이체하여 그 무렵 주식투자금등으로 임의 사용하였다.",
            "별지 범죄일람표 기재와 같이 그 무렵부터 2011.2.14. 경까지 모두 14회에 걸쳐 합계 1,916,448,146원을 계좌 이체를 통해 주식투자금 및 개인용도로 임의 사용하는 등 업무상 보관하던 피해자 회사의 돈을 횡령하였다."
        ]
    },
    "dcss": {
        "courtDcss": [
            "이 사건 범행은 피고인이 2001.4.1. 부터 피해자 회사에서 예금계좌 관리 등 재무관련 업무에 종사하던 중 업무상 소지한 피해자 회사의 공인인증서 등을 이용하여 피해자 회사의 예금계좌에서 피고인의 예금계좌로 회사 자금을 무단 이체한 사안으로서 그 죄질이 불량한 점이 있다.",
            "피고인이 이 사건 범행 과정에서 범행이 탄로날 것이 두려운 나머지 피해자 회사의 입출금명세조회결과를 위조하여 회계법인에 허위의 결산자료를 제출하기도 한 점, 이 사건 범행의 횡령액이 약 19억 원에 이르고 피고인이 현실적으로 피해회복을 위하여 피해자 회사에게 송금한 금원을 제외한 나머지 피해금액이 약 13억 3천만 원에 이르는 점이 있다.",
            "그밖에 피고인이 피해자 회사를 위하여 피고인소유의 아파트에 후순위 근저당권을 설정하여 주고 상장폐지된 회사의 주식을 양도하였으며, 피고인의 급여, 퇴직금 중 3,200만 원이 가압류되어 있지만 이를 고려하더라도 그 자산가치가 실질적으로 크지는 않아 미회복된 피해금원의 규모가 상당할 것으로 보이는 점이 있다.",
            "피해자 회사의 지사장이 이 사건 범행으로 인한 피해의 중대함을 언급하면서 피고인의 엄중한 처벌을 원하고 있는 점 등을 종합하면, 피고인에 대하여는 실형선고가 불가피하다.",
            "다만 피고인이 이 사건 범행을 모두 인정하고 자신의 잘못을 깊이 뉘우치고 있는 점, 피고인이 이 사건 범행 이전에 형사처벌을 받은 전력이 없는 점 등을 고려한다.",
            "피고인은 피해자 회사의 자금을 인출하여 개인적으로 주식 또는 파생상품 거래를 한 후 인출금을 다시 돌려놓으려 했던 것으로 보이고 피고인이 횡령한 금원을 다른 곳에 은닉하였다고 볼 자료가 없는 점, 그밖에 피고인의 연령, 성행, 가정환경, 범행 후의 정황 등 이 사건 변론에 나타난 모든 양형요소 및 양형기준을 종합적으로 고려하여 주문과 같이 형을 정한다. "
        ]
    },
    "close": {
        "cnclsns": [
            "피고인을 징역 3년 6월에 처한다."
        ]
    }
}