{
    "info": {
        "caseField": "2",
        "detailField": "6",
        "trailField": "1",
        "caseNm": "가.사기 나.폭력행위등처벌에관한법률위반(공동공갈) 다.공갈 라.사기방조 마.상해",
        "courtNm": "울산지방법원",
        "judmnAdjuDe": "2020. 09. 25.",
        "caseNo": "2018고단860",
        "relateLaword": [
            "폭력행위 등 처벌에 관한 법률 제2조",
            " 형법 제350조",
            "형법 제347조",
            "형법 제30조",
            "형법 제257조",
            "형법 제32조",
            "형법 제55조",
            "형법 제50조",
            "형법 제70조",
            "형법 제69조",
            "형사소송법 제334조",
            "소송촉진 등에 관한 특례법 제32조",
            "소송촉진 등에 관한 특례법 제25조"
        ],
        "qotatPrcdnt": [
            "대법원 2005. 4. 29. 선고 2003도6056 판결",
            "대법원 2017. 5. 31. 선고 2016도12865 판결"
        ]
    },
    "concerned": {
        "acusr": "4",
        "dedat": "1"
    },
    "org": {
        "orgJdgmnCourtNm": "",
        "orgJdgmnAdjuDe": "",
        "orgJdgmnCaseNo": ""
    },
    "disposal": {
        "disposalform": "6",
        "disposalcontent": [
            "피고인 00 피고인을 징역 1년 6월에 처한다.",
            "피고인에 대한 공소사실 중 피해자 00 및 판시 2018고단860 별지 범죄일람표II, 범죄일람표III 기재 각 피해자들에 대한 사기의 점은 각 무죄다.",
            "피고인 00 피고인을 벌금 300만원에 처한다. ",
            "피고인이 위 벌금을 납입하지 아니하는 경우 10만원을 1일로 환산한 기간 피고인을 노역장에 유치한다. ",
            "피고인에게 위 벌금에 상당한 금액의 가납을 명한다.",
            "피고인에 대한 공소사실 중 피해자 00에 대한 사기방조의 점은 무죄이다.",
            "배상명령신청에 대하여 이 사건 배상명령신청을 각하한다."
        ]
    },
    "mentionedItems": {
        "rqestObjet": [
            "피고인 00 피고인을 징역 1년 6월에 처한다.",
            "피고인 00 피고인을 벌금 300만원에 처한다.",
            " 피고인이 위 벌금을 납입하지 아니하는 경우 10만원을 1일로 환산한 기간 피고인을 노역장에 유치한다.",
            "피고인에게 위 벌금에 상당한 금액의 가납을 명한다."
        ]
    },
    "assrs": {
        "acusrAssrs": [],
        "dedatAssrs": [
            "피고인은 상피고인 00, 00가 피해자들 명의로 스마트폰을 개통한 후 그 스마트폰을 중고로 처분하여 편취한다는 점에 대하여 알지 못하였고, 이를 용이하게 해 주려는 의사도 없었으며, 이로 인한 이득도 취한 적이 없다. ",
            "따라서 피고인에게 00, 00의 사기 범행에 대한 방조의 고의가 인정될 수 없다."
        ]
    },
    "facts": {
        "bsisFacts": [
            "피고인은 학교 후배인 한후배와 모의하여 휴대폰 운반 아르바이트를 모집한다는 허위 광고를 내어 사람을 유인한 후 겁을 주어 이들로 하여금 휴대폰을 개통하게 한 후 휴대폰을 빼앗아 판매하는 방법으로, 채무 변제 및 생활비에 사용할 돈을 마련하기로 계획하였다.",
            "피고인은 위 카페에서 피해자에게 \"이 일 하다가 도중에 도망가면 애들 풀어서 찾는 것은 시간문제니까 도망가지 마라\" 라고 말하고, 한 후배는 그 옆에 피고인과 함께 서서 피해자에게 마치 시키는 일을 하지 않으면 위해를 가할 것처럼 행동하여 겁을 주었다.",
            "피해자가 위 'M통신 폰플러스' 휴대폰 매장에서 '0' 휴대폰을 개통하여 들고 오자, 위와 같이 겁을 먹은 피해자로부터 위 '0' 휴대폰을 교부받았다.",
            "계속하여 피고인은 피해자에게 \"이제 0000에 가자\" 라고 말한 다음 한후배와 함께 피해자를 데리고 택시에 탑승하여 0000에 있는 'G커뮤니케이션' 휴대폰 대리점으로 이동한 후 위와 같은 방법으로 피해자로 하여금 신규 ' 0 ' 휴대폰을 개통하게 하고, 위 ' G커뮤니케이션 ' 휴대폰 대리점 앞에서 피해자를 기다린 후 위와 같은 방법으로 겁을 먹은 피해자로부터 위 ' 0 ' 휴대폰을 교부받았다.",
            "피고인은 인터넷 사이트인 0을 통해 '고액 알바'를 제공할 것처럼 불특정 다수인에게 메시지를 전송한 다음, 이를 보고 연락한 사람들에게 '휴대폰을 개통해주면 그 즉시 10만 원 내지 20만 원의 현금을 주고, 휴대폰 이용 요금이나 단말기 비용은 피고인이 부담하며, 명의자들에게는 아무런 피해가 없다.'는 취지로 거짓말하기로 마음먹었다.",
            "이에 따라 피고인은 2017. 10. 23.경 0000 이하 불상지에서, 위와 같은 방법으로 피해자 최피해를 기망하여, 이에 속은 피해자로부터 같은 날 0000 D텔레콤에서 피해자 명의로 개통된 시가 2,508,000원 상당의 휴대폰 2대를 교부받았다.",
            "그때부터 2018. 1. 19.경까지 위와 같은 방법으로 0000 소재 휴대폰 판매 대리점에서 별지 범죄일람표I 연번 3 내지 9번 기재와 같이 피해자 7명으로부터 시가 17,476,800원 상당의 휴대폰 12대를 교부받았다.",
            "피고인은 00, 00와 공모하여 2017. 12. 9.경 0000 이하 불상지에서, 제1항과 같은 방법으로 피해자 이피해를 기망하여, 이에 속은 피해자로부터 같은 날 불상의 휴대폰 판매 대리점에서 피해자 명의로 개통된 시가 3,115,200원 상당의 휴대폰 2대를 교부받았다.",
            "피고인은 2017. 10. 초순경 0000에 있는 불상지에서 피해자 이수에게 전화를 걸어 \"형(이수)명의로 휴대폰을 개통해서 기계를 나에게 주면, 1대당 10만 원을 현금으로 주고, 휴대폰 요금과 단말기 대금은 문제 없이 처리해주겠다.\"고 거짓말하였다.",
            "피고인은 이에 속은 피해자로부터 2017. 10. 18.경 0000에 있는 D텔레콤에서 피해자 명의로 개통된 시가 1,254,000원 상당의 0 휴대폰 2대를 교부받은 것을 비롯하여 그때부터 2017. 10. 25.경까지 별지 범죄일람표 기재 순번 1 내지 4번 기재와 같이 총 4회에 걸쳐 피해자로부터 시가 합계 3,899,500원 상당의 휴대전화 등을 교부받았다.",
            "피고인은 이에 속은 피해자로부터 같은 날 위 T아울렛 매장에서 피해자 명의로 개통된 시가 1,557,600원 상당의 0 휴대폰 2대를 교부받은 것을 비롯하여, 그때부터 2017. 11. 29.경까지 별지 범죄일람표 기재 순번 5 내지 8번 기재와 같이 총 4회에 걸쳐 피해자로부터 시가 합계 5,541,800원 상당의 휴대전화를 교부받았다.",
            "피고인은 위 피해자 00가 위와 같이 개통된 휴대폰을 대포폰으로 경찰에 신고한 사실을 알게 되어 화가 나 2017. 10. 28. 0000 에 있는 000 앞에서 피해자에게 \"형, 서로 믿기로 하였는데, 왜 신고를 하려고 합니까, 형 정말 죽고 싶어요? 뒤지고 싶어요? 싸울래요? 좋은 말로 할 때 따라오세요.\" 라고 말하면서 겁을 주었다.",
            "피고인은 2017. 10. 18.경 0000에 있는 피고인 운영의 D텔레콤에서, 제1의 가. 1)항 기재와 같이 00가 피해자 이수명의로 휴대폰을 개통하여도 단말기 대금이나 휴대폰 요금을 지급하지 않고 피해자 명의로 개통된 휴대폰을 취득하려고 한다는 사실을 알고 있음에도 00가 데리고 온 위 피해자에게 휴대전화가입신청서를 건네주었다.",
            "피고인은 2017. 10. 31.경 위 D텔레콤에서, 제1의 가. 2)항 기재와 같이 00가 피해자 차원 명의로 휴대폰을 개통하여도 단말기 대금이나 휴대폰 요금을 지급하지 않고 피해자 명의로 개통된 휴대폰을 취득하려고 한다는 사실을 알고 있음에도 00가 데리고 온 위 피해자에게 휴대전화가입신청서를 건네주어 피해자로 하여금 시가 1,130,800원 상당의 0 휴대폰 1대를 개통하게 한 뒤 그 휴대폰을 00에게 건네 주었다.",
            "이로써 피고인은 00이 피해자를 기망하여 피해자 명의로 개통된 휴대폰을 교부받아 편취하는데 있어 위와 같이 피해자 명의의 휴대전화신규가입을 하게 해주어 00의 사기 범행을 용이하게 하여 이를 방조하였다.",
            "그 무렵부터 2017. 10. 30.까지 별지 범죄일람표 연번 1 내지 9, 11, 12번 기재와 같이 같은 방법으로 00, 00, 00, 00, 00, 00, 00가 데리고 온 피해자들에 대하여 휴대전화 신규가입을 하게 하여 00 등이 0 휴대전화기 등 18대 시가 22,572,000원을 교부받아 편취하게 하여 00 등의 사기범행을 용이하게 하여 이를 방조하였다.",
            "피고인은 2020. 6. 14. 03:40경 0000에 있는 '0' 앞 도로에서 피고인이 던진 담배꽁초에 항의하는 피해자 00 (여, 25세)과 말다툼을 하던 중 화가 나 주먹으로 피해자 00의 왼쪽 눈 부위를 때려 넘어뜨림으로써 피해자 00에게 약 14일간의 치료가 필요한 안면부 타박상 등을 가하였다.",
            "피고인의 위와 같은 행위에 대응하여 피고인을 때리는 피해자 00의 친구인 피해자 00(남, 25세)의 얼굴 부위를 발로 걷어차고 주먹으로 수회 때려 피해자 00에게 약 56일간의 치료가 필요한 안와바닥의 골절 등의 상해를 가하였다.",
            "피고인을 비롯한 상피고인 00, 00, 00, 00, 00, 00, 00, 00, 00, 00, 00, 00은 00, 00와 함께 정상적인 방법으로는 대출을 받기 어려운 무직인 대출신청인들을 모집하였다.",
            "이들로 하여금 직장에 소속되어 정기적인 수입원이 있는 것처럼 속여 은행으로부터 대출(속칭 '작업대출')을 받아 그 수익을 나눠 갖기로 모의하였다."
        ]
    },
    "dcss": {
        "courtDcss": [
            "위와 같은 법리에 기초하여 살피건대, 이 법원이 적법하게 채택하여 조사한 증거들에 의하여 인정되는 아래와 같은 사정들을 종합해 보면, 피고인이 정범인 00, 00의 휴대폰 편취 범행에 대하여 미필적 인식이나 예견이 있었고, 그럼에도 판시 범죄사실 기재 행위에 나아감으로써 00, 00의 사기 범행을 방조하였음이 인정되므로, 피고인에게 방조의 고의가 있었다고 인정할 수 있다.",
            "00과 00의 위와 같은 범행은 전형적인 '휴대폰깡'(실제 사용 목적이나 의사 없이 개통만 한 후 휴대폰만 교부받아 유통하는것)수법의 사기 범행으로써 상당한 기간 휴대폰 매장을 운영한 피고인의 경력이나 경험에 비추어 볼 때 피고인은 00과 00의 행위가 '휴대폰깡'에 해당하는 사기 범행이라는 점을 충분히 알고 있었거나 이를 예견할 수 있었다고 봄이 타당하다. ",
            "00 등 다른 핸드폰 매장 업주의 진술에 의하면 휴대폰 신규개통, 기기변경이나 통신사 변경을 통한 개통시 1건당 5만 원에서 최대 25만 원 상당의 이익이 발생한다는 것이므로, 00과 00가 자주 피고인의 매장을 방문하여 핸드폰 개통횟수를 증가시켜 주었다면 그에 따라 피고인도 일정 부분 이득을 취하였을 것으로 봄이 합리적이므로, 피고인으로서는 00과 00의 위 사기 범행을 도와줄 충분한 경제적 동기와 이유가 있다고 판단된다.",
            "결국 피고인은 00과 00가 피고인의 매장에서 한 위와 같은 소위 휴 대폰깡 수법의 사기 범행을 충분히 인식하고 있었거나 예견하고서도 별다른 제지나 고민 없이 00, 00가 데려온 피해자들이 그들 명의로 휴대폰을 개통하는 절차를 밟도록 하여 00, 00의 범행을 도왔음이 충분히 인정되므로, 방조의 고의가 인정된다.",
            "피고인이 자신의 모든 범행을 인정하면서 잘못을 깊이 반성하고 있는 것으로 보이는 점, 그 전 형사처벌 전력이 없는 초범인 점, 판시 2020고단3314 사기 범행의 경우 실제 가담 횟수는 2차례에 불과하고, 00 명의로 대출받은 600만 원에 대하여는 피해 금융기관에 변제함으로써 그 피해가 회복된 점 등은 피고인에게 유리한 정상이다.",
            "피고인의 2017. 10.경부터 같은 해 12.경까지 사기 범행은 피고인이 단독으로 또는 00, 00 등 상피고인들과 공모하여 피해자 총 11명을 상대로 휴대폰 주로 0 을 가개통하여 단말기를 교부해 주면 휴대폰 이용 요금이나 단말기 비용을 부담할 것처럼 기망행위를 하여 피해자들로부터 휴대폰 단말기를 교부받아 이를 처분하는 방법으로 경제적 이득을 취득한 것이다.",
            "그로 인한 피해액이약 3,110만 원에 이르고, 피고인은 현재까지 위 사기 범행의 피해자들과 합의에 이르거나 피해자들의 피해회복을 위한 조치를 취하지 못하여 그 죄질이 상당히 무겁다.",
            "피고인은 추가로 피해자 00, 00의 스마트폰을 갈취하는 범행을 저질렀고, 위 공갈 범행의 피해자들과도 합의에 이르거나 피해회복조치를 취하지 못하였으며, 위 사기 및 공갈 범행으로 구속되어 이 사건 형사재판을 받던 중 보석으로 풀려난 이후에도 자숙하지 아니한 채 추가로 판시 상해 범행 및 판시 2020고단3314 사기 범행을 추가로 저질렀고, 위 상해 범행의 피해자들과 합의에 이르거나 그들의 피해를 회복시켜 주지 못하였다.",
            "특히 피고인의 판시 2020 고단3314 사기 범행은 피고인이 작업 대출 의 총책인 00의 계획적 사기 범행에 가담하여 대출자 모집의 역할을 수행하고, 피해 금융기관이 부실 대출을 하도록 한 것으로써 그 죄질이 상당히 불량한 조직적 범죄에 해당한다.",
            "위와 같은 피고인의 일련의 본건 각 범행 과정과 내용, 범행 경위와 동기 등을 종합하여 볼 때 피고인이 저지른 범죄의 태양이 중대하고, 비난가능성도 매우 높다고 할 것이며, 피고인에게 재범의 위험성이 높아 보이고, 법질서 준수의식도 매우 미약한 것으로 판단된다. 따라서, 피고인에게 법질서 위반의 중대성과 심각성을 일깨우기 위하여 엄중한 처벌의 필요성이 높아 실형의 선고가 불가피하다.",
            "위와 같은 피고인에 관한 양형 정상과 더불어 피고인의 연령, 성행, 환경, 범행의 동기와 경위, 범행으로 얻은 이익, 범행 후의 정황 등 이 사건 변론에 나타난 제반 정상들을 참작하여 양형기준에 따른 권고형의 범위 내에서 주문과 같이 형을 정한다.",
            "피고인은 상당 기간 휴대폰 매장을 운영하여 휴대폰 판매와 관련한 부당·불법행위의 존재나 내용에 대하여 어느 누구보다도 인식하고 있는 지위에 있는 사람인데, 그러한 지위에 있는 사람이 00, 00의 '휴대폰깡' 수법의 사기 범행을 제지하지 아니하고 오히려 여기에 편승하여 그들의 사기 범행을 방조하였으며, 피고인의 방조행위로 인하여 피해를 입은 피해자가 총 11명에 달한다는 점에서 그 죄질이 결코 가볍지 않고, 비난가능성도 높다.",
            "다만, 피고인이 본건 범행 이후 피해자들의 신고나 항의를 받은 이후에는 더 이상 00, 00에게 휴대폰 개통을 하여 주지는 않은 것으로 보이는 점, 피고인이 그 전 형사처벌 전력이 없는 초범인 점, 피고인이 앞으로는 성실하게 휴대폰 매장 영업을 하면서 부당하거나 불법적인 행위에 가담하지 않겠다고 다짐하고 있는 점, 피고인의 사회적 유대관계가 건실해 보이는 점 등은 피고인에게 유리한 정상이다.",
            "위와 같은 피고인에 관한 양형 정상과 더불어 피고인의 연령, 성행, 환경, 범행의 동기와 경위, 범행으로 얻은 이익, 범행 후의 정황 등 이 사건 변론에 나타난 제반 정상들을 참작하여 주문과 같이 형을 정한다.",
            "[2018고단860] 위 공소사실에 부합하는 증거로는 상피고인 00이 수사기관에서 조사를 받으면서 제출한 첨부자료(위 피해자에 대한 개통내역)가 사실상 유일한데, 그 자료의 기재만으로는 위 공소사실이 합리적 의심의 여지 없이 인정된다고 단정하기 어렵고, 달리 이를 인정할 만한 증거가 없다. ",
            "00이 수사기관에서 조사를 받으면서 제출한 첨부자료(위 피해자들에 대한 개통내역)의 기재만으로는 피고인과 00의 위 피해자들에 대한 사기 범행의 공모사실을 인정하기가 어렵고, 달리 이를 인정할 만한 증거가 없다.",
            "피고인은 00, 00과의 공모사실을 부인하고 있고, 00이 수사기관에서 조사를 받으면서 제출한 첨부자료(피해자 00, 00에 대한 개통내역)의 기재만으로는 피고인이 00, 00과 공모하여 위 피해자들에 대한 사기 범행에 가담하였다는 부분을 인정하기가 부족하다.",
            "달리 이를 인정할 만한 증거가 없는 반면 00, 00은 수사기관의 조사 및 본인들의 형사재판이 법원 2017고단4468(병합)등 사건)에서 위 피해자들에 대한 공동범행을 인정하면서도 그 범행에 피고인이 공모,가담 하였는지에 관하여 명백하거나 확실하게 진술한 적이 없다. ",
            "이러한 사정에 비추어 볼 때 위 공소사실이 합리적 의심의 여지 없이 증명된다고 보기 어렵다.",
            "피고인의 00, 00, 00, 00, 00, 00과의 공동범행에 관하여 살피건대, 피고인은 위 공소사실을 부인하고 있는데, 0000QKT 제출자료(증거목록 순번 18), 00의 제출자료(증거목록 순번 51)의 각 기재내용만으로는 위 공소사실이 합리적 의심의 여지 없이 인정된다고 단정하기 어렵고, 달리 이를 인정할 만한 증거가 없다. ",
            "① 상피고인 00, 00, 00, 00, 00, 00은 본인들의 형사재판에서 위 공소사실처럼 다같이 공모하여 피해자들에 대한 사기 범행을 한 사실이 없다고 부인하였었고, 이들의 수사기관 및 형사재판에서의 진술에 의하면, 주범인 00과 00이 수익 분배 갈등으로 서로 갈라졌다.",
            "00은 주로 00, 00와 한 편이 되어 사기 범행을 저질렀고, 00은 00, 00과 한 편이되어 같이 사기 범행을 저질렀으며, 다른 편의 범행에 대하여는 내용만 알지 관여하지는 않았다.",
            "② 00, 00을 제외한 나머지 피해자들에 대하여는 00의 'S플러스'에서 휴대폰 개통이 이루어졌는데, 00은 이 법정의 증인신문에서 정이 진은 일반손님이고, 00은 피고인이나 00 등이 데리고 온 손님인지 기억이 나지 않으며, 피고인과 00 등의 일행이 한꺼번에 '0'에 오거나 역할을 분담하여 움직인 적은 없었다는 취지로 진술하였다.",
            "③ 위 공소사실에서 특정된 피해자들에 대한 사기 범행에 00 외에 피고인을 비롯한 다른 상피고인들이 가담하였는지 여부에 관하여 피해자들에 대한 조사가 이루어지지 않은 점 등을 종합해 보면, 피고인이 00 등 다른 상피고인들 전부와 공모하여 위 피해자들에 대한 사기 범행에 가담하였다고 보기 어려우므로, 위 공소사실이 합리적 의심의 여지 없이 증명되었다고 보기 어렵다.",
            "피고인의 00, 00과의 공동범행 관하여 살피건대, 피고인은 00, 00과의 공모사실을 부인하고 있고, 00의 제출자료(증거목록 순번 51)의 각 기재내용만으로는 위 공소사실이 합리적 의심의 여지 없이 인정된다고 단정하기 어렵고, 달리 이를 인정할 만한 증거가 없다. ",
            "반면 이 법원이 적법하게 채택하여 조사한 증거들에 의하여 인정되는 다음과 같은 사정들, 즉, ① 피해자 00는 00의 'S플러스'에서 휴대폰 개통이 이루어졌는데, 00은 이 법정의 증인신문에서 00의 휴대폰 개통에 관하여 기억이 나지 않는다는 취지로 진술하였다.",
            "② 00은 본인의 형사재판에서 피고인, 00와 공동하여 사기 범행을 같이 한 적이 없다는 취지로 진술하였고, 00 역시 본인의 형사재판에서 피고인, 00과 공동으로 사기 범행을 같이 한 적이 없으며, 자신은 00하고만 범행을 같이 하였다는 취지로 진술하였던 점 등에 비추어 보면, 위 공소사실이 합리적 의심의 여지 없이 증명되었다고 보기 어렵다.",
            "방조범은 종범으로서 정범의 존재를 전제로 하는 것이므로, 정범의 범죄행위 없이 방조범만이 성립될 수는 없다(대법원 2017. 5. 31. 선고 2016도12865 판결).",
            "그런데 이 법원이 적법하게 채택하여 조사한 증거들에 의하면, 위 공소사실의 피해자 00는 00이 다른 피해자들을 상대로 본건 사기 범행을 할 때 같이 가담하였던 상피고인 00와 동일 인물임이 확인되었고, 이에 따라 검사가 피고인의 00과의 공모에 기한 사기 공소사실에서 피해자 00에 대한 범행의 점에 관하여 공소를 취하하여 제18회 변론기일에서 이 부분 공소사실에 관하여 공소기각결정이 이루어진 사실이 있다.",
            "그렇다면 정범인 피고인, 00의 피해자 00에 대한 사기 범행이 존재한다고 볼 수 없는 이상 그 범행에 가담하였다는 내용의 피고인의 사기방조 공소사실은 인정될 수 없다."
        ]
    },
    "close": {
        "cnclsns": [
            "[피고인 00] 피고인을 징역 1년 6월에 처한다.",
            "피고인에 대한 공소사실 중 피해자 권호 및 판시 2018고단860 별지 범죄일람표Ⅱ, 범죄일람표Ⅲ 기재 각 피해자들에 대한 사기의 점은 각 무죄이다.",
            "[피고인 00] 피고인을 벌금 300만 원에 처한다.",
            "피고인이 위 벌금을 납입하지 아니하는 경우 10만 원을 1일로 환산한 기간 피고인을 노역장에 유치한다.",
            "피고인에게 위 벌금에 상당한 금액의 가납을 명한다.",
            "피고인에 대한 공소사실 중 피해자 00에 대한 사기방조의 점은 무죄. ",
            "[배상명령신청에 대하여] 이 사건 배상명령신청을 각하한다."
        ]
    }
}