{
    "info": {
        "caseField": "2",
        "detailField": "6",
        "trailField": "1",
        "caseNm": "특수공무집행방해치상,법정소동",
        "courtNm": "서울중앙지방법원",
        "judmnAdjuDe": "2015. 07. 02.",
        "caseNo": "2015고합294",
        "relateLaword": [
            "형법 제144조",
            "형법 제136조",
            "형법 제10조",
            "형법 제55조",
            "형법 제37조",
            "형법 제39조"
        ],
        "qotatPrcdnt": []
    },
    "concerned": {
        "acusr": "4",
        "dedat": "1"
    },
    "org": {
        "orgJdgmnCourtNm": "",
        "orgJdgmnAdjuDe": "",
        "orgJdgmnCaseNo": ""
    },
    "disposal": {
        "disposalform": "6",
        "disposalcontent": [
            "피고인을 징역 1년 6개월에 처한다."
        ]
    },
    "mentionedItems": {
        "rqestObjet": [
            "피고인을 징역 1년 6개월에 처한다."
        ]
    },
    "assrs": {
        "acusrAssrs": [],
        "dedatAssrs": []
    },
    "facts": {
        "bsisFacts": [
            "피고인은 2014. 11. 6. 수원지방법원에서 강간미수죄 등으로 징역 6년을 선고받고, 2015. 5. 29. 그 판결이 확정되었다.",
            "피고인은 2007. 3.경부터 우울증, 주의력결핍 과잉행동장애 등 정신질환으로 약물 치료를 받고 있는 병력이 있는 사람이다.",
            "피고인은 위와 같은 정신질환으로 인하여 사물을 변별하거나 의사를 결정할 능력이 미약한 상태에서, 2014. 3. 19. 10:30경 0000에 있는 서울고등법원 제505호 법정에서, 위 사건의 항소심 피고 사건의 선고기일에 출석하여 위 사건의 재판장에게 선고기일 연기를 신청하였으나 거절되었다. ",
            "피고인의 항소를 기각하는 판결이 선고되자 이에 앙심을 품고, 선고가 종결될 무렵 뒤에 있던 위험한 물건인 피고인석 의자를 들어 법대를 향해 집어던져, 마침 피고인이 의자를 집어 드는 것을 보고 이를 제지하기 위해 피고인에게 뛰어가던 서울고등법원 소속 법원보안관리대원 피해자 B(30세, 남)의 왼쪽 무릎을 가격하였다.",
            "이로써 피고인은 위험한 물건을 휴대하여 공무원인 피해자를 폭행함으로써 법정의 존엄과 질서유지에 관한 정당한 공무집행을 방해하고 이 과정에서 피해자로 하여금 약 4주간의 치료를 요하는 대퇴골 관절돌기의 골절, 폐쇄성(좌측) 등의 상해를 가하였다."
        ]
    },
    "dcss": {
        "courtDcss": [
            "피고인은 우울증 등 정신질환으로 사물을 변별하거나 의사를 결정할 능력이 미약한 상태에서 판시 범행을 저질렀다. ",
            "피고인에게는 2015. 5. 29. 확정된 강간미수죄 등의 전과가 있어, 위 사건과 동시에 판결을 받았을 경우와의 형평을 고려하여야 하고, 위 확정된 전과 이외에 별다른 전과는 없다.",
            "그러나 피고인의 이 사건 범죄사실은, 피고인에 대한 형사사건 재판에서 재판장의 판결 선고 도중 판결의 결과가 불리할 것으로 예상되자, 위험한 물건인 피고인석 의자를 집어 던져 이를 제지하려던 법원보안관리 대원인 피해자의 왼쪽 무릎을 가격하였다는 것으로, 이러한 피고인의 행위는 법정의 존엄과 재판의 권위를 심각하게 훼손할 뿐만 아니라 정당한 공무를 집행하는 공무원의 직무수행을 방해하는 행위로서 그 죄질이 매우 좋지 않다. ",
            "피고인의 판시 범행으로 피해자는 5일간의 입원치료를 포함한 4주간의 치료가 필요한 상해를 입게 되었고, 피해자는 피고인의 처벌을 원하고 있다. 피고인에게는 실형의 선고가 불가피하다. ",
            "그밖에 피고인의 연령, 성행, 지능과 환경, 범행의 동기, 수단과 결과 및 범죄 후의 정황 등 이 사건 변론에 나타난 모든 양형요소를 참작하여 주문과 같은 형을 선고한다."
        ]
    },
    "close": {
        "cnclsns": [
            "피고인을 징역 1년 6개월에 처한다."
        ]
    }
}