{
    "info": {
        "caseField": "2",
        "detailField": "6",
        "trailField": "1",
        "caseNm": "강제추행",
        "courtNm": "광주지방법원",
        "judmnAdjuDe": "2020. 11. 04.",
        "caseNo": "2020고단424",
        "relateLaword": [
            "형법 제298조",
            "형법 제62조",
            "성폭력범죄의 처벌 등에 관한 특례법 제16조",
            "성폭력범죄의 처벌 등에 관한 특례법 제47조",
            "성폭력범죄의 처벌 등에 관한 특례법 제49조",
            "아동, 청소년의 성보호에 관한 법률 제49조",
            "아동, 청소년의 성보호에 관한 법률 제50조",
            "아동, 청소년의 성보호에 관한 법률 제56조",
            "장애인복지법 제59조",
            "성폭력범죄의 처벌 등에 관한 특례법 제42조",
            "성폭력범죄의 처벌 등에 관한 특례법 제43조",
            "형사소송법 제325조"
        ],
        "qotatPrcdnt": []
    },
    "concerned": {
        "acusr": "4",
        "dedat": "1"
    },
    "org": {
        "orgJdgmnCourtNm": "",
        "orgJdgmnAdjuDe": "",
        "orgJdgmnCaseNo": ""
    },
    "disposal": {
        "disposalform": "6",
        "disposalcontent": [
            "피고인에 대한 형을 징역 8개월로 정한다.",
            "다만, 이 판결 확정일부터 2년간 위 형의 집행을 유예한다.",
            "피고인에게 40시간의 성폭력 치료강의 수강을 명한다."
        ]
    },
    "mentionedItems": {
        "rqestObjet": [
            "피고인은 피해자를 강제추행하였다."
        ]
    },
    "assrs": {
        "acusrAssrs": [],
        "dedatAssrs": [
            "피고인과 피해자가 둘만 있는 위 자동차 안에서 피해자가 피고인에게 뽀뽀를 해 달라고 하는 등 피고인에 대해 호감을 표시하였는바, 이는 피고인이 피해자의 가슴을 만지는 것에 대한 피해자의 묵시적 동의에 해당하는바, 피고인은 피해자의 묵시적 동의 하에 피해자의 가슴을 만진 것이다. "
        ]
    },
    "facts": {
        "bsisFacts": [
            "피고인은 2019. 9. 12. 01:00~03:00경 C 000 승용차에 피해자 D(여, 19세)을 태우고 0000에 있는 'F' 호프집에서 같은 시 G건물 앞으로 운전하여 이동하던 중, 길가에 차량을 정차한 후 차 안에서 피해자의 상의 안으로 손을 집어넣어 가슴 부위를 만져 피해자를 강제추행하였다.",
            "피고인은 2019. 9. 12. 01:00~03:00경 C 000 승용차에 D을 태우고 0000에 있는 'F' 호프집에서 같은 시 G건물 앞으로 운전하여 이동하던 중, 길가에 차량을 정차한 후 차 안에서 D에게 입을 맞추어 D을 강제추행하였다."
        ]
    },
    "dcss": {
        "courtDcss": [
            "기록에 의하면, 피고인과 피해자가 범죄사실 기재 강제추행 직전 위 자동차 안에서 서로 교제하는 문제에 대하여 이야기를 나눈 사실, 피고인이 피해자의 가슴을 만진 것은 피해자와 피고인 사이에 입맞춤이 이루어지고 있던 시점인 사실, 뒤에서 보는 바와 같이 피고인과 피해자 사이의 입맞춤은 피해자의 동의 하에 이루어진 사실(앞서 든 증거에 의하면 피해자가 피고인에게 뽀뽀를 해 달라고 한 사실은 없는 것으로 보인다)을 인정할 수 있다.",
            "피고인이 피해자의 가슴을 만지자 피해자가 곧바로 그만이라고 말하며 피고인의 행위를 제지한 사실, 피해자는 범죄사실 기재 강제추행이 이루어진 후 1시간도 되지 않은 시점에 울면서 자신의 전 남자친구인 H에게 전화하여 피고인이 피해자의 가슴을 만진 사실을 거론하며 피고인을 비난한 사실 등을 인정할 수 있다.",
            "뒤에 인정한 사정에 비추어 보면 앞서 인정한 사실만으로는 피고인이 피해자의 가슴을 만지는 것에 대하여 피해자의 묵시적 동의는 없었던 것으로 봄이 상당하다.",
            "기록에 의하면, 피고인과 D은 위 차 안에서 두 번에 걸쳐 입을 맞춘 사실, 입맞춤이 이루어기 전 피고인은 D에게 피고인에 대해 호감을 가지고 있는지 여부를 물은 사실, 위 물음에 D이 현재는 좋은 감정을 가지고 있는데 앞으로도 두세 번 더 만나봐야 그 감정이 진정한 것인지 확신할 수 있을 것 같다고 대답한 이후 곧바로 피고인과 D이 첫 번째 입맞춤을 한 사실이 있다.",
            "첫 번째 입맞춤 후 D은 피고인에게 '됐지?'라고 말하며 만족하는지 여부를 물으며 '조금 더 만나보자'고 피고인에게 말한 사실, 그 직후 피고인과 D이 두 번째 입맞춤을 한 사실을 인정할 수 있다. ",
            "위와 같은 입맞춤이 이루어지기 전후의 사정에 비추어 보면, 피고인과 D 사이의 위 두 번의 입맞춤은 모두 D의 동의 하에 이루어진 것으로 봄이 상당하다.",
            "이 사건 공소사실은 범죄사실의 증명이 없는 경우에 해당한다(강제추행죄의 구성요건에 해당하는 행위는 피해자의 의사에 반한 추행행위를 의미하는바, 피해자의 동의 하에 이루어진 행위는 강제추행죄의 위법성을 조각시키는 데 그치는 것이 아니라 강제추행죄의 구성요건에 해당하지 않게 한다).",
            "형사소송법 제325조 후단에 따라 무죄를 선고하여야 할 것이나, 이 부분 공소사실과 일죄의 관계에 있는 범죄사실 기재 강제추행죄를 유죄로 인정한 이상 따로 주문에서 무죄를 선고하지 않는다."
        ]
    },
    "close": {
        "cnclsns": [
            "피고인에 대한 형을 징역 8개월로 정한다.",
            "다만, 이 판결 확정일부터 2년간 위 형의 집행을 유예한다.",
            "피고인에게 40시간의 성폭력치료강의 수강을 명한다."
        ]
    }
}