{
    "info": {
        "caseField": "2",
        "detailField": "6",
        "trailField": "1",
        "caseNm": "특정범죄가중처벌등에관한법률위반(운전자폭행)",
        "courtNm": "부산지방법원",
        "judmnAdjuDe": "2014. 12. 11.",
        "caseNo": "2014고단8706",
        "relateLaword": [
            "특정범죄 가중처벌에 등에 관한 법률 제5조의10 제1항",
            "형법 제257조 제1항",
            "형법 제37조 전단",
            "형법 제38조 제1항 제2호",
            "형법 제50조"
        ],
        "qotatPrcdnt": []
    },
    "concerned": {
        "acusr": "4",
        "dedat": "1"
    },
    "org": {
        "orgJdgmnCourtNm": "",
        "orgJdgmnAdjuDe": "",
        "orgJdgmnCaseNo": ""
    },
    "disposal": {
        "disposalform": "6",
        "disposalcontent": [
            "피고인을 징역 1년6월에 처한다."
        ]
    },
    "mentionedItems": {
        "rqestObjet": [
            "피고인을 폭행으로 징역에 처한다."
        ]
    },
    "assrs": {
        "acusrAssrs": [],
        "dedatAssrs": []
    },
    "facts": {
        "bsisFacts": [
            "피고인은 2014. 10. 11. 22:25경 0000 00000 앞 도로에서 C 택시 조수석에 승객으로 탑승한 채 진행하던 중 택시 운전자인 피해자 D(48세)이 적색신호를 받고 서행을 하자 피해자에게 \"씹할 놈아 빨리 가라\"라고 욕을 하면서 주먹으로피해자의 뒤통수와 얼굴을 때렸다.",
            "이로써 피고인은 운행 중인 자동차의 운전자를 폭행하였다.",
            "피고인은 제1항 기재 일시, 장소에서 피해자가 택시를 정차시키자 조수석에서 내려 운전석에 있던 위 피해자의 멱살을 잡고 강제로 끌어내린 후 주먹과 발로 피해자의 몸통 등을 수회 때리고, 피해자가 도망을 가려고 하는 자신을 따라와 다리를 붙잡자 발로 피해자의 허리부분을 밟아 피해자에게 약 12주간의 치료를 요하는 요추골절 등의 상해를 가하였다."
        ]
    },
    "dcss": {
        "courtDcss": [
            "피고인은 동종 범죄로 여러 차례 집행유예 및 벌금형을 선고받은 전력이 있음에도 다시 이 사건 범행을 저질렀고, 이 사건 범행으로 인하여 입은 피해자의 상해 정도가 상당히 중한 편이며, 또한 현재까지 제대로 피해 회복이 이루어지지 않고 있고, 그 밖에 피고인이 이 사건범행에 이르게 된 경위, 수단 및 방법 등 제반 사정을 고려하여 주문과 같이 판결한다."
        ]
    },
    "close": {
        "cnclsns": [
            "피고인을 징역 1년 6월에 처한다."
        ]
    }
}