{
    "info": {
        "caseField": "2",
        "detailField": "6",
        "trailField": "1",
        "caseNm": "특수강도",
        "courtNm": "대구지방법원",
        "judmnAdjuDe": "2020. 08. 14.",
        "caseNo": "2020고합19",
        "relateLaword": [
            "형법 제334조",
            "형법 제333조",
            "형법 제37조",
            "형법 제39조",
            "형법 제55조"
        ],
        "qotatPrcdnt": []
    },
    "concerned": {
        "acusr": "4",
        "dedat": "1"
    },
    "org": {
        "orgJdgmnCourtNm": "",
        "orgJdgmnAdjuDe": "",
        "orgJdgmnCaseNo": ""
    },
    "disposal": {
        "disposalform": "6",
        "disposalcontent": [
            "피고인을 징역 4년에 처한다."
        ]
    },
    "mentionedItems": {
        "rqestObjet": [
            "피고인은 위 등과 합동하여 피해자들의 재물을 강취하였다."
        ]
    },
    "assrs": {
        "acusrAssrs": [
            "피고인들은 피해자를 속여 휴대폰 등 물품을 가져오게 한 후 이를 무기를 휴대한 채 빼앗았으므로 특수 강도의 요건에 해당한다"
        ],
        "dedatAssrs": [
            "피고인은 불법 밀반입 물품에 대한 정상적인 검문 형식으로 입수하는 과정에서 휴대폰 등을 건너받은 것이지 물품을 빼앗은 것은 아니므로 특수강도는 아니고 사기죄는 성립할 수도 있다",
            "더욱이 폭행 정도에 비추어 보건대 공갈정도로 그칠 뿐이지 특수강도까지는 아니다"
        ]
    },
    "facts": {
        "bsisFacts": [
            "피고인은 2019. 1. 31.1) 대구지방법원에서 도박개장죄 등으로 징역 1년 6개월을 선고받고 2019. 7. 25. 그 판결이 확정되었다.",
            "피고인은 캄보디아에서 한국 중고 휴대전화가 상당한 인기제품으로 고가에 처분이 가능하다는 사실을 알고 2014. 4. 말경 중고 휴대폰 판매업자인 피해자 박○○에게, \"캄보디아에서는 한국 휴대전화가 인기가 많으니 휴대전화를 가지고 와서 팔면 많은 수익이 남을 것이다. 내가 도와줄 테니 수고비로 적당히 챙겨 달라.\"라고 이야기하였다.",
            "실제 위 피해자가 휴대전화 300대를 가지고 캄보디아로 출국하여 이를 판매하는 과정에서 현지인 매입처를 소개시켜 주는 등으로 꽤 괜찮은 수익을 얻도록 하였다.",
            "피고인은 2014. 7.경 위 피해자 박○○에게 \"내가 이야기한 것처럼 수익이 꽤 괜찮지 않느냐. 그런데 이왕 고생할 것이라면, 약 1,000대 정도를 가지고 와서 판매하면 좋을 것이다.\"라고 이야기하여 위 피해자 박○○이 다른 중고 휴대전화 판매업자인 피해자 복○○, 피해자 정○○과 함께 캄보디아에서 휴대전화기를 판매하도록 권유 하였다.",
            "위 피해자들이 캄보디아로 휴대전화기를 가지고 오면, 피고인은 현지인인 일명 ‘ ’(인적사항 불상)과 4명의 캄보디아 현지인인 성명불상자들이 함께 총기를 휴대하여 피해자들의 휴대전화 등을 강취하기로 공모하였다.",
            "위 공모에 따라 피고인은 2014. 7. 24. 19:20경 캄보디아 이하 장소 불상의 도로에서, 피해자들과 함께 승용차(번호 불상)를 타고 가던 중 성명불상의 캄보디아인 4명이 그 차를 가로막고 정지하도록 한 후 피해자들에게 총을 들고 반항하면 총을 발사하거나 위해를 가할 것처럼 겁을 주어 반항을 억압하였다.",
            "그러한 다음 피해자들 소유의 시가 1억 6,000만 원 상당의 스마트폰 950여대, 피해자들이 소지하고 있던 약 15,000달러(한화 약 1,600만 원 상당) 등이 들어 있는 여행용 가방 4개, 일명 ‘백팩’ 3개, 보스톤 가방 1개를 가져갔다.",
            "이로써 피고인은 위 등과 합동하여 피해자들의 재물을 강취하였다."
        ]
    },
    "dcss": {
        "courtDcss": [
            "판시 공범들인 캄보디아인들은 피해자 측 차량을 막아선 후 판시 범죄사실과 같이 피해자들을 위협하여 재물을 취거하였을 뿐 신분증을 제시하거나 절차에 관해 통역을 해주는 등 어느 나라에서나 기본적으로 검문을 위해 취할 만한 행동을 전혀 하지 않았던 점이 인정된다.",
            "위 캄보디아인들은 피해자들의 재물을 자신들의 차량으로 옮긴 후 피해자들을 강제로 다른 장소로 데리고 갔는데 그 장소는 허름한 창고였고 피고인도 검찰에서 \"당시 장소는 건물 뒤편 창고 쪽으로 경찰관도 없고 책상 같은 것도 없으며 지저분해서 실제 경찰서가 아닐 수 있을 것 같다.\"라는 취지로 진술하였던 점이 인정된다.",
            "위 캄보디아인들은 당시 휴대폰, 금품 외에 당시 피해자들이 소지하고 있던 옷가지 등 일반 소지품까지 모두 가져간 후 피해자들을 보내주었는데 이를 보더라도 위 캄보디아인들이 정당한 검문절차를 빙자했다고 보기 어려운 점이 인정된다.",
            "피해자 복○○, 정○○도 \"당시 위 캄보디아인들을 경찰관이나 공무원으로 인식하지 않았고 강도로 알고 있었다.\"라는 취지로 증언한 점이 인정된다.",
            "위 창고로 이동하는 과정에서 피고인이 피해자들에게 ‘위 캄보디아인들이 비리경찰 같으니 돈을 주면 해결할 수 있겠다’는 취지의 얘기를 하였으나, 이는 위 캄보디아인들이 실제 경찰이더라도 그 지위를 이용해 불법적·강제적으로 재물을 빼앗은 것일 수 있겠다는 취지일 뿐 정당한 압수일 수 있음을 암시하는 내용은 아니다2).",
            "위와 같은 점에 비추어 보면, 피고인 등은 판시 범죄사실과 같은 방법으로 피해자들을 위협한 다음 외포된 상태에 있는 피해자들 재물을 취거한 것으로 인정할 수 있고, 정상적인 검문절차인 것처럼 속여 재물을 편취하였다거나 피해자들이 착오에 빠져 재물 취거를 용인했다고 볼 수 없다.",
            "현금 피해금액에 관하여 본다. 피해자 복○○은 이 법정에서 \"캄보디아인들로부터 판시 범죄사실과 같이 스마트폰 950여대와 15,000달러 등을 빼앗겼고 그중 15,000달러는 자신의 돈이며, 당시(혹시 모를 상황에) 대비하여 현금을 좀 많이 가지고 있었다.\"라는 취지로 증언하였고 그 진술의 신빙성을 배척할 만한 사정이 없다.",
            "그렇다면 피해자들이 당시 소지하고 있다가 빼앗긴 현금이 최소 15,000달러에 이른다고 인정할 수 있다.",
            "이 사건 범행은 낯선 외국으로 치안 상태가 상당히 열악한 나라에서 발생하였고, 그 장소도 도움을 쉽게 구할 수 없는 작은 도시 외곽의 도로 한가운데였던 점이 인정된다.",
            "범행 시각은 일몰 후로서 상당히 어두운 상태였고 피고인은 피해자들을 본래 목적지와는 전혀 다른 방향으로 데리고 가고 있어 피해자들이 범행 전부터 불안감을 느끼고 있었던 점이 인정된다.",
            "공범인 성인 남성 4명의 캄보디아인들은 도로에서 자신들의 차량으로 피해자 측 차량을 막아선 후 일시에 손전등을 비추어 피해자들의 시야를 가리고 차키를 빼앗은 후 피해자들을 차량에서 나오지 못하게 한 점이 인정된다.",
            "당시 위 캄보디아인들은 모두 권총과 실탄을 피해자들에게 보일 수 있도록 몸과 차량에 휴대하고 있었고 이에 피해자들은 소지품을 전부 빼앗기는 동안 아무런 저항도 하지 못한 점이 인정된다.",
            "피해자 복○○은 \"그때 당시에는 진짜 무섭고, 그 사건 얼마 전에 지인이 필리핀에서 총기사고로 죽었다. 그래서 너무 겁이 나서 경황이 없었다.\"라고 증언하고 피해자 정○○도 \"지금까지 겪지 못한 공포심을 느꼈을 정도였다.\"라고 증언한 점에 비추어 보면, 피고인 등이 행사한 협박의 정도는 피해자들의 반항을 불가능하게 하거나 현저히 곤란하게 할 정도에 해당하여 피고인 등의 행위는 특수강도죄에 해당한다."
        ]
    },
    "close": {
        "cnclsns": [
            "피고인을 징역 4년에 처한다."
        ]
    }
}