{
    "info": {
        "caseField": "2",
        "detailField": "6",
        "trailField": "1",
        "caseNm": "아동,청소년의성보호에관한법률위반(강간등)",
        "courtNm": "부산지방법원",
        "judmnAdjuDe": "2011. 08. 23.",
        "caseNo": "2011고합404",
        "relateLaword": [
            "아동,청소년의 성보호에 관한 법률 제7조",
            "형법 제298조",
            "구 형법(2010. 4. 15. 법률 제10259호로 개정되기 전의 것) 제42조",
            "형법 제37조",
            "형법 제38조",
            "형법 제50조",
            "형법 제62조",
            "아동,청소년의 성보호에 관한 법률 제13조",
            "아동,청소년의 성보호에 관한 법률 제38조",
            "아동,청소년의 성보호에 관한 법률 제38조의2",
            "아동,청소년의 성보호에 관한 법률 제33조",
            "아동,청소년의 성보호에 관한 법률 제34조"
        ],
        "qotatPrcdnt": []
    },
    "concerned": {
        "acusr": "4",
        "dedat": "1"
    },
    "org": {
        "orgJdgmnCourtNm": "",
        "orgJdgmnAdjuDe": "",
        "orgJdgmnCaseNo": ""
    },
    "disposal": {
        "disposalform": "8",
        "disposalcontent": [
            "피고인을 징역 2년 6월에 처한다.",
            "다만, 이 판결 확정일로부터 3년간 위 형의 집행을 유예한다.",
            "피고인에게 성폭력 치료강의 40시간의 수강을 명한다.",
            "피고인에 대한 공개정보를 3년간 정보통신망을 이용하여 공개하고, 고지한다(다만, 고지하는 성폭력범죄의 요지는 별지 범죄일람표 순번 1 내지 3, 9 내지 11번을 제외한 나머지 범죄에 한한다)."
        ]
    },
    "mentionedItems": {
        "rqestObjet": [
            "피고인을 징역 2년 6월에 처한다.",
            "피고인에게 성폭력 치료강의 40시간의 수강을 명한다.",
            "피고인에 대한 공개정보를 3년간 정보통신망을 이용하여 공개하고, 고지한다(다만, 고지하는 성폭력범죄의 요지는 별지 범죄일람표 순번 1 내지 3, 9 내지 11번을 제외한 나머지 범죄에 한한다)."
        ]
    },
    "assrs": {
        "acusrAssrs": [
            "약 40회에 걸쳐 5명의 여자 청소년인 피해자들을 강제로 추행하였다."
        ],
        "dedatAssrs": []
    },
    "facts": {
        "bsisFacts": [
            "피고인은 2010. 2. 초순 20,30경 0000에 있는 피고인이 운영하는 점에서 피고인의 앞으로 지나가던 아르바이트생인 피해자 00(여, 15세)을 강제추행할 마음을 먹고 피해자의 엉덩이를 4회 두드려 그녀를 강제로 추행하는 등 2011. 5. 8. 24:00경까지 별지 범죄일람표 기재와 같이 약 40회에 걸쳐 5명의 여자 청소년인 피해자들을 강제로 추행하였다."
        ]
    },
    "dcss": {
        "courtDcss": [
            "동종전과 없고, 집행유예 이상의 전과가 없음, 진지한 반성. 신상정보 등록 피고인에 대하여 이 사건 범죄사실에 대한 유죄판결이 확정되는 경우, 피고인은 아동·청소년의 성보호에 관한 법률 제33조에 의한 신상정보 등록대상자가 되므로 같은 법 제34조에 따라 관할기관에 신상정보를 제출할 의무가 있다. 이상의 이유로 주문과 같이 판결한다."
        ]
    },
    "close": {
        "cnclsns": [
            "피고인을 징역 2년 6월에 처한다.",
            "다만, 이 판결 확정일로부터 3년간 위 형의 집행을 유예한다.",
            "피고인에게 성폭력 치료강의 40시간의 수강을 명한다. ",
            "피고인에 대한 공개정보를 3년간 정보통신망을 이용하여 공개하고, 고지한다.[다만, 고지하는 성폭력 범죄의 요지는 별지 범죄일람표 순번 1 내지 3, 9 내지 11번을 제외한 나머지 범죄에 한한다.]"
        ]
    }
}