{
    "info": {
        "caseField": "2",
        "detailField": "6",
        "trailField": "1",
        "caseNm": "상해, 폭행",
        "courtNm": "대구지방법원",
        "judmnAdjuDe": "2014. 01. 28.",
        "caseNo": "2013고단6488",
        "relateLaword": [
            "형법 제257조",
            "형법 제70조",
            "형법 제69조",
            "형사소송법 제334조",
            "형법 제260조",
            "형사소송법 제327조"
        ],
        "qotatPrcdnt": []
    },
    "concerned": {
        "acusr": "4",
        "dedat": "1"
    },
    "org": {
        "orgJdgmnCourtNm": "",
        "orgJdgmnAdjuDe": "",
        "orgJdgmnCaseNo": ""
    },
    "disposal": {
        "disposalform": "9",
        "disposalcontent": [
            "피고인을 벌금 1,500,000원에 처한다.",
            "피고인이 위 벌금을 납입하지 아니하는 경우 50,000원을 1일로 환산한 기간 피고인을 노역장에 유치한다.",
            "위 벌금에 상당한 금액의 가납을 명한다.",
            "이 사건 공소사실 중 폭행의 점에 대한 공소를 기각한다."
        ]
    },
    "mentionedItems": {
        "rqestObjet": [
            "피고인을 벌금 1,500,000원에 처한다.",
            "피고인이 위 벌금을 납입하지 아니하는 경우 50,000원을 1일로 환산한 기간 피고인을 노역장에 유치한다.",
            "위 벌금에 상당한 금액의 가납을 명한다."
        ]
    },
    "assrs": {
        "acusrAssrs": [],
        "dedatAssrs": []
    },
    "facts": {
        "bsisFacts": [
            "피고인은 2013. 11. 9. 23:55경 0000에 있는 0 내에서 술값을 계산하면서 D에게 반말 하는 것을 옆에 있던 피해자 E(37세)이 \"왜 나이 많은 우리 아버지에게 반말을 하느냐\"며 따진다는 이유로 주먹과 발로 피해자의 얼굴과 머리를 수회 때려 피해자에게 약 2주간의 치료가 필요한 뇌진탕 의증 등의 상해를 가하였다.",
            "피고인은 2013. 11. 9. 23:55경 0000에 있는 0 내에서 E에게 폭력을 행사하는 것을 피해자 D(66세)이 만류 한다는 이유로 주먹으로 피해자의 머리 등을 수 회 때려 폭행하였다."
        ]
    },
    "dcss": {
        "courtDcss": [
            "이 부분 공소사실은 형법 제260조 제1항에 해당하는 죄로서, 형법 제260조 제3항에 의하여 피해자의 명시한 의사에 반하여 공소를 제기할 수 없는 사건인데, 기록에 의하면 피해자는 이 사건 공소제기 후인 2013. 12. 5. 피고인에 대한 처벌을 희망하는 의사표시를 철회하는 합의서를 제출하였으므로, 형사소송법 제327조 제6호에 의하여 이 부분 공소를 기각한다."
        ]
    },
    "close": {
        "cnclsns": [
            "위 벌금에 상당한 금액의 가납을 명한다.",
            "피고인을 벌금 1,500,000원에 처한다.",
            "피고인이 위 벌금을 납입하지 아니하는 경우 50,000원을 1일로 환산한 기간 피고인을 노역장에 유치한다.",
            "이 사건 공소사실 중 폭행의 점에 대한 공소를 기각한다. "
        ]
    }
}