{
    "info": {
        "caseField": "2",
        "detailField": "6",
        "trailField": "1",
        "caseNm": "상해",
        "courtNm": "서울서부지방법원",
        "judmnAdjuDe": "2014. 01. 28.",
        "caseNo": "2013고정1192",
        "relateLaword": [
            "형법 제257조",
            "형법 제70조",
            "형법 제69조"
        ],
        "qotatPrcdnt": []
    },
    "concerned": {
        "acusr": "4",
        "dedat": "1"
    },
    "org": {
        "orgJdgmnCourtNm": "",
        "orgJdgmnAdjuDe": "",
        "orgJdgmnCaseNo": ""
    },
    "disposal": {
        "disposalform": "9",
        "disposalcontent": [
            "피고인을 벌금 1,000,000원에 처한다.",
            "피고인이 위 벌금을 납입하지 아니하는 경우 금 50,000원을 1일로 환산한 기간 피고인을 노역장에 유치한다."
        ]
    },
    "mentionedItems": {
        "rqestObjet": [
            "피고인을 벌금 1,000,000원에 처한다.",
            "피고인이 위 벌금을 납입하지 아니하는 경우 금 50,000원을 1일로 환산한 기간 피고인을 노역장에 유치한다."
        ]
    },
    "assrs": {
        "acusrAssrs": [],
        "dedatAssrs": []
    },
    "facts": {
        "bsisFacts": [
            "피고인은 피해자 C가 운영하는 D이라는 주점에서 외상으로 술을 마시고, 2012. 9. 8. 02:40경 피고인의 거주지를 확인하고자 함께 온 피해자와 0000 앞길에 도착하였다.",
            "피고인은 위 일시·장소에서 피해자가 피고인이 거주하는 하숙방까지 확인하려고 한 것에 화가 나, 피해자의 멱살을 잡고, 주먹으로 피해자의 입 부분을 1회 때리고, 발로 피해자의 오른쪽 팔과 엉덩이를 걷어 차 피해자에게 치료일수를 알 수 없는 입술 안쪽이 찢어지게 하는 등의 상해를 가하였다."
        ]
    },
    "dcss": {
        "courtDcss": [
            "형법 제257조 제1항(벌금형 선택)에 따라 형을 선고한다."
        ]
    },
    "close": {
        "cnclsns": [
            "피고인을 벌금 1,000,000원에 처한다. ",
            "피고인이 위 벌금을 납입하지 아니하는 경우 금 50,000원을 1일로 환산한 기간 피고인을 노역장에 유치한다."
        ]
    }
}