{
    "info": {
        "caseField": "2",
        "detailField": "6",
        "trailField": "1",
        "caseNm": "공갈, 상해, 강요, 폭행",
        "courtNm": "대전지방법원",
        "judmnAdjuDe": "2014. 01. 29.",
        "caseNo": "2013고단4991",
        "relateLaword": [
            "형법 제350조",
            "형법 제257조",
            "형법 제260조",
            "형법 제324조",
            "형법 제40조",
            "형법 제50조",
            "형법 제37조",
            "형법 제38조",
            "형법 제62조",
            "형법 제62조의2"
        ],
        "qotatPrcdnt": []
    },
    "concerned": {
        "acusr": "4",
        "dedat": "1"
    },
    "org": {
        "orgJdgmnCourtNm": "",
        "orgJdgmnAdjuDe": "",
        "orgJdgmnCaseNo": ""
    },
    "disposal": {
        "disposalform": "8",
        "disposalcontent": [
            "피고인을 징역 1년에 처한다.",
            "다만 이 판결 확정일부터 2년간 위 형의 집행을 유예한다.",
            "피고인에 대하여 보호관찰을 받을 것을 명한다."
        ]
    },
    "mentionedItems": {
        "rqestObjet": [
            "피고인을 징역 1년에 처한다.",
            ".다만 이 판결 확정일부터 2년간 위 형의 집행을 유예한다.",
            "피고인에 대하여 보호관찰을 받을 것을 명한다."
        ]
    },
    "assrs": {
        "acusrAssrs": [],
        "dedatAssrs": []
    },
    "facts": {
        "bsisFacts": [
            "피고인은 2013. 10. 2. 19:00경 0000 앞 놀이터에서 놀고 있는 피해자 C(11세), D(11세), F에게 욕설을 하며 피해자들 및 F을 위 아파트 406동 옥상으로 데리고 가 주먹으로 피해자 C의 얼굴을 수회 때리고, 발로 위 피해자의 배 부위를 수회 차고, F과 D으로 하여금 C을 때리지 않으면 죽이겠다 고 겁을 주어 F과 D으로 하여금 C을 폭행하게 하였다.",
            "피해자 C에게 약 21일간의 치료가 필요한 흉곽 전벽의 타박상 등을 가하고, 계속하여 주먹으로 피해자 D의 얼굴을 수회 때리고, 발로 위 피해자의 배 부위를 수회 차는 등 폭행하였다.",
            "피고인은 2013. 10. 2. 19:00경 0000 옥상에서, 위 범행으로 인해 겁을 먹은 피해자 F(12세), D(11세), C에게 \"돈이 얼마나 있냐, 가진 돈 다 내놔라\"고 하여 피해자 F으로부터 즉석에서 1,000원을 교부받고, 피해자 D으로부터 5,000원을 교부받았다.",
            "피고인은 2013. 11. 16. 13:30경 0000에 있는 0 PC방 앞에서, 피해자 G(12세), 피해자 H(12세), 피해자 1(12세), 피해자 J(12세)에게 \" 야 휴대폰 한번만 빌려 줘\" 라고 하여 피해자 G으로부터 시가 80만원 상당의 휴대폰 1대를 교부받은 후 위 PC방 뒤에 있는 공사현장으로 걸어갔다.",
            "피해자 G 일행이 휴대폰을 돌려달라고 요구하며 뒤따라오자 위 공사현장에 이르러 \"야 너희들 이리와서 담장 쪽에 서! 니들 돈 얼마나 있어, 돈 다 내놔, 안주면 맞는다\"고 협박하고, 발로 피해자 G의 허벅지를 2회차 이에 겁을 먹은 피해자 G으로부터 휴대폰 반환청구를 단념하게 하고, 피해자 H으로부터 즉석에서 8,000원을 교부받고, 피해자 I으로부터 2,000원을 교부받고, 피해자 J으로부터 11,800원을 교부받았다.",
            "피고인은 2013. 10. 2. 19:00경 위 범행으로 인해 겁을 먹은 피해자 C(11세), D(11세), F(12세)을 0000 옥상으로 데리고 가 \"담배를 피지 않으면 때리겠다\"고 협박하여 피해자들로 하여금 담배를 피게 하고, 계속하여 같은 방법으로 피해자들을 협박하여 피해자들로 하여금 소주를 마시게 하는 등 피해자들로 하여금 의무 없는 일을 하게 하였다."
        ]
    },
    "dcss": {
        "courtDcss": [
            "이 사건 범행은 나이 어린 학생들을 상대로 이유 없이 폭행하고 협박하여 금품을 갈취한 것으로 그 비난가능성이 크다. 그러나 피고인이 불우한 환경에서 성장하였고, 지적 장애 2급인 점, 피고인이 아직 젊은 나이여서 교화를 통한 사회복귀의 기회를 마지막으로 부여할 필요가 있는 점, 반성하고 있는 점 등을 참작하여 주문과 같이 형을 정한다."
        ]
    },
    "close": {
        "cnclsns": [
            "피고인을 징역 1년에 처한다.",
            "다만 이 판결 확정일부터 2년간 위 형의 집행을 유예한다.",
            "피고인에 대하여 보호관찰을 받을 것을 명한다."
        ]
    }
}