{
    "info": {
        "caseField": "2",
        "detailField": "6",
        "trailField": "1",
        "caseNm": "준강간미수",
        "courtNm": "서울중앙지방법원",
        "judmnAdjuDe": "2015. 12. 30.",
        "caseNo": "2015고합975",
        "relateLaword": [
            "형법 제300조",
            "형법 제299조",
            "형법 제297조",
            "형법 제25조",
            "형법 제55조",
            "성폭력범죄의 처벌 등에 관한 특례법 제16조",
            "성폭력범죄의 처벌 등에 관한 특례법 제47조",
            "성폭력범죄의 처벌 등에 관한 특례법 제49조",
            "아동,청소년의 성보호에 관한 법률 제49조",
            "아동,청소년의 성보호에 관한 법률 제50조"
        ],
        "qotatPrcdnt": []
    },
    "concerned": {
        "acusr": "4",
        "dedat": "1"
    },
    "org": {
        "orgJdgmnCourtNm": "",
        "orgJdgmnAdjuDe": "",
        "orgJdgmnCaseNo": ""
    },
    "disposal": {
        "disposalform": "6",
        "disposalcontent": [
            "피고인을 징역 1년 6월에 처한다.",
            "피고인에게 40시간의 성폭력 치료프로그램 이수를 명한다."
        ]
    },
    "mentionedItems": {
        "rqestObjet": [
            "피고인은 피해자의 심신상실 또는 항거불능 상태를 이용하여 피해자를 간음하려다가 그 뜻을 이루지 못하고 미수에 그쳤다."
        ]
    },
    "assrs": {
        "acusrAssrs": [],
        "dedatAssrs": [
            "피고인 및 변호인은, 피고인이 범행 당시 술에 취하여 심신미약의 상태에 있었다고 주장한다."
        ]
    },
    "facts": {
        "bsisFacts": [
            "피고인은 2015.5.13.04:45경 0000 C 지하 1층에 있는 'D'라는 상호의 주점 5번 방에서, 술에 만취하여 의식이 불명하고 반항이 현저히 곤란한 상태로 잠이 들어 위 5번 방 소파에 누워 있던 피해자 E(여, 23세)의 속옷을 벗긴 후 피해자의 음부에 손가락을 집어넣었다.",
            "피해자의 몸 위로 올라타 피해자에게 키스를 하고 손으로 피해자의 가슴을 만지며 피해자의 옷을 벗기고 간음하려고 하다가, 피해자가 잠에서 깨어나 저항하는 바람에 그 뜻을 이루지 못하였다.",
            "이로써 피고인은 피해자의 심신상실 또는 항거불능의 상태를 이용하여 피해자를 간음 하려다가 그 뜻을 이루지 못하고 미수에 그쳤다."
        ]
    },
    "dcss": {
        "courtDcss": [
            "피고인은 이 사건 범죄에 대하여 유죄판결이 확정되는 경우, 성폭력 범죄의 처벌 등에 관한 특례법 제42조 제1항에 의하여 신상정보 등록대상자에 해당하게 되므로, 같은 법 제43조에 따라 관할기관에 신상정보를 제출할 의무가 있다.",
            "피고인은 술에 취해 잠이 들어 있는 피해자를 간음하려다가 미수에 그쳤는바, 범행의 내용과 결과, 피고인과 피해자의 관계 등에 비추어 그 죄질이 나쁘다.",
            "이로 인하여 피해자는 상당한 성적 수치심과 정신적 충격을 받은 것으로 보이고, 피고인에 대한 처벌을 원하고 있다.",
            "다만, 피고인이 자신의 잘못을 인정하며 반성하고 있다.강간범행이 미수에 그쳤다.",
            "피고인이 1회의 벌금형을 받은 외에 달리 처벌받은 전력이 없고, 동종의 범죄로 처벌받은 전력이 없다.",
            "그러나 이 법원이 적법하게 채택·조사한 증거에 의하면, 피고인이 범행 당시 어느 정도 술을 마셨던 사실은 인정되나, 위 각 증거에 의하여 인정되는 범행의 경위, 범행의 방법, 범행 당시 및 그 전후 피고인의 행동 등 여러 사정에 비추어 보면, 피고인이 범행 당시 술에 취하여 사물을 변별할 능력이나 의사를 결정할 능력이 미약한 상태에 이르렀다고는 보이지 아니한다.",
            "따라서 피고인 및 변호인의 위 주장은 받아들이지 아니한다.",
            "아래 각 정상을 참작하고, 그밖에 피고인의 나이, 성행, 환경, 범행의 동기, 수단과 결과, 범행 후 정황 등 이 사건 변론에 나타난 여러 양형요소를 종합하여 주문과 같이 형을 정한다."
        ]
    },
    "close": {
        "cnclsns": [
            "피고인을 징역 1년 6월에 처한다.",
            "피고인에게 40시간의 성폭력 치료프로그램 이수를 명한다."
        ]
    }
}