{
    "info": {
        "caseField": "2",
        "detailField": "6",
        "trailField": "1",
        "caseNm": "근로기준법위반,업무상횡령,국민연금법위반",
        "courtNm": "춘천지방법원 영원지원",
        "judmnAdjuDe": "2010. 01. 22.",
        "caseNo": "2009고단287",
        "relateLaword": [
            "형법 제356조",
            "형법 제355조",
            "국민연금법 제128조",
            "국민연금법 제95조",
            "형법 제37조",
            "형법 제38조",
            "형법 제50조",
            "형법 제62조",
            "근로기준법 제109조",
            "형사소송법 제327조"
        ],
        "qotatPrcdnt": []
    },
    "concerned": {
        "acusr": "4",
        "dedat": "1"
    },
    "org": {
        "orgJdgmnCourtNm": "",
        "orgJdgmnAdjuDe": "",
        "orgJdgmnCaseNo": ""
    },
    "disposal": {
        "disposalform": "6",
        "disposalcontent": [
            "피고인을 징역 4월에 처한다. ",
            "다만, 이 판결 확정일부터 1년간 위 형의 집행을 유예한다.",
            "이 사건 공소사실 중 근로기준법위반의 점에 대한 공소를 기각한다."
        ]
    },
    "mentionedItems": {
        "rqestObjet": [
            "피고인은 국민연금보험료를 납부하라는 독촉장을 받았음에도 정랑한 사유 없이 납부기한내에 해당으로 금액를 납부하지 아니하였다. "
        ]
    },
    "assrs": {
        "acusrAssrs": [],
        "dedatAssrs": []
    },
    "facts": {
        "bsisFacts": [
            "피고인은 2006.4.경부터 000의 대표이사로서 근로자의 급여 및 국민연금 기여금 공제, 보험료 납부 등의 업무에 종사하는 사람이다.",
            "피고인은 2008.1.경 위 000에서, 근로자인 공소외 00의 급여에서, 국민연금 보험료 중 근로자 기여금 명목으로 88,650원을 공제한 후 이를 공소외 00를 위하여 국민연금 보험료로 납부한다고 하면서 업무상 보관하던 중, 그 무렵 회사 운영 자금으로 임의로 사용하였다.",
            "이를 비롯하여, 2008.1.경부터 2008.12.경까지 근로자 공소외 00, 00, 00, 00, 00의 국민연금 기여금 명목의 금원 3,754,950원을 임의로 사용하여 횡령하였다.",
            "피고인은 000의 대표이사로, 2009.7.15.경 0000 (지번 생략)000에서 국민연금공단 원주지사로부터 위 회사의 근로자인 공소외 00, 00, 00, 00, 00의 국민연금보험료를 납부하라는 체납사업장 고발예고장 통보 및 납부 독촉장을 받았음에도 정당한 사유 없이 납부기한내에 근로자인 공소외 00, 00, 00, 00, 00의 2007.11.경부터 2009.3.경까지의 국민연금 보험료 8,151,450원을 납부하지 아니하였다."
        ]
    },
    "dcss": {
        "courtDcss": [
            "위 공소사실은 근로기준법 제109조 제1항, 제36조에 해당하는 죄로 이는 근로기준법 제109조 제2항에 따라 피해자의 명시한 의사에 반하여 공소를 제기할 수 없는바, 기록에 의하면, 근로자 공소외 7을 비롯한 근로자 12명은 이 사건 공소가 제기된 이후에 피고인에 대한 처벌을 희망하는 의사표시를 철회한 사실을 인정할 수 있으므로, 형사소송법 제327조 제6호에 의하여 이 부분 공소를 기각한다."
        ]
    },
    "close": {
        "cnclsns": [
            "피고인을 징역 4월에 처한다.",
            "이 판결 확정일부터 1년간 위 형의 집행을 유예한다.",
            "이 사건 공소사실 중 근로기준법위반의 점에 대한 공소를 기각한다."
        ]
    }
}