{
    "info": {
        "caseField": "2",
        "detailField": "6",
        "trailField": "1",
        "caseNm": "절도",
        "courtNm": "인천지방법원",
        "judmnAdjuDe": "2015. 12. 29.",
        "caseNo": "2015고정1081",
        "relateLaword": [
            "형법 제329조",
            "형법 제70조",
            "형법 제69조",
            "형사소송법 제334조"
        ],
        "qotatPrcdnt": []
    },
    "concerned": {
        "acusr": "4",
        "dedat": "1"
    },
    "org": {
        "orgJdgmnCourtNm": "",
        "orgJdgmnAdjuDe": "",
        "orgJdgmnCaseNo": ""
    },
    "disposal": {
        "disposalform": "9",
        "disposalcontent": [
            "피고인을 벌금 2,000,000원에 처한다.",
            "피고인이 위 벌금을 납입하지 아니하는 경우 100,000원을 1일로 환산한 기간 피고인을 노역장에 유치한다.",
            "위 벌금에 상당한 금액의 가납을 명한다."
        ]
    },
    "mentionedItems": {
        "rqestObjet": [
            "피고인은 2015. 7. 29. 20:23경 서울 중구 B에 위치한 C백화점 지하 1층 식품매장 정육코너에서 피해자 D의 관리가 소홀한 틈을 이용 음료수 계산대 위에 있던 시가 40,000원 상당의 000 믹서기 1대, 시가 39,000원 상당의 녹즙기 1대 등 합계 79,000원 상당의 전자제품이 들어있는 봉투를 들고 가 이를 절취하였다."
        ]
    },
    "assrs": {
        "acusrAssrs": [],
        "dedatAssrs": []
    },
    "facts": {
        "bsisFacts": [
            "피고인은 2015.7.29.20:23경 0000에 위치한 000 지하 1층 식품매장 정육코너에서 피해자 D의 관리가 소홀한 틈을 이용 음료수 계산대 위에 있던 시가 40,000원 상당의 000 믹서기 1대, 시가 39,000원 상당의 녹즙기 1대 등 합계 79,000원 상당의 전자 제품이 들어 있는 흰색 비닐봉투를 들고 가 이를 절취하였다."
        ]
    },
    "dcss": {
        "courtDcss": [
            "피고인을 벌금 2,000,000원에 처한다.",
            "피고인이 위 벌금을 납입하지 아니하는 경우 100,000원을 1일로 환산한 기간 피고인을 노역장에 유치한다.",
            "위 벌금에 상당한 금액의 가납을 명한다."
        ]
    },
    "close": {
        "cnclsns": [
            "피고인을 벌금 2,000,000원에 처한다.",
            "피고인이 위 벌금을 납입하지 아니하는 경우 100,000원을 1일로 환산한 기간 피고인을 노역장에 유치한다.",
            "위 벌금에 상당한 금액의 가납을 명한다."
        ]
    }
}