{
    "info": {
        "caseField": "2",
        "detailField": "6",
        "trailField": "1",
        "caseNm": "아동,청소년의성보호에관한법률위반(위계등추,행),특정범죄자에대한보호관찰및전자장치부,착등에관한법률위반",
        "courtNm": "제주지방법원",
        "judmnAdjuDe": "2015. 04. 30.",
        "caseNo": "2014고합217",
        "relateLaword": [
            "아동,청소년의 성보호에 관한 법률 제7조",
            "형법 제298조",
            "특정범죄자에 대한 보호관찰 및 전자장치 부착 등에 관한 법률 제39조",
            "특정범죄자에 대한 보호관찰 및 전자장치 부착 등에 관한 법률 제9조",
            "형법 제37조",
            "형법 제38조",
            "형법 제53조",
            "형법 제55조",
            "형사소송법 제334조",
            "아동,청소년의 성보호에 관한 법률 제21조",
            "아동,청소년의 성보호에 관한 법률 제49조",
            "아동,청소년의 성보호에 관한 법률 제50조",
            "특정범죄자에 대한 보호관찰 및 전자장치 부착 등에 관한 법률 제5조",
            "특정범죄자에 대한 보호관찰 및 전자장치 부착 등에 관한 법률 제9조",
            "성폭력범죄의 처벌 등에 관한 특례법 제42조",
            "성폭력범죄의 처벌 등에 관한 특례법 제43조"
        ],
        "qotatPrcdnt": []
    },
    "concerned": {
        "acusr": "4",
        "dedat": "1"
    },
    "org": {
        "orgJdgmnCourtNm": "",
        "orgJdgmnAdjuDe": "",
        "orgJdgmnCaseNo": ""
    },
    "disposal": {
        "disposalform": "6",
        "disposalcontent": [
            "피고인을 징역 1년 6월 및 벌금 200만원에 처한다.",
            "피고인이 위 벌금을 납입하지 아니하는 경우 10만 원을 1일로 환산한 기간 피고인을 노역장에 유치한다.",
            "위 벌금에 상당한 금액의 가납을 명한다.",
            "피고인에게 80시간의 성폭력 치료프로그램 이수를 명한다.",
            "피고인에 대한 정보를 4년간 정보통신망을 통하여 공개하고, 공지한다 다만, 공개 및 고지되는 성범죄의 요지는 판신 아동,청소년의성보호에관한법률위반(위계등추행)죄에 한한다 .",
            "피부착명령청구자에 대하여 3년간 위치추적 전자장치의 부착을 명한다.",
            "피부착명령청구자에 대하여 별지 기재 준수사항을 부과한다."
        ]
    },
    "mentionedItems": {
        "rqestObjet": [
            "피고인은 아동청소년인 피해자를 위력으로써 추행하였다.",
            "피고인은 정당한 사유 없이 위치추적 전자장치 부착기간 중 특정장소에의 출입금지에 관한 준수사항을 위반하였다."
        ]
    },
    "assrs": {
        "acusrAssrs": [],
        "dedatAssrs": []
    },
    "facts": {
        "bsisFacts": [
            "범죄사실 및 부착명령 청구원인 피고인 겸 피부착명령청구자(이하 '피고인'이라고만 한다)는 2007. 12. 21. 의정부지방법원에서 청소년의성보호에관한법률위반(청소년 강간등)죄로 징역 3년 6월을 선고받 아 2011. 10. 9. 그 형의 집행을 종료하였고, 2013. 9. 30. 수원지방법원 여주지원에서 위 성폭력 범죄 전력 및 재범의 위험성 등을 이유로 2년간의 위치추적 전자장치 부착 명령을 받았다.",
            "1. 아동·청소년의성보호에관한법률위반(위계등추행)피고인은 2014. 10. 23. 00:08경 0000에 있는 ㅇㅇ초등학교 정문에서, 친구를 만나려고 그곳에 온 피해자 00(여, 14세)를 발견하고 피해자에게 접근하여 말을 걸다 마치 피해자의 부친과 잘 아는 사이인 것처럼 이야기하며 피해자를 위 학교 내 운동장 스탠드로 데리고 갔다.",
            "피해자에게 남자친구와의 성관계 등에 관하여 물 어보는 등 이런 저런 질문을 건네다 추위에 떠는 피해자에게 일단 오빠네 집으로 가자며 피해자를 위 학교 인근인 0000에 있는 피고인의 주거지로 데리고 가려 하였다.",
            "이에 피해자는 전일 외박을 한 상황에서 피고인이 피해자 부친의 후배라서 부친의 부탁으로 피해자를 찾으러 온 것으로 착각한 나머지 일단 피고인을 따라 갔고 피고인은 같은 날 00:30경 피해자를 피고인의 위 주거지 방안으로 데려가 앉도 록 한 다음 불안해하는 피해자에게 휴대전화를 건네주며 부친과 통화를 하라고 하는 등으로 피해자를 안심시켰다.",
            "손으로 피해자의 발목, 종아리 및 발가락 등을 주무르며 만져 아동·청소년인 피해자를 위력으로써 추행하였다. 피고인 및 변호인은, 피해자를 추행한 사실이 없다고 주장하나, 이 법원이 적법하게 채택하여 조사한 증거들에 의하여 인정되는 다음과 같은 사정, 즉 1. 피해자는 수사기 관에서부터 이 법정에 이르기까지 일관하여 피고인의 이 사건 범행 및 그 전후의 정황에 대하여 매우 상세하고 구체적인 진술을 하고 있는 점이 있다. ",
            "2. 00는 피고인이 피해자의 손을 잡고 피해자를 자신의 집으로 데리고 가는 장면을 목격하였고, 이 사건 직후 피해자로부터 자신이 추행을 당하였다는 말을 들었다고 진술하고 있는 점 등에 비추어 보면, 피고인이 피해자를 추행하였음을 넉넉히 인정할 수 있는바, 피고인 및 변호 인의 주장은 받아들이지 아니한다.",
            "피고인은 위와 같이 법원으로부터 위치추적 전자장치 부착명령을 받으면서 그 부착 기간 중 어린이집, 초등학교, 중학교, 고등학교에 들어가지 않을 것 등의 준수사항을 부과 받았다. ",
            "그럼에도 불구하고 피고인은 2014. 10. 23. 00:08경 제1항 기재와 같이 000에 있는 ㅇㅇ초등학교 인근을 배회하다 친구를 기다리는 00에게 접근하여 말을 걸다 00를 데리고 위 학교 내 운동장 스탠드로 들어감으로써 정당한 사유 없이 위치추적 전자장치 부착기간 중 특정장소에의 출입금지에 관한 준수사항을 위반하였다.",
            "피고인 및 변호인은, 담당 보호관찰관으로부터 19:00경 이후 운동 목적에 한하여 학교 출입 허가를 받았다고 주장하나, 이 법원이 적법하게 조사한 각 증거를 종합하면 이 사건 공소사실을 유죄로 인정함에 충분하고, 이를 다투는 취지의 주장은 모든 증거방 법을 채택, 조사해 보아도 받아들이기 어렵다. 따라서 피고인 및 변호인의 주장은 받아 들이지 아니한다. "
        ]
    },
    "dcss": {
        "courtDcss": [
            "피고인은 성적 정체성을 형성하는 시기에 있는 청소년을 상대로 이 사건 범행을 저지른 것으로서, 이 사건 범행으로 인해 피해자는 상당한 정신적 충격을 받았을 것으로 보이는 점, 피고인은 이 사건 범행 이전에도 다수의 벌금형 전과가 있을 뿐만 아니라, 동종 범행인 청소년의성보호에관한법률위반(청소년강간등)죄로 실형 선고를 받은 전력이 있는 점이 있다.",
            "피고인은 위치추적 전자장치를 부착하고 있었음에도 이 사건 범행을 저지른 점, 피고인은 이 사건 범행을 부인하면서 반성하지 않고 있고, 피해자가 피고인의 처벌을 원하고 있는 점 등에 의하여 피고인에게 그에 상응하는 책임을 묻지 않을 수 없다. ",
            "다만, 피고인이 범한 이 사건 추행의 정도가 상대적으로 약하고, 피고인이 이 사건 범행 후 별다른 방해 없이 피해자를 집으로 보내준 점 등을 피고인에게 유리한 정상 으로 참작한다. "
        ]
    },
    "close": {
        "cnclsns": [
            "피고인을 징역 1년 6월 및 벌금 200만 원에 처한다.",
            "피고인이 위 벌금을 납입하지 아니하는 경우 10만 원을 1일로 환산한 기간 피고인을 노역장에 유치한다.",
            "위 벌금에 상당한 금액의 가납을 명한다.",
            "피고인에 대한 정보를 4년간 정보통신망을 통하여 공개하고, 고지한다[다만, 공개 및 고지되는 성범죄의 요지는 판시 아동·청소년의성보호에관한법률위반(위계등추행)죄에 한한다.",
            "피부착명령청구자에 대하여 3년간 위치추적 전자장치의 부착을 명한다. ",
            "피부착명령청구자에 대하여 별지 기재 준수사항을 부과한다.",
            "피고인에게 80시간의 성폭력 치료프로그램 이수를 명한다."
        ]
    }
}