{
    "info": {
        "caseField": "2",
        "detailField": "6",
        "trailField": "1",
        "caseNm": "공무집행방해",
        "courtNm": "청주지방법원",
        "judmnAdjuDe": "2021. 08. 25.",
        "caseNo": "2021고단892",
        "relateLaword": [
            "형법 제136조",
            "형법 제70조",
            "형법 제69조",
            "형사소송법 제334조"
        ],
        "qotatPrcdnt": []
    },
    "concerned": {
        "acusr": "4",
        "dedat": "1"
    },
    "org": {
        "orgJdgmnCourtNm": "",
        "orgJdgmnAdjuDe": "",
        "orgJdgmnCaseNo": ""
    },
    "disposal": {
        "disposalform": "9",
        "disposalcontent": [
            "피고인을 벌금 3,000,000원에 처한다.",
            "피고인이 위 벌금을 납입하지 아니하는 경우 100,000원을 1일로 환산한 기간 피고인을 노역장에 유치한다.",
            "피고인에게 위 벌금에 상당한 금액의 가납을 명한다."
        ]
    },
    "mentionedItems": {
        "rqestObjet": [
            "피고인은 경찰관의 치안 및 질서 유지에 관한 정당한 직무집행을 방해하였다."
        ]
    },
    "assrs": {
        "acusrAssrs": [],
        "dedatAssrs": []
    },
    "facts": {
        "bsisFacts": [
            "피고인은 2021.3.28.23:06경 0000에 있는 C술집에서 술에 취해 여성을 폭행하는 등 소란을 부리던 중, 112신고를 받고 출동한 청원경찰서 D지구대 소속 경찰관 경위 E로부터 귀가를 요구받자 위 술집 앞 도로에서 경위 E에게 욕설을 하고 고성을 지르면서 양손으로 경위 E의 가슴을 강하게 밀쳤다.",
            "결국 피고인은 경찰관의 치안 및 질서 유지에 관한 정당한 직무집행을 방해하였다."
        ]
    },
    "dcss": {
        "courtDcss": [
            "피고인은 잘못을 인정하고 뉘우치고 있다.",
            "피고인으로부터 공무집행을 방해받은 경위 E는 피고인에 대하여 처벌을 바라지 아니하는 의사를 표시하였다.",
            "피고인이 행사한 유형력의 강도가 비교적 강하지 않았다.",
            "피고인은 배우자와 경제적인 문제로 다툰 뒤 술을 마시다가 이 사건 범행에 이르렀는데, 특별히 범행의 동기가 비난할 만한 경우에 해당한다고 보이지 아니한다"
        ]
    },
    "close": {
        "cnclsns": [
            "피고인을 벌금 3,000,000원에 처한다.",
            "피고인이 위 벌금을 납입하지 아니하는 경우 100,000원을 1일로 환산한 기간 피고인을 노역장에 유치한다.",
            "피고인에게 위 벌금에 상당한 금액의 가납을 명한다."
        ]
    }
}