{
    "info": {
        "caseField": "2",
        "detailField": "6",
        "trailField": "1",
        "caseNm": "특수공무집행방해, 특수공부집행방해치상",
        "courtNm": "춘천지방법원 강릉지원",
        "judmnAdjuDe": "2017. 12. 21.",
        "caseNo": "2017고합79",
        "relateLaword": [
            "형법 제144조",
            "형법 제136조",
            "형법 제40조",
            "형법 제50조",
            "형법 제10조",
            "형법 제55조",
            "형법 제53조",
            "형법 제62조",
            "형법 제48조"
        ],
        "qotatPrcdnt": []
    },
    "concerned": {
        "acusr": "4",
        "dedat": "1"
    },
    "org": {
        "orgJdgmnCourtNm": "",
        "orgJdgmnAdjuDe": "",
        "orgJdgmnCaseNo": ""
    },
    "disposal": {
        "disposalform": "6",
        "disposalcontent": [
            "피고인을 징역 1년에 처한다.",
            "다만 이 판결확정일로부터 2년간 위 형의 집행을 유예한다.",
            "압수된 각목 1개(증 제1호)를 몰수한다."
        ]
    },
    "mentionedItems": {
        "rqestObjet": [
            "피고인을 징역 1년에 처한다.",
            "다만 이 판결확정일로부터 2년간 위 형의 집행을 유예한다.",
            "압수된 각목 1개(증 제1호)를 몰수한다."
        ]
    },
    "assrs": {
        "acusrAssrs": [
            "피고인은 위험한 물건을 휴대하여 112 신고 처리에 관한 경찰관 E, F의 정당한 직무집행을 방해하고, 피해자를 약 3주간의 치료가 필요한 우측 수부 제5수지 근위지관절 탈구 및 요굴측부인대 파열의 상해에 이르게 하였다."
        ],
        "dedatAssrs": []
    },
    "facts": {
        "bsisFacts": [
            "피고인은 양극성 정동장애 및 조증 등 정신질환으로 사물을 변별하거나 의사를 결정할 능력이 미약한 상태에서 다음의 범행을 저질렀다.",
            "피고인은 2017.10.6.16:53경 0000 C 앞 도로에서 각목을 들고 걸어가는 사람이 있어 사고 위험이 있다는 112신고를 받고 출동한 강릉경찰서 D지구대 소속 경위 피해자 E(54세)과 경위 F(49세)으로부터 시민들이 불안해하니 도로 가운데로 가지 말고 가장자리로 가라는 말을 들었다.",
            "그러자 위 피해자, F에게 \"니네는 뭐야 이 새끼야.다 죽여버릴거야.\" 라고 말을 하며 위험한 물건인 각목(증 제1호, 길이 105cm)으로 경찰차량의 운전석 유리창을 3회 내리쳤다.",
            "계속하여 피고인은 이를 제지하려는 F을 향해 위 각목을 3회 휘두른 후 피해자에게로 가 다시 각목을 2회 휘둘렀는데, 피해자가 삼단봉으로 각목을 막자 중심을 잡지 못하고 휘청이면서 몸 부위로 피해자의 오른쪽 몸부위를 부딪히며 피해자의 오른손 새끼손가락 부분이 꺾이게 하였다."
        ]
    },
    "dcss": {
        "courtDcss": [
            "이 사건 범행은 피고인이 경찰관들에게 각목을 휘둘러 적법한 직무집행을 방해하고 그 중 한 경찰관에게 상해를 입게 한 것으로 죄질이 불량하다.",
            "피고인의 행위는 정당한 공권력의 행사를 무력화시킴으로써 국가의 기능을 부분적으로 해하는 범죄로 그 죄책이 무겁다.",
            "한편, 피고인이 범행을 인정하며 반성하고 있다.",
            "피고인은 심신미약 상태에서 이 사건 범행을 저질렀고, 지금도 병원에 입원하여 치료를 받고 있다.",
            "피고인의 형이 피고인이 치료를 잘 받을 수 있도록 돌보겠다고 다짐하는 등 가족간 유대가 잘 유지되고 있는 것으로 보인다.",
            "피고인은 벌금형을 초과하는 전과가 없고, 가장 최근의 전과가 약 9년 전의 전과이다."
        ]
    },
    "close": {
        "cnclsns": [
            "피고인을 징역 1년에 처한다.",
            "다만 이 판결확정일부터 2년간 위 형의 집행을 유예한다.",
            "압수된 각목 1개(증 제1호)를 몰수한다."
        ]
    }
}