{
    "info": {
        "caseField": "2",
        "detailField": "6",
        "trailField": "1",
        "caseNm": "강제추행",
        "courtNm": "의정부지방법원 고양지원",
        "judmnAdjuDe": "2015. 12. 30.",
        "caseNo": "2015고단2956",
        "relateLaword": [
            "형법 제298조",
            "형법 제70조",
            "형법 제69조",
            "성폭력범죄의 처벌 등에 관한 특례법 제16조",
            "형사소송법 제334조",
            "성폭력범죄의 처벌 등에 관한 특례법 제42조",
            "성폭력범죄의 처벌 등에 관한 특례법 제43조",
            "성폭력범죄의 처벌 등에 관한 특례법 제47조",
            "성폭력범죄의 처벌 등에 관한 특례법 제49조",
            "아동,청소년의 성보호에 관한 법률 제49조",
            "아동,청소년의 성보호에 관한 법률 제50조"
        ],
        "qotatPrcdnt": []
    },
    "concerned": {
        "acusr": "4",
        "dedat": "1"
    },
    "org": {
        "orgJdgmnCourtNm": "",
        "orgJdgmnAdjuDe": "",
        "orgJdgmnCaseNo": ""
    },
    "disposal": {
        "disposalform": "9",
        "disposalcontent": [
            "피고인을 벌금 2,000,000원에 처한다.",
            "피고인이 위 벌금을 납입하지 아니하는 경우 100,000원을 1일로 환산한 기간 피고인을 노역장에 유치한다.",
            "피고인에게 성폭력 치료프로그램 이수 40시간을 명한다.",
            "위 벌금에 상당한 금액의 가납을 명한다."
        ]
    },
    "mentionedItems": {
        "rqestObjet": [
            "피고인은 버스정류장을 지나는 피해자를 강제 추행하였다."
        ]
    },
    "assrs": {
        "acusrAssrs": [],
        "dedatAssrs": []
    },
    "facts": {
        "bsisFacts": [
            "피고인은 2015.8.9.17:05경 0000에 있는 0시장 버스정류장을 지나는 C 0번 버스 안에서 위 버스 승객인 피해자 D(가명, 여, 29세)에게 갑자기 강제로 키스를 하려고 하여 피해자가 이에 반항하며 제지하자 피해자의 얼굴에 뽀뽀하여, 피해자를 강제로 추행하였다."
        ]
    },
    "dcss": {
        "courtDcss": [
            "등록대상 성범죄인 판시 범죄사실에 관하여 피고인에 대한 유죄판결이 확정되는 경우 피고인은 성폭력 범죄의 처벌 등에 관한 특례법 제42조 제1항의 신상정보 등록대상자가 되므로, 같은 법 제43조에 따라 관할기관에 신상정보를 제출할 의무가 있다.",
            "피고인의 나이, 직업, 재범위험성, 이 사건 범행의 종류, 동기, 범행과정, 결과 및 죄의 경중, 공개명령 또는 고지명령으로 인하여 피고인이 입을 불이익의 정도와 예상되는 부작용, 그로 인해 달성할 수 있는 등록대상 성폭력 범죄의 예방효과, 피해자 보호 효과 등을 종합적으로 고려하여 본다.",
            "성폭력 범죄의 처벌 등에 관한 특례법 제47조 제1항, 제49조 제1항, 아동·청소년의 성보호에 관한 법률 제49조 제1항 단서, 제50조 제1항 단서에 따라 신상정보를 공개고지하여서는 아니 될 특별한 사정이 있다고 판단되므로, 피고인에 대하여 공개명령 또는 고지명령을 선고하지 아니한다.",
            "피고인이 행한 유형력 및 추행의 정도를 고려하고, 피고인이 피해자로부터 용서를 받았고, 범죄전력이 없는 초법인 점, 그밖에 피고인의 연령, 성행, 가족관계, 범죄전력, 이 사건의 경위, 그 이후의 경과 등 양형의 조건을 종합하여 형을 정한다."
        ]
    },
    "close": {
        "cnclsns": [
            "피고인을 벌금 2,000,000원에 처한다.",
            "피고인이 위 벌금을 납입하지 아니하는 경우 100,000원을 1일로 환산한 기간 피고인을 노역장에 유치한다.",
            "피고인에게 성폭력 치료프로그램 이수 40시간을 명한다.",
            "위 벌금에 상당한 금액의 가납을 명한다."
        ]
    }
}