{
    "info": {
        "caseField": "2",
        "detailField": "6",
        "trailField": "1",
        "caseNm": "특정경제범죄가중처벌등에관한법률위반(사기),방조,사기방조",
        "courtNm": "서울중앙지방법원",
        "judmnAdjuDe": "2019. 02. 20.",
        "caseNo": "2017고합995",
        "relateLaword": [
            "형법 제347조",
            "구 특정경제범죄 가중처벌 등에 관한 법률(2016 1. 6 법률 제13719호로 개정되기 전의 것) 제3조",
            "형법 제32조",
            "형법 제55조",
            "형법 제37조",
            "형법 제39조",
            "형법 제38조",
            "형법 제53조",
            "형법 제62조"
        ],
        "qotatPrcdnt": [
            "대법원 2011. 12. 8. 선고 2010도9500 판결"
        ]
    },
    "concerned": {
        "acusr": "4",
        "dedat": "1"
    },
    "org": {
        "orgJdgmnCourtNm": "",
        "orgJdgmnAdjuDe": "",
        "orgJdgmnCaseNo": ""
    },
    "disposal": {
        "disposalform": "6",
        "disposalcontent": [
            "피고인 A을 징역 1년 6월에 ,피고인 B을 징역 1년에 각 처한다.",
            "다만 피고인 B에 대하여는 이 판결확정일부터 2년간 위 형의 집행을 유예한다."
        ]
    },
    "mentionedItems": {
        "rqestObjet": [
            "피고인은 피해자C를 기망하여 이에 속은 피해자로부터 2016. 2. 4. 화장품 물품대금 명목으로 피고인이 지정한 공동피고인 B명의의 F 계좌로 2회에 걸쳐 37,999,580원을 송금받은 것을 비롯하여 2016. 2. 4.경부터 2016. 5. 17.경까지 별지 범죄일람표 1 기재와 같이 총 39회에 걸쳐 합계 \n359,351,580원을 받아 편취하였다.",
            "피고인 A은 피해자 G를 기망하여 이에 속은 피해자로부터 2016. 11. 24. 홍보자료 제작비 명목으로 공동피고인 B 명의 F 계좌로 4,500,000원을 받아 편취하였다.",
            "피고인 B은 공동피고인 A이 피해자 L을 기망하여 별지 범죄일람표 2 기재 돈을 편취하는데 그 범행을 용이하게 하여 이를 방조하였다.",
            "피고인 B은 공동피고인 A이 피해자 C을 기망하여 돈을 편취하는데 그 범행을 용이하게 하여 이를 방조하였다."
        ]
    },
    "assrs": {
        "acusrAssrs": [
            "피고인은 이와 같이 피해자를 기망하여 이에 속은 피해자로부터 2016. 2. 4. 화장품 물품대금 명목으로 피고인이 지정한 공동피고인 00 명의의 000 계좌로 2회에 걸쳐 37,999,580원을 송금 받은 것을 비롯하여, 2016. 2. 4.경부터 2016. 5. 17.경까지 별지 범죄일람표(1)기재와 같이 총 39회에 걸쳐 합계 359,351,580원을 받아 편취하였다.",
            "피고인은 공동피고인 00이 피해자 00을 기망하여 별지 범죄일람표(2)기재 돈을 편취하는 데 그 범행을 용이하게 하여 이를 방조하였다.",
            "피고인은 공동피고인 00이 위 1의 가.항 기재와 같이 피해자 00을 기망하여 돈을 편취하는 데 그 범행을 용이하게 하여 이를 방조하였다."
        ],
        "dedatAssrs": [
            "피고인은 피해자 00, 00과 계약을 체결할 당시 화장품 및 홍보자료 등을 납품할 능력과 의사가 있었으나 그 후 화장품 물품대금 사기 등 혐의로 법정구속 되는 등 예기치 못한 일이 발생하여 약속을 지키지 못하게 된 것이다. ",
            "따라서 피고인이 사기의 고의로 피해자 00, 00을 기망하지 않았다.",
            "피고인은 피해자가 피고인이 비공식적인 화장품 거래 방식인 속칭 '뒤로 빼기'로 화장품을 유통한다는 사실을 알면서도 위험을 감수하고 피고인에게 물품대금을 지급한 것이다.",
            "피고인은 공동피고인 00이 운영하는 회사의 직원으로서 공동피고인 00의 지시에 따라 업무 일부를 도와준 것일 뿐, 공동피고인 00의 사기 범행을 인식 또는 예견하지 못하였다."
        ]
    },
    "facts": {
        "bsisFacts": [
            "피고인 00은 2017. 7. 18. 서울고등법원에서 특정경제범죄가중처벌등에관한법률위반(사기)죄 등으로 징역 5년을 선고받아 2017. 10. 12. 그 판결이 확정되었다.",
            "피고인은 2015. 12.경 지인을 통해 화장품 도매업을 시작하는 피해자 00을 소개받은 후 그 무렵 서울 강남구 삼성동 소재 상호불상의 커피숍에서 피해자에게 '000 회사와 직거래로 유통을 하고 있어 000 화장품을 공장으로부터 저렴한 가격에 공급해 줄 수 있다.'라고 거짓말하였다.",
            "그런 다음 피고인은 2015. 12.경부터 2016. 2. 4.경까지 피해자에게 피해자로부터 지급받은 가액만큼 화장품을 공급하거나 피해자의 환불 요구에 환불을 해주는 방법으로 피해자로 하여금 피고인을 믿게 하였다.",
            "피고인은 2016. 11.경 지인의 소개로 '0' 이라는 상호로 피부미용업을 준비 중인 피해자 00을 소개받은 후, 그 무렵 서울 강남구 삼성동 소재 상호불상의 음식점에서 피해자에게 '나는 000, 000 등 유명 브랜드의 홍보자료를 만들어주는 프리랜서로서 친구와 함께 작업을 한다. 450만 원을 주면 0 홈페이지, 팜플렛, 명함 등 홍보자료를 일주일 후 만들어주겠다.'라고 말하였다.",
            "계속해서 2016. 11, 24.경 피해자에게 '친구 공동피고인 00과 함께 작업하기 때문에 완불을 받고 진행해야 한다. 밑작업을 다 해놓았으니 돈을 입금해주면 3~4일 안에 홈페이지 등을 제작하겠다.'라고 거짓말하였다.",
            "피고인은 이와 같이 피해자를 기망하여 이에 속은 피해자로부터 2016. 11. 24. 홍보자료 제작비 명목으로 공동피고인 00 명의 000 계좌로 4,500,000원을 받아 편취하였다.",
            "피고인은 공동피고인 00이 2014. 12. 초순 서울 영등포구에 있는 피해자 00 운영의 000 사무실에서 위 1의 가.항 기재와 같은 방법으로 피해자를 기망하여 피해자로부터 2014. 12, 8.부터 2014. 12. 21.까지 별지 범죄일람표(2)기재와 같이 합계 2,007,050,000원을 화장품 물품대금 명목으로 편취하였다.",
            "피고인은 그 과정에서 공동피고인 00의 부탁에 따라 공동피고인 00에게 피고인 명의의 휴대전화를 제공하여 사용케 하고, 나아가 공동피고인 00에게 화장품을 공급해줄 소매상을 찾아 그 업체로부터 화장품을 구입하는 등의 방법으로 공동피고인 00의 일을 도왔다.",
            "피고인은 공동피고인 00이 위 2의 가.항 기재와 같이 피해자 00 등을 기망하여 돈을 편취한 혐의로 2015. 10. 22.경 구속된 사실을 잘 알면서도, 공동피고인 00이 2015. 11. 13.경 구속적부심으로 석방된 후 위 1의 가.항 기재와 같이 피해자 00을 기망하여 피해자 00으로부터 2016. 2. 4.부터 2016. 5. 17.까지 별지 범죄일람표(1)기재와 같이 합계 359,351,580원을 화장품 물품대금 명목으로 편취하였다.",
            "이 과정에서, 공동피고인 00의 부탁에 따라 공동피고인 00으로 하여금 피해자 00과 화장품 공급계약을 체결할 수 있도록 피고인 명의로 '000' 라는 화장품업체의 사업자등록을 해주고, 화장품 대금을 송금 받을 수 있도록 피고인 명의의 000 계좌를 사용할 수 있게 해주었다."
        ]
    },
    "dcss": {
        "courtDcss": [
            "범죄사실에 대한 해당법조 및 형의 선택",
            "피고인 00: 각 형법 제347조 제1항(각 사기의 점, 판시 00에 대한 사기의 점은 포괄하여, 징역형 선택)",
            "피고인 00: 구 특정경제범죄 가중처벌 등에 관한 법률(2016. 1. 6 법률 제13719호로 개정되기 전의 것)제3조 제1항 제2호, 형법 제347조 제1항, 형법 제32조 제1항(판시 00에 대한 사기방조의 점, 포괄하여), 형법 제347조 제1항, 형법 제32조 제1항(판시 00에 대한 사기방조의 점, 포괄하여, 징역형 선택)",
            "피고인 00이 사기의 고의로 피해자 00을 기망하여 돈을 편취하였음을 인정할 수 있다.",
            "피고인이 이 부분 거래 당시 실제로 대량의 000 화장품을 싼 가격에 유통할 수 있는 능력이 있었음을 증명할 만한 객관적인 근거가 전혀 없을 뿐만 아니라, 실제로는 소비자가격으로 피해자와 거래하기로 한 화장품 중 일부만을 구매한 후 이를 도매가격에 피해자에게 공급한 이 부분 거래의 구조상 피고인은 당시 지속되기 어려운 사업을 진행하고 있었던 것으로 보일 뿐이다. ",
            "피고인 00이 사기의 고의로 피해자 00을 기망하여 돈을 편취하였음을 인정할 수 있다.",
            "공동피고인 00의 계좌 거래 내역 등에 따르면, 피고인은 피해자에게서 받은 돈을 개인 채무 변제 등 홍보자료 제작과 관계없는 곳에 대부분 소비한 것으로 보인다.",
            "이 법원이 채택하여 조사한 증거들에 따라 알 수 있는 다음과 같은 사정들을 종합하면, 피고인 00는 공동피고인 00의 피해자 00에 대한 사기 범행을 적어도 미필적으로는 인식 또는 예견하였다고 보아야 한다.",
            "피고인은 공동피고인 00의 지시에 따라 화장품의 재고를 확인하고 화장품을 사업자에게 배송하거나, 소매업체에서 화장품을 구매하는 등의 역할을 하였다.",
            "피고인00는 공동피고인 00의 실제 거래 방식이 피해자가 알고 있는 내용과 맞지 않고, 그러한 방식으로는 화장품 공급을 도저히 지속할 수 없다는 사정도 파악하고 있었다고 보아야 한다.",
            "이 법원이 채택하여 조사한 증거들에 따라 알 수 있는 다음과 같은 사정들을 종합하면, 피고인 00는 공동피고인 00의 피해자 00에 대한 사기 범행을 적어도 미필적으로는 인식 또는 예견하였다고 보는 것이 타당하다.",
            "피고인00는 화장품 회사 또는 공장과의 허위 친분관계 등을 내세워 화장품 유통업자인 피해자 00을 기망하고, 홍보자료 등을 만들어줄 수 있을 것처럼 말하여 사업을 준비하는 피해자 00을 기망하였다. ",
            "피고인의 이러한 범행은 정상적인 방법으로는 도저히 이행할 수 없는 계약을 체결하고 피해자들로부터 돈을 편취한 것으로 죄질이 매우 나쁘다. ",
            "피해자 00에 대한 사기 범행은 피고인이 유사한 수법으로 범행을 저질러 형사재판이 진행 중이었음에도 다시 일어난 것이고 그 피해액의 합계가 3억 5,000만 원을 넘는다. ",
            "그럼에도 피고인은 납득하기 어려운 변명으로 일관할 뿐 피해 회복을 위해 아무런 노력을 기울이지 않아 피해자들은 피고인의 처벌을 원하고 있다.",
            "피고인 00는 공동피고인 00이 장기간에 걸쳐 사기 범행을 저지르는 과정에서 휴대전화, 은행계좌, 사업자등록의 명의를 사용할 수 있도록 해주고 화장품 주문·배송업무를 도와주는 등의 방법으로 범행을 방조하였다.",
            "특히 공동피고인 00은 2015. 11.경 구속적 부심으로 석방된 직후에도 피해자 00을 만나 화장품 공급 계약을 체결하였고 이는 결국 사기 범행으로 이어졌는데, 피고인의 협조가 없었다면 공동피고인 00이 이처럼 석방되자마자 범행을 다시 저지르기는 매우 어려웠을 것으로 보인다.",
            "피고인은 공동피고인 00의 범행에 끼친 영향이 결코 미약하다고 볼 수 없음에도 자신의 책임을 전면 회피하면서 납득하기 어려운 변명으로 일관하고 있다.",
            "특히 공동피고인 A은 2015. 11.경 구속적 부심으로 석방된 직후에도 피해자 C을 만나 화장품 공급 계약을 체결하였고 이는 결국 사기 범행으로 이어졌는데, ",
            "다만 피고인은 초범이며, 공동피고인 00의 범행에 소극적인 역할만을 담당하였고 이 사건 각 범행으로 얻은 실제 이득액은 그리 많지 않다. ",
            "이러한 사정을 피고인에게 유리한 정상으로 참작한다."
        ]
    },
    "close": {
        "cnclsns": [
            "피고인 00을 징역 1년 6월에, 피고인 00을 징역 1년에 각 처한다.",
            "다만 피고인 00에 대하여는 이 판결 확정일부터 2년간 위 형의 집행을 유예한다."
        ]
    }
}