{
    "info": {
        "caseField": "2",
        "detailField": "6",
        "trailField": "1",
        "caseNm": "폭력행위등처벌에관한법률위반(집단,흉기등상해)",
        "courtNm": "서울중앙지방법원",
        "judmnAdjuDe": "2013. 04. 19.",
        "caseNo": "2013고단954",
        "relateLaword": [
            "각 폭력행위등 처벌에 관한 법률 제3조",
            "각 폭력행위등 처벌에 관한 법률 제2조",
            "형법 제257조",
            "형법 제40조",
            "형법 제50조",
            "형법 제53조",
            "형법 제55조",
            "형법 제62조"
        ],
        "qotatPrcdnt": []
    },
    "concerned": {
        "acusr": "4",
        "dedat": "1"
    },
    "org": {
        "orgJdgmnCourtNm": "",
        "orgJdgmnAdjuDe": "",
        "orgJdgmnCaseNo": ""
    },
    "disposal": {
        "disposalform": "8",
        "disposalcontent": [
            "피고인을 징역 1년 6월에 처한다.",
            "다만, 이 판결 확정일로부터 2년간 위 형의 집행을 유예한다."
        ]
    },
    "mentionedItems": {
        "rqestObjet": [
            "피고인을 징역 1년 6월에 처한다."
        ]
    },
    "assrs": {
        "acusrAssrs": [],
        "dedatAssrs": []
    },
    "facts": {
        "bsisFacts": [
            "피고인은 2012.10.1.16:30경 C 0 승용차를 운전하여 0000에 있는 편도 2차선의 도로 중 1차로를 따라 창경궁 방면에서 원남동사거리 방면으로 진행하던 중, 그곳 2차로를 따라 같은 방면으로 진행하던 피해자 D(여, 35세)운전의 E 0 승용차가 좌회전 신호를 받기 위해 1차로로 갑자기 차선을 변경하여 피고인의 차량 앞으로 끼어들었다는 이유로 격분하여 자신도 급차선 변경으로 끼어드는 방법으로 보복하기로 마음먹었다.",
            "그리하여 피고인은 위 0 승용차를 추격하여 0000에 있는 원남동사거리에서 000 방면으로 좌회전하던 위 0 승용차의 주행 차선으로 갑자기 끼어들어 피해자로 하여금 차량 속도를 급히 줄이게끔 만들고, 이에 피해자가 경음기를 울리며 항의하자 000 장례식장 부근에서 다시 위 0 승용차의 주행차선으로 갑자기 끼어들었다.",
            "계속하여 000 사거리에서 다시 위 0 승용차의 주행차선으로 갑자기 끼어들어 피해자로 하여금 급정거를 하도록 함으로써 위 피해자와 그 동승자인 피해자 F(68세), G(여,57세), H(35세), I(1세)으로 하여금 차량 내부에 부딪히게 하였다.",
            "이로써 피고인은 위 0 승용차를 이용하여 피해자 D에게 약 1 주간의 치료가 필요한 목뼈 염좌상을, 피해자 F에게 약 2주간의 치료가 필요한 목뼈 염좌상 등을, 피해자 G에게 약 1주간의 치료가 필요한 오른쪽 팔 타박상을, 피해자 H, I에게 각 약 1주간의 치료가 필요한 아래 등 및 골반 타박상 등을 각 가하였다."
        ]
    },
    "dcss": {
        "courtDcss": [
            "피해자 측에도 일부 책임이 있고, 피해자들의 상해 정도가 경미하며, 잘못을 깊이 반성하고 있는 점 등을 참작하여 법정형을 감경한 범위 내에서 형량을 정하고, 그 집행을 유예한다."
        ]
    },
    "close": {
        "cnclsns": [
            "각 폭력행위등 처벌에 관한 법률 제3조 제1항, 제2조 제1항 제3호, 형법 제257조 제 1항에 따라 피고인을 징역 1년 6월에 처한다.",
            "다만, 이 판결 확정일로부터 2년간 위 형의 집행을 유예한다."
        ]
    }
}