{
    "info": {
        "caseField": "2",
        "detailField": "6",
        "trailField": "1",
        "caseNm": "사기",
        "courtNm": "대전지방법원",
        "judmnAdjuDe": "2017. 02. 23.",
        "caseNo": "2015고단2631",
        "relateLaword": [
            "형법 제347조",
            "형법 제51조"
        ],
        "qotatPrcdnt": []
    },
    "concerned": {
        "acusr": "4",
        "dedat": "1"
    },
    "org": {
        "orgJdgmnCourtNm": "",
        "orgJdgmnAdjuDe": "",
        "orgJdgmnCaseNo": ""
    },
    "disposal": {
        "disposalform": "6",
        "disposalcontent": [
            "피고인을 징역 2년 6월에 처한다."
        ]
    },
    "mentionedItems": {
        "rqestObjet": [
            "피고인은 피해자를 기망하여 피해자로부터 1억 8,500만원을 교부받아 이를 편취하였다."
        ]
    },
    "assrs": {
        "acusrAssrs": [],
        "dedatAssrs": []
    },
    "facts": {
        "bsisFacts": [
            "피고인은 2013. 4.경 평소 알고 지내던 C를 통해 D을 소개받았는데, D이 여동생인 피해자 E로부터 그 소유 0000 대지 및 건물의 매매에 관하여 위임을 받아 매수자를 물색하고 있는 것을 알게 되자, 위 부동산을 이용한 대출금을 편취하기로 마음먹었다. ",
            "피고인은 2013. 5. 8.경 0000 부근에 있는 사채업 사무실에서, D에게 \"내가 G단체의 제일 높은 자리에 오를 수 있는데, G단체 이사 9명중 나를 지지하는 사람이 5명이고, 반대하는 사람이 4명이다. 이사들에게 몇 억씩 주고 그 자리에 앉으면 2주 이내에 G단체 돈을 주무르니까 동생의 부동산을 매입하여 G단체 지역지점으로 사용할 것이다.\"고 거짓말하였다. ",
            "우선, 동생 E 소유 부동산에 관하여 매매계약을 체결하고, 이를 담보로 대출을 받아 G단체 책임자가 되는데 사용하고, 매매대금은 한 달 안에 다 정리를 해 주겠다고 거짓말하였다. ",
            "그러나 피고인은 G단체의 의사를 결정할 수 있는 지위에 있지 않을 뿐만 아니라 위 부동산을 매입할 능력도 없었음에도, 이에 속은 D과 2013. 5. 8.경 피고인이 피해자 소유의위 부동산을 5억 5천만 원에 매수하되 매매대금은 2013. 6. 10.까지 지급하기로 하는 매매계약을 체결하고, 그 다음날 피해자가 위 부동산을 타인에게 담보로 제공하고 차용한 1억8,500만원을 교부받아 이를 편취하였다. "
        ]
    },
    "dcss": {
        "courtDcss": [
            "피고인이 이 사건 범행을 시인하고 반성하고 있는 점 등은 피고인에게 유리한 정상으로, 이 사건 범행은 범행의 수단 및 그 결과에 비추에 보면 죄질이 가볍지 아니한 점, 이사건 범행으로 인한 피해 금액이 상당함에도 피해자와 합의되거나 피해회복이 전혀 이루어지지 아니하여 피해자가 피고인의 처벌을 원하고 있다.",
            "피고인에게 동종 범죄로 징역형의 처벌을 받은 전력이 있는 점, 피고인이 선고를 앞두고 도주한 점 등은 피고인에게 불리한 정상이다. ",
            "그 밖에 피고인의 연령, 성행, 환경, 범행 동기, 수단 및 결과, 범행 전후의 정황등 이 사건 기록및 공판 과정에 나타는 형법 제51조에 규젱된 제반 양형 조건과 사기 범죄에 관한 대법원 양형위원회이 양형기준에 따른 권고형량의 범위등을 참작하여 하여 주문과 같은 형을 정하기로한다."
        ]
    },
    "close": {
        "cnclsns": [
            "피고인을 징역 2년 6월에 처한다."
        ]
    }
}