{
    "info": {
        "caseField": "2",
        "detailField": "6",
        "trailField": "1",
        "caseNm": "사기",
        "courtNm": "대구지방법원",
        "judmnAdjuDe": "2014. 12. 30.",
        "caseNo": "2014고단4457",
        "relateLaword": [
            "형법 제347조",
            "형법 제30조",
            "형법 제62조"
        ],
        "qotatPrcdnt": []
    },
    "concerned": {
        "acusr": "4",
        "dedat": "1"
    },
    "org": {
        "orgJdgmnCourtNm": "",
        "orgJdgmnAdjuDe": "",
        "orgJdgmnCaseNo": ""
    },
    "disposal": {
        "disposalform": "8",
        "disposalcontent": [
            "피고인들을 각 징역 6월에 처한다.",
            "다만 피고인들에 대하여 이 판결 확정일부터 2년간 위 각 형의 집행을 유예한다."
        ]
    },
    "mentionedItems": {
        "rqestObjet": [
            "피고인들을 각 징역 6월에 처한다. ",
            "다만 피고인들에 대하여 이 판결 확정일부터 2년간 위 각 형의 집행을 유예한다. "
        ]
    },
    "assrs": {
        "acusrAssrs": [],
        "dedatAssrs": [
            "피고인 B은 가개통을 하여 피해회사를 기망한 사실이 없다고 주장한다."
        ]
    },
    "facts": {
        "bsisFacts": [
            "피고인 A은 2004. 1. 15.경부터 2013. 3. 22.까지 000으로 근무하였던 사람, 피고인 B은 2012. 1.경부터 0000에서 000 G 대리점을 운영하는 사람이다",
            "피고인 A은 휴대폰을 정상적으로 사용할 의사가 없는 가족 및 친구 등 지인들로부터 신분증 및 휴대폰 가입에 필요한 정보를 받아 그들 명의로 가입신청서를 대필하여 이동전화서비스 계약서를 작성하고, 피고인 B은 A으로부터 이를 건네받아 피해회사 000 본사에 제출하는 등 역할분담을 하여 피고인 A은 가개통수수료 등을 취득하고, 피고인 B은 개통한 휴대폰을 중고폰으로 판매하여 이득을 취득하기로 공모하였다.",
            "피고인들은 2012. 3. 9.경부터 2012. 3. 31.까지 피고인 B이 운영하는 'G' 대리점에서 정상적으로 휴대폰을 사용할 의사가 없는 H 등 28명 명의의 휴대폰 63대의 가입신청서를 마치 정상적으로 휴대폰을 사용할 것처럼 피해회사 000 본사에 제출하여 이에 속은 피해회사로부터 가개통 수수료 명목으로 28,911,000원, 20,254,020원 상당의 휴대폰 등 합계 49,165,020원 상당을 교부받아 이를 편취하였다."
        ]
    },
    "dcss": {
        "courtDcss": [
            "증인 1의 진술과 공범인 피고인 A의 진술 등에 의하면 피고인 B이 피고인 A과 공모하여 판시 범죄 사실과 같이 정상적으로 이동전화서비스계약을 쳬결하는 것처럼 피해회사를 기망하여 가개통수수료 및 휴대폰을 편취한 사실이 충분히 인정된다.",
            "명목상 편취금액이 4900여만 원이나 사용요금과 휴대전화 할부금 상당액이 납부되어 실제 피해회사의 손해액은 그에 훨씬 미치지 아니하는 점이 있다.",
            "피고인 A은 그 잘못을 뉘우치고 반성하고 있는 점, 피고인 A에게 현재 처벌 전력 없고, 피고인 B은 벌금형 1회 외에 처벌전력 없는 점 등의 주요 정상과 그밖에 이 사건 범행의 동기와 경위, 수단과 방법, 범행 전후의 정황, 기타 이 사건 변론에 나타난 피고인들의 연령, 성행, 경력, 환경 등 여러가지 사정들을 종합하여 형을 정한다."
        ]
    },
    "close": {
        "cnclsns": [
            "피고인들을 각 징역 6월에 처한다.",
            "피고인들에 대하여 이 판결 확정일부터 2년간 위 각 형의 집행을 유예한다."
        ]
    }
}