{
    "info": {
        "caseField": "2",
        "detailField": "6",
        "trailField": "1",
        "caseNm": "사기",
        "courtNm": "서울남부지방법원",
        "judmnAdjuDe": "2014. 01. 29.",
        "caseNo": "2013고단3413",
        "relateLaword": [
            "형법 제347조"
        ],
        "qotatPrcdnt": []
    },
    "concerned": {
        "acusr": "4",
        "dedat": "1"
    },
    "org": {
        "orgJdgmnCourtNm": "",
        "orgJdgmnAdjuDe": "",
        "orgJdgmnCaseNo": ""
    },
    "disposal": {
        "disposalform": "6",
        "disposalcontent": [
            "피고인을 징역 6월에 처한다."
        ]
    },
    "mentionedItems": {
        "rqestObjet": [
            "피고인을 징역 6월에 처한다."
        ]
    },
    "assrs": {
        "acusrAssrs": [],
        "dedatAssrs": []
    },
    "facts": {
        "bsisFacts": [
            "피고인은 2013. 9. 22. 14:00경부터 2013. 9. 23. 18:05경까지 0000 있는 피해자 D이 운영하는 E 피씨방에서, 사실은 당시 수중에 돈이 없어 컴퓨터를 이용하더라도 그 사용대금을 지불할 의사나 능력이 없음에도 불구하고, 피해자에게 마치 사용대금을 정상적으로 지급할 것 처럼 행세하였다.",
            "피고인은 위 피씨방에서 컴퓨터를 이용하고, 음식을 주문하여, 그 사용대금 33,200원 상당을 지급하지 않아 동액 상당의 재산상 이익을 취득하였다."
        ]
    },
    "dcss": {
        "courtDcss": [
            "피해가 회복되었으나, 피고인에게 동종 전과가 22회 있는 점 등을 참작하여 형을 정한다."
        ]
    },
    "close": {
        "cnclsns": [
            "형법 제347조 제1항 (징역형 선택)에 따라 피고인을 징역 6월에 처한다."
        ]
    }
}