{
    "info": {
        "caseField": "2",
        "detailField": "6",
        "trailField": "1",
        "caseNm": "특정경제범죄가중처벌등에관한법률위반(횡령),업무상배임,채무자회생및파산에관한법률위반,제3자뇌물취득,정치자금법위반",
        "courtNm": "서울중앙지방법원",
        "judmnAdjuDe": "2018. 01. 19.",
        "caseNo": "2017고합1208",
        "relateLaword": [
            "특정경제범죄 가중처벌 등에 관한 법률 제3조\n",
            "형법 제356조",
            "형법 제355조",
            "채무자 회생 및 파산에 관한 법률 제649조",
            "채무자 회생 및 파산에 관한 법률 제88조",
            "채무자 회생 및 파산에 관한 법률 제79조",
            "형법 제133조\n",
            "형법 제129조",
            "정치자금법 제45조",
            "형법 제37조",
            "형법 제38조",
            "형법 제50조",
            "형법 제53조",
            "형법 제55조",
            "형법 제70조",
            "형법 제69조",
            "형법 제62조",
            "형사소송법 제334조"
        ],
        "qotatPrcdnt": []
    },
    "concerned": {
        "acusr": "4",
        "dedat": "1"
    },
    "org": {
        "orgJdgmnCourtNm": "",
        "orgJdgmnAdjuDe": "",
        "orgJdgmnCaseNo": ""
    },
    "disposal": {
        "disposalform": "6",
        "disposalcontent": [
            "피고인을 판시 제1 내지4죄에 대하여 징역 2년에, 판시 제5죄에 대하여 벌금 5,000,000원에 각 처한다.",
            "피고인이 위 벌금을 납입하지 아니하는 경우 100,000원을 1일로 환산한 기간 피고인을 노역장에 유치한다.",
            "다만, 이 판결 확정일부터 3년간 위 징역형의 집행을 유예한다.",
            "위 벌금에 상당한 금액의 가납을 명한다."
        ]
    },
    "mentionedItems": {
        "rqestObjet": [
            "피고인을 판시 제1 내지4죄에 대하여 징역 2년에, 판시 제5죄에 대하여 벌금 5,000,000원에 각 처한다.",
            "피고인이 위 벌금을 납입하지 아니하는 경우 100,000원을 1일로 환산한 기간 피고인을 노역장에 유치한다."
        ]
    },
    "assrs": {
        "acusrAssrs": [
            "피고인은 피해자 000의 법인자금 987,882,655원을 횡령하였다.",
            "피고인은 위와 같이 업무상 임무에 위배하여 합계 2억 5,790만 원 상당의 재산상 이익을 취득하고, 피해자 000에 같은 금액 상당의 재산상 손해를 가하였다.",
            "피고인은 채무자 000의 대표이사로서 조사위원에게 정당한 사유 없이 채무자의 재산 상태에 관하여 허위의 보고를 하였다.",
            "피고인은 공무원의 직무에 관하여 공여할 목적으로 전달되는 뇌물이라는 정을 알면서 이로부터 1,500만 원을 교부받았다.",
            "이로써 피고인은 정치자금법에서 정하지 아니한 방법으로 00에게 정치자금을 기부하였다."
        ],
        "dedatAssrs": []
    },
    "facts": {
        "bsisFacts": [
            "피고인은 2014. 7.경부터 000(이하 회사명에서 '주식회사'의 기재는 생략한다)의 대표이사로 위 회사의 법인자금을 업무상 보관하였다.",
            "2015. 1. 21.부터 2017. 8. 14.까지 별지 범죄일람표 (1), (2) 기재와 같이 이자나 변제기의 약정이 없었음은 물론 이사회 결의, 채권담보 조치 등 특별한 절차 없이 대여금, 처 00의 급여 명목으로 총 34회에 걸쳐 000의 법인자금 합계 987,882,655원을 가져가 생활비, 개인사업체인 000에 대한 투자 및 운영비, 개인적인 채권채무 관계에 따른 대금 지급 등 개인적인 용도에 임의로 사용하였다.",
            "피고인은 제1항과 같이 000의 대표이사로 자금집행 및 회계 등 업무를 총괄하는 사람이므로, 000가 거래처로부터 용역 등을 제공받을 때 단가, 물량 등을 정확하게 산정하여 대금을 과다하게 지급하지 않도록 하여야 할 업무상 임무가 있다.",
            "그럼에도 피고인은 2015년경부터 2016년 경까지 별지 범죄일람표 (3) 기재와 같이 000, 000, 000, 000, 000 등 거래처에 인테리어 공사 등을 하도급주는 과정에서 대금을 부풀려 지급한 후 실제 대금과의 차액을 되돌려 받거나 거래처로부터 허위 세금계산서를 발급받아 거래처에 공사대금을 지급하고 이를 그대로 되돌려받는 방법으로 합계 2억 5,790만 원을 취득하였다",
            "피고인은 2017. 9.경 서울회생법원이 선임한 조사위원이 실시한 회생조사 과정에서, 조사위원 00로부터 000의 대표이사에 대한 대여금 현황 및 상환 가능성에 대한 보고를 요구받자, 사실은 대표이사인 피고인이 제1항 기재와 같이 회사 자금 9억여 원을 횡령하였음에도 '회사 영업을 위한 영업비용으로 지출하였으나 증빙이 없어 비용 회계처리를 하지 못하여 장부상으로만 대여금으로 계상되어 있는 것이므로 회사에 상환할 금액은 없다'는 취지로 보고하였다.",
            "피고인은 2015. 1. 26. 0로부터 그가 운영하는 000과 관련한 경영권 탈취 고소 사건에 관하여 편의를 제공해준 00에게 뇌물로 전달해 달라는 명목으로 현금 1,500만 원을 교부받았다.",
            "피고인은 2015년 가을경 0000에 있는 피고인 운영의 000에서 국회의원 00에게 현금 7,000만 원을 교부하였다. "
        ]
    },
    "dcss": {
        "courtDcss": [
            "판시 제1 내지 4의 범행은 실내건축공사업 등을 영위하는 회사의 대표이사가 회사 자금을 빼내 개인 채무 변제, 배우자 급여 명목 등으로 임의 사용하고, 거래처에 지급할 대금을 부풀리는 수법으로 비자금을 조성하여 회사에 손해를 입혔으며, 회사의 회생절차에서 자신의 범행을 감추기 위해 조사위원에게 허위로 보고하고, 고위 경찰공무원에게 뇌물을 전달하기 위해 친형으로부터 1,500만 원을 수수한 것이다. ",
            "피해금액이 크고, 아직 회사의 피해가 완전히 회복되지 않았으며, 뇌물공여죄로 한 차례 처벌받은 전력이 있음에도 다시 동종 범죄를 저지른 점 등에서 죄질과 범정이 가볍지 않다.",
            "다만 000는 사실상 피고인의 1인회사로서 피고인이 약 30억 원 상당의 개인 자금을 투입하여 운영해 왔고, 위 1,500만 원을 실제로 위 경찰공무원에게 교부하였다고 볼 만한 자료가 없다.",
            "또한 000의 회생채권자와 직원들이 피고인에 대한 선처를 탄원하고 있고, 피고인도 조속히 회사를 정상화시켜 피해를 변제하겠다고 다짐하고 있다.",
            "판시 제5의 범행은 국토교통위원회 소속 국회의원과의 친분을 자신의 사업에 활용하고자 불법 정치자금 7,000만 원을 제공한 것이다.",
            "다만 피고인은 이자, 담보 등의 약정 없이 돈을 빌려달라는 00의 요구에 수동적으로 응한 것이고, 피고인이 기부한 금원이 부정한 선거운동으로 연결되었다고 볼 만한 자료가 없다.",
            "이러한 여러 정상과 더불어 피고인의 연령, 성행과 환경, 범행의 동기, 수단과 결과, 피해자에 대한 관계, 범행 후의 정황 등 기록과 변론에 나타난 여러 사정을 참작하여 주문과 같이 각 형을 정하고, 그 중 징역형의 집행을 유예한다."
        ]
    },
    "close": {
        "cnclsns": [
            "피고인을 판시 제1 내지 4죄에 대하여 징역 2년에, 판시 제5죄에 대하여 벌금 5,000,000원에 각 처한다.",
            "피고인이 위 벌금을 납입하지 아니하는 경우 100,000원을 1일로 환산한 기간 피고인을 노역장에 유치한다.",
            "다만, 이 판결 확정일부터 3년간 위 징역형의 집행을 유예한다.",
            "위 벌금에 상당한 금액의 가납을 명한다."
        ]
    }
}