{
    "info": {
        "caseField": "2",
        "detailField": "6",
        "trailField": "1",
        "caseNm": "특정경제범죄가중처벌등에관한법률위반(사기),배상명령신청",
        "courtNm": "의정부지방법원",
        "judmnAdjuDe": "2016. 04. 07.",
        "caseNo": "2015고합453,2016초기116",
        "relateLaword": [
            "형법 제347조",
            "구 특정경제범죄 가중처벌 등에 관한 법률(2016. 1. 6. 법률 제13719호로 개정되기 전의 것) 제3조",
            "소송촉진 등에 관한 특례법 제32조",
            "소송촉진 등에 관한 특례법 제25조"
        ],
        "qotatPrcdnt": [
            "대법원 2000. 2. 11. 선고 99도4862 판결"
        ]
    },
    "concerned": {
        "acusr": "4",
        "dedat": "1"
    },
    "org": {
        "orgJdgmnCourtNm": "",
        "orgJdgmnAdjuDe": "",
        "orgJdgmnCaseNo": ""
    },
    "disposal": {
        "disposalform": "6",
        "disposalcontent": [
            "피고인을 징역 4년에 처한다",
            "배상신청인의 신청을 각하한다. "
        ]
    },
    "mentionedItems": {
        "rqestObjet": [
            "피고인은 보험설계사로 근무하던 중, 고객으로 알게된 피해자 소외인이 재산이 많다는 사실을 알고 수익률 높은 펀드에 투자 해주겠다는 명목으로 금원을 송금받는 등 이를 편취하였다."
        ]
    },
    "assrs": {
        "acusrAssrs": [],
        "dedatAssrs": [
            "000 관련 범행과 000 관련 범행은 포괄일죄가 아니라 실체적 경합범 관계에 있으므로, 특정경제범죄가중처벌 등에 관한 법률위반(사기)죄가 아니라 각 일반 사기죄에 해당한다."
        ]
    },
    "facts": {
        "bsisFacts": [
            "피고인은 000 보험설계사로 근무하면서 1997.경부터 보험 고객으로 알게 된 피해자 소외인(배상신청인)(여, 61세)과 친분을 유지하던 중, 피해자가 재산이 많다는 사실을 알고 피해자에게 안전하고 수익률 높은 펀드에 투자를 해주겠다고 거짓말을 하여 금원을 송금 받아 피고인의 채무 변제와 생활비 등에 사용하기로 마음먹었다.",
            "피고인은 2008.8.경 0000에 있는 피해자의 별장에서, 피해자에게 \"000에서 운영하는 펀드가 있는데 수익률이 세후 연 6.5%나 된다.안심해도 좋으니 투자를 하라.\" 고 거짓말을 하였고, 그로부터 며칠 후 피고인이 허위로 작성한 펀드 확인서를 교부하였다.",
            "그러나 사실은 피고인은 피해자의 금원으로 펀드에 투자하지 않고 채무 변제와 생활비, 다른 주식투자 용도로 사용할 생각이었으므로, 피해자로부터 금원을 송금받더라도 펀드에 투자하여 투자금을 회수해 줄 의사나 능력이 없었다.",
            "피고인은 이에 속은 피해자로부터 2008.8.11.경 피고인 명의 000 계좌로 펀드 투자금 명목으로 49,210,000원을 송금받은 것을 비롯하여 위 일시경부터 2012.6.22.경까지 별지 범죄일람표(1)기재와 같이 총 7회에 걸쳐 합계 491,210,000원을 송금받았다.",
            "피고인은 2011.12.경 000 (주소 생략)에 있는 피고인의 주거지에서, 피해자에게 전화하여 \"000에서 확정금리 7.5%의 고이율 펀드모집이 있다.내가 3억 원 한도의 구좌를 받았는데, 이 구좌에 투자를 하라.\" 고 거짓말을 하였다.",
            "그러나 사실은 피고인은 000의 구좌를 받은 사실이 없었고, 피해자의 금원으로 채무 변제와 생활비, 다른 주식투자 용도로 사용할 생각이었으므로, 피해자로부터 금원을 송금받더라도 펀드에 투자하여 투자금을 회수해 줄 의사나 능력이 없었다.",
            "피고인은 이에 속은 피해자로부터 2011.12.28.경 피고인 명의 000 계좌로 55,000,000원을 송금받은 것을 비롯하여 위 일시경부터 2013.6.10.경까지 별지 범죄일람표(2)기재와 같이 총 6회에 걸쳐 합계 400,000,000원을 송금받았다.",
            "이로써 피고인은 피해자를 기망하여 합계 891,210,000원을 교부받아 이를 편취하였다."
        ]
    },
    "dcss": {
        "courtDcss": [
            "사기죄에 있어서 동일한 피해자에 대하여 수회에 걸쳐 기망행위를 하여 금원을 편취한 경우, 범의가 단일하고 범행 방법이 동일하다면 사기죄의 포괄일죄만이 성립하고, 범의의 단일성과 계속성이 인정되지 아니하거나 범행 방법이 동일하지 아니하다면 각 범행은 실체적 경합범에 해당한다(대법원 2000.2.11.선고 99도4862 판결 등 참조).",
            "이 법원이 적법하게 채택하여 조사한 증거를 인정되는 다음과 같은 사정, 즉 ① 피고인은 2008.8.11.피해자에게 000에서 운영하는 펀드에 투자를 하라고 거짓말을 하여 2012.6.22.까지 돈을 지급받았고, 위 범행기간 중인 2011.12.28.피해자에게 000에서 운영하는 펀드에 투자를 하라고 거짓말을 하여 2013.6.10.까지 돈을 지급받아 위 각 범행은 시기적으로 겹쳐 있는 점을 볼 수 있다.",
            "그리고 ② 000 펀드 관련 범행과 000 펀드 관련 범행은 모두 펀드 투자금 명목으로 돈을 지급받아 편취한 것으로 범행 방법이 동일한 점, ③ 피고인은 각 편취금을 채무 변제, 생활비, 다른 주식투자 용도로 사용할 생각으로 범행을 저지른 것으로 범행동기 역시 동일하다고 보이는 점 등을 종합하면, 위 000 관련 범행과 동양종금증권 관련 범행은 범의의 단일성과 계속성, 범행 방법의 동일성이 인정되므로 포괄일죄의 관계에 있다고 할 것이다.",
            "따라서 피고인 및 변호인의 주장은 받아들이지 않는다.",
            "이 사건 범행은 피고인이 보험설계사라는 직업과 피해자와의 신뢰관계를 이용하여 피해자로부터 투자금 명목으로 상당한 기간에 걸쳐 반복적으로 금전을 편취한 것으로 피해액이 약 8억 9천만 원에 이르러 범행의 죄질이 좋지 못한 점, 피고인은 피해자에게 4,600만 원을 변제한 이외에 피해회복에 별다른 노력을 기울이지 않고 있는 점 등은 피고인에게 불리한 정상이다.",
            "다만 피고인이 자신의 잘못을 인정하고 반성하고 있는 점, 피고인에게 벌금형 5회 이외에는 처벌전력이 없고 동종전과도 없는 점, 피고인의 가족 및 친지들이 피고인에 대한 선처를 탄원하고 있는 점은 피고인에게 유리한 정상이다.",
            "그밖에 피고인의 나이, 성행, 환경, 가족관계, 범행의 동기, 범행의 수단과 결과, 범행 후의 정황 등 이 사건 변론에 나타난 모든 양형 요소를 고려하여 주문과 같이 형을 정한다."
        ]
    },
    "close": {
        "cnclsns": [
            "피고인을 징역 4년에 처한다.",
            "배상신청인의 신청을 각하한다."
        ]
    }
}