{
    "info": {
        "caseField": "2",
        "detailField": "6",
        "trailField": "1",
        "caseNm": "성폭력범죄의처벌등에관한특례법위반(공중밀집장소에서의추행), 강제추행",
        "courtNm": "의정부지방법원 고양지원",
        "judmnAdjuDe": "2015. 12. 30.",
        "caseNo": "2015고단1403",
        "relateLaword": [
            "성폭력범죄의 처벌 등에 관한 특례법 제11조",
            "형법 제298조",
            "형법 제37조",
            "형법 제38조",
            "형법 제50조",
            "형법 제62조",
            "형법 제62조의2",
            "성폭력범죄의 처벌 등에 관한 특례법 제16조",
            "성폭력범죄의 처벌 등에 관한 특례법 제42조",
            "성폭력범죄의 처벌 등에 관한 특례법 제43조",
            "성폭력범죄의 처벌 등에 관한 특례법 제47조",
            "성폭력범죄의 처벌 등에 관한 특례법 제49조",
            "아동,청소년의 성보호에 관한 법률 제49조",
            "아동,청소년의 성보호에 관한 법률 제50조"
        ],
        "qotatPrcdnt": []
    },
    "concerned": {
        "acusr": "4",
        "dedat": "1"
    },
    "org": {
        "orgJdgmnCourtNm": "",
        "orgJdgmnAdjuDe": "",
        "orgJdgmnCaseNo": ""
    },
    "disposal": {
        "disposalform": "6",
        "disposalcontent": [
            "피고인을 징역 6개월에 처한다.",
            "이 판결 확정일로부터 2년간 위 형의 집행을 유예한다.",
            "피고인에게 사회봉사 40시간, 성폭력 치료프로그램 수강 40시간을 각 명한다."
        ]
    },
    "mentionedItems": {
        "rqestObjet": [
            "피고인은 피해자 옆에 앉아 오른손으로 피해자의 엉덩이를 만져 강제로 추행하였다.",
            "피고인은 앞서 올라가던 피해자의 엉덩이를 손으로 쓰다듬어 피해자를 강제로 추행하였다."
        ]
    },
    "assrs": {
        "acusrAssrs": [],
        "dedatAssrs": []
    },
    "facts": {
        "bsisFacts": [
            "피고인은 2015.5.7.20:23 경 0000에 있는 지하철 9호선 0역 승장장내에서 그곳 의자에 앉아 전동차를 기다리던 피해자 C(여, 28세)을 추행할 마음을 먹고, 피해자 옆에 앉아 오른손으로 피해자의 엉덩이를 만져 피해자를 강제로 추행하였다.",
            "피고인은 2015.10.20.07:50경 0000에 있는 지하철 9호선 0역 에스컬레이터에서, 앞서 올라가던 피해자(여, 20세)의 엉덩이를 손으로 쓰다듬어 피해자를 강제 추행하였다."
        ]
    },
    "dcss": {
        "courtDcss": [
            "등록대상 성범죄인 판시 범죄사실에 관하여 피고인에 대한 유죄판결이 확정되는 경우 피고인은 성폭력 범죄의 처벌 등에 관한 특례법 제42조 제1항의 신상정보 등록대상자가 되므로, 같은 법 제43조에 따라 관할기관에 신상정보를 제출할 의무가 있다.",
            "신상정보 공개명령 또는 고지명령 피고인의 나이, 직업, 재범위험성, 이 사건 범행의 종류, 동기, 범행과정, 결과 및 죄의 경중, 공개명령으로 인하여 피고인이 입을 불이익의 정도와 예상되는 부작용, 그로 인해 달성할 수 있는 등록대상 성폭력 범죄의 예방효과, 피해자 보호 효과등을 종합적으로 고려하여 볼 때, 신상정보를 공개 고지하여서는 아니 될 특별한 사정이 있다고 판단되므로, 피고인에 대하여 공개명령 또는 고지명령을 선고하지 아니한다.",
            "피고인이 행한 유형력 및 추행의 정도를 고려하고, 피고인이 지하철역에서 여성을 추행하는 이 사건 범행을 반복하였고, 강제추행죄는 성폭력 범죄의 처벌 등에 관한 특례법 위반(공중밀집장소에서의추행)죄에 대한 재판을 받던 중 저질렀으며, 범행 후 계속 따라가는 등 피고인의 행동으로 상당한 정신적 충격을 입은 피해자들로부터 용서를 받지 못하였다.",
            "피고인이 동종 범행으로 처벌받은 전력이 없다.",
            "그밖에 피고인의 연령, 성행, 가족관계, 범죄전력, 이 사건의 경위, 그 이후의 경과 등 양형의 조건을 종합하여 형을 정한다."
        ]
    },
    "close": {
        "cnclsns": [
            "피고인을 징역 6월에 처한다.",
            "다만, 이 판결 확정일부터 2년간 위 형의 집행을 유예한다.",
            "피고인에게 사회봉사 40시간, 성폭력 치료프로그램 수강 40시간을 각 명한다."
        ]
    }
}