{
    "info": {
        "caseField": "2",
        "detailField": "6",
        "trailField": "1",
        "caseNm": "사기,부동산등기특별조치법위반",
        "courtNm": "서울지방법원",
        "judmnAdjuDe": "2002. 12. 17.",
        "caseNo": "2001고단10674",
        "relateLaword": [
            "형법 제347조",
            "형법 제30조",
            "부동산등기특별조치법 제8조",
            "부동산등기특별조치법 제2조",
            "형법 제37조 ",
            "형법 제39조 ",
            "형법 제38조 ",
            "형법 제50조 ",
            "형법 제70조 ",
            "형법 제69조 ",
            "형법 제57조 ",
            "형법 제62조"
        ],
        "qotatPrcdnt": []
    },
    "concerned": {
        "acusr": "4",
        "dedat": "1"
    },
    "org": {
        "orgJdgmnCourtNm": "",
        "orgJdgmnAdjuDe": "",
        "orgJdgmnCaseNo": ""
    },
    "disposal": {
        "disposalform": "6",
        "disposalcontent": [
            "피고인 1을 판시 별지범죄일람표 순번 1ㅡ46, 56ㅡ71, 74ㅡ76, 80ㅡ89, 100ㅡ106, 109ㅡ111, 114ㅡ115, 기재 각 죄에 대하여 징역 1년 6월에 처한다",
            "피고인 1을 같은 순번 47ㅡ55, 72ㅡ73, 77ㅡ79, 90ㅡ99, 107ㅡ108, 112ㅡ113, 116ㅡ125 기재 각 죄에 대하여 벌금 10,000,000원에 처한다",
            "피고인 3을 징역 1년에 처한다",
            "피고인 2, 4, 5를 각 징역 10월에 처한다",
            "피고인 6을 판시 별지범죄일람표 순번 1ㅡ10, 56 기재 각 죄에 대하여 징역 1월에, 같은 순번 11ㅡ42, 57ㅡ71, 74ㅡ75, 79ㅡ88, 100ㅡ105, 109ㅡ111, 114ㅡ115 기재 각 죄에 대하여 징역 6월에, 같은 순번 43ㅡ55, 72ㅡ73, 76ㅡ78, 89ㅡ99, 106ㅡ108, 112ㅡ113, 116ㅡ125 기재 각 죄에 대하여 징역 3월에 처한다.",
            "피고인 7을 징역 8월에 처한다",
            "피고인 1이 위 벌금을 납입하지 아니하는 경우 금 40,000원을 1일로 환산한 기간 같은 피고인을 노역장에 유치한다.",
            "이 판결선고 전의 구금일수로서, 피고인 1에 대하여는 163일을 위 징역형에 산입한다.",
            "이 판결선고 전의 구금일수로서, 피고인 2, 3에 대하여는 4일씩을 위 형에 산입한다.",
            "이 판결선고 전의 구금일수로서, 피고인 00에 대하여는 3일을 위 형에 각 산입한다.",
            "이 판결 확정일로부터, 피고인 1에 대하여는 3년간, 나머지 피고인들에 대하여는 2년간씩 위 각 징역형의 집행을 각 유예한다."
        ]
    },
    "mentionedItems": {
        "rqestObjet": [
            "피고인은 피해자에게 임야 대금 명목으로 각 돈을 교부받아 이를 편취하였다.",
            "피고인 1은 부동산 양도소득세의 부과를 면할 목적으로 체결된 계약의 매매대금 지급이 완료된 날로부터 60일 이내에 먼저 체결된 계약에 따라 피고인 명의로 소유권 이전등기를 신청하여야 함에도, 피고인 명의로 소유권 이전등기를 경료하지 아니한 채 공소외 26 등 제3자에게 소유권 이전등기를 경료하였다."
        ]
    },
    "assrs": {
        "acusrAssrs": [],
        "dedatAssrs": []
    },
    "facts": {
        "bsisFacts": [
            "피고인 1은 2001.6.19.청주지방법원에서 특정범죄 가중처벌 등에 관한 법률 위반(도주차량)등으로 징역 6월 집행유예 1년을 선고받아 같은 달 27.위 판결이 확정된 자이다.",
            "피고인 1은 1999.12.30경부터 0000 (상세번지 및 건물명 생략)빌딩 5층 약 40평의 면적에 공소외 4 주식회사를 설립하고, 2001.3.초순경부터 0000 (상세번지 및 건물명 생략)빌딩 5층 약 110평의 면적에 위 회사의 지사를 설치하였다.",
            "피고인 1은 본사에 상무, 실장, 차장 등 총 39명, 지사에 전무, 실장, 차장 등 총 70명, 합계 109명을 고용, 부동산 매매업에 종사하면서 직원 교육, 관리 감독, 전매 대상 부동산 매수 업무를 담당하는 자이다.",
            "피고인 2는 2001.3.초순경부터 위 회사의 상무로서 직원 교육, 소속 관리 감독, 상담 업무를 담당하는 자, 피고인 3은 1999.12.하순경부터 위 회사의 기획부 실장으로서 소속 차장 등 직원 교육, 상담, 현지 안내, 계약서 작성 등의 업무를 담당하는 자, 피고인 4는 2000.10.초순경부터 위 회사의 개발 사업부 실장으로 소속 차장 등 직원 교육, 상담, 현지 안내, 계약서 작성 등의 업무를 담당하는 자이다.",
            "피고인 5는 2001.3.하순경부터 위 회사의 전무로서 직원 교육, 소속 실장 관리 감독, 상담 업무를 담당하는 자, 피고인 6은 2000.10.13.서울지방법원 동부지원에 서 도로교통법 위반(음주운전)으로 벌금 2,000,000원의 약식명령을 발령 받아 같은 해 11.19.위 명령이 확정었다.",
            "피고인 6은 2001.5.16.서울지방법원에서 도로교통법 위반(무면허운전)으로 벌금 1,000,000원의 약식명령을 발령 받아 같은 해 6.8.위 명령이 확정되었으며, 1999.12.초순경부터 위 회사의 경리 실장으로서 부동산 매도 대금 관리, 직원 급여 지급, 부동산 등기 업무를 담당하는 자이다.",
            "피고인 7은 1999.12.하순경부터 위 회사의 차장으로서 부동산 투자 희망자 유인, 상담, 현지 안내 등의 업무를 담당하는 자이다.",
            "사실은 건설교통부, 충남도 및 서천군이 0000 (리 이름 생략)지역을 신도시 개발예 정지로 확정 고시하거나 그러한 게획이 없고, (리 이름 생략)지역의 지가가 급격히 상승할 아무런 여건을 갖추지 못하고 있다.",
            "2000.6.16.경 피고인 1이 0000 (리 이름 생략)산 1-1에서 분할된 1-42 임야 250,479㎡(약 75,902평)를 소유자 공소외 1로부터 평당 12,000원에 매수하기로 계약을 체결하고 계약금으로 50,000,000원을 교부하였을 뿐이다.",
            "그 외 중도금과 잔금 등 부동산 매수 자금이 부족하여 위 부동산을 전매하여 그 대금을 받아야만 위 공소외 1에게 원 매수 대금을 지급할 수 있는 상황이었다.",
            "2000.6.경 피고인 1, 3, 공소외 25가 (리 이름 생략)일대가 군산과 장항 지역 산업 단지의 배후 도시가 되어 곧 그곳에 신도시가 개발될 것처럼 꾸미기 위하여 (리 이름 생략)일대에 서천 신규 생활권 개발(고속터미널, 행정타운, 택지개발)이라고 표시한 서천군 종합전략구상도를 위 회사 사무실 벽에 부착해 두었다.",
            "매일 경제 케이블TV에서 위 내용이 방송되자, 그 방송 테이프를 복사한 다음 마치 피고인 6이 위 지역 부동산 시세에 정통한 부동산 중개인인 것처럼 속여 투자 희망자들로 하여금 투자 의욕을 높이기 위해 공소외 4 주식회사 피고인 6 총무부장으로 된 자막을 부동산 중개인 피고인 6으로 변조하여 그러한 자막의 비디오테이프 내용이 마치 위 TV에서 방영된 것처럼 위 회사 상담실에 비치하였다.",
            "피고인 3 등 실장들은 전화를 받고 위 회사를 방문한 사람들에게 마치 위 지역이 신도시 개발 예정지로 고시되어 지가가 급상승할 것처럼 제작된 위 비디오테이프를 보여주면서 '이 지역은 투자 가치가 높은 지역으로 방송되었다.이 곳은 신도시 개발 예정지로서 투자를 하면 상품 가치가 있다.사두면 돈을 벌 수 있다.'라고 말하였다.",
            "위 서천 지역으로 가서도 바로 해당 지번을 방문하지 아니한 채 멀리서 그 지역을 가리키는 정도로 현장 답사를 하여 현지 지역 주민이나 부동산 중개업자와의 접촉을 사실상 불가능하게 하는 등, 위 서천 지역이 투자 가치가 높은 곳으로 속였다.",
            "헐값으로 매수한 위 (리 이름 생략)지역 임야를 타인에게 원 매수 가격의 7~8배를 받고 중간생략등기의 방법으로 판매하였다.",
            "피해자와 (리 이름 생략)임야 350평을 평당 70,000원으로 하는 매매 계약을 체결한 다음 위 피해자로부터 그 자리에서 계약금으로 5,000,000원을 교부받고, 동년 12.20.잔금으로 19,500,000원을 교부받아 합계 24,500,000원을 편취한 것을 비롯하여 각 피해자들에게 임야 대금 명목으로 각 교부받아 이를 각 편취하였다.",
            "매입한 임야에 대하여 그 대금을 모두 지급하기 전에 제3자와 소유권 이전을 내용으로 하는 계약을 체결한 다음 피고인 명의로 소유권 이전등기를 신청하지 아니한 채, 2000.10.24.경부터 2001.9.3.경까지 사이에 별지 범죄일람표 기재 등기 일자로 임야 합계 99,125㎡를 분할한 후 공소외 26 등 제3자에게 소유권 이전등기를 각 경료하였다."
        ]
    },
    "dcss": {
        "courtDcss": []
    },
    "close": {
        "cnclsns": [
            "피고인 1을 판시 별지범죄일람표 순번 1-46, 56-71, 74-76, 80-89, 100-106, 109-111, 114-115, 기재 각 죄에 대하여 징역 1년 6월에, 같은 순번 47-55, 72-73, 77-79, 90-99, 107-108, 112-113, 116-125 기재 각 죄에 대하여 벌금 10,000,000원에, 피고인 3을 징역 1년에, 피고인 2, 4, 5를 각 징역 10월에 처한다.",
            "피고인 6을 판시 별지범죄일람표 순번 1-10, 56 기재 각 죄에 대하여 징역 1월에, 같은 순번 11-42, 57-71, 74-75, 79-88, 100-105, 109-111, 114-115 기재 각 죄에 대하여 징역 6월에, 같은 순번 43-55, 72-73, 76-78, 89-99, 106-108, 112-113, 116-125 기재 각 죄에 대하여 징역 3월에, 피고인 7을 징역 8월에 각 처한다.",
            "피고인 1이 위 벌금을 납입하지 아니하는 경우 금 40,000원을 1일로 환산한 기간 같은 피고인을 노역장에 유치한다.",
            "이 판결선고 전의 구금일수로서, 피고인 1에 대하여는 163일을 위 징역형에, 피고인 2, 3에 대하여는 4일씩을 위 형에, 피고인 00에 대하여는 3일을 위 형에 각 산입한다.",
            "다만, 이 판결 확정일로부터, 피고인 1에 대하여는 3년간, 나머지 피고인들에 대하여는 2년간씩 위 각 징역형의 집행을 각 유예한다."
        ]
    }
}