{
    "info": {
        "caseField": "2",
        "detailField": "6",
        "trailField": "1",
        "caseNm": "성폭력범죄의처벌및피해자보호등에관한법률위반(13세미만미성년자강간등),성폭력범죄의처벌등에관한특례법위반(13세미만미성년자위계등추행),성폭력범죄의처벌등에관한특례법위반(13세미만미성년자위계등간음),보호관찰명령",
        "courtNm": "서울중앙지방법원",
        "judmnAdjuDe": "2018. 11. 23.",
        "caseNo": "2018고합786",
        "relateLaword": [
            "구 성폭력범죄의 처벌 등에 관한 특례법(2010. 4. 15. 법률 제10258호) 제4조",
            "구 성폭력범죄의 처벌 및 피해자보호 등에 관한 법률(구 성폭력범죄의 처벌 등에 관한 특례법 부칙 제5조 제10항에 의하여 성폭력범죄의 피해자보호 등에 관한 법률로 개정되기 전의 것) 제8조",
            "구 형법(2010. 4. 15. 법률 제10259호로 개정되기 전의 것) 제42조",
            "구 성폭력범죄의 처벌 등에 관한 특례법(2011. 11. 17. 법률 제11088호로 개정되기 전의 것) 제7조",
            "형법 제37조",
            "형법 제38조",
            "형법 제50조",
            "형법 제53조",
            "형법 제55조",
            "아동·청소년의 성보호에 관한 법률 제21조",
            "구 아동,청소년의 성보호에 관한 법률(2018. 3. 13. 법률 제15452호로 개정되기 전의 것) 제56조",
            "아동,청소년의 성보호에 관한 법률 제49조",
            "구 청소년의 성보호에 관한 법률(2009. 6. 9. 법률 제9765호 아동,청소년의 성보호에 관한 법률로 전부 개정되기 전의 것) 제37조",
            "구 아동,청소년의 성보호에 관한 법률(2010. 4. 15. 법률 제10260호로 개정되기 전의 것) 제38조",
            "구 아동,청소년의 성보호에 관한 법률(2012. 12. 18. 법률 제11572호로 개정되기 전의 것) 제38조"
        ],
        "qotatPrcdnt": [
            "대법원 1994. 10. 14. 선고 94도2130 판결",
            "대법원 2011. 12. 22. 선고 2011도12041 판결"
        ]
    },
    "concerned": {
        "acusr": "4",
        "dedat": "1"
    },
    "org": {
        "orgJdgmnCourtNm": "",
        "orgJdgmnAdjuDe": "",
        "orgJdgmnCaseNo": ""
    },
    "disposal": {
        "disposalform": "6",
        "disposalcontent": [
            "피고인을 징역 8년에 처한다.",
            "피고인에게 80시간의 성폭력 치료프로그램 이수를 명한다.",
            "피고인에게 아동,청소년 관련기관 등에 10년간 취업제한을 명한다.",
            "이 사건 보호관찰명령청구를 기각한다."
        ]
    },
    "mentionedItems": {
        "rqestObjet": [
            "피고인은 판시와 같이 성폭력범죄를 저지른 사람으로서 성폭력범죄를 다시 범할 위험성이 있다.",
            "피고인을 징역 8년에 처한다."
        ]
    },
    "assrs": {
        "acusrAssrs": [
            "피고인은 판시와 같이 성폭력범죄를 저지른 사람으로서 성폭력범죄를 다시 범할 위험성이 있다."
        ],
        "dedatAssrs": [
            "피고인이 수사기관에서 일부 범행에 대해 자수하였으므로 법률상 감면이 이루어져야 한다. "
        ]
    },
    "facts": {
        "bsisFacts": [
            "피고인은 피해자 00(여, 16세)의 작은아버지이다.",
            "피고인은 2009. 12. 하순 23:00경 0000 피고인의 주거지 작은방에서 피해자(당시 8세)와 피해자의 오빠 00(당시 11세)가 나란히 누워 있다가 00가 먼저 잠이 든 것을 확인하고 피해자에게 \"기분을 좋게 해주겠다. 삼촌이니까 하는 거다.\"라면서 피해자의 하의를 벗겼다. ",
            "피고인은 피해자가 손으로 음부를 가리자 그 손을 치우고 피해자의 음부에 로션을 바른 다음 피해자의 음부를 만지다가 피해자의 입을 손으로 막고 \"소리 내지 마라.\"면서 피해자의 음부에 성기를 삽입하였다. 이로써 피고인은 위력으로 13세 미만인 피해자를 간음하였다.",
            "피고인은 2010. 봄 15:00경 0000 피해자(당시 9세)의 주거지 작은방에서 피해자의 가족들이 잠시 집을 비운 틈에 피해자를 추행할 마음을 먹고, 갑자기 피해자에게 다가와 강제로 피해자의 하의를 내리고 손으로 피해자의 음부를 만졌다.",
            "이로써 피고인은 위력으로 13세 미만인 피해자를 추행하였다",
            "피고인은 2010. 12.경 19:00경 0000에 있는 상호를 알 수 없는 식당에서 피해자(당시 9세)의 가족과 함께 식사를 마친 후 다른 가족들보다 먼저 피해자를 주차장으로 데려가 피해자를 추행할 마음을 먹고, 피해자를 승용차 뒷좌석으로 데려가 강제로 피해자의 하의를 엉덩이 부분까지 내리고 피해자의 음부를 만졌다. 이로써 피고인은 위력으로 13세 미만인 피해자를 추행하였다.",
            "피고인은 2010. 12. 하순 21:00경 위 00000아파트 작은방에서 피해자(당시 9세)의 하의를 벗기고 음부를 만지다가 성기를 피해자의 음부에 삽입한 다음 피해자에게 \"앉아. 내 것 빨아라.\"라면서 피해자의 머리를 잡고 피고인의 성기 쪽으로 눌러 피해자의 입안에 피고인의 성기를 넣었다.",
            "이로써 피고인은 위력으로 13세 미만인 피해자를 간음하였다.",
            "피고인은 2011. 2. 2. 19:00경 0000에서 피고인의 방에 혼자 누워있는 피해자(당시 9세)의 옆에 누워 갑자기 피해자의 하의 속으로 손을 넣고 피해자의 음부에 손가락을 넣었다.",
            "이로써 피고인은 위력으로 13세 미만인 피해자를 유사강간하였다.다. 피고인은 2012. 7. 중순 17:00경 위 00000빌라에 있는 피해자(당시 10세)의 주거지 작은방에서 피해자가 덮고 있는 이불을 걷어내고 손짓으로 피해자를 일어나 앉게 하고, 피해자의 앞에 서서 하의를 내리고 손가락으로 자신의 성기를 가리켜 피해자로 하여금 피고인의 성기를 빨게 한 다음 피해자를 밀어 바닥에 눕히고 피해자의 음부에 성기를 삽입하였다.",
            "피고인은 2013. 3.~4.경 0000에 있는 000 공장에서 오빠와 함께 심부름을 온 피해자(당시 11세)를 공장 창고로 데려가 하의를 내리고 성기를 드러내어 피해자로 하여금 피고인의 성기를 빨게 하고 피해자의 양어깨를 밀어 바닥에 눕힌 다음 피해자의 치마를 올리고 팬티를 벗기고 피해자의 음부에 성기를 삽입하였다. 이로써 피고인은 위력으로 13세 미만인 피해자를 간음하였다."
        ]
    },
    "dcss": {
        "courtDcss": [
            "수개의 범죄사실 중 일부에 관하여만 자수한 경우에는 그 부분 범죄사실에 대하여만 자수의 효력이 있고(대법원 1994. 10. 14. 선고 94도2130 판결 참조), 피고인이 자수하였다 하더라도 자수한 이에 대하여는 법원이 임의로 형을 감경할 수 있음에 불과하다.",
            "이 법원이 적법하게 채택하여 조사한 증거들에 의하면, 피고인은 2018. 4.경 '2010년 여름경 0000 C아파트와 승용차 뒷좌석에서 피해자를 각 추행하였다'는 취지의 자수서를 작성하여 제출한 사실(증거기록 18쪽 내지 20쪽)은 인정된다.",
            "그러나 위 법리에 비추어 보면 피고인의 자수의 효력은 판시 제1의 나항 범죄사실에만 미칠 뿐, 나머지 범죄사실에 대해서는 그 효력이 없다. ",
            "위 증거들에 의해 인정할 수 있는 다음과 같은 사정들, 즉 피고인은 피해자에게서 피해사실을 전해들은 피해자의 아버지로부터 이 사건 각 범행에 관하여 추궁을 당하자, 피해자에 대한 마지막 범행 후 5년이 경과한 후에 비로소 자수를 한 점 등을 고려하여, 피고인에 대하여 자수감경을 하지 않고 이를 양형사유로만 참작하기로 한다.",
            "피고인의 아버지(피해자의 할아버지)가 피해자의 어머니에게 피해자로 하여금 피고인이 자수한 범위 내에서만 피해사실을 진술할 수 있도록 해달라는 부탁을 하기도 한 점 등을 고려하여, 피고인에 대하여 자수감경을 하지 않고 이를 양형사유로만 참작하기로 한다.",
            "아래와 같은 정상들과 피고인의 나이, 성행, 환경, 가족관계, 범행의 동기, 수단과 결과, 범행 후의 정황 등 이 사건 변론에 나타난 여러 양형 요소를 종합적으로 고려하여 주문과 같이 형을 정한다.",
            "이 사건 각 범행은 피고인이 13세 미만의 조카인 피해자를 육체적, 정신적으로 건강하게 성장할 수 있도록 보호하기는커녕 자신의 왜곡된 성적 욕구 해소의 대상으로 삼아 장기간에 걸쳐 수차례 위력으로 간음하거나 추행하고 유사성행위를 한 것으로서, 피고인과 피해자의 관계, 범행 당시 피해자의 나이, 범행의 경위, 방법, 횟수 및 반인륜성 등에 비추어 그 죄질이 매우 좋지 않다. ",
            "이 사건 각 범행으로 피해자는 상당한 성적 수치심과 정신적 고통을 느꼈을 것으로 보이고, 성적 정체성과 가치관을 형성하는 데 부정적인 영향이 있었을 것으로 보인다. 피고인은 피해자로부터 용서받지도 못하였다.",
            "피고인은 뒤늦게나마 일부 범행을 자수하였고, 자신의 잘못을 인정하며 반성하고 있다.",
            "피고인은 이 사건 이전에 형사처벌을 받은 전력이 전혀 없다. 피고인의 가족들이 선처를 탄원하고 있는 등 피고인의 사회적 유대관계가 비교적 분명한 것으로 보인다. ",
            "피고인에 대한 장기간의 구금이 부양가족에게 과도한 경제적 곤경을 수반할 우려가 있다. ",
            "피고인에게 성폭력 범죄로 처벌받은 전력이 없는 점, 이 사건 각 범행은 피고인이 친족관계에 있는 피해자를 대상으로 한 것으로서 불특정 다수인을 대상으로 한 범행에 비해 재범의 위험성이 크다고 볼 수 없는 점, 피고인에 대한 상당한 기간의 수형생활과 신상정보 등록, 성폭력 치료프로그램 이수만으로도 피고인의 재범방지에 상당한 효과가 있을 것으로 보이는 점이 있다. ",
            "피고인에 대한 한국 성범죄자 위험성 평가도구(KSORAS) 평가 결과 총점 11점으로 재범 위험성이 중간 수준(7~12점)이고, 정신병질자 선별도구(PCL-R) 평가 결과 또한 총점 9점으로 중간 수준(7~24점)인 점에다가 그 밖에 변론에 나타난 제반 사정들을 종합하면, 검사가 제출한 증거들만으로는 피고인이 장래에 성폭력범죄를 다시 범할 위험성이 있다고 인정하기에는 부족하다.",
            "이 사건 보호관찰명령청구는 이유 없으므로, 특정 범죄자에 대한 보호관찰 및 전자장치 부착 등에 관한 법률 제21조의8, 제9조 제4항 제1호에 의하여 이를 기각한다."
        ]
    },
    "close": {
        "cnclsns": [
            "피고인을 징역 8년에 처한다.",
            "피고인에게 80시간의 성폭력 치료프로그램 이수를 명한다.",
            "피고인에게 아동·청소년 관련기관 등에 10년간 취업제한을 명한다.이 사건 보호관찰명령청구를 기각한다. "
        ]
    }
}