{
    "info": {
        "caseField": "2",
        "detailField": "6",
        "trailField": "1",
        "caseNm": "업무상횡령, 사기",
        "courtNm": "수원지방법원",
        "judmnAdjuDe": "2017. 12. 21.",
        "caseNo": "2017고단5049",
        "relateLaword": [
            "형법 제356조, 제355조 제1항, 형법 제347조 제1항",
            "형법 제37조 전단, 제38조 제1항 제2호, 제50조",
            "형법 제62조 제1항",
            "형법 제62조의2 제1항, 보호관찰 등에 관한 법률 제59조"
        ],
        "qotatPrcdnt": []
    },
    "concerned": {
        "acusr": "4",
        "dedat": "1"
    },
    "org": {
        "orgJdgmnCourtNm": "",
        "orgJdgmnAdjuDe": "",
        "orgJdgmnCaseNo": ""
    },
    "disposal": {
        "disposalform": "6",
        "disposalcontent": [
            "피고인을 징역 6개월에 처한다.",
            "다만, 이 판결 확정일부터 2년간 위 형의 집행을 유예한다.",
            "피고인에게 80시간의 사회봉사를 명한다."
        ]
    },
    "mentionedItems": {
        "rqestObjet": [
            "피고인은 2016. 7.경부터 2016. 10.경까지 같은 방법으로 별지 범죄일람표 1 기재와 같이 8회에 걸쳐 합계 6,931,700원 상당을 피해자를 위해 업무상 보관하던 중 몰래 가져가 횡령하였다.",
            "또 피고인은 2016. 10.경 같은 장소에서 입점업체 E의 SNS 행사매출금 1,085,200원을 본인의 계좌로 이체 받아 피해자를 위해 업무상 보관하던 중 POS에 등록 및 입금하지 아니하고 그 무렵 개인 용도로 임의 소비하여 횡령하였다.",
            "피고인은 고객센터 담당자를 기망하여, 이에 속은 피해자로부터 현금매출 반환금 명목으로 2,652,000원을 교부받은 것을 비롯하여, 2016. 7. 23.경부터 2016. 9. 30.경까지 같은 방법으로 별지 범죄일람표 2 기재와 같이 17회에 걸쳐 합계 17,247,100원을 교부받았다."
        ]
    },
    "assrs": {
        "acusrAssrs": [],
        "dedatAssrs": []
    },
    "facts": {
        "bsisFacts": [
            "피고인은 2013.10.경부터 2016.11.경까지 0000에 있는 피해자 C 주식희사의 0000점에서 임대매장에서 발생한 매출액을 C 고객센터에 비치된 계산대(POS)에 등록 및 입금하는 업무를 담당하였다.",
            "피고인은 2016.9.30.경 위 0000점에서 입점업체인 D로부터 전달받은 현금 매출 금381,000원을 피해자를 위해 업무상 보관하던 중 POS에 등록 및 입금하지 아니하고, 몰래 가져간 것을 비롯하여, 2016.7.경부터 2016.10.경까지 같은 방법으로 별지 범죄일람표 1 기재와 같이 8회에 걸쳐 합계 6,931,700원 상당을 피해자를 위해 업무상 보관하던 중 몰래 가져가 횡령하였다.",
            "피고인은 2016.10, 경 같은 장소에서 입점업체 E의 SNS 행사매출금 1,085,200원을 본인의 계좌로 이체 받아 피해자를 위해 업무상 보관하던 중 POS에 등록 및 입금하지 아니하고 그 무렵 개인 용도로 임의 소비하여 횡령하였다.",
            "피고인은 2016.9.16.경 같은 장소에서 F의 현금 매출금 2,652,.000원을 POS에 정상 등록 및 입금한 후, 고객센터 담당자에게 '입점업체담당자와 협의했으니, 현금매출 등록을 취소하고, 현금을 반환하여 달라.'고 거짓말을 하였다.",
            "그러나 사실 입점업체와 협의하여 현금매출을 취소한 것이 아니었다.",
            "피고인은 이와 같이 위 고객센터 담당자를 기망하여, 이에 속은 피해자로부터 현금매출 반환금 명목으로 2,652,000원을 교부받은 것을 비롯하여, 2016.7.23.경부터 2016.9.30.경까지 같은 방법으로 별지 범죄일람표 2 기재와 같이 17회에 걸쳐 합계 17,247,100원을 교부받았다."
        ]
    },
    "dcss": {
        "courtDcss": [
            "범죄사실에 대한 해당법조 빛 형의 선택: 각 형법 제356조, 제355조 제1항(업무상 횡령의 점), 각 형법 제347조 제1항(사기의 점), 각 징역형 선택이다.",
            "피고인은 마트에서 입금을 담당하는 자로서, 그 시스템의 허점을 이용하여 계획적으로 이 사건 범행에 이른 것으로 보이므로 그 비난가능성이 크다.",
            "그러나 피고인은 이 사건 피해를 모두 회복하였고, 발각 즉시 업무에서도 배제되었다.",
            "피고인이 이 사건 이전에는 동종의 죄로 처벌받은 전력이나 벌금형을 초과하는 전과가 없다.",
            "피고인은 이 사건 범행을 인정하고 반성하고 있으며, 재범하지 않겠다고 다짐하고 있다.",
            "피해자들의 피해액이 크다고 보기 어렵다."
        ]
    },
    "close": {
        "cnclsns": [
            "피고인을 징역 6개월에 처한다.",
            "다만, 이 판결 확정일부터 2년간 위 형의 집행을 유예한다.",
            "피고인에게 80시간의 사회봉사를 명한다."
        ]
    }
}