{
    "info": {
        "caseField": "2",
        "detailField": "6",
        "trailField": "1",
        "caseNm": "업무상배임, 위조사문서행사, 사문서위조, 사기",
        "courtNm": "수원지방법원",
        "judmnAdjuDe": "2017. 12. 21.",
        "caseNo": "2017고단3488",
        "relateLaword": [
            "형법 제356조, 제355조 제2항, 형법 제231조, 형법 제234조, 제231조, 형법 제347조 제1항, 제2항",
            "형법 제37조 전단, 제38조 제1항 제2호, 제50조"
        ],
        "qotatPrcdnt": []
    },
    "concerned": {
        "acusr": "4",
        "dedat": "1"
    },
    "org": {
        "orgJdgmnCourtNm": "",
        "orgJdgmnAdjuDe": "",
        "orgJdgmnCaseNo": ""
    },
    "disposal": {
        "disposalform": "6",
        "disposalcontent": [
            "피고인을 징역 1년에 처한다."
        ]
    },
    "mentionedItems": {
        "rqestObjet": [
            "피고인은 권리.의무에 관한 사문서인 피해자 회사 명의로 된 공급계약서 1장을 위조하였고, 그것을 마치 진정하게 성립한 것처럼 건네주어 행사하였고, 피고인은 업무상 임무에 위배하여 2억 1,000만원에 대한 담보가치 상당의 재산상 이익을 취득하고, 피해자 회사에 동액 상당의 재산상 손해를 가하였다.",
            "또 피고인은 피해자를 기망하여 속은 피해자로부터 오피스텔 분양대금 선금 명목으로 2억 1,000만원을 교부받고, (주)E로 하여금 분양 가계약금 명목으로 1,000만원을 교부받게 하여 합계 2억 2,000만원을 편취하였다."
        ]
    },
    "assrs": {
        "acusrAssrs": [],
        "dedatAssrs": []
    },
    "facts": {
        "bsisFacts": [
            "주식회사 D은 E 주식회사와 0000 F 오피스텔 신축 사업을 공동으로 시행한 회사이고, 피고인은 주식회사 D의 실질적인 운영자로서 위 오피스텔 분양 업무를 처리하던 중 피고인이 별도로 진행하던 호텔 신축 사업의 사업비가 부족하게 되자 G 등 다른 사람들로부터 금원을 투자받으면서 임의로 위 오피스텔 중 미분양 세대 일부를 담보로 제공하기로 마음먹었다.",
            "피고인은 2014.12.5.경 0000에 있는 '주식회사 I ' 사무실에서, 목적물, 매매금액, 매수인란 등이 모두 공란으로 되어 있고, 시행위탁자란에 피해자 E 주식회사의 인감도장이 미리 날인되어 있던 'F오피스텔 공급계약서' 용지에, 다음과 같이 기재하였다.",
            "검은색 필기구를 이용하여 계약서 표지에 '1층 4호', 분양금액란에 '510,390,000원', 계약금란에 '51,039,000원', 중도금란(1차~5차)에 각각 '51,039, 000원', 잔금란에 '204,166,000원', 각 납부일자란에 '완불'이라고 임의로 기재하였다.이로써 피고인은 권리,의무에 관한 사문서인 피해자 회사 명의로 된 공급계약 세 장을 위조하였다.",
            "피고인은 2015.4.23.경 위 '주식회사 I' 사무실에서, 시행위탁자란에 위 피해자 회사의 인감도장이 미리 날인되어 있을 뿐 목적물, 매매금액, 매수인란 등이 공란으로 되어 있던 'F오피스텔 공급계약서' 용지에, 다음과 같이 기재하였다.",
            "검은색 필기구를 이용하여 계약서 표지에 '1 층 105비호', 분양금액란에 '510,390,000원', 납부금액란에 '510,390,000원, 완불', 납부일자란에 ' 2015년 4월 24일'이라고 임의로 기재하였고, 이로써 피고인은 권리,의무에 관한 사문서인 피해자 회사 명의로 된 공급계약서 1장을 위조하였다.",
            "피고인은 위 제1의 가항과 같은 일시, 장소에서, 그 위조 사실을 모르는 G으로부터 투자를 받으면서 위와 같이 위조한 공급계약서를 마치 진정하게 성립한 것처럼 건네주어 행사하였다.",
            "피고인은 위 제1의 나항과 같은 일시, 장소에서, 그 위조 사실을 모르는 J으로부터 투자를 받으면서 위와 같이 위조한 공급계약서를 마치 진정하게 성립한 것처럼 건네주어 행사하였다.",
            "피고인은 주식회사 D의 실질적인 운영자로서, 피해자 E 주식회사와 위 오피스텔 신축사업을 공동으로 시행하면서 오피스텔 분양 업무를 처리하였으므로, 피고인에게는 수분양자들과 분양계약을 체결함에 있어서 선량한 관리자의 주의로 피해자 회사에 손해가 발생하지 않도록 하여야 할 업무상 임무가 있었다.",
            "그럼에도 불구하고 피고인은 2014.12.5.경 위 주식회사 I 사무실에서, G으로부터 피고인이 그 무렵 진행하던 다른 호텔 신축 사업의 비용으로 사용할 돈 2억 1,000만 원을 투자받으면서 위 제1의 가항 및 제2의 가항 기재 내용과 같이 피고인이 위조한 공급계약서를 G에게 건네주어 위 F 오피스텔 1층 104비호를 차용금에 대한 담보물로 제공하였다.",
            "이로써 피고인은 위와 같이 업무상 임무에 위배하여 위 2억 1,000만 원에 대한 담보 가치 상당의 재산상 이익을 취득하고, 피해자 회사에 동액 상당의 재산상 손해를 가하였다.",
            "피고인은 2015.4.23.경 위 주식회사 I 사무실에서, J으로부터 피고인이 그 무렵 진행하던 다른 호텔 신축 사업의 비용으로 사용할 돈 1억 원을 투자받으면서 위 제1의 나항 및 제2의 나항 기재 내용과 같이 피고인이 위조한 공급계약서를 J에게 건네주어 위 F 오피스텔 1층 105비호를 차용금에 대한 담보물로 제공하였다.",
            "이로써 피고인은 위와 같이 업무상 임무에 위배하여 위 1억 원에 대한 담보가치 상당의 재산상 이익을 취득하고, 위 피해자 회사에 동액 상당의 재산상 손해를 가하였다.",
            "피고인은 (주)D의 실질적인 운영자로서, (주)E과 0000 F 오피스텔 신축 사업을 공동 시행하면서 위 오피스텔 분양 업무를 공동으로 처리하여 오던 중, 이와 별도로 피고인이 신축 중이던 0000 'K호텔' 신축사업 자금을 마련하기 위해 피해자 G에게 위 오피스텔 상가 104호를 선분양한다는 명목으로 돈을 편취하기로 마음먹었다.",
            "그리하여 2014.12.4.0000 소재 피고인 경영의 (주)I 사무실에서, 피해자에게 \"2억 1,000만 원을 투자하면 5억 1,039만 원에 분양하는 F오피스텔 1층 상가 104호에 대한 완불 분양계약서를 교부해 주고, 나머지 중도금과 잔금 3억 39만 원은 내가 당신을 대신해서 완납하고 준공 후에는 틀림없이 소유권이전을 해 주겠다.\"",
            "\"다만 104호를 공동 시행자인 E에서 분양하면 안되니 이를 잡아 놓기 위해서는 가계약금 1,000만 원을 (주)E의 000 계좌에 우선 입금해 두어야 한다.\"고 거짓말하였다.",
            "그리하여 오피스텔 매입을 권유하면서, 분양 권한이 있는 (주)E 명의를 도용하여 공급계약서를 위조한 후 이를 피해자에게 마치 진정하게 작성된 계약서인 것처럼 교부함으로써 그 정을 모르는 피해자로부터 2014.12.5.경 피고인 명의의 000 계좌로 2억 1,000만 원을 송금받고, 같은 날 위 오피스텔 분양 청약금 관리 계좌인 (주)E 명의 000 계좌로 가계약금 명목으로 1,000만 원을 송금하게 하였다.",
            "그러나 사실 피고인에게 교부한 위 상가 104호는 (주)E의 동의없이는 분양할 권한이 없는 상가였으므로 이러한 위조 계약서로는 위 104호를 피해자에게 온전히 소유권이전 등기를 경료해 줄 수 없을 뿐만 아니라, 피고인은 위 호텔 신축사업에 투자할 자금 여력도 부족하여 위 401호에 대한 위 잔대금 3억 39만 원을 피해자를 대신하여 제 때 납부할 의사나 능력이 없었다.",
            "이로써 피고인은 위와 같이 피해자를 기망하여 이에 속은 피해자로부터 오피스텔 분양대금 선금 명목으로 2억 1,000만 원을 교부받고, (주)E로 하여금 분양 가계약금 명목으로 1,000만 원을 교부받게 하여 합계 2억 2,000만 원을 편취하였다."
        ]
    },
    "dcss": {
        "courtDcss": [
            "피해금액이 적지 않음에도 피해가 완전히 회복되지 아니하였다.",
            "자신의 잘못을 인정하고 반성하고 있는 점, 이종의 범죄로 한 차례 벌금을 납부한 외에 다른 형사처벌 전력은 없는 점, 피해자 G이 입은 피해 중 일부에 관하여 E 주식회사가 변제함으로써 피해가 일부 회복되었고, 피고인이 피해자 E 주식회사와 원만히 합의하여 위 회사가 피고인의 처벌을 원하지 않고 있는 점, 가족과의 사회적 유대관계가 분명하다."
        ]
    },
    "close": {
        "cnclsns": [
            "피고인을 징역 1년에 처한다."
        ]
    }
}