{
    "info": {
        "caseField": "2",
        "detailField": "6",
        "trailField": "1",
        "caseNm": "유사강간",
        "courtNm": "인천지방법원",
        "judmnAdjuDe": "2021. 08. 20.",
        "caseNo": "2021고합169",
        "relateLaword": [
            "형법 제297조의2",
            "형법 제53조",
            "형법 제55조",
            "형법 제62조",
            "성폭력범죄의 처벌 등에 관한 특례법 제16조",
            "성폭력범죄의 처벌 등에 관한 특례법 제47조",
            "성폭력범죄의 처벌 등에 관한 특례법 제49조",
            "구 아동·청소년의 성보호에 관한 법률(2020. 5. 19. 법률 제17282호로 개정되기 전의 것)  제49조",
            "구 아동·청소년의 성보호에 관한 법률(2020. 5. 19. 법률 제17282호로 개정되기 전의 것) 제50조",
            "구 아동·청소년의 성보호에 관한 법률(2020. 5. 19. 법률 제17282호로 개정되기 전의 것) 제56조",
            "장애인복지법 제59조의3",
            "성폭력범죄의 처벌 등에 관한 특례법 제42조",
            "성폭력범죄의 처벌 등에 관한 특례법 제43조"
        ],
        "qotatPrcdnt": []
    },
    "concerned": {
        "acusr": "4",
        "dedat": "1"
    },
    "org": {
        "orgJdgmnCourtNm": "",
        "orgJdgmnAdjuDe": "",
        "orgJdgmnCaseNo": ""
    },
    "disposal": {
        "disposalform": "6",
        "disposalcontent": [
            "피고인을 징역 1년에 처한다.",
            "이 판결 확정일부터 2년간 위 형의 집행을 유예한다.",
            "피고인에게 40시간의 성폭력 치료프로그램의 수강 및 80시간의 사회봉사를 명한다.",
            "피고인에게 아동,청소년 관련기관 등과 장애인복지시설에 각 3년간 취업제한을 명한다."
        ]
    },
    "mentionedItems": {
        "rqestObjet": [
            "피고인은 폭행으로 피해자에 대하여 성기에 손가락을 넣는 행위를 하였다."
        ]
    },
    "assrs": {
        "acusrAssrs": [],
        "dedatAssrs": []
    },
    "facts": {
        "bsisFacts": [
            "피고인은 피해자 B(여, 19세)와 지인 사이이다.",
            "피고인은 2020.11.16.저녁 0000 일원에서 위 피해자의 모친, 피해자의 동생과 함께 술을 마신 다음 0000에 있는 피해자의 집으로 가서 잠을 자게 되었다.",
            "2020.11.17.10:00경 위 피해자의 집에서 일어난 후 피해자의 방에 들어가 누워 있던 피해자를 상대로 갑자기 욕설을 하고 손을 피해자의 상의 안으로 집어넣어 피해자의 가슴을 만지고 피해자를 끌어안고 얼굴을 피해자의 가슴에 들이대고 손을 피해자의 하의 안으로 집어넣어 피해자의 음부에 피고인의 손가락을 집어넣었다.",
            "이로써 피고인은 폭행으로 피해자에 대하여 성기에 손가락을 넣는 행위를 하였다."
        ]
    },
    "dcss": {
        "courtDcss": [
            "잠을 자고 있던 피해자의 방에 갑자기 들어가 저지른 이 사건 범행의 방법과 내용이 좋지 않다.",
            "피해자는 이 사건 범행으로 인하여 상당한 성적 수치심과 정신적 충격을 받은 것으로 보인다.",
            "피고인은 다른 종류의 범죄로 한차례 벌금형을 받은 외에는 형사처벌을 받은 바 없으며, 이 사건 범행과 그에 따른 책임을 인정하고 있다.",
            "피해자와 형사합의가 이루어져, 피해자가 더 이상 피고인의 처벌을 원하지 않고 있다."
        ]
    },
    "close": {
        "cnclsns": [
            "피고인을 징역 1년에 처한다.",
            "다만 이 판결 확정일부터 2년간 위 형의 집행을 유예한다.",
            "피고인에게 40시간의 성폭력 치료프로그램의 수강 및 80시간의 사회봉사를 명한다.",
            "피고인에게 아동·청소년 관련기관 등과 장애인복지시설에 각 3년간 취업제한을 명한다."
        ]
    }
}