{
    "info": {
        "caseField": "2",
        "detailField": "6",
        "trailField": "1",
        "caseNm": "사기,특정경제범죄가중처벌등에관한법률위반(사기)",
        "courtNm": "서울중앙지방법원",
        "judmnAdjuDe": "2019. 05. 03.",
        "caseNo": "2017고합1159",
        "relateLaword": [
            "형법 제347조",
            "형법 제30조",
            "특정경제범죄 가중처벌 등에 관한 법률 제3조",
            "형법 제35조",
            "형법 제39조",
            "형법 제37조",
            "형법 제38조",
            "형법 제50조",
            "형법 제53조",
            "형법 제55조",
            "형법 제62조",
            "형법 제59조"
        ],
        "qotatPrcdnt": []
    },
    "concerned": {
        "acusr": "4",
        "dedat": "1"
    },
    "org": {
        "orgJdgmnCourtNm": "",
        "orgJdgmnAdjuDe": "",
        "orgJdgmnCaseNo": ""
    },
    "disposal": {
        "disposalform": "6",
        "disposalcontent": [
            "피고인 A를 판시 제1죄에 대하여 징역 4월에, 판시 제3죄 및 제4죄에 대하여 각 징역 6월에, 피고인 B, C을 각 징역 2년 6월에, 피고인 D을 징역 1년에, 피고인 E을 징역 1년 6월에 각 처한다.",
            "다만, 피고인 E에 대하여는 이 판결확정일로부터 3년간 위 형의 집행을 유예한다.",
            "피고인 E에 대하여 2년간 보호관찰을 받을 것과 120시간의 사회봉사를 명한다."
        ]
    },
    "mentionedItems": {
        "rqestObjet": [
            "피고인 A, E은 공모하여 피해자를 기망하여 이에 속은 피해자로부터 1억 5000만원을 교부받았다.",
            "피고인 B C은 G, A, H와 순차 공모하여 피해자를 기망하여 이에 속은 피해자 J로부터 G 명의의 금융계좌로 50억원을 송금받았다.",
            "피고인 A, B, D은 순차 공모하여 피해자 N을 기망하여 이에 속은 피해자로부터 1억원을 교부받았다.",
            "피고인 A, B은 공모하여 피해자를 기망하여 이에 속은 피해자 N으로부터 시가 합계9700만원 상당의 1kg 골드바 2개를 교부받았다.",
            "피고인 E은 피해자 V을 기망하여 이에 속은 피해자로부터 즉석에서 3억원 상당의 수표를 교부받았다."
        ]
    },
    "assrs": {
        "acusrAssrs": [
            "피고인 00, 00은 공모하여 위 피해자를 기망하여 이에 속은 위 피해자로부터 1억 5,000만 원을 교부받았다.",
            "피고인 00, 00은 00, 00, 00와 순차 공모하여 위 피해자를 기망하여 이에 속은 피해자 00로부터 00 명의의 금융계좌로 50억 원을 송금받았다.",
            "피고인 00, 00은 공모하여 위 피해자를 기망하여 이에 속은 피해자 00으로부터 시가 합계 9,700만 원 상당의 1kg 골드바 2개를 교부받았다.",
            "피고인 00은 위와 같이 피해자 00을 기망하여 이에 속은 위 피해자로부터 즉석에서 3억 원 상당의 수표를 교부받았다."
        ],
        "dedatAssrs": [
            "피고인 00은 00, 00, 공동피고인 00(이하 피고인들과 변호인들의 주장에 관한 판단에서는 00라고만 한다), 피고인 00과 피해자 00에 대한 사기범행을 공모하지 않았고, 위 피해자에 대한 사기범행의 실행행위를 분담하지도 않았다.",
            "피고인 00은 00, 00, 00, 피고인 00과 피해자 00에 대한 사기범행을 공모하지 않았고, 사기범행의 실행행위를 분담하지도 않았다.",
            "피고인 00은 피해자 00에게 피고인 00를 소개한 사실만 있을 뿐 피고인 00, 00과 위 피해자에 대한 사기범행을 공모하거나 사기의 실행행위를 분담하지 않았다.",
            "피고인 00은 00으로부터 골드바를 싸게 구할 수 있다는 말을 믿고 피고인 00에게 00을 소개시켜주었을 뿐, 피고인 00, 00과 피해자 00에 대한 사기범행을 공모하지 않았고, 위 피해자를 기망한다는 점에 대한 인식도 없었다.",
            "피고인 00은 피고인 00와 공모하여 피해자 00으로부터 1kg 골드바 2개를 편취하지 않았다."
        ]
    },
    "facts": {
        "bsisFacts": [
            "피고인 00는 2015. 5. 7. 서울북부지방법원에서 사기죄로 징역 10월을 선고받아 2015. 12. 9. 형의 집행을 종료하고, 2016. 2. 3. 위 판결이 확정되었으며(이하 제1확정판결이라고 한다), 2016. 9. 2. 의정부지방법원에서 사기죄로 징역 10월, 집행유예 2년을 선고받아 2016. 12. 3. 위 판결이 확정되었다(이하 제2확정판결이라고 한다).",
            "또한 2017. 4. 14. 서울동부지방법원에서 사기죄로 징역 1년, 집행유예 2년을 선고받아 2017. 4. 22. 위 판결이 확정되었으며(이하 제3확정판결이라고 한다), 2017. 6. 22. 의정부지방법원에서 특정경제범죄가중처벌등에관한법률위반(사기)죄로 징역 5년을 선고받아 2018. 2. 9. 위 판결이 확정되었다(이하 제4확정판결이라고 한다). ",
            "2017. 11. 30. 서울중앙지방법원에서 특정경제범죄가중처벌등에관한법률위반(사기)죄로 징역 3년을 선고받아 2018. 8. 31. 위 판결이 확정되었다(이하 제5확정판결이라고 한다).",
            "피고인 00은 2016. 8. 31. 인천지방법원 부천지원에서 사기죄로 징역 1년, 집행유예 2년을 선고받고 2018. 7. 28. 위 판결이 확정되었다.",
            "피고인 00은 2016. 9. 22. 서울중앙지방법원에서 사문서위조죄로 징역 1년 6월, 집행유예 3년을 선고받고 2018. 4. 3. 위 판결이 확정되었다",
            "피고인 00, 00은 2014. 12.경 피해자 00이 5억 원을 보유하고 있는 사실을 알고 이른바 특정물건1)을 구매하여 줄 것처럼 가장하여 금원을 편취하기로 공모하였다.",
            "피고인 00는 2015. 1. 4. 10:00경 0000 커피숍에서 위 피해자에게 피고인 00을 소개하고, 피고인 00은 위 피해자에게 '3억 원을 투자하면 5억 원을 받을 수 있는데 1억 5,000만 원을 빌려주면 2~3일 내로 한국은행 5만원권 1다발(이하 관련 피고인들이 사용하는 대로 '팩'이라고 표시하기로 한다) 5억 원 상당을 받아 그중 2억 원을 주겠다'는 취지로 거짓말하였다. ",
            "이에 속은 위 피해자로부터 액면 1억 원인 수표 1장과 액면 1,000만 원인 수표 5장 등 합계 1억 5,000만 원을 교부받았다.",
            "피고인 00, 00은 2016년 월일불상경 00, 00, 공동피고인 00(이하 이 항에서는 '00'라고만 한다)와 함께 특정물건의 처리비용 투자를 빌미로 금품을 편취하기로 순차 공모하면서 00는 범행 계획을 설계하고, 00은 특정 물건을 처리하는 특수임무 권한을 가진 사람으로 가장하고, 00는 피해자를 물색하고, 피고인 00, 00은 00이 특정 물건을 처리하는 권한이 있는 것처럼 바람을 잡는 등으로 서로 역할을 분담하기로 하였다.",
            "00는 2016. 2. 일자불상경 0000에 있는 0에서 피해자 00에게 '특정물건 일을 사람들이 있는데 50억 원을 주면 돈을 부풀려주겠다'는 취지로 말하고, 2016. 4. 28.경 0000 부근 0에서 위 피해자에게 피고인 00, 00을 소개하였고, 피고인 00, 00은 피해자 00에게 '00이 특정물건을 취급할 능력이 좋고, 특정 물건인 샘플 1팩(5만 원권 신권 다발, 5억 원 상당)을 서울로 제일 많이 올린 사람이다'라는 취지로 말하였다.",
            "피고인 00은 같은 날 시간불상경 00으로부터 그가 구입한 합계 1억 원 상당의 골드바 2개를 건네 받아 보관하고 있던 00에게 연락하여 위 골드바 2개를 가져오도록 한 다음 위 골드바 2개를 00에게 전달하였고, 00는 위 피해자에게 특정 물건을 처리한 결과물이라고 말하면서 위 골드바 2개를 보여주었다.",
            "00와 피고인 00은 피해자 00에게 00 명의의 금융계좌로 50억 원을 송금하도록 하였고, 피고인 00은 위 피해자에게 '2016. 4. 29. 은행 마감 시까지 약속한 75억 원을 지불하지 못하면 00 명의의 금융계좌로 피해자 00가 송금한 돈을 책임지고 지급하겠다'는 취지의 이행각서를 작성하여 교부하였다.",
            "피고인 00, 00은 2016. 6월경 0000에 있는 피해자 00이 운영하는 0에서 위 피해자에게 '이전 정권으로부터 받아 둔 특정물건인 골드바와 5만 원권 신권을 보관하고 있는데 이를 사용하면 자금추적을 당하기 때문에 사용할 수 없으니 구권화폐로 1억 원을 주면 신권으로 1억 5,000만 원을 주고, 골드바는 1kg에 4,000만 원인데 절반 가격인 2,000만 원에 주겠다'는 취지로 말하였다.",
            "피고인 00, 00은 2016. 10.경 피해자 00에게 '피고인 00이라는 사람이 우리나라에서 특정물건을 가장 많이 가지고 있으며 1억 5,000만 원을 주면 즉시 1kg 금괴 10개를 줄 수 있다'는 취지로 말하였고, 피고인 00는 2016. 10. 말경 위 피해자에게 전화하여 '돈만 주면 피고인 00으로부터 금괴를 받는 데 아무런 문제가 없으니 내일 피고인 00의 집으로 오라'고 말하면서 피해자 00에게 피고인 00의 집 주소를 알려 주었다.",
            "피고인 00는 2016. 11, 1. 0000에 있는 피고인 00의 집에서 위 피해자에게 피고인 00을 특정물건을 보관하는 사람이라고 소개하고, 피고인 00은 피해자 00에게 '1억 5,000만 원을 주면 1kg 골드바 10개를 주겠다'는 취지로 거짓말하여 이에 속은 위 피해자로부터 선수금 명목으로 수표와 현금 합계 1억 원을 건네받았다.",
            "피고인 00, 00은 2016. 12. 9. 서울 종로구 Q에 있는 R 앞길에서 피해자 00에게 '1kg 골드바 2개를 제공하면 5만 원권 신권으로 5억 원을 주겠다'는 취지로 말하여 이에 속은 위 피해자로부터 그가 인근 금은방에서 구입한 시가 9,700만 원 상당의 1kg 골드바 2개를 건네받았다.",
            "피고인 00은 2017. 3. 13. 10:00경 남양주시 S에 있는 0에서 지인인 00로부터 소개받은 피해자 00에게 '3억 원을 빌려주면 금괴 작업을 해서 10일 이내에 수익금 7억 원을 더하여 10억 원을 변제하겠다'는 취지로 거짓말을 하였다."
        ]
    },
    "dcss": {
        "courtDcss": [
            "검사가 제출한 증거들에 의하여 인정되는 아래와 같은 사정들을 종합하여 보면, 피고인 00은 00, 00, 00, 피고인 00과 순차 공모하여 피해자 00에 대한 사기범행에 공범으로 가담하였다고 충분히 인정할 수 있으므로, 피고인 00과 변호인의 주장은 받아들이지 않는다.",
            "피고인 00은 위 피해자에 대한 사기범행 당시 언급되었던 이른바 특정 물건이 실제로 존재하는지 여부에 관하여 직접 확인하지도 않았고, 00이 실제로 특정물건을 취급할 능력이 있는지 여부조차 제대로 알지 못하였음에도 피해자 00에게 그러한 사실을 고지하지 않고 오히려 00의 특정물건 처리능력을 신뢰하는 듯한 언동을 하였다.",
            "만일 위 피해자가 피고인 00으로부터 그조차 특정물건이 실제하는지 여부를 확신하지 못한다는 사정에 관하여 제대로 고지 받았더라도 특정물건을 통해 돈을 불리기 위해 00 명의의 계좌로 50억 원을 송금할 것이라고 보기는 어렵다.",
            "피고인 00은 00가 소지한 골드바를 이용하여 자금을 부풀릴 목적으로 00와 피고인 00을 만난 자리에서 00로 하여금 골드바 2개를 가져오도록 한 후 위 골드바 2개를 00로부터 건네받아 00에게 재차 건넨 것으로 볼 수 있다. ",
            "따라서 00, 00, 피고인 00, 00 사이에는 위 골드바 2개를 00를 통하여 위 피해자에게 전달하여 특정 물건을 보유하고 있음을 과시하는 등의 방법으로 피해자 00로부터 금원을 편취하려는 데 대한 의사의 합치가 있었다고 보인다.",
            "피고인 00을 비롯한 공범자들의 피해자 00에 대한 사기범행은 위 피해자가 00 명의의 금융계좌로 50억 원을 송금하는 즉시 기수에 이른 것이다.",
            "따라서 피고인 00이 위와 같이 피해자 00가 00 명의의 금융계좌로 50억 원을 송금한 다음 날부터는 다른 공범들과 위 피해자 사이에 있었던 50억 원 상당의 수표들의 반환, 재교부, 50억 원의 분배 또는 사용과정에 적극적으로 개입하지 않았다고 하더라도, 피고인 00을 피해자 00에 대한 사기죄의 공동정범으로 보는 데는 아무런 지장이 없다.",
            "피고인 00은 피고인 00, 00과 순차 공모하여 피해자 00에 대한 사기범행에 가담하였다고 충분히 인정할 수 있으므로, 피고인 00과 변호인의 위 주장은 받아들이지 않는다.",
            "위 피해자가 피고인 00를 만난 때부터 1억 원을 피고인 00에게 교부할 때까지 피고인 00이 수행한 역할에 비추어 보면, 피해자 00에 대한 사기범행에 있어 피고인 00의 기능적 행위지배가 존재한다고 충분히 인정할 수 있다.",
            "검사가 제출한 증거들에 의하여 인정되는 아래와 같은 사정들을 종합하여 보면, 피고인 00은 피고인 00, 00과 순차적으로 공모하여 피해자 00 대한 사기범행에 가담하였고, 위 피해자의 금원을 편취한다는 점에 관한 인식도 있었다고 충분히 인정할 수 있으므로, 피고인 00과 변호인의 위 주장은 받아들이지 않는다.",
            "피고인 00이 단순한 소개자에 불과하고 위 피해자에 대한 사기범행과 무관하다면, 본인의 처를 통해 피해자 00으로부터 1억 원 교부받을 이유가 없고, 나아가 1억 원의 지급책임을 부담하여야 하는 위험을 무릅쓰면서까지 현금보관증을 작성하여 위 피해자에게 교부할 만한 특별한 이유나 동기를 찾아보기 어렵다.",
            "검사가 제출한 증거들에 의하여 인정되는 아래와 같은 사정들을 종합하여 보면, 피고인 00은 피고인 00와 공모하여 피해자 00으로부터 1kg 골드바 2개를 편취하였다고 충분히 인정할 수 있으므로, 피고인 00과 변호인의 위 주장 역시 받아들이지 않는다.",
            "피고인 00은 1kg 골드바 2개 가액에 상당하는 9,700만 원의 현금보관증을 작성하여 피해자 00에게 교부하였다.",
            "피고인 00이 위 피해자가 피고인 00에게 교부한 1kg 골드바 2개와 무관함에도 위와 같은 취지의 현금보관증을 작성해줄만한 특별한 이유나 동기를 찾아보기 어렵다(피고인 00은 00, 00이 피고인 00을 협박하여 어쩔 수 없이 위와 같이 현금보관증을 작성하여 교부한 것이라고 주장하나, 00, 00이 피고인 00을 협박하였다고 볼만한 정황을 확인하기 어렵다).",
            "피고인 00는 동종 사기범행으로 인한 누범기간 중임에도 또다시 이 사건 각 사기범행에 이르렀을 뿐만 아니라 다른 공범들과 함께 피해자 00, 00으로부터 마치 단기간 내에 자산을 쉽게 불려줄 수 있는 것처럼 피해자 00, 00을 기망하여 거액을 편취하였는바, 피고인 00의 범죄 전력과 이 사건 사기범행의 수법이나 내용, 피해금액에 비추어 그 죄질이 좋다고 보기 어렵다.",
            "피고인 00가 직접 피해자 00, 00의 피해회복을 위한 노력을 기울인 정상을 찾아보기 어려워 범행 후의 정황도 결코 좋다고 보기 어려운 점, 따라서 시설 내 처우를 통하여 피고인 00로 하여금 법의 엄정함을 깨닫게 할 필요성이 있다.",
            "피고인 00는 뒤늦게나마 자신의 잘못을 뉘우치면서 범죄사실 제1, 3, 4항의 각 사기범행을 자백하였고, 범죄사실 제1항의 사기범행과 관련하여 피고인 00와 공범인 00이 피해자 00에게 피해액 1억 5,000만 원 전액을 보상하여 피해자 00의 손해가 대부분 회복된 것으로 보인다. ",
            "피해자 00, 00 역시 단기간에 고수익을 얻으려는 욕심에 피고인 00를 비롯한 해당 피고인들의 허황된 말에 속아 피해를 자초한 것으로 보여 이 사건을 일반적인 사기사건과 동일시 하기는 어렵다. ",
            "또한 범죄사실 제3, 4항의 각 사기범행과 관련하여 피고인 00가 직접 취득한 이득 정도가 크다고 보기 어렵고, 피고인 00의 범죄사실 제1항의 사기범행은 판시 첫머리의 제1 내지 3 확정판결에 따른 각 사기죄와 사이에, 범죄사실 제3항의 사기범행은 판시 첫머리의 제4, 5 확정판결과 사이에 각각 형법 제37조 후단 경합범의 관계에 있어 함께 재판받을 수 있었다는 등 피고인 00에게 유리한 정상이 없지 아니하다.",
            "그러나 피고인 00는 동종 사기범행으로 인한 누범기간 중임에도 또다시 이 사건 각 사기범행에 이르렀을 뿐만 아니라 다른 공범들과 함께 피해자 00, 00으로부터 마치 단기간 내에 자산을 쉽게 불려줄 수 있는 것처럼 피해자 00, 00을 기망하여 거액을 편취하였는바, 피고인 00의 범죄 전력과 이 사건 사기범행의 수법이나 내용, 피해금액에 비추어 그 죄질이 좋다고 보기 어렵다.",
            "또한 피고인 00가 직접 피해자00, 00의 피해회복을 위한 노력을 기울인 정상을 찾아보기 어려워 범행 후의 정황도 결코 좋다고 보기 어렵고, 따라서 시설 내 처우를 통하여 피고인 00로 하여금 법의 엄정함을 깨닫게 할 필요성이 있다. ",
            "또한 그 밖에 피고인 00의 연령, 성행, 건강, 직업, 환경, 가족관계 등 양형의 조건이 되는 제반 정상을 고려하여 주문과 같이 형을 정한다.",
            "피고인 00이 이 사건 각 사기범행으로 인하여 발생한 범죄수익 중 상당부분을 공범들로부터 배분받아 취득하였다고 볼만한 정황을 확인하기 어렵고, 피해자 00, 00은 각각 단기간에 고수익을 얻으려는 피고인 00을 비롯한 해당 피고인들의 허황된 말에 속아 피해를 자초한 것으로 보여 이 사건을 일반적인 사기사건과 동일시하기는 어렵다.",
            "또한 이 사건 각 사기범행은 판시 첫머리의 사기죄와 각각 형법 제37조 후단의 경합범 관계에 있어 함께 재판받을 수 있었던 점 등 피고인 00에게 유리한 정상이 없지는 아니하다.",
            "그러나, 피고인 00은 00, 00, 00와 피고인 00과 함께 단기간 내에 돈을 불려줄 수 있는 것처럼 피해자 00를 기망하여 50억 원에 이르는 거액을 편취하였고, 유사한 방법으로 피해자 00으로부터 1억 원과 9,700만 원 상당의 골드바 2개를 편취하였다. ",
            "피고인 00은 위 피해자들이 기망행위에 쉽게 속을 수 있도록 이른바 바람잡이 역할을 수행하여 이 사건 각 사기범행에서 중요한 역할을 담당하는 등 그 범행 가담 정도가 결코 가볍다고 볼 수 없다.",
            "또한 이 사건 사기범행의 수법이나 내용, 피해금액에 비추어 그 죄질이 불량하고, 위에서 살펴본 바와 같이 피고인 00의 범행 가담 사실이 분명히 확인됨에도 수사 및 재판과정에서 지속적으로 자신의 범행을 부인하였을 뿐만 아니라, 피고인 00 스스로 피해자의 피해회복을 위한 노력을 기울인 정상을 확인하기 어려워 범행 후의 정황 또한 좋지 않다. ",
            "따라서 시설 내 처우를 통하여 피고인 00으로 하여금 법의 엄정함을 깨닫게 할 필요성이 인정되는 점, 그 밖에 피고인 00의 연령, 성행, 건강, 직업, 환경, 가족관계 등 양형의 조건이 되는 제반 정상을 고려하여 주문과 같이 형을 정한다.",
            "피고인 00은 범죄전력이 없는 초범인 점, 피고인 00이 이 사건 사기범행으로 인하여 발생한 범죄수익을 공범들로부터 배분받아 취득하였다고 볼만한 정황을 확인하기 어렵고, 피해자 00는 단기간에 고수익을 얻으려는 욕심에 피고인 00을 비롯한 해당 피고인들의 허황된 말에 속아 피해를 자초한 것으로 보여 이 사건을 일반적인 사기사건과 동일시 하기는 어렵다.",
            "또한 피해자 00가 피고인 00의 처벌을 원하지 아니하며, 87세의 고령으로 각종 질병을 앓고 있는 등 피고인 00에게 유리한 정상이 없지는 아니 하다.",
            "그러나 피고인 00은 00, 00, 00와 피고인 00과 함께 단기간 내에 돈을 불려줄 수 있는 것처럼 피해자 00를 기망하여 50억 원에 이르는 거액을 편취하였고, 피해자 00에게 특정물건이 실제로 존재하는 것처럼 과시하기 위하여 00로 하여금 골드바 2개를 가져오도록 하여 00를 통하여 피해자 00에게 제시하고 나아가 피해자 00가 지급한 50억 원을 책임지고 보장하여 줄 것처럼 이행각서를 작성하여 피해자 00에게 교부하였다.",
            "이로써 피해자 00로 하여금 00 명의의 금융계좌로 50억 원을 송금하도록 하고, 피고인 00과 공범들이 한 행위가 사기행각임을 눈치 채지 못하도록 하는 등 이 사건 사기범행이 기수에 이르는 과정에서 핵심적인 역할을 수행하였는바, 이 사건 사기범행의 수법이나 내용, 피해 금액에 비추어 그 죄질이 매우 불량하다.",
            "또한 위에서 살펴본 바와 같이 피고인 00의 범행가담 사실이 분명히 확인됨에도 수사 및 재판과정에서 지속적으로 자신의 범행을 부인할 뿐만 아니라, 피고인 00 스스로 피해자의 피해회복을 위한 노력을 기울인 정상을 확인하기 어려운 점 등 범행 후의 정황 또한 좋지 않다.",
            "따라서 시설 내 처우를 통하여 피고인 00으로 하여금 법의 엄정함을 깨닫게 할 필요성이 인정되고, 그 밖에 피고인 00의 연령, 성행, 건강, 직업, 환경, 가족관계 등 양형의 조건이 되는 제반 정상을 고려하여 주문과 같이 형을 정하되, 앞서 살펴본 피고인 00에 대한 유리한 정황과 특히 피고인 00이 87세의 고령으로 와병 중인 점을 감안하여 대법원 양형위원회의 양형기준을 벗어나 주문과 같이 형을 정한다.",
            "피해자 00 역시 단기간에 고수익을 얻으려는 욕심에 피고인 00을 비롯한 해당 피고인들의 허황된 말에 속아 피해를 자초하여 이 사건을 일반적인 사기사건과 동일시하기 어렵고, 피고인 00의 이 사건 사기범행은 판시 첫머리의 사문서위조죄와 형법 제37조 후단의 경합범 관계에 있어 함께 재판을 받을 수 있었던 점 등 피고인 00에게 유리한 정상이 없지 아니하다.",
            "그러나 피고인 00은 공동피고인 00, 00(이하 여기서는 '00', '00'라고만 한다)와 함께 마치 단기간 내에 1kg 골드바 10개를 줄 수 있는 것처럼 피해자 00을 기망하여 이에 속은 피해자 00으로부터 1억 원을 편취하였고, 그 과정에서 피해자 00이 사기범행임을 인식하지 못하도록 현금보관증을 작성해주는 등 사기범행의 주요 역할을 분담하였다.",
            "또한 피해자 00으로부터 교부받은 1억 원을 실질적으로 취득한 것으로 보이고, 이미 동종 사기범행으로 여러 차례 처벌받은 전력이 있음에도 또다시 이 사건 사기범행을 저지른 점 등에 비추어 그 죄질이 매우 좋지 아니하다.",
            "또한 피고인 00이 피해자00의 피해회복을 위하여 상당한 노력을 기울인 정상을 확인하기 어려울 뿐만 아니라 위에서 살펴본 바와 같이 피고인 00의 범행 가담 사실이 분명히 확인됨에도 수사 및 재판과정에서 지속적으로 자신의 범행가담 사실을 부인하는 등 범행 후의 정황도 좋지 않다. ",
            "따라서 시설 내의 처우를 통하여 피고인 00으로 하여금 법의 엄정함을 깨닫게 할 필요성이 인정되고, 그 밖에 피고인 00의 연령, 성행, 건강, 직업, 환경, 가족관계 등 양형의 조건이 되는 제반 정상을 고려하여 주문과 같이 형을 정한다.",
            "피고인 00은 2회의 동종 범죄전력이 있음에도 또다시 동종의 이 사건 사기범행에 이르렀고, 피해자 00, 00에 대한 사기범행은 특정 물건을 이용하여 단기간 내에 돈을 불려줄 수 있는 것처럼 위 피해자들을 기망하여 위 피해자들로부터 합계 4억 5,000만 원 상당의 금원을 교부받았다는 등 이 사건 사기범행의 수법이나 내용, 피해금액 등에 비추어 그 죄질이 좋지 아니하다.",
            "그러나 피해자 00, 00에게도 단기간에 고수익을 얻으려는 욕심에 피고인 00을 비롯한 해당 피고인들의 허황된 말에 속아 피해를 자초하여 이 사건을 일반적인 사기사건과 동일시하기 어렵고, 피해자 00, 00과 합의되어 위 피해자들이 피고인 00의 처벌을 원하지 아니하며, 상당기간 동안의 구금 생활을 통하여 뒤늦게나마 자신의 잘못을 뉘우친다.",
            "또한 합리적 근거없이 범행을 부인하는 일부 피고인들과 달리 자신의 범행을 자백하였고, 그 밖에 피고인 00의 연령, 성행, 건강, 직업, 환경, 가족관계 등 양형의 조건이 되는 제반 정상을 고려하여 주문과 같이 형을 정한다.",
            "유사 사건에서 특정물건은 국내외 지하금융자금, 비자금 형태로 보관 중인 신, 구권 화폐, 금괴, 채권 등의 물건 중 일부를 지칭하는 용어로 사용되어 왔고, 이 사건에서도 유사한 의미로 사용된 것으로 보이는바, 이하 '특정물건'이라고만 한다.",
            "피고인 00, 00에 대하여 공소사실의 동일성이 인정되고 위 피고인들의 방어권을 침해하지 아니하는 범위 내에서 공소장변경 없이 직권으로 일부 공소사실을 수정하여 제2항의 범죄사실을 인정하였다.",
            "00의 소개로 피해자 00를 소개받은 피고인 00이 00를 통하여 00에게 50억 원을 부풀려서 조달할 수 있는지에 관한 문의를 함으로써 결과적으로 피해자 00가 00의 금융계좌로 50억 원을 송금하기까지 이른 것이다.",
            "범죄사실 제4항의 피해자 00에 대한 사기죄는 판시 첫머리의 제3 내지 5 확정판결에 따른 사기죄 또는 각 특정경제범죄가중처벌등에관한법률위반(사기)죄는 형법 제37조 후단의 경합범 관계가 성립할 수 없고, 형법 제39조 제1항 역시 여기에 적용될 여지가 없다(대법원 2014. 3. 27. 선고 2014도469 판결 참조)."
        ]
    },
    "close": {
        "cnclsns": [
            "피고인 00를 판시 제1죄에 대하여 징역 4월에, 판시 제3죄 및 제4죄에 대하여 각 징역 6월에, 피고인 00, 00을 각 징역 2년 6월에, 피고인 00을 징역 1년에, 피고인 00을 징역 1년 6월에 각 처한다.",
            "다만, 피고인 00에 대하여는 이 판결 확정일로부터 3년간 위 형의 집행을 유예한다.",
            "피고인 00에 대하여 2년간 보호관찰을 받을 것과 120시간의 사회봉사를 명한다."
        ]
    }
}