{
    "info": {
        "caseField": "2",
        "detailField": "6",
        "trailField": "1",
        "caseNm": "특정경제범죄가중처벌등에관한법률위반(횡령),특정경제범죄가중처벌등에관한법률위반(배임),상법위반,공전자기록등불실기재,불실기재공전자기록등행사",
        "courtNm": "수원지방법원",
        "judmnAdjuDe": "2011. 04. 28.",
        "caseNo": "2010고합333",
        "relateLaword": [
            "특정경제범죄 가중처벌 등에 관한 법률 제3조",
            "형법 제356조",
            "형법 제355조",
            "구 형법(2010. 4. 15, 법률 제10259호로 개정되기 전의 것) 제42조",
            "형법 제30조",
            "형법 제1조",
            "상법 제628조",
            "상법 제622조",
            "형법 제228조",
            "형법 제229조",
            "형법 제156조",
            "형법 제157조",
            "형법 제153조",
            "형법 제55조",
            "형법 제37조",
            "형법 제39조",
            "형법 제38조",
            "형법 제50조",
            "형법 제53조",
            "형사소송법 제325조"
        ],
        "qotatPrcdnt": [
            "대법원 2007. 2. 8. 선고 2006도483 판결",
            "대법원 2008. 8. 21. 선고 2007도9318 판결",
            "대법원 2003. 8. 22. 선고 2003도2807 판결",
            "대법원 1983. 11. 8. 선고 83도2346 판결",
            "대법원 2004. 6. 24. 선고 2004도520 판결",
            "대법원 2006. 2. 23. 선고 2005도8645 판결",
            "대법원 2000. 11. 24. 선고 99도822 판결"
        ]
    },
    "concerned": {
        "acusr": "4",
        "dedat": "1"
    },
    "org": {
        "orgJdgmnCourtNm": "",
        "orgJdgmnAdjuDe": "",
        "orgJdgmnCaseNo": ""
    },
    "disposal": {
        "disposalform": "6",
        "disposalcontent": [
            "피고인 00을 징역 2년 6월에 , 피고인 00을 징역 2년에 각 처한다.",
            "이 사건 공소사실 중 피고인 00의 주요주주에 대한 상장회사의 금전대여에 의한 상법위반의 점 및 조소에 대한 무고의 점은 각 무죄이다."
        ]
    },
    "mentionedItems": {
        "rqestObjet": [
            "피고인 00을 징역 2년 6월에 , 피고인 00을 징역 2년에 각 처한다."
        ]
    },
    "assrs": {
        "acusrAssrs": [],
        "dedatAssrs": [
            "어음의 액면액은 15억 원이지만, 위 어음을 담보로 융통한 금액이 8억 원이므로 횡령액을 8억 원으로 보아야 한다.",
            "000는 피고인 00이 알지 못하는 회사이고 위 거래는 피고인 00이 회사의 재무담당이사 00에게 부탁하여 선급금 형식으로 빼낸 후 사용하고 1,000만 원을 제외한 나머지를 변제한 것이고, 000는 피고인 000의 친동생이 운영하는 회사로서 피고인 00이 피고인 00과는 무관하게 선급금 형식으로 빼낸 후 사용하고 1,000만 원을 제외한 나머지를 변제한 것이다.",
            "00에 대한 선급금 지급은 0의 자금 및 회계담당인 00가 00과의 개인적 친분관계로 00 또는 00의 형 00으로부터 부탁을 받고 허위의 회계처리를 통해 00이 운영하는 000에 일시적인 자금을 융통해 준 것이고, 00에 대한 선급금 지급은 000가 이으으로부터 자금을 차용한 것으로, 선급금으로 회계처리된 것은 00 상무가 회계처리계정을 잘못 선택한 것이다.",
            "00이 피고인 00 으로부터 차용증을 받고 대여하였고 회사 장부에 대여금으로 회계처리를 하였기 때문에 횡령죄가 성립한다고 할 수 없다.",
            "피고인 00으로부터 단기대여금 7,000만 원을 받은 사실은 있지만, 피고인 00은 2009. 4. 30. 단기대여금 2,000만 원을 지급받은 후 얼마되지 않아 00 상무에게 회사에 입금하라고 1,000만 원짜리 수표 2장을 주면서 이에 대한 2009. 4. 30. 자 차용증을 회수조치 해달라고 부탁하였고, 2009. 9. 14, 5,000만 원을 지급받은 후 얼마되지 않아 00 상무에게 2,000만 원을 주면서 입금처리 하라고 했다.",
            "또한, 2009. 9. 경부터 00으로부터 급여를 지급받지 못하고 있었는데, 2010. 12. 경 피고인 00에서 퇴직할 때 00 상무가 3,000만 원은 피고인 00에 대한 월급 및 퇴직금 등과 상계처리 하겠다고 하였으므로 피고인 김효후에게 위 금원에 대한 불법영득의사가 없다.",
            "범죄일람표 1의 순번 3 당좌수표는 이 명의로 계약을 체결하고 이윤을 남기기 위해 교부한 것이고, 범죄일람표 1의 순번 6 내지 10 당좌수표는 모두 사채업자들에게 당좌수표 또는 약속어음을 교부하고 할인을 받아 회사를 위해 사용한 것이므로 피고인 00에게 불법영득의 의사가 없다.",
            "피고인 00은 00이 실제로 000의 000 파트너스에 대한 채무 25억 원을 연대보증한 것으로 알고 있었기 때문에 이에 대한 배임의 고의가 없다.",
            "피고인 00은 000 운영을 위한 유동자금 25억 원을 조달하기 위하여 000의 채무를 대위변제하면서 전환사채를 발행하였을 뿐 업무상배임의 고의 내지 불법이득의사는 없었다."
        ]
    },
    "facts": {
        "bsisFacts": [
            "피고인들은 2009. 5. 경 0000에 있는 ㅇㅇ은행 00 지점에서 당좌예금 계좌 (계좌번호)를 개설하고, 2009. 5. 22. 경 당좌수표 20 매 및 약속어음 20매를 수령하여 피해자 00을 위하여 이를 업무상 보관했다.",
            "피고인 00은 2009. 8. 경 이어 사무실에서 개인 채무에 대한 담보로 사용하겠다고 하면서 피고인 00에게 ㅇㅇ 발행의 당좌수표를 달라고 요구하였고, 이에 피고인 00이 ㅇㅇ 발행의 액면금 15억 원 당좌수표 1장 (수표번호)을 피고인 00에게 교부하였다.",
            "그러자, 피고인 00은 2009. 9. 경 0000에 있는 000 (이하, 'OOO'이라 한다)사무실에서 00의 회사 업무와 무관하게 사채업자인 00에 대한 8억 원의 채무 담보 명목으로 주에게 위 당좌수표를 교부함으로 써 위 당좌수표 1장 15억 원 상당을 개인적인 용도로 임의로 사용했다.",
            "피고인들은 이 사무실에서 유상증자 등을 통하여 조달한 회사 자금을 피해자 00을 위하여 업무상 보관하던 중, 피고인 00은 개인적인 용도에 사용하겠다고 하면서 피고인 00에게 회사 자금을 선급금 형식으로 교부해 줄 것을 요구하였다.",
            "이에 피고인 00은 00에서 000(이하, 'OOO'라 한다)에 2009, 4. 23. 경 60, 000, 000원, 2009. 5. 6. 경 10, 000, 000원, 2009, 5. 12. 경 10, 000, 000원,",
            " 2009. 6. 16. 경 20, 000, 000원, 2009. 7. 17. 경 20, 000, 000원, 2009. 7. 29. 경 40, 000, 000원 등 합계 160, 000, 000원을 선급금 명목으로 지급한 것으로 허위 회계 처리를 했다.",
            "00에서 000 (이하, 'OOO'라 한다)에 2009. 3. 25. 경 27, 000, 000원, 2009. 4. 3. 경 28, 000, 000원, 2009. 4. 30. 경 10, 000, 000 원, 2009. 4. 30. 경 10, 000, 000원 등 합계 75, 000, 000원을 선급금 명목으로 지급한 것으로 허위 회계처리를 하였따.",
            "그런 다음, 그 무렵 피고인 00으로 하여금 합계 235,000,000원의 회사 자금을 개인적인 용도로 임의로 사용하게 했다.",
            "피고인들은 00 사무실에서, 유상증자 등을 통하여 조달한 회사 자금을 피해자 00을 위하여 업무상 보관하던 중, 2009. 4. 30. 경 단기대여금 명목으로 피고인 00에게 20,000,000원을 지급하여 피고인 00으로 하여금 이를 개인적인 용도로 사용하게 하였다.",
            "그리고, 2009. 9. 14. 경 역시 단기대여금 명목으로 피고인 00에게 50,000,000원을 지급하여 피고인 00으로 하여금 이를 개인적인 용도로 사용하게 함으로써, 합계 70,000,000원의 회사 자금을 개인적인 용도로 임의로 사용하였다.",
            "피고인 00은 위 제1의 가. 1)항과 같이 2009. 5. 22. 경 당좌수표 20매 및 약속어음 20매를 수령하여 피해자 00을 위하여 이를 업무상 보관하고 있던 중, 2009. 5. 경 0000에 있는 000 사무실에서, 액면금 5,000만 원의 ㅇㅇ 발행의 당좌수표 1장 (수표번호)을 00의 회사 업무와 무관하게 개인적인 용도로 발행하여 00에게 개인 채무 변제 명목으로 이를 교부하였다.",
            "이를 비롯하여 그때부터 2009. 10. 30. 경까지 별지 범죄일람표 1 기재와 같이 이어 발행의 당좌 수표 9장 및 약속어음 2장 합계 2,457,000,000원 상당을 회사 업무와 무관하게 개인적 인 용도로 사용하여 이를 횡령하였다.",
            "피고인들은 2009. 6. 경 00 사무실에서, 000의 대리인인 00와 000가 이에 50억 원을 무보증 전환사채 인수 형식으 로 투자한 후 00이 50억 원의 투자금 중 25억 원으로 000의 000에 대한 위 25억 원의 채무를 대위변제하기로 합의하였다.",
            "피고인들은 공모하여, 위와 같이 그 업무상 임무에 위반하여 피해자 000의 채무를 대위변제 한다는 명목으로 000에 25억 원을 송 금함으로써, 000로 하여금 25억 원 상당의 재산상 이익을 취득하게 하고 피해자에게 동액 상당의 재산상 손해를 가하였다.",
            "피고인들은 공모하여, 2009. 7. 28. 경 0000에 있는 00은행 0000 지점에서 사채업자인 00으로 하여금 166억 원을 이에 대한 유상 증자금으로 납입하게 하였다.",
            "그리고, 위 은행으로부터 주식납입금 보관증명서를 발급받아 2009. 7. 29. 경 0000에 있는 수원지방법원 안산지원 등기과에서 법인자본금 변경등기를 신청한 다음, 2009. 7. 29. 경 위 은행 지점에서 80억 원을 인출한 후 00에게 변제함으로써 80억 원의 주금납입을 가장하였다.",
            "피고인들은 공모하여 2009. 7. 29. 경 수원지방법원 안산지원 등기과에서 그 정을 모르는 성명불상의 등기 공무원에게 이와 같이 주금납입을 가장하여 발급받은 주식 납입금 보관증명서 등 법인자본금 변경등기에 필요한 관련 서류를 제출하였다.",
            "그리하여, 위 등기공무원으로 하여금 공정증서원본인 이이의 법인등기부와 동일한 공전자기록에 발행주식의 총수 82, 139, 027주, 보통주식 82, 139, 027주, 자본의 총액금 41, 069, 513, 500원 이라고 각 입력하도록 함으로써, ",
            "공무원에게 허위 신고하여 공전자기록에 불실의 사실을 기재하게 하고, 그 무렵 위 공전자기록을 전산 조회가 가능하도록 위 정보시스템에 전산 관리되게 함으로써 이를 행사하였다.",
            "피고인 00은 2009. 12. 1. 경 0000에 있는 천안00 경찰서에서, \"이 이 발행의 액면금 15억 원, 어음번호 (어음번호)로 된 약속어음은 피고소인 00이 임의로 액면금 등을 위, 변조하여 유통한 것이므로, 위 00을 처벌하여 달라\" 라는 취지의 고소장을 천안00 경찰서 성명불상의 담당 경찰관에게 제출 하였다.",
            "피고인은 00로 하여금 형사처분을 받게 할 목적으로 위 와 같이 담당 경찰관에게 허위 내용의 고소장을 제출하여 00을 무고하였다.",
            "피고인은 2010. 2. 3. 경 0000에 있는 서울00 경찰서에서, \"이 발행의 액면금 3억 4,000만 원, 어음번호 (어음번호)로 된 약속어음은 피고소인 00이 임의로 액면금 등을 위, 변조하여 유통한 것이므로, 위 00을 처벌하여 달라\" 라는 취지의 고소장을 서울ㅇㅇ경찰서 성명불상의 담당 경찰관에게 제출하였다.",
            "피고인은 00으로 하여금 형사처분을 받게 할 목적으로 위와 같이 담당 경찰관에게 허위 내용의 고소장을 제출하여 00을 무고하였다.",
            "피고인 이①①은 2009. 2. 9. 경부터 현재까지 반도체 및 엘씨디 (LCD)장비 부품 개 발 제조업 등을 목적으로 하는 법인인 주식회사 ㅇㅇ (본사 소재지 : 안산시 X - 12, 이 하 'OOO'이라 한다)의 대표이사로 근무하는 자이다.",
            "피고인 이①①은 2011. 1. 14. 서울중앙지방법원에서 무고죄 등으로 징역 2년을 선고받고 2011. 4. 14. 위 판결이 확정된 자이고, 피고인 김 오은 2009. 3. 30. 경부터 현재까지 이이의 등기이사로 등재되어 있고 2009. 7. 경까지 위 회사의 부회장으로 근무하였던 자이다."
        ]
    },
    "dcss": {
        "courtDcss": [
            "피고인들의 횡령액에 관하여 보건대, 피고인들이 00이 발행한 액면금 15억 원의 당좌수표를 00에게 교부하고 8억 원을 융통한 사실이 인정되고, 00이 당좌 수표를 지급제시할 경우 00이 원인관계 등에 기한 항변을 할 여지가 있기는 하다.",
            "당좌수표의 무인증권성 등에 비추어 당좌수표의 소지자인 00은 유가증권으로서 재물인 당좌수표를 교부받는 즉시 당좌수표에 표창된 15억 원의 수표채권을 취득하고 이은 이에 상응하는 채무를 부담하는 것이므로 피고인들의 횡령액은 당좌수표의 액면 금인 15억 원 상당인바, 부동산에 대한 담보설정과는 달리 횡령액이 피담보채권액으로 제한된다고 볼 수는 없다.",
            "피고인 00은 000가 ㅇㅇ으로부터 자금을 융통하는 데 도움을 주었다고 진술한 점, 00는 이 법정에서, 000 와 000에 대한 선급금 처리에 대하여 피고인 00에게 결재를 받았고, 피고인 00에게 직접 보고하지는 않았지만 피고인 00이 전체적으로 윗선에 보고한 것으로 알고 있다고 진술한 점이 인정된다.",
            "00는 검찰에서, 000와 000에 대한 선급금 처리에 대하여 피고인들에게 승인을 받았다거나, 피고인 00이 피고인 00에게 보고하였다는 내용의 진술서를 작성한 점이 인정된다.",
            "00는 또 이 법정에서, 피고인 00이 000의 사장이 피고인 00에게 브리핑을 했다는 이야기를 했다고 진술한 점, 00과 000 및 000와의 사이에 실제 거래관계가 없었음에도 선급금으로 처리된 점, 000의 대표이사 00은 00과 형제 사이이고, 00은 피고인 00과 잘 알고 있어 000는 피고인 00과 밀접한 관련이 있고, 000는 피고인 00의 동생 00이 운영하여 피고인 00과 밀접 한 관련이 있는 것으로 보이는 점이 인정된다.",
            "피고인 00은 2009. 4. 경부터 2009. 10. 경까지 00의 대표이사로서 자금관리에 깊숙이 관여하였던 점 등 피고인들과 000 및 000와의 관계, 00의 자금이 지급된 경위, 피고인들의 00에서의 지위 등을 종합하면 피고인들이 공모하여 선급금 명목으로 000와 000에 금원 을 지급하여 이를 횡령한 사실을 인정할 수 있으므로, 이 부분 피고인들 및 변호인들의 위 주장은 받아들이지 아니한다.",
            "피고인 00이 차용증을 작성한 후 2,000만 원을 지급받고, 5,000만 원은 자기 앞수표를 교부받아 으로부터 합계 7,000만 원을 차용하였고, 00의 회계 장부에 피고인 00에 대한 단기대여금으로 위 금원을 지급한 것으로 처리한 사실은 인정된다. ",
            "00이 피고인 00에게 단기대여금을 지급할 때 이사회 의결 등의 절차를 거쳤다고 볼 만한 자료가 없는 점, 00은 이 법정에서, 자신이 000에서 퇴직한 2010. 8. 3.까지 피고인 00이 차용한 7, 000만 원을 변제하지 않았고 상계처리도 되지 않았다고 진술한 점이 인정된다.",
            "00도 이 법정에서, 피고인 00이 4, 000만 원을 변제한 사실이 없는 것으로 알고 있고, 피고인 00에 대한 대여금 을 미지급 월급과 상계처리 하겠다고 이야기 한 적은 있지만 우스갯소리로 한 것이라 고 진술한 점, ",
            "피고인 00은 이 법정에서, 피고인 00이 개인적으로 사용한 사채를 갚지 못하여 ㅇㅇ 경찰서에서 수사를 받고 있음을 알게 되었는바, 피고인 00이 사채를 갚지 못하면 회사 일을 하지 못한다면서 빠른 시일 안에 변제한다고 하여 대여하게 된 것이라고 진술한 점이 인정된다.",
            "00이 피고인 00에게 7,000만 원을 대여할 당시 자금사정이 좋지 않았던 것으로 보이는 점, 피고인 00이 위 금원을 차용 할 당시 00에 충분한 담보를 제공하였다고 볼 만한 자료도 없는 점 등 대여에 이르게 된 경위 및 대여금의 용도, 당시 00의 자금사정, 대여 후 변제여부 등을 종합하면 피고인들이 공모하여 위 대여금을 횡령한 사실을 인정할 수 있으므로, 이 부분 피고인들 및 변호인들의 주장은 받아들이지 아니한다.",
            "피고인 00은 검찰에서, 범죄일람표 1 순번 3 당좌수표는 자신이 운영하는 상사를 위해 개인적으로 사용하였다고 진술한 점, 피고인 00의 법정진술에 의하더라 도 애초에 상사가 매수자가 되어 전력설비를 인수하여 되팔려고 하였는데 자금 마련이 여의치 않아 매수자를 00으로 변경하여 계속 계약을 추진하고 있었는바, 위 거래가 00의 본래 영업목적이 아님을 인정하고 있는 점이 인정된다.",
            "피고인 00은 검찰에서, \"00과 00으로부터 개인적으로 돈을 빌려 사용하면서 범죄일람표 1 순번 6 당좌 수표를 교부하였다가 회사자금으로 결제하였다\"고 진술하였고 (수사기록 제1508쪽), 범죄 일람표 1 순번 7 내지 10 당좌수표와 약속어음을 이사회의 결의없이 할인하였는데 \"할인금을 회사에 입금하면서 피고인 00이 회사에 빌려주는 것처럼 회계처리를 했다\"고 진술한 점이 인정된다.",
            "00는 2009. 2. 13. 부터 2009. 11. 15.까지 00의 경영지원본부 상무로서 총무와 회계업무를 하면서 회사 자금의 수입, 지출을 실질적으로 관리하여 왔던 자인데, 00가 검찰에서 피고인 00으로부터 00000 부지 공동 개발에 참여하는 과정에서 당좌수표와 어음이 필요하다는 이유 로 당좌수표와 어음을 요구받았으나 회사가 당좌를 사용하기 시작하면 회사의 대외 신 용도 및 향후 부도 등의 문제가 있다는 이유로 위 요구를 거절하였다.",
            "그러자 피고인 00이 자신 (00)도 모르게 지인을 통해 서울사무실에서 ㅇㅇ은행 00지점 당좌를 개설하였고 이러한 문제로 피고인 00과 다투다가 2009년 6월 사직서를 제출하기도 하였다고 진술하였다(수사기록 제2776 - 7쪽).",
            "그리고 이 법정에서도 \"당좌수표와 어음의 관리는 주식회사 상사 내지 000의 경리업무를 담당하였던 00가 하였고, 당좌수표와 어음의 발행내역은 00로부터 받았다. 당좌수표와 어음의 할인금 처리에 관한 사항은 정확하게 알지 못한다\"고 진술하는 등 자금담당 실무자가 당좌수표와 어음의 발행경위 뿐만 아니라 사용처도 제대로 알지 못하였던 점이 인정된다.",
            "피고인 00은 이 부분 당좌수표 발행에 따라 융통된 자금을 이이의 회계장부에 반영시키지 않고 회계로부터 분리하여 별도로 관리하여 온 것으로 보일 뿐만 아니라 (수사기록 제1915 - 6쪽), 금융위원회 등에 제출한 공시서류인 2009 사업연도의 사업보고서에 이 부분 당좌수표와 어음의 발행에 관한 사항을 전혀 기재하지 않은 점이 인정된다.",
            "피고인 00은 검찰에서 이어 이 발행한 당좌수표 및 어음을 모두 횡령한 것으로 자백한 것이 아니라 홈페이지 제작대금, 전자재료 사업부분 인수대금 등 정상적인 거래에 따른 당좌 수표 및 어음의 발행에 관하여는 구체적으로 그 사용처를 진술하였다는 점에서 피고인 00이 이 부분 당좌수표 및 어음을 횡령하였다고 자백한 검찰 진술의 신빙성을 부정하기는 어려운 점이 인정된다.",
            "피고인 00은 이 법정에서, 위 당좌수표와 약속어음은 회사를 위해 사용한 것이라고 주장하나 그 발행사유와 금원의 구체적인 사용처에 관하여 납득할 만한 합리적인 설명을 하지 못하고 있는 점, 피고인 00이 2009년 2월경 000을 인수한 후 불과 3개월이 채 지나기도 전에 범죄일람표 1 순번 1 기재 당좌수표를 발행하여 횡령범행을 저지르기 시작한 점과 피고인의 이어 인수과정 및 상장폐지 경과 등을 종합하여 보면, 이하 다음과 같다.",
            "즉, 피고인 00이 불법영득의사를 가지고 피해자인 이이 발행의 합계 2,457,000,000원 상당의 당좌수표 9장 및 약속어음 2장을 횡령한 사실을 인정할 수 있으므로, 이 부분 피고인 00 및 변호인의 주장은 받아들이지 아니한다.",
            "피고인 00은 00의 운영자금 확보를 위한 경영상의 판단으로 전환사채를 발행하면서 000의 000에 대한 채무를 대위변제한 것이라고 주장하나, 정작 피고인들은 위 대위변제 금액 25억 원을 제외한 나머지 25억 원의 사용처를 잘 알 지 못한다는 취지로 진술하면서 서로에게 책임을 떠넘기고 있는 상황이다.",
            "위 25억 원으로 명동사채업자에게 약 10억 5천만 원을 변제한 것으로 보이나 자금담당 직원이었던 00는 그 구체적인 내역에 관하여는 모른다고 진술하고 있는 점, 00의 2009년도 영업이익은 약 65억 원의 적자를 내고 있는 상황이었고 전환사채 발행금액 50억 원은 일응 이이의 채무로 고스란히 남는 것이어서 채무가 없음에도 25억 원을 대위변제하는 것은 장래 이이의 재무 구조에 큰 부담을 주는 행위로 보이는 점이 인정된다.",
            "피고인들이 25억 원을 대위변제하는 과정에 있어서 000에게 기업인수합병 관련 자문수수료 25억 원을 지급한 것처럼 허위 회계처리하는 비정상적인 방법을 사용한 점, 피고인 00은 이 법정에서, 피고인 00이 전환사채 50억 원 발행 이전 매일의 진행상황을 보고할 것을 독촉하여 피고인 00이 피고인 00에게 그 진행상황을 보고하였고 이에 따라 피고인 00도 000의 채무 25억 원을 변제할 책임이 없다는 사실을 잘 알고 있었다고 진술한 점이 인정된다.",
            "00는 이 법정에서, 피고인 00과 000 측의 00을 만나 협상을 진행하였는데 협상과정에서 000의 채무 25억 원을 상환해야 할 의무가 없다는 점에 대하여 이미 이야기가 나왔다고 진술한 점, 00는 이 법정에서, 00이 000로부터 50억 원을 받아서 그 자금으로 000의 채무 25억 원을 상환한 부분을 00이 000에 대한 자문수수료로 처리하기로 이야기된 사실을 피고인 00도 알고 있었을 것이라고 진술한 점이 인정된다.",
            "피고인 00이 25억 원을 위와 같이 000에 기업인수합병 관련 자문수수료로 지급한 것으로 회계처리한 사실을 알고 있었던 것으로 보이는바, 위 지급이 이의 보증채무 납부라면 위와 같이 회계처리를 할 이유가 없으므로 피고인 00도 000의 000에 대한 잔존채무 25억 원을 변제할 의무가 없음에도 이를 변제한다는 사정을 잘 알고 있었다고 보이는 점, ",
            "피고인 00은 당시 000의 대표이사로서 회장을 맡고 있었고, 피고인 00은 000의 이사로서 부회장을 맡고 있었기 때문에 피고인 00이 위와 같은 과정을 독단적으로 처리했다고 보기 어려운 점이 인정된다.",
            "이 전환사채를 발행하게 된 경위와 그 진행과정, 피고인 00의 ㅇ에서의 지위, 전환사채 인수 후 자금의 집행 등을 종합하면, 피고인들이 적어도 미필적으로나마 배임의 범의를 가지고 공모하여 이에 재산상 손해를 입 게 한 사실을 인정할 수 있으므로, 이 부분 피고인 00 및 변호인의 위 주장은 받아들이지 아니한다."
        ]
    },
    "close": {
        "cnclsns": [
            "피고인 00을 징역 2년 6월에, 피고인 00을 징역 2년에 각 처한다.",
            "이 사건 공소사실 중 피고인 00의 주요주주에 대한 상장회사의 금전대여에 의한 상법위반의 점 및 조소에 대한 무고의 점은 각 무죄이다."
        ]
    }
}