{
    "info": {
        "caseField": "2",
        "detailField": "6",
        "trailField": "1",
        "caseNm": "사기",
        "courtNm": "서울북부지방법원",
        "judmnAdjuDe": "2018. 12. 21.",
        "caseNo": "2018고정1474",
        "relateLaword": [
            "형법 제347조",
            "형법 제37조",
            "형법 제39조",
            "형법 제38조",
            "형법 제50조",
            "형법 제70조",
            "형법 제69조",
            "형사소송법 제334조"
        ],
        "qotatPrcdnt": []
    },
    "concerned": {
        "acusr": "4",
        "dedat": "1"
    },
    "org": {
        "orgJdgmnCourtNm": "",
        "orgJdgmnAdjuDe": "",
        "orgJdgmnCaseNo": ""
    },
    "disposal": {
        "disposalform": "9",
        "disposalcontent": [
            "피고인을 벌금 1,000,000원에 처한다.",
            "피고인이 위 벌금을 납입하지 아니하는 경우 100,000원을 1일로 환산한 기간 피고인을 노역장에 유치한다.",
            "위 벌금에 상당한 금액의 가납을 명한다."
        ]
    },
    "mentionedItems": {
        "rqestObjet": [
            "피고인을 벌금 1,000,000원에 처한다.",
            "피고인이 위 벌금을 납입하지 아니하는 경우 100,000원을 1일로 환산한 기간 피고인을 노역장에 유치한다.",
            "위 벌금에 상당한 금액의 가납을 명한다."
        ]
    },
    "assrs": {
        "acusrAssrs": [],
        "dedatAssrs": []
    },
    "facts": {
        "bsisFacts": [
            "피고인은 2018.10.31.대전지방법원에서 사기죄 등으로 징역 1년 10월을 선고받아 위 판결이 2018.11.8.확정되었다.",
            "피고인은 2017.10.4.경 불상의 장소에서 'C'라는 게임사이트에 접속하여 피해자 D에게 \"6만원을 입금하면 게임머니 15억 E를 주겠다\" 라는 메시지를 전송하였다.",
            "그러나 사실 피고인은 당시 보유한 게임머니가 5억 E에 불과하였으므로 피해자로부터 대금을 지급받더라도 피해자에게 15억 E의 게임머니를 교부할 의사나 능력이 없었다.",
            "피고인은 이와 같이 피해자에게 거짓말하여 이에 속은 피해자로부터 2017.10.4.04:17경 게임머니 대금 명목인 6만원을 피고인이 사용하는 F 명의의 G은행 계좌로 송금받아 편취하였다.",
            "피고인은 2017.10.9.경 불상의 장소에서 'H'라는 인터넷 중고 물품 사이트에 접속하여 \"남성 I 장지갑을 25만원에 판매하겠다\"라는 글을 게시한 후, 위 글을 보고 휴대 전화 문자메시지로 연락한 피해자 J에게 \"택배를 보냈으니 23만원만 입금해 달라\" 라고 말하였다.",
            "그러나 사실 피고인은 당시 남성 I 장지갑을 보유하고 있지 않았으므로 피해자로부터 그 대금을 지급받더라도 피해자에게 위 지갑을 교부할 의사나 능력이 없었다.",
            "피고인은 이와 같이 피해자에게 거짓말하여 이에 속은 피해자로부터 2017.10.9.17:04경 지갑 대금 명목인 23만원을 피고인이 사용하는 F 명의의 G은행 계좌로 송금받아 편취하였다."
        ]
    },
    "dcss": {
        "courtDcss": []
    },
    "close": {
        "cnclsns": [
            "피고인을 벌금 1,000,000원에 처한다.",
            "피고인이 위 벌금을 납입하지 아니하는 경우 100,000원을 1일로 환산한 기간 피고인을 노역장에 유치한다.",
            "위 벌금에 상당한 금액의 가납을 명한다."
        ]
    }
}