{
    "info": {
        "caseField": "2",
        "detailField": "6",
        "trailField": "1",
        "caseNm": "특정경제범죄가중처벌등에관한법률위반(사기)(일부인정된죄명사기),사기미수,컴퓨터등장애업무방해,배임증재,배임증재미수(변경된죄명배임증재),입찰방해,사기",
        "courtNm": "광주지방법원 ",
        "judmnAdjuDe": "2015. 07. 06.",
        "caseNo": "2015고합30,150(병합)",
        "relateLaword": [
            "특정경제범죄 가중처벌 등에 관한 법률 제3조",
            "형법 제30조",
            "형법 제347조",
            "형법 제352조",
            "형법 제314조 ",
            "형법 제315조",
            "형법 제40조",
            "형법 제50조 ",
            "형법 제37조 ",
            "형법 제38조 ",
            "형사소송법 제325조",
            "형법 제58조"
        ],
        "qotatPrcdnt": [
            "대법원 1980. 12. 9. 선고 80도2236 판결",
            "대법원 2007. 10. 12. 선고 2005도7112 판결 ",
            "대법원 2006. 3. 24. 선고 2005도6433 판결",
            "대법원 1985. 8. 20. 선고 84도2599 판결",
            "대법원 2002. 4. 9. 선고 99도2165 판결 ",
            "대법원 1995. 3. 24. 선고 95도203 판결",
            "대법원 2003. 12. 26. 선고 2003도4914 판결",
            "대법원 2000. 7. 7. 선고 2000도1899 판결",
            "대법원 1997. 2. 25. 선고 94도3346 판결",
            "대법원 2013. 10. 24. 선고 2013도7201 판결"
        ]
    },
    "concerned": {
        "acusr": "4",
        "dedat": "1"
    },
    "org": {
        "orgJdgmnCourtNm": "",
        "orgJdgmnAdjuDe": "",
        "orgJdgmnCaseNo": ""
    },
    "disposal": {
        "disposalform": "6",
        "disposalcontent": [
            "피고인을 징역 3년에 처한다.",
            "이 사건 공소사실 중 각 배임증재의 점은 각 무죄.",
            "위 무죄 부분에 대한 판결의 요지를 공시한다."
        ]
    },
    "mentionedItems": {
        "rqestObjet": [
            "이로써 피고인은 공소외 5, 전산조작자인 공소외 1, 공소외 3, 공소외 2, 공소외 4 및 피고인이 공소외 5를 연결시켜 준 별지 범죄일람표 기재 공소외 7 등의 공사업자들과 공모하여 위와 같이 피해자를 속여 거액의 공사대금을 편취하였다.",
            "또한 거액의 공사계약금액을 편취하려 하였으나 일부 공사의 경우 공사대금을 지급받지 못해 미수에 그침과 동시에 컴퓨터 등 정보처리장치에 부정한 명령을 입력하고 정보처리에 장애를 발생하게 하여 낙찰금액 산출 및 낙찰자 결정에 관한 피해자의 업무를 방해함과 동시에 피고인 등이 정상적인 경쟁 입찰을 거쳐 낙찰받은 것처럼 가장하는 등 위계를 이용하여 입찰의 공정을 해하였다."
        ]
    },
    "assrs": {
        "acusrAssrs": [],
        "dedatAssrs": []
    },
    "facts": {
        "bsisFacts": [
            "○○○○공사(이하 'OOO'이라 한다)가 발주하는 각종 전기공사 중 적격심사제 방식에 따른 전자입찰은 자체 전자조달시스템(인터넷 주소 생략)상에서 이루어지고, 입찰공고, 예비가격 기초금액 작성, 투찰, 개찰, 낙찰 예정자에 대한 적격심사, 낙찰자 선정, 계약의 순서로 진행된다.",
            "① 먼저 계약체결 부서 책임자가 해당 공사에 관한 예비가격 기초금액을 결정하여 입찰공고하고, ②전자조달시스템 서버는 입찰 마감 전일 16:00 기초금액의 ±2.5% 범위 내에서 생성이 가능한 예비가격 중 15개를 임의로 선택하여 암호화한 후 저장하고, ③ 입찰자가 입찰기간 중 전자조달시스템에 접속하여 투찰금액을 입력하고 각각의 예비가격을 상징하는 15개의 추첨번호 중 임의로 4개를 선택하면 그 값이 서버에 전송,저장된다.",
            "④ 개찰이 개시되면 전자조달시스템 서버는 위 15개의 예비가격을 15개의 추첨번호에 자동으로 무작위로 연결지어 각 입찰자들이 선택한 예비가격 추첨번호 중 가장 많이 선택된 상위 4개의 번호에 대응하는 예비가격을 확정한 후, 이를 평균하여 공사예정가격을, 여기에 투찰율(공사 가액 10억 원 미만: 87.745%, 공사 가액 10억 원 이상 30억 원 미만: 86.745%)을 곱한 낙찰하한가를 산정하게 된다.",
            "⑤ 낙찰하한가 이상 공사예정가격 이하로서 낙찰하한가에 가장 근접한 입찰금액으로 투찰한 입찰자를 낙찰예정자로 선정한 후, 계약이행경험, 기술능력, 재무상태, 신인도 등에 대한 적격심사를 거쳐 최종 낙찰자로 결정하여 계약을 체결하게 된다.",
            "피고인은 공소외 15 주식회사, 공소외 16 주식회사, 공소외 17 주식회사, 공소외 18 주식회사를 실제 운영하는 전기공사업자, 공소외 1, 공소외 2, 공소외 3, 공소외 4는 각자 IT업계에서 프로그램 개발, 관리 경력을 쌓아온 사람들이다.",
            "공소외 1은 2005.1.20.경부터 2008.12.말경까지 IT인력파견업체인 공소외 8 주식회사 소속 직원으로서 OOO의 자회사이자 OOO 입찰시스템 유지,보수업무를 담당하고 있는 공소외 9 주식회사 내 E-biz 팀에 파견되어 OOO 입찰시스템 유지,보수업무를 담당하였다.",
            "공소외 2는 2008.8.6.경부터 2013.1.경까지, 공소외 3은 2012.7.26.경부터 2014.7.25.경까지, 공소외 4는 2014.10.1.경부터 현재까지 각 IT인력파견업체 공소외 10 주식회사 소속 직원으로서 위 E-biz 팀에 파견되어 같은 업무를 담당하였으며, 공소외 5는 공소외 11 주식회사, 공소외 12 주식회사, 공소외 13 주식회사, 공소외 14 주식회사를 실제 운영하는 사람이다.",
            "공소외 1은 OOO 입찰시스템을 관리하며 시스템 작동원리를 익혀 나가던 중, DB서버에 비정상적인 접근통로를 만들어 암호화된 15개의 복수예가와 가장 많은 입찰자들이 선택한 상위 4개의 추첨번호 정보를 실시간으로 엿볼 수 있고 나아가 자신이 원하는 번호로 조작할 수 있다.",
            "15개의 복수예가와 15개의 추첨번호를 무작위로 연결하는 기능을 수행하는 일부 개찰 프로그램을 조작하여 낙찰금액을 1원의 오차도 없이 사전에 정확하게 계산하거나 변경할 수 있음을 알게 되었다.",
            "공소외 1은 2005.8.경 0000에서 만나 인연을 맺은 공소외 5와 이러한 사실에 대해 이야기하다가 공소외 5가 낙찰정보를 고가에 구매할 의사가 있는 전기공사업자를 물색해오면, 자신은 공사업자가 원하는 해당 입찰공사 공구의 낙찰가를 계산, 조작하고, 투찰가를 알려주어 부정하게 낙찰시켜 줌으로써 재산상 이익을 취득하기로 한다.",
            "자신과 함께 혹은 자신의 퇴사 이후 이러한 프로그램 조작 작업을 수행할 기술자인 공소외 2, 공소외 3, 공소외 4 등을 차례로 이 사건 범행에 끌어들였다.",
            "피고인은 2014.11.경 공소외 5에게 불법적인 방법을 통하여 낙찰하한가를 미리 알려주면 공사를 진행하여 남은 이득금 중 일정 비율을 지급하겠다 는 취지로 낙찰하한가 정보를 빼내달라고 부탁하고, 공소외 5는 이를 승낙한 후 공소외 1, 공소외 3, 공소외 4와 함께 낙찰결과를 조작하여 피고인이 운영하는 업체로 하여금 특정 공구의 공사를 낙찰 받게 한 다음 피고인으로부터 그 대가를 지급받기로 마음먹었다.",
            "공소외 1은 2014.11.중순경 공소외 5로부터 000 고압B 공구 등 낙찰결과를 조작하려는 특정 입찰공고의 일련번호를 전달받아 공소외 3을 통하여 공소외 4에게 전달하였다.",
            "공소외 4는 2014.11.14.15:09경 위 특정 입찰공고의 일련번호가 인식될 경우 자신들이 사전에 정한 순열대로 복수예가를 추첨번호에 배열하여 낙찰하한가를 산출토록 하는 부정한 명령문을 와스서버 에 업로드하여 낙찰금액 결정에 관한 중요 연산 기능을 장악하였다.",
            "공소외 1과 공소외 3은 입찰시스템의 민감한 정보를 조회할 목적으로 자신들이 은밀하게 만들어 놓은 웹페이지를 통해 입찰 마감 전날 입찰시스템에서 만들어진 15개의 복수예가 및 입찰 마감 무렵까지 입찰자들이 가장 많이 선택한 4개의 추첨번호 정보를 빼내거나 조작하여 해당 공구의 낙찰금액을 정확히 계산하였다.",
            "공소외 1은 공소외 5에게 전화하여 낙찰 받을 수 있는 투찰가를 전달하고, 공소외 5는 다시 위 투찰가를 피고인에게 알려주어 피고인이 운영하는 공소외 15 주식회사가 000 고압B 공구 입찰(경쟁률 308:1)에서 부정하게 낙찰 받게 하였다.",
            "이와 비롯하여 공소외 5, 공소외 1 등과 순차 공모하여 2013.4.18.경부터 2014.11.14.경까지 별지 범죄일람표 기재와 같이 17회에 걸쳐 OOO 입찰시스템에서 진행된 각종 공사의 낙찰결과를 조작하였다.",
            "피고인은 공소외 5, 공소외 1 등과 함께 피고인이 운영하는 공소외 15 주식회사가 000 고압B 공구 입찰공사 를 위와 같은 방법으로 부정하게 낙찰 받게 하고, 피고인은 총 308개의 전기공사업체가 참가한 위 입찰에서 마치 정상적인 경쟁입찰을 거쳐 낙찰을 받은 것처럼 행세하며 피해자 OOO을 기망하여, 형식적인 자격심사를 거쳐 2014.12.31.피해자와 공사계약을 체결하였다.",
            "이로써 피고인은 공소외 5, 전산조작자인 공소외 1, 공소외 3, 공소외 2, 공소외 4 및 피고인이 공소외 5를 연결시켜 준 별지 범죄일람표 기재 공소외 7 등의 공사업자들과 공모하여 위와 같이 피해자를 속여 거액의 공사대금을 편취하였다.",
            "거액의 공사계약금액을 편취하려 하였으나 일부 공사의 경우 공사대금을 지급받지 못해 미수에 그침과 동시에 컴퓨터 등 정보처리장치에 부정한 명령을 입력하고 정보처리에 장애를 발생하게 하여 낙찰금액 산출 및 낙찰자 결정에 관한 피해자의 업무를 방해함과 동시에 피고인 등이 정상적인 경쟁 입찰을 거쳐 낙찰받은 것처럼 가장하는 등 위계를 이용하여 입찰의 공정을 해하였다."
        ]
    },
    "dcss": {
        "courtDcss": [
            "형법 제357조 제1항 에 정한 배임수재죄는 타인의 사무를 처리하는 자가 그 임무에 관하여 부정한 청탁을 받고 재물 또는 재산상 이익을 얻는 경우에 성립하는 범죄로서 원칙적으로 타인의 사무를 처리하는 자라야 그 범죄의 주체가 될 수 있고, 그러한 신분을 가지지 아니한 자는 신분 있는 자의 범행에 가공한 경우에 한하여 그 주체가 될 수 있다.",
            "배임수재죄의 주체로서 타인의 사무를 처리하는 자 라 함은 타인과의 대내 관계에 있어서 신의성실의 원칙에 비추어 그 사무를 처리할 신임관계가 존재한다고 인정되는 자를 의미하고, 반드시 제3자에 대한 대외관계에서 그 사무에 관한 권한이 존재할 것을 요하지 않으며, 또 그 사무가 포괄적 위탁사무일 것을 요하는 것도 아니고, 사무처리의 근거, 즉 신임관계의 발생근거는 법령의 규정, 법률행위, 관습 또는 사무관리에 의하여도 발생할 수 있다.",
            "배임수재죄에 있어 임무에 관하여 라 함은 타인의 사무를 처리하는 자가 위탁받은 사무를 말하는 것이나 이는 그 위탁관계로 인한 본래의 사무뿐만 아니라 그와 밀접한 관계가 있는 범위 내의 사무도 포함되고, 나아가 고유의 권한으로서 그 처리를 하는 자에 한하지 않고 그 자의 보조기관으로서 직접 또는 간접으로 그 처리에 관한 사무를 담당하는 자도 포함된다(대법원 2006.3.24.선고 2005도6433 판결 참조).",
            "공동의 사기 또는 배임 범행으로 인하여 얻은 금원을 공범자끼리 수수한 행위는 공동정범들 사이의 그 범행에 의하여 취득한 금원의 내부적인 사후분배행위에 지나지 않는 것이어서 그 금원 수수행위가 따로 배임수증재죄를 구성한다고 볼 수는 없다( 대법원 1985.8.20.선고 84도2599 판결 , 1997.2.25.선고 94도3346 판결 , 2013.10.24.선고 2013도7201 판결 등 참조).",
            "또한, 공무원이 관공서에 필요한 공사의 시행이나 물품의 구입을 위하여 수의계약을 체결하면서 해당 공사업자 등으로부터 돈을 수수한 경우, 그 돈의 성격을 공무원의 직무와 관련하여 수수된 뇌물로 볼 것인지, 아니면 적정한 금액보다 과다하게 부풀린 금액으로 계약을 체결하기로 공사업자 등과 사전 약정하여 이를 횡령(국고손실)한 것으로 볼 것인지 여부는 돈을 공여하고 수수한 당사자들의 의사, 해당 계약 자체의 내용 및 성격을 고려해야 한다.",
            "그리고 계약금액과 수수된 금액 사이의 비율, 수수된 돈 자체의 액수, 그 계약이행을 통해 공사업자 등이 취득할 수 있는 적정한 이익, 공사업자 등이 공무원으로부터 공사대금 등을 지급받은 시기와 돈을 공무원에게 교부한 시간적 간격, 공사업자 등이 공무원에게 교부한 돈이 공무원으로부터 지급받은 바로 그 돈인지 여부, 수수한 장소 및 방법 등을 종합적으로 고려하여 객관적으로 평가하여 판단해야 한다.",
            "(대법원 2007.10.12.선고 2005도7112 판결 참조).공무원의 뇌물죄에 상응하는 사적 뇌물죄로서 거래의 청렴성 등을 보호법익으로 하는 배임수증재죄에도 위와 같은 평가기준 및 척도를 적용할 수 있다.",
            "사기죄의 본질은 기망에 의한 재물이나 재산상 이익의 취득에 있고 이로써 상대방의 재산이 침해되는 것이므로, 상대방에게 현실적으로 재산상 손해가 발생할 필요는 없다( 대법원 2003.12.26.선고 2003도4914 판결 참조).",
            "재물편취를 내용으로 하는 사기죄에 있어서는 기망으로 인한 재물교부가 있으면 상당한 대가가 지급되었다거나 피해자의 전체 재산상에 손해가 없다 하여도 사기죄의 성립에는 그 영향이 없다.",
            "그러므로 사기죄에 있어서 그 대가가 일부 지급된 경우에도 그 편취액은 피해자로부터 교부된 재물의 가치로부터 그 대가를 공제한 차액이 아니라 교부받은 재물 전부라 할 것이다(대법원 1995.3.24.선고 95도203 판결 , 2000.7.7.선고 2000도1899 판결 등 참조).",
            "따라서 공소외 1 등은 악성프로그램을 이용한 전산조작의 방법으로 낙찰하한가를 왜곡하거나 인지하였음에도 낙찰가격의 일정 비율을 받기로 하고 특정 입찰자에게 그 낙찰하한가에 기초한 투찰가를 알려주고, 그 특정 입찰자는 부정한 방법으로 알게 된 투찰가로 입찰에 참가하여 낙찰예정자로 지정되어 자격심사를 받고 최종 낙찰자가 되었다.",
            "그런데 공소외 1 등과 특정 입찰자의 위와 같은 행위는 입찰과정에서 입찰자가 지켜야 할 신의와 성실의 의무를 저버리는 것으로서 낙찰하한가가 왜곡되거나 노출되었다는 것을 알지 못하는 ○○ 입찰담당자에 대한 적극적인 기망행위에 해당된다.",
            "그 입찰담당자는 이러한 것을 알았더라면 그 특정 입찰자를 입찰과정에서 배제하거나 최종 낙찰자로 결정하지 않았을 것임에도 착오에 빠져 이를 모른 채 그 특정 입찰자에 대하여 자격심사를 진행한 다음 최종 낙찰자로 결정하고 이에 따라 공사계약 체결과 변경(설계 수정 등으로 인한)및 공사대금 지급 등의 일련의 행위가 이루어졌다.",
            "그러므로 그 기망행위와 처분행위 사이에 인과관계가 인정된다고 볼 것이다.",
            "즉, 피고인이 공소외 5 및 공소외 1 등의 전산조작자와의 공모로 피해자를 기망하여 피고인을 비롯한 특정 입찰자와 피해자 사이에 공사계약 체결이 이루어지고 그 계약에 기하여 특정 입찰자가 피해자로부터 공사대금을 교부받음으로써 피고인에게 사기죄가 성립하는 것이다.",
            "피해자가 피고인과 공소외 5 및 공소외 1 등의 이 사건 사기 범행으로 오히려 자신들의 예산 범위 내에서 가장 낮은 금액으로 공사계약을 체결하게 되어 현실적으로 손해를 입지 않았다거나, 피고인 등의 공사업자들이 실제로 공사계약에 따라 공사를 완공하였다는 등의 사정은 사기죄의 성립에 아무런 영향이 없다.",
            "또한 공사계약에 따라 공사를 하였다고 하여 이득액의 산정에 있어서 그 공사비 등을 공제해야 하는 것도 아니다."
        ]
    },
    "close": {
        "cnclsns": [
            "피고인을 징역 3년에 처한다.",
            "이 사건 공소사실 중 각 배임증재의 점은 각 무죄이다.",
            "위 무죄 부분에 대한 판결의 요지를 공시한다."
        ]
    }
}