{
    "info": {
        "caseField": "2",
        "detailField": "6",
        "trailField": "1",
        "caseNm": "폭력행위등처벌에관한법률위반(집단흉기등상해),폭력행위등처벌에관한법률위반(집단흉기등감금),주거침입",
        "courtNm": "울산지방법원",
        "judmnAdjuDe": "2013. 08. 08.",
        "caseNo": "2013고단2488",
        "relateLaword": [
            "폭력행위 등 처벌에 관한 법률 제3조",
            "폭력행위 등 처벌에 관한 법률 제2조",
            "형법 제257조",
            "형법 제276조",
            "형법 제319조",
            "형법 제37조",
            "형법 제38조",
            "형법 제50조",
            "형법 제53조",
            "형법 제55조",
            "형법 제62조",
            "형법 제62조의2"
        ],
        "qotatPrcdnt": []
    },
    "concerned": {
        "acusr": "4",
        "dedat": "1"
    },
    "org": {
        "orgJdgmnCourtNm": "",
        "orgJdgmnAdjuDe": "",
        "orgJdgmnCaseNo": ""
    },
    "disposal": {
        "disposalform": "8",
        "disposalcontent": [
            "피고인을 징역 2년에 처한다.",
            "다만, 이 판결 확정일로부터 3년간 위 형의 집행을 유예한다.",
            "피고인에게 180시간의 사회봉사를 명한다."
        ]
    },
    "mentionedItems": {
        "rqestObjet": [
            "피고인을 징역 2년에 처한다.",
            "다만, 이 판결 확정일로부터 3년간 위 형의 집행을 유예한다.",
            "피고인에게 180시간의 사회봉사를 명한다."
        ]
    },
    "assrs": {
        "acusrAssrs": [],
        "dedatAssrs": []
    },
    "facts": {
        "bsisFacts": [
            "피고인은 2013. 7. 2. 02:50경 이전에 피고인과 동거하던 피해자B (여,29세)의 집인 0000에 이르러, 재결합 등을 요구하기 위하여 그 곳 건물 외벽에 설치된 가스배관을 타고 올라가 시정되지 않은 위 301호의 창문을 열고 그 곳 거실에 들어감으로써, 피해자의 주거에 침입하였다.",
            "잠을 자던 위 피해자가 놀라 함께 옆에서 잠을 자던 위 피해자의 전 남편인 피해자C(35세)을 \"자기야\" 라고부르면서 깨우려 하자, 술에 취한 상태에서 피해자B가 전 남편을 부르는 소리에 화가 나, 그 곳 주방으로 달려가 그 곳에 있던 위험한 물건인 부엌칼을 오른손에 들고 피해자B의 얼굴을 향해 1회 휘둘러 그녀의 왼쪽 귀 부분을 베고, 잠에서 깨어 일어나려던 피해자C의 왼쪽 어깨를 향해 1회 휘둘러 그의 어깨 부분을 베었다.",
            "칼의 칼날 등 부분으로 피해자 C의 머리 위쪽 부분을 수회 내려치고, 칼의 손잡이 부분으로 그의 얼굴 부분을 수회 내려치고, 이어 이를 저지하려는 피해자B의 얼굴을 주먹으로 1회 때리고, 칼의 손잡이 부분으로 그녀의 얼굴을 1회 내려치고, 손바닥으로 그녀의 뺨을 수회 때리는 행위를 하여 피해자B에게 치료기간을 알 수 없는 이부 자상 등의 상해를, 피해자C에게 치료기간을 알 수 없는 견갑대 부분의 열린 상처 등의 상해를 가하였다.",
            "피고인은 위 일시, 장소에서 위와 같이 위 피해자들에게 상해를 가한 후 피해자들의 휴대전화기를 내놓으라고 하여 경찰에 신고하지 못하도록 한 다음, 같은 날 07:10경까지 위험한 물건인 위 칼을 집어 들고 피해자들을 위협하여 피해자들로 하여금 약 4시간 20분간 위 거실을 나가지 못하게 함으로써 피해자들을 감금하였다."
        ]
    },
    "dcss": {
        "courtDcss": [
            "각 범죄사실 중 양형기준이 설정된 범죄인 각 폭력행위 등 처벌에 관한 법률위반(흉기휴대상해)죄는 양형기준상 상습상해, 누범상해, 특수상해 제1유형에 해당하는 범죄로서, 감경요소로 경미한상해에 해당한다는 점이 있으므로, 감경영역을 선택하되 다수 범죄처리기준에 따라 형량범위를 조정하고, 나머지 범죄들에 대한 처벌을 반영하여 형을 정한다.",
            "형의 집행을 유예하는 이유는 앞서 본 바와 같다(각 폭력행위 등 처벌에 관한 법률 위반(흉기휴대상해)죄에 대한 양형기준상 집행유예 주요부정사유로 흉기 기타 위험한 물건을 휴대하여 범행한 경우에 해당한다는 점이 있고, 주요긍정사유로 경미한상해 및 처벌불원 이 있으므로, 실형 집행유예를 선택할 수 있는 경우에 해당함)."
        ]
    },
    "close": {
        "cnclsns": [
            "피고인을 징역 2년에 처한다.",
            "다만 , 이 판결 확정일로부터 3년간 위 형의 집행을 유예한다.",
            "피고인에게 180시간의 사회봉사를 명한다."
        ]
    }
}