{
    "info": {
        "caseField": "2",
        "detailField": "6",
        "trailField": "1",
        "caseNm": "특정범죄가중처벌등에관한법률위반(절도)",
        "courtNm": "제주지방법원",
        "judmnAdjuDe": "2011. 11. 28.",
        "caseNo": "2011고합84",
        "relateLaword": [
            "특정범죄 가중처벌 등에 관한 법률 제5조",
            "형법 제329조",
            "형법 제342조",
            "형법 제35조",
            "형법 제42조",
            "형법 제53조",
            "형법 제55조",
            "형법 제48조"
        ],
        "qotatPrcdnt": []
    },
    "concerned": {
        "acusr": "4",
        "dedat": "1"
    },
    "org": {
        "orgJdgmnCourtNm": "",
        "orgJdgmnAdjuDe": "",
        "orgJdgmnCaseNo": ""
    },
    "disposal": {
        "disposalform": "6",
        "disposalcontent": [
            "피고인을 징역 3년에 처한다.",
            "압수된 커터칼 1개(증 제6호 )를 몰수한다."
        ]
    },
    "mentionedItems": {
        "rqestObjet": [
            "피고인을 징역 3년에 처한다."
        ]
    },
    "assrs": {
        "acusrAssrs": [],
        "dedatAssrs": []
    },
    "facts": {
        "bsisFacts": [
            "피고인은 1998. 10. 13. 제주지방법원에서 특정범죄가중처벌등에관한법률위반(절도)죄 등으로 징역 1년 6월을 선고받았고, 2009.1. 13. 대구지방법원에서 특정범죄가중처 벌등에관한법률위반(절도)죄로 징역 1년 6월을 선고받은 외에 동종범죄전력이 6회 더 있으며, 2009. 8. 28. 대구지방법원에서 사기죄로 징역 3월을 선고받아 2010. 5. 18. 그 형의 집행을 종료하였다.",
            "피고인은 2011. 9. 9. 17:00경 0000에 있는 000 제주점에서 피해자 직원들의 감시가 소홀한 틈을 이용하여 그 곳 진열대에 놓인 피해자 소유인 시가 합계 26,000원 상당의 장갑 2켤레, 시가 합계 31,600원 상당의 남성용 팬티 4벌에 각각 부착되어 있는 도난방지 텍과 바코드를 미리 준비한 커터칼을 이용하여 제거하였다.",
            "시가 합계10,000원 상당의 남성용 양말 2켤레, 시가 합계 22,800원 상당의 남성용 러닝 셔츠 2벌에 각각 부착되어 있는 도난방지 텍과 바코드를 미리 준비한 커터칼을 이용하여 제거하였다.",
            "그 후 피고인은 피해자 소유인 시가 합계 90,400원 상당의 위 물건들을 물품운반용 카트 밑에 숨기고 그 위에 종이박스를 덮어 숨긴 채 계산하지 않고 가지고 나오는 방법으로 절취하였다.",
            "피고인은 2011. 9. 11. 16:00경 위 000 제주점에서 피해자 직원들의 감시가 소홀한 틈을 이용하여 그곳 진열대에 놓인 피해자 소유인 시가 9,800원 상당의 우유 5개를 계산없이 마신 후 빈통을 진열대에 숨기는 방법으로 절취하였다.",
            "계속하여 피고인은 진열대에 진열되어 있던 피해자 소유인 시가 1,200원 상당의 포도 1송이, 시가 17,920원 상당의 족발 1팩, 시가 13,900원 상당의 오징어 1팩, 시가 79,000원 상당의 갈색 남성용 구두 1개에 각각 부착되어 있던 바코드와 도난방지 텍을 미리 준비한 커터칼을 이용하여 제거한 후 위 물건들을 가지고 있던 종이 가방에 넣었다.",
            "시가 59,000원 상당의 남성용 지갑세트 1개, 시가 합계 79,000원 상당의 검정색 남성용 구두 1개, 시가 35,000원 상당의 여성용 악세사리 팔찌 1개는 각각 부착되어 있는 도난방지 텍을 미리 준비한 커터칼을 이용하여 제거한 후 위 구두는 피고인이 신고, 나머지 물건은 피고인의 주머니 등에 소지하였다.",
            "그 후 피고인은 피해자 소유인 시가 합계 294,820원 상당의 위 물건들을 계산하지 않고 가지고 나오는 방법으로 절취하였다.",
            "피고인은 제2항 기재 일시, 장소에서 피해자 직원들의 감시가 소홀한 틈을 이용하여 그곳 진열대에 진열되어 있던 피해자 소유인 시가를 잘 모르는 여행용 트렁크 가방 1 개, 시가 99,000원 상당의 토트백 1개, 시가 25,600원 상당의 배 2팩에 각각 부착되어 있던 바코드와 도난방지 텍을 미리 준비한 커터칼을 이용하여 제거한 후 이를 위 여행용 트렁크 가방과 토트백에 나누어 담았다.",
            "시가 42,800원 상당의 사과 1박스, 시가 15,800원 상당의 복숭아 1박스, 시가 12,800원 상당의 포도 1 박스, 시가 52,000원 상당의 전통주 1세트에 각각 부착되어 있던 바코드와 도난방지 텍을 미리 준비한 커터칼을 이용하여 제거한 후 이를 위 여행용 트렁크 가방과 토트백에 나누어 담았다.",
            "그 후 피고인은 위 피해자 소유의 물건들을 계산하지 않고 가지고 나오려고 하였으나 피해자 직원의 신고를 받고 출동한 경찰관에게 체포되는 바람에 그 뜻을 이루지 못하고 미수에 그쳤다."
        ]
    },
    "dcss": {
        "courtDcss": [
            "피고인이 판시와 같이 동종 범죄로 수차례 실형을 선고받고 복역하였음에도 불구하고 출소 후 누범 기간 중에 다시 동종의 범행을 저지른 점을 고려하면 피고인을 엄벌에 처함이 마땅하다.",
            "다만, 피고인이 이 사건 범행을 모두 인정하고 잘못을 깊이 반성하고 있는 점, 이 사건 범행의 피해가 비교적 경미한 점, 그 밖에 피고인의 연령, 성행, 지능과 환경, 가족 관계, 범행 후의 정황 등 이 사건 변론에 나타난 모든 양형조건들을 참작하여 작량감 경한 형기의 범위 내에서 주문과 같이 판결한다."
        ]
    },
    "close": {
        "cnclsns": [
            "피고인을 징역 3년에 처한다.",
            "압수된 커터칼 1개(증 제6호)를 몰수한다."
        ]
    }
}