{
    "info": {
        "caseField": "2",
        "detailField": "6",
        "trailField": "1",
        "caseNm": "폭행,상해,재물손괴,공연음란,업무방해,특수재물손괴 ",
        "courtNm": "대구지방법원 서부지원",
        "judmnAdjuDe": "2018. 12. 13.",
        "caseNo": "2018고단2091,2287(병합),2596(병합)",
        "relateLaword": [
            "성폭력범죄의 처벌 등에 관한 특례법 제16조",
            "형법 제10조 ",
            "형법 제55조",
            "형법 제37조 전단 ",
            "형법 제38조 ",
            "형법 제50조",
            "형법 제70조 ",
            "형법 제69조",
            "아동,청소년의 성보호에 관한 법률 제56조"
        ],
        "qotatPrcdnt": []
    },
    "concerned": {
        "acusr": "4",
        "dedat": "1"
    },
    "org": {
        "orgJdgmnCourtNm": "",
        "orgJdgmnAdjuDe": "",
        "orgJdgmnCaseNo": ""
    },
    "disposal": {
        "disposalform": "9",
        "disposalcontent": [
            "피고인을 벌금 1,000만 원에 처한다. ",
            "피고인이 위 벌금을 납입하지 않는 경우 10만 원을 1일로 환산한 기간 피고인을 노역장에 유치한다.",
            "피고인에 대하여 40시간의 성폭력치료프로그램 이수를 명한다",
            "위 벌금에 상당한 금액의 가납을 명한다."
        ]
    },
    "mentionedItems": {
        "rqestObjet": [
            "피고인은 피해자들에게 공연히 음란한 행위와 폭력을 행사하고 재물을 손괴하였으며 근무자들의 진료업무 등을 위력으로써 방해하였다. "
        ]
    },
    "assrs": {
        "acusrAssrs": [],
        "dedatAssrs": []
    },
    "facts": {
        "bsisFacts": [
            "피고인은 2018.7.16.02:56경 0000 (주소 1 생략)에 있는 000에서 아무런 이유 없이 입고 있던 옷을 벗고 위 병원에서 근무하는 간호사 피해자 공소외 00(여, 48세)에게 성기를 내보이며 손에 들고 있던 압정으로 피해자 공소외 00의 눈을 찌르려고 하면서 주먹을 휘두르고, 발로 피해자 공소외 00의 몸을 걷어 차 폭행하였다.",
            "다시 위 0000로 뛰어 들어가 요양보호사인 피해자 공소외 00(여, 66세)에게 성기를 내보이며 발로 피해자 공소외 00의 가슴과 옆구리, 팔 등을 수회 걷어 차 피해자 공소외 00에게 약 14일간의 치료를 요하는 흉곽전벽의 타박상 등의 상해를 가하였다.",
            "위 병원에 근무하는 간호사 등이 피해자를 제지하자 화가 나 위 병원 소유인 시가 25,000원 상당의 소화기를 분사하고 집어 던져 손괴하는 등 같은 날 03:20경까지 위 병원 근무자들의 진료업무 등을 위력으로써 방해하였다.",
            "이로써 피고인은 피해자 공소외 00을 폭행하고, 피해자 공소외 00를 때려 상해를 가하고, 피해자 000 소유의 재물을 손괴하고, 공연히 음란한 행위를 하고, 위 병원 간호사 및 요양보호사인 피해자 공소외 00, 공소외 00 등의 업무를 각 방해하였다.",
            "피고인은 2018.7.14.15:45경 0000 (주소 2 생략)에 있는 피해자 공소외 00(법명 생략)가 수행중인 ○○사에서 스님을 만나게 해달라고 요청하다가 거절당하자 화가 나 일반인의 출입이 금지되어 있는 종각에 들어가 10여 분에 걸쳐 북을 강하게 쳐 그 곳에서 참선과 수양을 하던 피해자의 업무를 방해하였다.",
            "피고인은 2018.7.14.01:50경 0000 (주소 3 생략)‘0’ 식당 앞에서 \"누군가 나를 죽이려 한다\" 라고 말하며 위험한 물건인 알루미늄 밀대 막대로 그곳에 주차된 피해자 공소외 00 소유의 (차량번호 생략)0 승용차의 앞 유리, 운전석 유리와 조수석 백미러 등을 내리쳐 위 승용차를 수리비 4,472,246원이 들도록 손괴하였다.",
            "이로써 피고인은 위험한 물건을 휴대하여 타인의 재물을 손괴하였다."
        ]
    },
    "dcss": {
        "courtDcss": [
            "피고인의 나이, 직업, 이 사건 범행의 내용, 범행의 방법과 결과 및 죄의 경중 등을 종합적으로 고려하여 볼 때 아동·청소년의 성보호에 관한 법률 제56조 제1항 단서에 따라 재범의 위험성이 현저히 낮거나 그밖에 취업을 제한하여서는 아니 되는 특별한 사정이 있다고 판단되므로 피고인에 대하여 취업제한 명령을 선고하지 아니한다."
        ]
    },
    "close": {
        "cnclsns": [
            "피고인을 벌금 1,000만 원에 처한다.",
            "피고인이 위 벌금을 납입하지 않는 경우 10만 원을 1일로 환산한 기간 피고인을 노역장에 유치한다.",
            "피고인에 대하여 40시간의 성폭력치료프로그램 이수를 명한다.",
            "위 벌금에 상당한 금액의 가납을 명한다."
        ]
    }
}