{
    "info": {
        "caseField": "2",
        "detailField": "6",
        "trailField": "1",
        "caseNm": "자살방조, 상해",
        "courtNm": "대전지방법원",
        "judmnAdjuDe": "2013. 12. 05.",
        "caseNo": "2012고합279",
        "relateLaword": [
            "형법 제252조",
            "형법 제62조",
            "형사소송법 제325조"
        ],
        "qotatPrcdnt": [
            "대법원 2010.4.29. 선고 2010도2328 판결",
            "대법원 2005.6.10. 선고 20051373 판결"
        ]
    },
    "concerned": {
        "acusr": "4",
        "dedat": "1"
    },
    "org": {
        "orgJdgmnCourtNm": "",
        "orgJdgmnAdjuDe": "",
        "orgJdgmnCaseNo": ""
    },
    "disposal": {
        "disposalform": "8",
        "disposalcontent": [
            "피고인을 징역 1년에 처한다.",
            "다만, 이 판결 확정일부터 2년간 위 형의 집행을 유예한다.",
            "이 사건 공소사실 중 각 상해의 점은 무죄이다."
        ]
    },
    "mentionedItems": {
        "rqestObjet": [
            "피고인을 징역 1년에 처한다. ",
            "다만, 이 판결 확정일부터 2년간 위 형의 집행을 유예한다. "
        ]
    },
    "assrs": {
        "acusrAssrs": [],
        "dedatAssrs": [
            "피고인은 당시 위 계곡에서 피해자와 함께 소주를 마시며 이혼문제를 얘기하다가 대화가 풀리지 않은 데에 화가 나 스스로 옷을 벗었는데, 이때 같이 옷을 벗는 피해자를 말리지는 않았지만, 술에 취해 먼저 잠드는 바람에 그것이 피해자가 자살하는 것임을 알지 못했고, 피해자에게 함께 죽자고 말한 적도 없으므로, 결국 자살방조의 고의가 없었다."
        ]
    },
    "facts": {
        "bsisFacts": [
            "피고인은 2007년 사업에 실패하여 부동산이 경매로 넘어가는 등 점점 채무가 늘어 가정형편이 어려워졌고, 잦은 음주와 늦은 귀가 및 자녀양육 문제 등으로 처인 피해자 C(44세, 여)와 자주 다투어 왔다. ",
            "피고인은 2012. 1. 9. 08:00경 0000 피고인의 집에서 말다툼을 하던 피해자가 피고인에게 구체적인 이혼절차를 말하며 이혼을 요구하자 화가 나 피해자를 데리고 나왔다. ",
            "피고인은 000 승합차에 피해자를 태우고 가면서 계곡에 가자고 말한 뒤 슈퍼에서 소주 5병을 구입해 0000에 E에 있는 F 부근 계곡까지 갔다. ",
            "피고인은 그곳에서 피해자와 소주를 나눠 마신 뒤 각자 자신의 옷을 전부 벗고 계곡에 나란히 누워 이야기를 하다 술에 취해 함께 잠이 들었다. ",
            "피고인은 2012. 1. 9. 16:50경 잠에서 깨어났으나 피해자는 저체온증 등으로 사망하였다. ",
            "이로써 피고인은 피해자가 자살하는 것을 방조하였다.",
            "피고인에 대한 검찰 피의자신문조서 중 피고인이 피해자에게 너도 옷을 벗어라.라고 말했고, 이에 따라 피해자가 옷을 벗고 계곡물에 발을 담갔다는 취지의 진술을 하였다.",
            "피고인은 2012. 1. 7. 01:00경 판시 피고인의 집에서 피해자 C가 부부관계를 거부하고 다른 방에서 자려고 한다는 이유로 피해자의 양팔과 손을 잡아끌어 피해자에게 치료일수 미상의 타박상을 가했다. ",
            "이를 비롯하여 피고인은 2012. 1. 8. 01:00경, 2012. 1. 9. 01:00경 각 같은 이유로 피해자의 양팔과 손을 잡아끌어 피해자에게 치료일수 미상의 타박상을 가하였다."
        ]
    },
    "dcss": {
        "courtDcss": [
            "피고인은 이 사건 무렵 사업실패로 인해 3억 5,000만원이 넘는 채무 및 체납세금을 부담하게 되었고, 피고인 소유의 유일한 부동산인 상가건물도 경매로 넘어갔으며, 피고인의 처인 피해자도 상당한 채무를 부담하고 있었다. ",
            "피고인과 피해자는 위와 같은 경제적 어려움 등을 이유로 자주 다투다가 2011. 12.경에는 피해자가 피고인에게 이혼을 요구하기에 이르렀다.",
            "피해자는 이 사건 당일 아침 가정법원에 전화하여 이혼할 때 필요한 서류에 관하여 문의하였는데, 이를 들은 피고인은 순간 화가 나 죽고 싶은 마음이 생긴 나머지 피해자를 집 밖으로 데리고 나와 자신의 000 차량에 태웠다.",
            "피고인은 위 차량을 운전해서 0000 K 부근에 있는 슈퍼마켓에 들러 소주 5병을 산 다음, 계속해서 판시 F 계곡 인근으로 가, 그곳에 차를 세우고 피해자와 함께 인적이 거의 없는 위 계곡까지 100m 가량을 걸어서 올라갔다.",
            "피고인은 위 계곡에 도착한 뒤 자살을 결심하고 소주 2병을 마신 다음, 자신의 옷을 전부 벗고 계곡물에 발을 담그면서 피해자에게 옷을 벗으라고 말했고, 이에 피해자도 자신의 주량을 넘어 소주 1병을 마신 뒤 옷을 전부 벗고 계곡물에 발을 담갔다.",
            "이후 피고인과 피해자는 영하의 추운 날씨에서 위와 같이 전라인 상태로 계곡물에 발을 담근 채 서로 얘기를 나누다가(피해자는 피고인에게 \"J아빠 잘못했어.\" 라고 말하기도 하였다)잠이 들었고, 피해자는 같은 날 16:50경 저체온증 등으로 사망하였다.",
            "이 사건 당시 피고인과 피해자의 경제적 사정이나 부부 관계, 피고인과 피해자가 인적이 거의 없는 이 사건 사고 장소까지 가게 된 경위, 피고인과 피해자가 한겨울 영하의 날씨 속에서 옷을 전부 벗은 채 술을 마시고 잠이 들었던 상황 등을 종합하면, 피해자는 경제적 어려움, 가정형편 등을 비관한 나머지 술을 마시고 옷을 벗은 상태로 잠을 잠으로써 저체온증으로 인하여 사망하는 방법으로 자살하였던 것으로 볼 수밖에 없다.",
            "피고인은 피해자가 위와 같이 자살하리라는 사정을 잘 알면서도 피해자의 자살 시도를 말리기는커녕 오히려 피해자가 쉽게 잠들 수 있게 소주를 제공하면서 피해자에게 옷을 벗으라고 하였으며, 자신도 피해자의 곁에서 스스로 옷을 벗고 잠듦으로써 피해자의 위와 같은 자살의 실행을 물질적, 정신적 방법으로 원조하여 이를 용이하게 하였던 것으로 판단된다.",
            "피해자사진의 영상은 피해자가 공소사실과 같은 상해를 입었다는 취지일 뿐, 그것만으로 피고인이 공소사실 기재와 같이 피해자에게 상해를 가했다는 점을 인정하기 부족하며, 달리 이를 인정할 만한 증거도 없다."
        ]
    },
    "close": {
        "cnclsns": [
            "피고인을 징역 1년에 처한다.",
            "다만, 이 판결 확정일부터 2년간 위 형의 집행을 유예한다.",
            "이 사건 공소사실 중 각 상해의 점은 무죄."
        ]
    }
}