{
    "info": {
        "caseField": "2",
        "detailField": "6",
        "trailField": "1",
        "caseNm": "아동,청소년의성보호에관한법률위반(강간)",
        "courtNm": "대구지방법원",
        "judmnAdjuDe": "2021. 08. 27.",
        "caseNo": "2021고합201",
        "relateLaword": [
            "아동,청소년의 성보호에 관한 법률 제7조",
            "형법 제53조",
            "형법 제55조",
            "형법 제62조",
            "아동.청소년의 성보호에 관한 법률 제21조",
            "구 아동, 청소년의 성보호에 관한 법률(2019. 11. 26. 법률 제16622호로 개정되기 전의 것) 제49조",
            "구 아동, 청소년의 성보호에 관한 법률(2019. 11. 26. 법률 제16622호로 개정되기 전의 것) 제50조",
            "구 아동, 청소년의 성보호에 관한 법률(2018. 3. 13. 법률 제15452호로 개정되기 전의 것) 제56조",
            "구 장애인복지법(2020. 12.29. 법률 제17791호로 개정되기 전의 것) 제59조",
            "성폭력범죄의 처벌 등에 관한 특례법 제42조",
            "성폭력범죄의 처벌 등에 관한 특례법 제43조"
        ],
        "qotatPrcdnt": []
    },
    "concerned": {
        "acusr": "4",
        "dedat": "1"
    },
    "org": {
        "orgJdgmnCourtNm": "",
        "orgJdgmnAdjuDe": "",
        "orgJdgmnCaseNo": ""
    },
    "disposal": {
        "disposalform": "6",
        "disposalcontent": [
            "피고인을 징역 3년에 처한다.",
            "다만, 이 판결 확정일부터 5년간 위 형의 집행을 유예한다.",
            "피고인에게 40시간의 성폭력 치료강의 수강 및 160시간의 사회봉사를 각 명한다.",
            "피고인에 대하여 아동,청소년 관련기관 등과 장애인복지시설에 각 5년간 취업제한을 명한다."
        ]
    },
    "mentionedItems": {
        "rqestObjet": [
            "피고인을 징역 3년에 처한다.",
            "다만, 이 판결 확정일부터 5년간 위 형의 집행을 유예한다.",
            "피고인에게 40시간의 성폭력 치료강의 수강 및 160시간의 사회봉사를 각 명한다.",
            "피고인에 대하여 아동,청소년 관련기관 등과 장애인복지시설에 각 5년간 취업제한을 명한다."
        ]
    },
    "assrs": {
        "acusrAssrs": [],
        "dedatAssrs": []
    },
    "facts": {
        "bsisFacts": [
            "피고인은 피해자 B(여, 당시 18세)와 SNS를 통해 연락을 주고받으며 알게 되었고, 피해자가 고등학생으로 미성년자인 사실도 알고 있었으며, 2018.8.8.서로 만나 식당에서 저녁을 먹기로 약속하였다.",
            "피고인은 피해자와 저녁을 먹은 뒤 함께 걸으며 0000에 있는 피고인의 집 앞에 도착하였고, 피해자가 집에 가기 위해 택시를 타러 가자 갑자기 뒤에서 피해자를 껴안으며 \"오늘 집에 가지 말고 나랑 같이 있자\".라고 말했고, 피해자가 \"안 된다.집에 가야된다.\" 라며 피고인을 뿌리쳤음에도 계속하여 \"그러지 말고 같이 있자.\"며 피해자를 밀고, 피해자를 억지로 안아 피고인의 집 현관까지 데리고 갔다.",
            "피고인은 같은 날 22:30경 \"집에 가야된다.아빠 연락 온다.\" 라며 현관 앞에서 신발도 벗지 않은 채 앉아 있는 피해자를 억지로 일으켜 세우며 피해자의 양 어깨를 손으로 잡아 피해자를 방 안으로 밀어 넣고, 이불 위에 피해자를 강제로 눕힌 뒤 피해자 위에 올라 타 피해자의 옷을 벗기려 하였고다.",
            "그리고 피해자가 울면서 \"하지 마라.아빠 전화 온다.하지 마라.\" 며 옷을 벗기려는 피고인의 손을 잡으며 저항하였음에도 강제로 피해자의 손목을 잡고, 피고인의 몸으로 피해자를 눌러 움직이지 못하게 한 뒤 피해자의 하의를 벗기고 강제로 피해자를 1회 간음하였다",
            "이로써 피고인은 아동·청소년인 피해자를 강간하였다."
        ]
    },
    "dcss": {
        "courtDcss": [
            "이 사건 범행은 성인인 피고인이 신체적, 정서적으로 열악한 상태에 있는 고등학생인 피해자(당시 18세)를 강간한 것으로 그 죄질과 범정이 불량하다.",
            "피해자는 이 사건 범행 당시 상당한 정신적 충격을 받았을 것으로 보이고 더욱이 이 사건 범행으로 임신까지 하게 되었는바 쉽게 회복되기 어려운 육체적· 정신적 고통과 상처를 받았을 것으로 보인다.",
            "한편으로, 피고인이 이 사건 범행을 인정하며 반성하는 모습을 보이고 있는 점, 피해자와 합의하여 피해자가 피고인의 처벌을 원하지 않고 있는 점, 피고인은 범죄전력이 없는 초범인 점 등을 유리한 정상으로 참작하고, 그밖에 피고인의 나이, 성행, 환경, 범행의 동기와 경위, 수단과 결과, 범행 후의 정황 등 변론에 나타난 모든 양형조건을 종합하여 주문과 같이 형을 정한다.",
            "피고인은 성폭력 범죄의 처벌 등에 관한 특례법 제42조 제1항의 신상정보 등록대상자가 되므로, 같은 법 제43조에 따라 관계기관의 장에게 신상정보를 제출할 의무가 있다."
        ]
    },
    "close": {
        "cnclsns": [
            "피고인을 징역 3년에 처한다.",
            "다만, 이 판결 확정일부터 5년간 위 형의 집행을 유예한다.",
            "피고인에게 40시간의 성폭력 치료강의 수강 및 160시간의 사회봉사를 각 명한다.",
            "피고인에 대하여 아동·청소년 관련기관 등과 장애인복지시설에 각 5년간 취업제한을 명한다."
        ]
    }
}