{
    "info": {
        "caseField": "2",
        "detailField": "6",
        "trailField": "1",
        "caseNm": "폭력행위등처벌에관한법률위반(공동공갈),절도,특수공무집행방해,공용물건손상,재물손괴,도로교통법위반(무면허운전)",
        "courtNm": "부산지방법원",
        "judmnAdjuDe": "2010. 05. 17.",
        "caseNo": "2009고단6615",
        "relateLaword": [
            "폭력행위 등 처벌에 관한 법률 제2조",
            "형법 제350조",
            "형법 제366조",
            "형법 제144조",
            "형법 제136조",
            "형법 제141조",
            "도로교통법 제152조",
            "도로교통법 제43조",
            "형법 제329조",
            "형법 제40조",
            "형법 제50조",
            "형법 제35조",
            "형법 제42조",
            "형법 제37조",
            "형법 제38조"
        ],
        "qotatPrcdnt": []
    },
    "concerned": {
        "acusr": "4",
        "dedat": "1"
    },
    "org": {
        "orgJdgmnCourtNm": "",
        "orgJdgmnAdjuDe": "",
        "orgJdgmnCaseNo": ""
    },
    "disposal": {
        "disposalform": "6",
        "disposalcontent": [
            "피고인을 징역 2년에 처한다."
        ]
    },
    "mentionedItems": {
        "rqestObjet": [
            "피고인을 징역 2년에 처한다."
        ]
    },
    "assrs": {
        "acusrAssrs": [],
        "dedatAssrs": []
    },
    "facts": {
        "bsisFacts": [
            "피고인은 2008. 11. 21. 수원지방법원에서 폭력행위 등 처벌에 관한 법률 위반(공동공갈)죄 등으로 징역 8월을 선고받고 2009. 7. 12. 서울구치소에서 그 형의 집행을 종료하였다.",
            "피고인은 2009. 12. 1. 새벽 무렵 0000에 있는 0에서 미성년자인 00(16세), 00(여, 17세)와 함께 00이 인터넷 채팅을 통해 불특정의 남자 모텔 방으로 유인하면 피고인과 00가 찾아가 위협하여 금품을 빼앗기로 모의하였다.",
            "00은 2009. 12. 1. 06.00경 인터넷 채팅사이트 ㅁ를 통하여 연결된 피해자 00(22세)에게 13만원을 성관계를 해 준다고 말하여 0000에 있는 모텔 XXX호로 유인한 후 위 피씨방에서 대기하고 있던 피고인과 00에게 휴대폰 문자메세지로 모텔 호실을 가르쳐 주었다.",
            "그리고 피고인은 00와 함께 위 모텔 XXX호로 찾아가 피해자의 멱살을 잡고 흔들며 \"내가 사촌 오빠다. 미성년자와 성관계를 하면 어떻게 되는줄 알고 있냐. 개새끼야. 씹새끼야 \" 라고 소리지르고, 00은 피고인의 옆에서 \"그냥 신고하시죠 개새끼를.\" 이라고 말하는 등 겁을 먹게 하였다.",
            "피고인은 이에 겁먹은 피해자에게 승용차 1대를 렌트해 오게 하고 피해자가 렌트하여 온 (차량번호) 0 승용차 1대를 교부받았다.",
            "이로써 피고인은 00, 00과 공동하여 피해자로부터 시가 1,500만원 상당의 승용차 1대를 갈취하였다.",
            "피고인은 2009. 12. 1. 18:20 경 0000에 있는 국도관리청 앞 도로에서 위 승용차를 운전하던 중 피해자 00의 신고를 받고 출동한 부산동부경찰서 초량지구대 소속 경사 00 (차량번호)112 순찰차로 위 승용차 앞을 가로막자 도망가기 위해 약 1미터 후진하면서 그 뒤에 있던 피해자 00가 운전하던 (차량번호) 0 개인택시를 들이받고, 핸들을 좌로 돌려 앞으로 빠져나가면서 위 순찰차를 들이받아 순찰차에 타고 있던 위 경찰관을 폭행하였다.",
            "피고인은 위 0 개인택시를 앞 범퍼 수리비 333,680원이 들도록 손괴하고, 위험한 물건을 휴대하여 경사 00의 범죄수사에 관한 정당한 공무집행을 방해함과 동시에 공용물건인 위 순찰차를 앞 범퍼 등 수리비 473,443원이 들도록 손괴하였다.",
            "피고인은 위 일시,장소에서 자동차 운전면허 없이 위와 같이 (차량번호) 0 승용차를 운전하였다.",
            "피고인은 2009. 12. 4. 13:30경 0000에 있는 ㅁ빌라 XXX호 피해자 00의 집 안방에서 잠을 자고 일어난 후 피해자가 먼저 나가고 없는 틈을 타 피해자 소유의 시가 160만원 상당의 0 컴퓨터 본체 및 모니터 1대를 중고매매상에게 가지고 가게 하는 방법으로 절취하였다."
        ]
    },
    "dcss": {
        "courtDcss": [
            "피고인을 징역 2년에 처한다."
        ]
    },
    "close": {
        "cnclsns": [
            "피고인을 징역 2년에 처한다."
        ]
    }
}