{
    "info": {
        "caseField": "2",
        "detailField": "6",
        "trailField": "1",
        "caseNm": "강간상해, 강도상해, 상해, 부착명령",
        "courtNm": "의정부지방법원",
        "judmnAdjuDe": "2011. 07. 22.",
        "caseNo": "2010고합324,2011고합22(병합),2011전고5(병합)",
        "relateLaword": [
            "형법 제301조",
            "형법 제297조",
            "형법(2010. 4. 15. 법률제10259호로 개정되기 전의 것) 제42조",
            "형법 제257조",
            "형법 제37조",
            "형법 제38조",
            "형법 제50조",
            "형사소송법 제325조",
            "형법 제58조",
            "특정 범죄자에 대한 위치추적 전자장치 부착 등에 관한 법률 제5조 "
        ],
        "qotatPrcdnt": [
            "대법원 2004. 2. 27. 선고 2003도7033 판결",
            "서울고등법원 2010. 7. 1. 선고 2010노933 판결(확정)"
        ]
    },
    "concerned": {
        "acusr": "4",
        "dedat": "1"
    },
    "org": {
        "orgJdgmnCourtNm": "",
        "orgJdgmnAdjuDe": "",
        "orgJdgmnCaseNo": ""
    },
    "disposal": {
        "disposalform": "6",
        "disposalcontent": [
            "피고인을 징역 5년에 처한다.",
            "이 사건 공소사실 중 강도상해의 점은 무죄로 판결한다.",
            "이 사건 부착명령청구를 기각한다.",
            "피고인에 대한 무죄부분 판결의 요지를 공시한다."
        ]
    },
    "mentionedItems": {
        "rqestObjet": [
            "피해자에게 상해를 가하였다."
        ]
    },
    "assrs": {
        "acusrAssrs": [],
        "dedatAssrs": []
    },
    "facts": {
        "bsisFacts": [
            "피고인은 2010. 3. 20. 06:40경 0000 (이하 생략) 피해자 공소외 00(여, 44세)의 현관문 앞에서 초인종을 누른 다음, 현관문을 열고 나온 피해자를 발견하고 아무런 이유 없이 양손으로 피해자의목을 조른 다음, 오른팔로 피해자의 목을 강하게 조이면서 이빨로 피해자의 뒷목을 물어 피해자에게 약2주간의 치료를 요하는 경부교상 등을 가하였다.",
            "피고인은 2010. 10. 12. 23:10경 0000에 있는 ○○교회 앞 노상에서 피해자 공소외 00(여,22세)이 버스에서 내려 혼자서 집으로 걸어가는 것을 보고 순간 욕정이 생겨 피해자를 강간하기로 마음먹었다.",
            "피고인은 피해자의 뒤를 따라가다가 어둡고 인적이 없는 곳에 이르자 한 손으로 피해자의 목을 잡고 다른 한 손으로는 피해자의 머리채를 잡고 그곳에서 20-30m 정도 떨어진 논으로 끌고 가 주먹으로 피해자의 얼굴 부위 등을 수회 때려 피해자를 논바닥에 눕히는 등의 방법으로 피해자의 반항을 억압하였다. ",
            "피해자가 소지하고 있던 가방으로 피해자 얼굴을 가리고 피해자의 상의 반팔 티셔츠와 브래지어를 위로 올린 다음 입으로 피해자의 양쪽 가슴을 빨고 피해자의 바지와 팬티를 벗긴 다음 피해자의 음부와 항문에 손가락을 수회 삽입하였다.",
            "피고인은 피해자의 양다리를 강제로 벌려 자신의 성기를 피해자의 음부에 삽입하려 하였으나 발기가 되지 않아 성기가 피해자의 음부에서 빠지자 피해자를 엎드리게 한 후 다시 피해자의 음부에 피고인의 성기를 삽입하려고 하였으나 피해자가 \"사람살려\"라고 소리치며 도망을 하였다.",
            "피고인은 피해자의 뒤를 쫓아가 피해자를 잡아 바닥에 넘어뜨린 다음 주먹으로 피해자의 얼굴 부위 등을 수회 때리고 한 손으로는 피해자의 머리를 누르고 다른 한 손으로는 피해자의 목을 조르는 등의 방법으로 피해자의 반항을 억압한 후 피해자의 음부에 피고인의 성기를 삽입하여 피해자를 강간하였고 그 과정에서 피해자에게 약 3주간의 치료가 필요한 안면부 타박상 등의 상해를 가하였다."
        ]
    },
    "dcss": {
        "courtDcss": [
            "이 사건 강도상해 범행이 발생하자 경찰은 범행장소 인근의 CCTV 화면을 분석하여 범행 일시와 근접한 시간에 촬영된 사진 속의 우산을 들고 노란색 반팔티에 검은색 반바지 차림에 슬리퍼를 신고 있는남자를 용의자로 지목하였고, 범행현장에서 0 담배를 수거하여 범인의 것으로 추정하였다.",
            "경찰은 2010. 8. 10.경 공소외 00(피해자)에게 000, 000 등을 주소지로 하고 있는 노상강도전과자 98명의 사진을 보여주며 용의자의 얼굴을 특정하도록 하였으나 공소외 00이 '범행 당시 뒤에서 순간적으로 당하여 용의자의 얼굴을 제대로 보지 못하였으며 전혀 기억이 나지 않는다'고 진술함으로써 선면작업 및 몽타주 작성이 불가능하였다.",
            "2010. 10. 12. 판시 제2항 강간상해 범죄가 발생하였고, 경찰은 그 무렵 위 강간상해죄의피의자인 피고인을 참고인으로 불러 조사하였으며, 이후 피고인은 경찰에서 강도상해의 점에 관하여 자백을 하였으나, 검찰에서부터 이 법정에 이르기까지 이 사건 범행을 부인하고 있다.",
            "경찰은 2010. 10. 14.경 자신들이 용의자로 지목한 CCTV 사진 속의 남자가 입고 있는 것과 같은 노란색 티셔츠 등을 찾기 위해 피고인의 집을 수색하였고, 노란색 반팔 티 1장, 반바지 1개, 슬리퍼1켤레(이상 의정부지방검찰청 2010년압제1444호의 압수물)를 압수하였다.",
            "피고인의 전화통화 내역에 의하면 피고인이 이 사건 발생 무렵에 범행 장소 근방에서 통화한 사실이 피고인이 평소 이 사건 범행현장에서 발견된 것과 같은 0 담배를 피우는 점, 피고인이 구금 중 부모들과 면회할 때 자신이 이 사건 강도상해 범행을 저지른 것이라고 이야기 하였던 점 등을 종합하면, 피고인이 이 사건 범행을 저지른 것이 아닌가 하는 의심이 들기도 한다.",
            "형사재판에서 공소된 범죄사실에 대한 입증책임은 검사에게 있는 것이고, 유죄의 인정은법관으로 하여금 합리적인 의심을 할 여지가 없을 정도로 공소사실이 진실한 것이라는 확신을 가지게하는 증명력을 가진 증거에 의하여야 하므로, 그와 같은 증거가 없다면 설령 피고인에게 유죄의 의심이간다 하더라도 피고인의 이익으로 판단할 수밖에 없다.",
            "이 부분 공소사실에 부합하는 직접적인 증거로는 공소외 00이 피고인을 범인이라고 지목하는 내용의 증인 공소외 00의 이 법정에서의 진술과 공소외 00에 대한 경찰 진술조서(제2회) 및 검찰 진술조서(CD첨부)의 각 진술기재가 유일하므로 우선 이에 관하여 살펴본다.",
            "용의자의 인상착의 등에 의한 범인식별 절차에 있어 용의자 한사람을 단독으로 목격자와 대질시키거나 용의자의 사진 한 장만을 목격자에게 제시하여 범인 여부를 확인하게 하는 것은 사람의 기억력의한계 및 부정확성과 구체적인 상황 하에서 용의자나 그 사진 상의 인물이 범인으로 의심받고 있다는 무의식적 암시를 목격자에게 줄 수 있는 가능성이 있다. ",
            "그러한 방식에 의한 범인식별 절차에서의 목격자의 진술은, 그 용의자가 종전에 피해자와 안면이 있는 사람이라든가 피해자의 진술 외에도 그 용의자를 범인으로 의심할 만한 다른 정황이 존재한다든가 하는 등의 부가적인 사정이 없는 한 그 신빙성이 낮다고 보아야 한다",
            "범인식별 절차에 있어 목격자의 진술의 신빙성을 높게 평가할 수 있게 하려면, 범인의 인상착의 등에 관한 목격자의 진술 내지 묘사를 사전에 상세히 기록화한 다음, 용의자를 포함하여 그와 인상착의가 비슷한 여러 사람을 동시에 목격자와 대면시켜 범인을 지목하도록 하여야 한다.",
            "용의자와 목격자 및 비교대상자들이 상호 사전에 접촉하지 못하도록 하여야 하며, 사후에 증거가치를 평가할 수 있도록 대질 과정과 결과를 문자와 사진 등으로 서면화하는 등의 조치를취하여야 할 것이고, 사진제시에 의한 범인식별 절차에 있어서도 기본적으로 이러한 원칙에 따라야 한다(대법원 2004. 2. 27. 선고 2003도7033 판결 등 참조).",
            "공소외 00은 이 사건 발생당일인 2010. 7. 17. 경찰에서 범인의 인상착의에 관하여 \"나이는 3,40대 정도이고 머리는 조금 긴 머리이고, 상의는 노란색 반팔 티를 입었으며, 바지는 반바지를 입었고, 신발은 슬리퍼를 신었는데, 키는 큰편이고 보통체격이다.\"라고 진술하였다.",
            "판시 제2항 강간상해죄의 피해자인 공소외 00이 범행 직후 피고인의 인상에 들어맞게 진술한 내용(키는 174 내지 175㎝ 가량, 보통체격, 얼굴은 희고, 머리는 군인처럼 짧고, 눈에 쌍커풀은 없었으며, 20대 중후반 정도)과도 많이 다르고, 경찰의 수사보고에 의하면 '공소외 00이 사건 당시 충격으로 인하여 용의자에 대해 정확하게 기억하지 못한다.'는 것이며, 이로 인하여 공소외 00을 통한 용의자 선면작업 및 몽타주 작성이 불가능하였다.",
            "경찰은 2010. 10. 18. 피고인이 이 사건 범행을 자백한 직후 공소외 00에게 특수유리를 통하여 피고인을 보여주면서 범인이 맞는지 확인하였고, 이때 공소외 00은 \"처음에는 머리를 숙이고 있어 긴가 민가 했는데 얼굴을 들어보니 저의 가방을 빼앗아 간 사람이 확실합니다.\"라고 진술하였다.",
            "공소외 00은 2010. 12. 1. 검찰에서 경찰에서와 비슷한 방법으로 피고인을 본 다음 \"분명히 저에게 나쁜 짓을 한 피의자가 확실합니다.\"라고 진술하였다",
            "공소외 00은 2011. 3. 18. 이 법정에서도 \"범행 당시에는 범인이 노란색 티셔츠에 검정색반바지를 입고 슬리퍼를 신고 있었는데, 검찰에서 본 범인은 범행 당시의 복장과는 달랐지만 범인이 확실하였다.\"고 진술하고 있다.",
            "사정이 이와 같다면 이는 피고인 한 사람만을 제시하여 범인 여부를 확인하게 한 것으로 위 나.의 1)항과 같은 범인식별절차에서 신빙성을 높이기 위하여 준수하여야 할 절차를 제대로 지키지 못한 것이다.",
            "이 사건 범인식별절차 이전의 과정, 공소외 00의 나이(57세) 및 이 사건 발생 초기의 공소외 00의 진술 등에 비추어 볼 때 공소외 00에게 피고인이 범인일 가능성이 있다는 높은 암시를 준 상태에서 범인지목이 이루어졌을 개연성을 배제할 수 없다.",
            "사람의 기억은 시간이 지날수록 흐려지기 마련인데 오히려 공소외 00의 범인에 대한 기억이 어느 시점부터 뚜렷해진다는 것은 쉽게 납득하기 어렵다는 점에서 피고인의 범행을 인정할 다른 증거가 없는 한 공소외 00이 피고인을 범인으로 지목한 진술의 신빙성을 인정하기 어렵고, 공소외 00은 범행 당시 범인의 얼굴을 정확히 보지 못한 것으로 보인다.",
            "피고인에 대한 각 검찰피의자신문조서의 진술기재, 각 수사보고서(피의자 통신내역 확인결과 보고, 사건 당일피의자 현장 부근 존재 확인) 및 각 첨부서류에 의하면, 앞서 본 바와 같이 피고인이 이 사건 발생 무렵 범행 장소 근방에 있었던 사실, 피고인이 범행현장에서 발견된 담배와 같은 종류의 담배를 피우는 사실을 알 수 있다.",
            "경찰이 피고인의 집에서 이 사건 용의자가 착용한 것과 유사한 옷과 신발을 압수한 사실이 인정되나, 피고인의 집 역시 범행 장소 근방으로 피고인의 주장에 의하더라도 피고인이 사건 발생 당시 범행장소 근방에서 친구를 만나 배웅하고 집으로 돌아갔다는 것인 점, 범행 장소에서 발견된 담배가 범인의 것이라고 단정할 수도 없다.",
            "그렇다고 하더라도 범인과 피고인이 태우는 담배가 같다는 것은 우연한 사정에 불과할 가능성을 배제할 수 없고, 압수된 노란 반팔티의 우축 어깨에는 'converse☆'라는 상표가 비교적 크게 존재하는데 CCTV 화면상의 용의자의 상의 우측 부분에는 전혀 위와 같은 상표가 보이지 않아 위 압수물이 CCTV 화면상의 용의자의 것과 동일한 것이라고 단정하기 어렵다.",
            "설령 경찰이 지목한 CCTV 화면 속 용의자가 피고인이라고 하더라도 용의자가 이 사건 범인이라고 단정할 수 없는점 등을 고려하면, 위 증거들만으로는 이 사건 공소사실을 유죄로 인정하기에 부족하고, 그 외 검사가 제출한 나머지 증거들을 모두 종합해 보더라도 피고인에 대한 이 사건 공소사실이 합리적 의심의 여지가 없을 정도로 증명되었다고 볼 수 없다.",
            "특정 범죄자에 대한 위치추적 전자장치 부착 등에 관한 법률 제5조 제1항 제3호 소정의 '2회 이상의 성폭력범죄'에 과거의 전과도 포함된다고 하더라도 과거의 전과는 피고인이 형사소송절차에서 엄격한 증명에 의한 유죄의 확정판결을 받은 경우를 말하는 것이다.",
            "성폭력범죄사건에서 그 범죄사실에 대한 실체적 심리·판단 없이 면소 또는 공소기각의 형식적 재판을 하는 경우(대법원 2009. 10. 29. 선고 2009도7282, 2009전도21 판결 참조)나 일반 형사소송절차와는 달리 법원이 소년에 대한 후견적 입장에서 직권에 의하여 진행하고 검사의 관여가 없다.",
            "소년이 심판의 당사자라기보다는 심리의 객체로 취급되는 소년보호절차에서의 소년보호처분 또는 검사의 기소유예처분을 받은 경우에는 특정 범죄자에 대한 위치추적 전자장치 부착 등에 관한 법률 제5조 제1항 제3호 소정의 성폭력범죄를 범한 때에는 해당되지 않는다[서울고등법원 2010. 7. 1. 선고 2010노933 판결(확정) 등 참조].",
            "피부착명령청구자는 1999. 4. 22. 서울고등법원에서 서울가정법원 소년부로송치되어 그 무렵 소년보호처분을 받은 전력이 있고, 이 사건에서 1회의 성폭력범죄를 범한 사실을 인정할 수 있다.",
            "이 소년보호절차에서의 소년보호처분은 형사소송절차에 따라 엄격한증명에 의하여 유죄의 확정판결을 받은 경우에 해당하지 않기 때문에 소년보호처분의 원인이 된 성폭력범죄의 비행사실은 특정 범죄자에 대한 위치추적 전자장치 부착 등에 관한 법률 제5조 제1항 제3호소정의 '성폭력범죄'에는 포함되지 않는다고 할 것이다.",
            "성폭력범죄를 2회 이상 범하였음을 전제로한 이 사건 위치추적 전자장치 부착명령청구는 더 나아가 살필 필요 없이 이유 없어 이를 기각하기로 한다."
        ]
    },
    "close": {
        "cnclsns": [
            "피고인을 징역 5년에 처한다.",
            "이 사건 공소사실 중 강도상해의 점은 무죄이다.",
            "이 사건 부착명령청구를 기각한다.",
            "피고인에 대한 무죄부분 판결의 요지를 공시한다."
        ]
    }
}