{
    "info": {
        "caseField": "2",
        "detailField": "6",
        "trailField": "1",
        "caseNm": "성매매알선등행위의처벌에관한법률위반(성매매알선등)",
        "courtNm": "서울중앙지방법원",
        "judmnAdjuDe": "2015. 12. 30.",
        "caseNo": "2015고단6484",
        "relateLaword": [
            "성매매알선 등 행위의 처벌에 관한 법률 제19조",
            "성매매알선 등 행위의 처벌에 관한 법률 제24조",
            "형법 제35조",
            "형법 제37조",
            "형법 제70조",
            "형법 제48조",
            "형사소송법 제334조",
            "형법 제30조",
            "형법 제38조",
            "형법 제50조",
            "형법 제69조"
        ],
        "qotatPrcdnt": []
    },
    "concerned": {
        "acusr": "4",
        "dedat": "1"
    },
    "org": {
        "orgJdgmnCourtNm": "",
        "orgJdgmnAdjuDe": "",
        "orgJdgmnCaseNo": ""
    },
    "disposal": {
        "disposalform": "9",
        "disposalcontent": [
            "피고인 A를 징역 10월 및 벌금 7,000,000원에 처한다.",
            "피고인 B를 징역 6월 및 벌금 4,000,000원에 처한다.",
            "피고인들이 위 각 벌금을 납입하지 아니하는 경우 100,000원을 1일로 환산한 기간 위 피고인들을 노역장에 유치한다.",
            "압수된 증제4호증 내지 증제7호증, 증제9호증을 피고인 A으로부터, 압수된 증제1호증 내지 증제3호증을 피고인 B으로부터 각 몰수한다.",
            "피고인들에 대하여 위 벌금 상당액의 가납을 명한다."
        ]
    },
    "mentionedItems": {
        "rqestObjet": [
            "피고인 A를 징역 10월 및 벌금 7,000,000원에 처한다.",
            "피고인 B를 징역 6월 및 벌금 4,000,000원에 처한다.",
            "피고인들이 위 각 벌금을 납입하지 아니하는 경우 100,000원을 1일로 환산한 기간 위 피고인들을 노역장에 유치한다.",
            "압수된 증제4호증 내지 증제7호증, 증제9호증을 피고인 A으로부터, 압수된 증제1호증 내지 증제3호증을 피고인 B으로부터 각 몰수한다.",
            "피고인들에 대하여 위 벌금 상당액의 가납을 명한다."
        ]
    },
    "assrs": {
        "acusrAssrs": [],
        "dedatAssrs": [
            "피고인 A은 위 1의 가.항 기재 범죄행위에 가담하지 아니하였다고 주장한다.",
            "피고인 B은 2015.9.10.경 이전에는 성매매알선 영업에 관여한 바가 없다고 주장한다."
        ]
    },
    "facts": {
        "bsisFacts": [
            "피고인 A은 2012.4.6.의정부지방법원에서 아동·청소년의 성보호에 관한 법률 위반(강간등)죄 등으로 징역 3년을 선고받고 2012.7.7.그 판결이 확정되어 2014.11.27.의정부교도소에서 그 형의 집행을 마쳤다.",
            "피고인 B은 2010.4.2.서울고등법원에서 강간죄 등으로 징역 3년을 선고받고 2010.4.10.그 판결이 확정되어 2012.9.5.안동교도소에서 그 형의 집행을 마쳤다.",
            "피고인 A은 형 G과 공모하여 2015.7.중순경부터 2015.10.초순경까지 0000에 있는 F 업소에서 G은 외부를 확인할 수 있는 CCTV, 침대가 설치된 룸과 샤워실, 콘돔, 마사지젤 등을 갖추고 I 등 태국 국적의 성매매를 할 여종업원과 J, K 등 남자종업원을 고용하였다.",
            "피고인 A은 위 업소에서 장부 정리, 비용 정산, 종업원 관리 등을 담당하면서 남자 손님들로부터 1인당 10만 원에서 18만 원의 대금을 받고 위 마사지 업소에서 여종업원과 성교를 하게 하거나 손님들이 요구하는 곳으로 여종업원을 보내어 성교를 한 후 대금을 지급 받아 오게 하였다.",
            "이로써 피고인 A은 G과 공모하여 영업으로 성매매를 알선하였다.",
            "2015.7.중순경 G, M, N은 오피스텔 임차비용, 러시아 등 외국 국적의 성매매 여종업원의 항공권 비용 등 영업비용을 분담하기로 하고 0000, 0000, 0000, 0000를 임차하였다.",
            "G은 여종업원 고용 및 전반적인 업소 관리 및 인터넷 성매매광고 사이트 광고글 게시 등을 담당하고, M과 N은 여종업원 관리 등을 담당하고, 피고인은 전항의 F 업소에서 손님들의 예약전화를 받아 데이터베이스 검색 등의 방법으로 단속 경찰관이 아닌지 확인한 다음 여종업원이 대기하고 있는 오피스텔로 남자 손님을 안내하였다.",
            "B은 2015.8.15.경부터 성매매대금 수령 및 손님 안내, 예약전화 응대 등을 담당하기로 역할을 분담하여 남자 손님들로부터 1인당 14만원 내지 38만원을 성매매 대금으로 교부받은 다음 여종업원이 대기하고 있는 호실로 안내하여 성교하도록 하였다.",
            "이로써 피고인 A은 2015.7.중순경부터 2015.9.초순경까지 G, M, N, B과 공모하여 영업으로 성매매를 알선하였다.",
            "피고인 B은 남자 손님들로부터 1인당 14만원 내지 38만원을 성매매 대금으로 교부받은 다음 여종업원이 대기하고 있는 호실로 안내하여 성교하도록 하였다.",
            "이로써 피고인 B은 2015.8.31.경부터 2015.9.10경까지 G, M, A과 공모하여, 9.10.경부터 10.8.경까지는 N과 공모하여 영업으로 성매매를 알선하였다."
        ]
    },
    "dcss": {
        "courtDcss": [
            "피고인 A이 태국 국적의 성매매 여성을 고용하여 마사지업소에서 손님들로 하여금 여종업원과 성교를 하게 하거나 손님들이 요구하는 곳으로 여종업원을 보내어 성교를 한 후 대금을 지급 받아 오게 하는 방식으로 성매매 알선 영업을 한 사실을 인정할 수 있으므로, 위 피고인의 주장을 이를 받아들이지 아니한다.",
            "피고인 B은 L 이라는 상호의 성매매업소에서 성매매대금 수령 및 손님 안내등을 담당하면서 성매매 알선 영업에 관여한 사실을 인정할 수 있다.",
            "피고인들은 각 누범 기간 중 이 사건 범행을 저질러 실형 선고가 불가피하다.",
            "피고인들은 주로 외국 여성들을 데려와 성매매를 알선하여 사회적 비난가능성이 높다.",
            "피고인들은 주로 손님들의 예약 전화번호 중 단속 경찰관이 있는지를 확인하과, 손님들로부터 돈을 받고 여종업원이 있는 오피스텔로 안내하는 역할을 담당했다.",
            "피고인들은 모두 자신의 잘못을 반성하고 뉘우친다.",
            "피고인들의 각 나이, 직업, 성행, 가족 관계, 영업 규모 및 기간, 범행 관여 정도, 범행 전후의 정황 등 기록 및 변론에서 나타난 모든 양형 요소를 참작하여 형은 정한다."
        ]
    },
    "close": {
        "cnclsns": [
            "피고인 A을 징역 10월 및 벌금 7,000,000원에 처한다.",
            "피고인 B을 징역 6월 및 벌금 4,000,000원에 처한다.",
            "피고인들이 위 각 벌금을 납입하지 아니하는 경우 100,000원을 1일로 환산한 기간 위 피고인들을 노역장에 유치한다.",
            "압수된 증제4호증 내지 증제7호증, 증제9호증을 피고인 A,으로부터, 압수된 증제1호증 내지 증제3호증을 피고인 B으로부터 각 몰수한다.",
            "피고인들에 대하여 위 벌금 상당액의 가납을 명한다."
        ]
    }
}