{
    "info": {
        "caseField": "2",
        "detailField": "6",
        "trailField": "1",
        "caseNm": "특수강도,특수강도미수,여신전문금융,업법위반",
        "courtNm": "수원지방법원",
        "judmnAdjuDe": "2011. 10. 12.",
        "caseNo": "2011고합345",
        "relateLaword": [
            "형법 제334조",
            "형법 제333조",
            "형법 제8조",
            "형법 제1조",
            "구 형법 제42조",
            "형법 제342조",
            "여신전문금융업법 제70조",
            "형법 제30조",
            "형법 제35조",
            "형법 제42조",
            "형법 제37조",
            "형법 제39조",
            "형법 제55조",
            "형법 제38조",
            "형법 제50조"
        ],
        "qotatPrcdnt": []
    },
    "concerned": {
        "acusr": "4",
        "dedat": "1"
    },
    "org": {
        "orgJdgmnCourtNm": "",
        "orgJdgmnAdjuDe": "",
        "orgJdgmnCaseNo": ""
    },
    "disposal": {
        "disposalform": "6",
        "disposalcontent": [
            "피고인 00를 징역 5년에, 피고인 00를 징역 3년에 각 처한다.\n"
        ]
    },
    "mentionedItems": {
        "rqestObjet": [
            "피고인 00를 징역 5년에, 피고인 00를 징역 3년에 각 처한다.\n"
        ]
    },
    "assrs": {
        "acusrAssrs": [
            "불특정 여성 피해자들을 위험한 물건 등으로 협박하여 재물을 강취하거나 강취한 통장 등을 이용하여 돈을 인출하는 등 그 죄질이 불량하고 범정이 중하다."
        ],
        "dedatAssrs": []
    },
    "facts": {
        "bsisFacts": [
            "피고인 00는 2004.11.16. 수원지방법원 성남지원에서 특정범죄 가중처벌 등에 관한 법률 위반 (절도)죄 등으로 징역 1년 6월을 선고 받아 2006.4.3. 그 형의 집행을 종료하였고, 2008.8.28. 전주지방법원에서 특수강도죄 등으로 징역 10년을 선고받아 2008.11.7. 그 판결이 확정되었다.",
            "① 2007.12.10. 자 범행 피고인 00 는 2006.4.3. 경 범죄를 저질러 도피하고 있는 동안 생활비가 부족하자 피고인 00에게 부녀자를 상대로 금품을 강취하자는 제안을 하고 피고인 00는 이를 승낙하는 방법으로 서로 공모하였다.",
            "피고인들은 2007.12.10. 10:20경 0000 지하주차장에서, (차량번호) 0 승용차 운전석에 타려는 피해자 00 (여,46세)를 발견하고, 피고인 00는 그 승용차 뒷좌석에 승차한 후 위험한 물건인 잭나이프를 피해자에게 겨누고 \"소리 지르지 마라\"고 말하고, 피고인 00 는 운전석으로 타면서 피해자를 뒷좌석으로 밀어 넣었다.",
            "그리고 피고인 00는 피해자를 잡아당겨 피해자의 눈, 입, 손과 다리에 청테이프를 감아 움직이게 못하게 하고 뒷좌석에 아래쪽으로 눕히게 한 다음 승용차를 운전하여 지하주차장 밖으로 나갔다.",
            "피고인 00는 피해자에게 '휴대폰을 내놓아라, 신용카드, 통장을 내놓아라'고 협박하고, 이에 피해자로부터 휴대폰 1대, 농업협동조합 비씨카드, 000 비씨카드 각 1장을 교부받고 '통장은 거실에 있는 서랍장 안에 있다'는 말을 듣고 피해자의 주거지인 아파트에 들어가 피해자 소유의 000 통장 (계좌번호)을 가지고 승용차에 돌아온 다음 피해자에게 다시 '통장 비밀번호를 말하라'고 협박하여 피해자로부터 그 비밀번호를 알아내었다.",
            "그리고 피고인 설는 그 동안 피해자가 도망가지 못하도록 승용차 안에서 피해자를 감시하고 있었다. 피고인 00는 그 날 11:34경 0000에 있는 구미 농업협동조합 원평지점에 설치된 현금지급기에서 통장을 넣고 그 비밀번호를 입력하는 방법으로 현금 338만 원을 인출하였다. 이로써 피고인들은 합동하여 피해자를 폭행, 협박하여 피해자가 반항하지 못하게 한 다음 피해자로부터 재물을 강취하였다.",
            "② 2007. 12. 13. 자 범행 피고인들은 2007. 12. 13. 09:10경 전주시 지하1층 주차장에서, (차량번호) 0 차량에 승차하려는 피해자 00 (여, 37세)을 발견하고, 피고인 00는 그 승용차 뒷좌석에 승차한 후 손으로 입을 막고 \"조용히 해\" 라고 말하고 목을 조이고, 손으로 피해자의 뒤통수를 눌러 바닥을 보게 한 다음 뒷좌석으로 잡아당겼다 ",
            "그리고, 테이프와 노끈을 이용하여 피해자를 움직이지 못하게 묶은 후 '가만히 있어, 죽이지 않을 테니까 돈만 가져갈게'라고 말하고, 피고인 00는 그 차량을 운전하고 지상주차장을 거쳐 다시 지하주차장 한적한 곳에 차량을 세웠다. ",
            "③ 2007. 12. 20. 자 범행 피고인들은 2007. 12. 20. 09:40경 0000 지하주차장에서, (차량번호) 0 차량에 승차하려는 피해자 00 (여, 42세)을 발견하고, 피고인 00는 그 승용차 뒷좌석에 승차한 후 위험한 물건인 칼을 피해자에게 겨누고 '소리 지르면 죽인다, 돈만 주면 해치지 않을 테니 가만히 있어'라고 말하고, 피고인 00 는 조수석으로 타면서 피해자를 뒷좌석으로 밀어 넣었다.",
            "그러고는 피고인 00는 피해자를 잡아당겨 청테이프로 피해자의 손과 발을 감아서 묶는 등 피해자가 반항하지 못하게 한 후 피해자의 지갑을 뒤졌으나 쓸 만한 금품이 없자 피해자로부터 집에 아무도 없는 것을 확인하고 피해자의 집 열쇠를 빼앗았다.",
            "④ 2007. 12. 28. 자 범행 피고인들은 2007. 12. 28. 08:40경 0000 지하주차장에서, (차량번호) 0 차량에 승차하려는 피해자 00 (여, 30세)를 발견하고, 피고인 00 는 피해자의 등 뒤에서 손으로 입을 막고 등을 밀어 그 차량 운전석에 밀어 넣은 다음 피해자에게 뒤로 넘어가라고 말하여 피해자로 하여금 뒷좌석 바닥에 웅크리고 앉게 하였다.",
            "그리고 피고인 00 는 그 차량 조수석을 통하여 운전석으로 옮긴 다음 그 차량을 운전하고 갔다."
        ]
    },
    "dcss": {
        "courtDcss": [
            "가. 이 사건 범행은, 피고인들이 합동하여 피해자들로부터 3회에 걸쳐 합계 1, 225만 원 상당의 재물을 강취하였고, 재물을 강취하려고 하였으나 미수에 그쳤으며, 강취한 신용카드를 사용하였다는 것으로, 사전 계획에 따라 피고인들이 아파트 주차장에서 불특정 여성 피해자들을 위험한 물건 등으로 협박하여 재물을 강취하거나 강취한 통장 등을 이용하여 돈을 인출하는 등 그 죄질이 불량하고 범정이 중하다.",
            "나. 피고인 00: 피고인은 동종 범죄로 2회에 걸쳐 실형을 선고받은 전과가 있음에도 이 사건 범행을 재범한 점, 피해자들과 합의되지 아니하여 피해자들이 피고인의 처벌을 원하는 점 등을 종합하면, 피고인을 엄히 처벌할 필요성이 있다. 다만, 피고인이 범행을 자백하면서 반성하는 점, ",
            "이 사건 범행 이전 9년 동안 처벌받은 전력이 없었던 점, 동생인 00의 제의에 응하여 범행을 저지르게 된 점, 피고인의 범행 가담 정도가 비교적 경미한 점, 피해자 00를 위하여 100만 원을 공탁한 점 등을 참작하여 주문과 같이 형을 정한다.",
            "다. 피고인 00: 피고인은 동종 범죄로 실형을 선고받은 전력이 있고, 판시 특정범죄 가중처벌 등에 관한 법률 위반 (절도)죄 등으로 징역형의 실형을 선고받아 그 형의 집행을 종료한 지 약 1년 8개월밖에 지나지 아니하였음에도 반성하지 아니한 채 이 사건 범행을 재범한 점, 피고인이 형인 00에게 이 사건 범행를 제의하여 그 실행행위를 주도한 점, 피해자들과 합의되지 아니하여 피해자들이 피고인의 처벌을 원하는 점 등을 종합하면, 이하 다음과 같다.",
            "즉, 피고인을 엄히 처벌할 필요성이 있다. 다만, 피고인이 범행을 자백하면서 반성하는 점, 피고인은 판시 특수강도죄 등으로 징역 10년을 선고받아 그 판결이 확정되었는데, 위 죄와 같이 재판을 받았을 경우 1개의 형으로 처벌받을 수 있었던 점, 피해자 00를 위하여 100만 원을 공탁한 점 등을 참작하여 주문과 같이 형을 정한다. 이상의 이유로 주문과 같이 판결한다."
        ]
    },
    "close": {
        "cnclsns": [
            "피고인 00 를 징역 5년에, 피고인 00를 징역 3년에 각 처한다."
        ]
    }
}