{
    "info": {
        "caseField": "2",
        "detailField": "6",
        "trailField": "1",
        "caseNm": "횡령",
        "courtNm": "서울동부지방법원",
        "judmnAdjuDe": "2017. 12. 28.",
        "caseNo": "2017고단3144",
        "relateLaword": [
            "형법 제355조"
        ],
        "qotatPrcdnt": [
            "대법원 1995. 11. 24. 선고 95도1923 판결"
        ]
    },
    "concerned": {
        "acusr": "4",
        "dedat": "1"
    },
    "org": {
        "orgJdgmnCourtNm": "",
        "orgJdgmnAdjuDe": "",
        "orgJdgmnCaseNo": ""
    },
    "disposal": {
        "disposalform": "6",
        "disposalcontent": [
            "피고인을 징역 8월에 처한다."
        ]
    },
    "mentionedItems": {
        "rqestObjet": [
            "피고인을 징역 8월에 처한다. "
        ]
    },
    "assrs": {
        "acusrAssrs": [],
        "dedatAssrs": [
            "피고인이 피해자를 위하여 이 사건 부동산을 매도한 사실이 있으나, 당시 피고인이 매수인 측으로부터 임차보증금 등을 제외하고 실제로 받은 매매대금은 1억 9,000만 원이 아니라 1억 6,000만 원이다.",
            "피고인이 그 중 8,000만 원만을 피해자에게 전달한 것은 맞지만, 그 후 실제로 피고인이 보관하고 있었던 금원은 5,000만 원에 불과하고, 피고인은 이를 개인 용도에 사용하였다가 나중에 동액 상당을 매수인 측에게 지급하였다.",
            "이 사건 매매계약 상 매매대금에는 건물뿐 아니라 토지(대지권)의 대금도 포함되어 있었으나, 매도인인 피해자는 토지를 매수하여 매수인 측에 넘겨주지 못했고, 이에 따라 피고인은 위 5,000만 원을 매수인 측에 토지를 매수해 넘겨주기 위한 용도로 보관하고 있었던 것이다.",
            "따라서 피고인은 위 금원을 피해자를 위하여 보관하고 있었던 것이 아니므로 횡령죄의 주체인 타인의 재물을 보관하는 자에 해당하지 아니한다."
        ]
    },
    "facts": {
        "bsisFacts": [
            "피고인은 2011.2.11.피해자 C의 매도 위탁에 따라 피해자 소유인 0000 D빌라 102호 및 104호(이하 '이 사건 부동산'이라 한다)를 E에게 각 세대당 1억 3,000만 원, 합계 2억 6,000만 원에 매도하되 임대차보증금반환채무액 6,000만 원 및 가압류채 무액 1,000만 원은 E1)가 인수하면서 이를 공제한 1억 9,000만 원을 지급받기로 하였다.",
            "이에 따라 피고인은 2011.2.11.7,000만 원, 2011.2.15.1억 2,000만 원, 합계 1억 9,000만 원을 E로부터 매매대금으로 교부받은 후 법무사 비용 등으로 지출된 1,000만 원을 제외한 1억 8,000만 원을 피해자를 위하여 보관하였다.",
            "그러던 중 2011.2.18.피해자에게는 '이 사건 빌라를 각 세대당 7,000만 원, 합계 1억 4,000만 원에 E에게 매도하였고 임대차보증금반환채무 6,000만 원은 E가 인수하기로 하여 실제 매매대금으로는 8,000만 원을 지급받았다.' 는 취지로 거짓말하면서 8,000만 원만 피해자에게 전달하고 그 무렵 나머지 1억 원은 임의소비하여 횡령하였다."
        ]
    },
    "dcss": {
        "courtDcss": [
            "금전의 수수를 수반하는 사무처리를 위임받은 자가 그 행위에 기하여 위임자를 위해 제3자로부터 수령한 금전은, 목적이나 용도를 한정하여 위탁된 금전과 마찬가지로, 달리 특별한 사정이 없는 한 그 수령과 동시에 위임자의 소유에 속하고 위임을 받은 자는 이를 위임자를 위하여 보관하는 관계에 있다고 보아야 한다(대법원 1995.11.24.선고 95도1923 판결 등 참조).",
            "피고인은 이 사건 부동산의 매도인인 피해자의 대리인으로서 이 사건 매매계약을 체결하였고, 그 이행으로서 매수인 측이 지급한 매매대금을 수령하였음을 알 수 있는바, 피고인과 피해자 사이에 그 소유를 피고인에게 귀속시키기로 약정하였다는 등의 특별한 사정이 없는 한 피고인은 피해자에게 권리를 취득하게 하려는 것을 목적으로 이를 수령한 것으로 보아야 한다.",
            "그러므로 이 사건 매매계약에 따라 수령한 매매대금의 소유권은 피해자에게 귀속되고, 피고인은 이를 피해자를 위하여 보관하는 관계에 있다 할 것이므로, 피고인이 그 매매대금을 임의로 소비하였다면 횡령죄가 성립한다 할 것이다.",
            "피고인이 1억 원을 횡령하였다는 이 사건 공소사실에 대한 입증이 충분하다 할 것이므로, 피고인과 변호인의 주장은 모두 받아들이지 아니한다."
        ]
    },
    "close": {
        "cnclsns": [
            "피고인을 징역 8월에 처한다."
        ]
    }
}