{
    "info": {
        "caseField": "2",
        "detailField": "6",
        "trailField": "1",
        "caseNm": "강간치상",
        "courtNm": "부산지방법원",
        "judmnAdjuDe": "2010. 05. 31.",
        "caseNo": "2010고합165",
        "relateLaword": [
            "형법 제301조",
            "형법 제297조",
            "형법 제53조",
            "형법 제55조"
        ],
        "qotatPrcdnt": []
    },
    "concerned": {
        "acusr": "4",
        "dedat": "1"
    },
    "org": {
        "orgJdgmnCourtNm": "",
        "orgJdgmnAdjuDe": "",
        "orgJdgmnCaseNo": ""
    },
    "disposal": {
        "disposalform": "6",
        "disposalcontent": [
            "피고인을 징역 3년에 처한다."
        ]
    },
    "mentionedItems": {
        "rqestObjet": [
            "피고인을 징역 3년에 처한다."
        ]
    },
    "assrs": {
        "acusrAssrs": [],
        "dedatAssrs": []
    },
    "facts": {
        "bsisFacts": [
            "피고인은 2003. 3.경 피해자 00(여, 35세)을 만나 교제하다가 2008. 10.경 헤어진후 가끔 연락을 하면서 만나오던 사이로, 2010. 1. 24. 저녁 피해자에게 수차 문자메시지를 보냈으나 답이 없자 피해자의 연락을 유도하기 위하여 2010. 1. 25. 11:40경 발신자를 1004 로 표시하여 과거 함께 교제할 때 촬영해 두었던 피해자의 나체사진을 피해자의 휴대폰으로 발송하였다. ",
            "피고인은 2010. 1. 28. 위 메시지의 삭제를 요구하기 위하여 만난 피해자와 함께 저녁을 먹으면서 마치 나체사진이 피고인의 집에 보관되어 있는 것처럼 행동하면서 피해자에게 피고인의 집으로 가서 함께 술을 마시자고 권하였다.",
            "피고인은 2010. 1. 28. 20:30경 0000에 있는 피고인의 집에서 \"사진을 삭제해 달라\"는 피해자에게 사진이 어디 있는지에 대하여 계속 거짓말을 하다가 자정 무렵에 피해자가 \"사진을 버리든지 마음대로 하라\"며 귀가하려하자 피해자의 머리채를 잡고 손바닥으로 피해자의 뺨을 수회 때리고 발로 피해자의 몸을 차고 소리를 지르는 피해자를 향해 \"나하고 있으면 안 되나\"라면서 선풍기를 던졌다.",
            "피고인은 피해자가 \"알았다. 있다가 갈게\" 라고 말하자 피해자에게 자고 가라면서 침대에 눕게 한 다음 피해자의 몸 위로 올라가 옷을 벗기려고 하였다.",
            "피고인은 \"하지 마라\"고 소리치며 반항하는 피해자에게 \"딴 놈하고는 되면서 나하고는 안 되나\" 라고 말하며 피해자의 브래지어를 뜯어내고 하의를 벗기면서 이를 거부하는 피해자의 허벅지를 맥주병으로 수회 때려 반항하지 못하게 한 다음 피해자를 1회 간음하여 강간하고, 피해자에게 약 3주간의 치료가 필요한 안면부 좌상 등을 가하였다."
        ]
    },
    "dcss": {
        "courtDcss": [
            "피해자의 나체사진을 휴대폰으로 보내 피해자로 하여금 피고인을 찾아오게 하고, 그 사진의 삭제를 요구하러 온 피해자를 심하게 폭행하여 강간하고 상해를 입혔음에도 범행을 부인하면서 전혀 반성하지 아니하는 점 등에 비추어 보면 죄질이 불량하므로 엄히 처벌하지 않을 수 없다.",
            "지금까지 여러 차례 벌금형으로 처벌받은 전력은 있으나 실형 등 무겁게 처벌받은 전력이 없는 점, 술에 취하여 우발적으로 범행한 것으로 보이는 점, 피고인과 피해자는 과거 수년간 동거하였고 헤어진 이후에도 연락을 주고받는 등의 관계를 유지해 온 점 등과 피고인의 연령, 가정환경 등을 아울러 참작하여 형기를 정한다."
        ]
    },
    "close": {
        "cnclsns": [
            "피고인을 징역 3년에 처한다."
        ]
    }
}