{
    "info": {
        "caseField": "2",
        "detailField": "6",
        "trailField": "1",
        "caseNm": "상습폭행,협박",
        "courtNm": "대전지방법원",
        "judmnAdjuDe": "2016. 10. 19.",
        "caseNo": "2016고단2147",
        "relateLaword": [
            "형법 제264조",
            "형법 제260조",
            "형법 제35조",
            "형법 제283조",
            "형사소송법 제327조"
        ],
        "qotatPrcdnt": []
    },
    "concerned": {
        "acusr": "4",
        "dedat": "1"
    },
    "org": {
        "orgJdgmnCourtNm": "",
        "orgJdgmnAdjuDe": "",
        "orgJdgmnCaseNo": ""
    },
    "disposal": {
        "disposalform": "6",
        "disposalcontent": [
            "피고인을 징역 4월에 처한다.",
            "이 사건 공소사실 중 협박의 점에 대한 공소를 기각한다.\n\n"
        ]
    },
    "mentionedItems": {
        "rqestObjet": [
            "피고인을 징역 4월에 처한다.\n"
        ]
    },
    "assrs": {
        "acusrAssrs": [
            "피고인은 2016. 7. 6. 21:30경 위 3항과 같은 장소에서, 피고인을 피해 집밖으로 도망간 피해자 공소외 00을 뒤따라 나가 피해자에게 \"집으로 들어오지 마라, 들어오면 살인 날 줄 알아라.\"라고 말하여 피해자의 생명, 신체에 위해를 가할 듯한 태도를 보여 피해자를 협박하였다."
        ],
        "dedatAssrs": []
    },
    "facts": {
        "bsisFacts": [
            "피고인은 2014. 6. 20. 대전지방법원에서 폭력행위등처벌에관한법률위반(상습상해)죄로 징역 1년 6월을 선고받고 2015. 1. 15. 그 판결이 확정되어 2015. 12. 17. 그 형의 집행을 종료한 것 외에 23회의 폭력 전과가 더 있는 사람이다.",
            "피고인은 2016. 3. 2. 18:10경 대전 유성구 (주소 생략)에 있는 친모 공소외 00와 계부인 피해자 공소외 00(79세)의 주거지에서 함께 지내던 중, 피해자가 거동이 불편한 공소외 00를 차량에 태워 폐휴지를 줍고 다닌다는 이유로 피해자에게 욕설을 하고 피해자의 얼굴을 주먹으로 2~3회 때렸다.",
            "피고인은 2016. 5. 17. 14:50경 대전 중구 ㅇㅇ동 소재 ㅁㅁ병원 앞에서, 피해자가 운전하는 차량 조수석에 타고 가던 중, 피고인이 술에 취하여 횡설수설하는 것에 대해 피해자가 훈계하였다는 이유로 운전 중인 피해자의 얼굴을 주먹으로 2~3회 때리고, 계속하여 위 차량을 타고 가던 중 같은 날 15:00경 대전 중구 ㅁㅁ동 소재 ㅁㅁ대학교병원 앞에서, 운전 중인 피해자의 얼굴을 주먹으로 5~6회 때렸다.",
            "피고인은 2016. 7. 6. 19:20경부터 같은 날 21:30경 사이 대전 유성구 (주소 생략)에 있는 주거지에서, 술에 취해 피해자에게 \"야 씨발새끼야, 개새끼야, 정신병자야, 미친놈아 10만 원을 내놔라.\"라고 하며 피해자의 얼굴을 주먹으로 1회 때리고, 피해자가 이에 항의하자 피해자를 밀어 바닥에 넘어뜨리고 피해자의 몸 위로 올라타 양팔로 피해자의 목을 눌렀다.",
            "피고인은 상습으로 3회에 걸쳐 피해자 공소외 00을 폭행하였다."
        ]
    },
    "dcss": {
        "courtDcss": [
            "형법 제283조 제1항에 해당하는 죄로서 같은 조 제3항에 의하여 피해자의 명시한 의사에 반하여 공소를 제기할 수 없는 사건인데, 공판기록에 편철된 처벌불원서(합의서)에 의하면 피해자가 이 사건 공소가 제기된 후인 2016. 9. 21. 피고인에 대한 처벌을 희망하는 의사표시를 철회한 사실을 인정할 수 있음.",
            "형사소송법 제327조 제6호에 의하여 이 부분 공소를 기각함.",
            "폭력범행으로 인한 누범기간 중 또다시 폭력을 휘두른 점, 그밖에도 폭력전과가 다수 있는 점, 피해자가 고령인 점 등을 형의 가중조건으로 삼고, 피해자가 처벌을 원하지 않는 점, 반성하는 점 등을 형의 감경조건으로 삼았다.",
            "피고인 및 변호인은 위 폭행사실을 대부분 다투나, 피해자의 진술이 구체적이고 대체로 일관된 점, 피고인의 어머니인 공소외 00가 피고인의 선처를 탄원하면서도 피고인의 주장과 달리 일부 폭행사실을 목격하였다고 진술하는 점, 이 사건 범행 당시 피고인은 술에 취한 상태였던 것으로 보이므로 피고인의 주장을 그대로 믿기 어려운 점 등의 사정을 종합해 볼 때, 위 공소사실은 유죄로 인정된다 할 것이다."
        ]
    },
    "close": {
        "cnclsns": [
            "피고인을 징역 4월에 처한다.",
            "이 사건 공소사실 중 협박의 점에 대한 공소를 기각한다."
        ]
    }
}