{
    "info": {
        "caseField": "2",
        "detailField": "6",
        "trailField": "1",
        "caseNm": "특정경제범죄가중처벌등에관한법률위반(사기),사기",
        "courtNm": "서울중앙지방법원",
        "judmnAdjuDe": "2017. 10. 13.",
        "caseNo": "2016고합715",
        "relateLaword": [
            "형법 제347조",
            "특정경제범죄 가중처벌 등에 관한 법률 제3조",
            "형법 제30조",
            "형법 제37조",
            "형법 제38조",
            "형법 제50조",
            "형법 제53조",
            "형법 제55조",
            "형법 제62조"
        ],
        "qotatPrcdnt": []
    },
    "concerned": {
        "acusr": "4",
        "dedat": "1"
    },
    "org": {
        "orgJdgmnCourtNm": "",
        "orgJdgmnAdjuDe": "",
        "orgJdgmnCaseNo": ""
    },
    "disposal": {
        "disposalform": "6",
        "disposalcontent": [
            "피고인 A를 징역 2년에, 피고인 B를 징역 1년 6월에 각 처한다."
        ]
    },
    "mentionedItems": {
        "rqestObjet": [
            "피고인 A는 피해자I를 기망하여 이에 속은 피해자로부터 합계 108,047,000원을 입금받았다.",
            "피고인들은 N와 공모하여 P를 기망하여 이에 속은 피해자 회사로부터 10억 8,600만원을 송금받았다."
        ]
    },
    "assrs": {
        "acusrAssrs": [],
        "dedatAssrs": [
            "판시 제1항에 관하여, 피고인이 B과 함께 추진한 판시 벼농장 사업(이하 '이 사건 사업'이라 한다)에 대한 주식회사 K(이하 회사명에서 '주식회사'의 기재는 생략한다)의 투자 철회 논의가 나오기 시작한 시점은 피해자 I으로부터 투자금을 받은 후인 2013. 1.경이다.",
            "2013년부터 매년 50% 이상의 수익을 보장한다 는 내용은 당시 회계법인 삼정KPMG에 의뢰하여 받은 보고서에 기초한 것인데, 이후 캄보디아 현지의 정책변화와 오의 투자 철회 등으로 사업 진행이 늦어졌을 뿐이며, 피해자의 투자금을 모두 이 사건 사업을 위하여 사용하였으므로, 피고인이 수익금을 줄 의사나 능력 없이 투자를 받은 것이 아니다.",
            "판시 제2항에 관하여, N와 S이 피해자 회사를 인수하여 그 자산을 담보로 대출을 받아 이 사건 사업에 투자하기로 하였지만 대출이 무산되었고, 캄보디아 현지의 정책 변화, K의 투자 철회 등으로 사업 진행이 늦어졌던 것이며, 피해자 회사의 투자금 내지 차용금을 모두 이 사건 사업을 위하여 사용하였으므로, 피고인이 수익금을 지급하거나 원금을 변제할 의사나 능력 없이 금원을 받은 것이 아니다.",
            "피고인은 피해자 회사의 인수 등을 통한 투자에 전혀 관여하지 않았고, 단지 A이 투자를 하겠다고 하여 이를 믿고 투자금의 일부를 받아 캄보디아 현지에서 이 사건 사업을 추진하는 데 사용하였으며, 그 과정에서 피해자 회사에 배당금 지급을 약속한 사실이 없고, 오히려 이 사건 사업 자금 조달을 위해 부동산을 담보로 제공하여 피해를 입었을 뿐이므로, A 등과 공모하여 피해자로부터 금원을 편취한 것이 아니다."
        ]
    },
    "facts": {
        "bsisFacts": [
            "피고인은 2012. 11. 1. 0000 H 소재 피해자 I이 원장으로 있는 J치과에서 피해자에게 '내가 캄보디아에서 운영하는 벼농장 사업에 K에서도 300억 원을 투자하기로 하였기 때문에 사업 전망이 좋고, 2013. 1.경부터 벼를 수확한다. 이 사업에 투자하면 향후 70년간 매년 50% 이상의 수익을 보장하겠다'라고 말하였다.",
            "그러나 사실 피고인은 캄보디아 깜퐁톰 지역의 토지 7,000만 평을 캄보디아 정부로부터 임대료 400억 원, 임차기간 50년으로 정하여 임차한 후 그곳에 벼를 심어 수확한 쌀을 중동, 베트남 등지에 판매할 계획이었다.",
            "1 위 사업의 핵심인 사업자금의 확보와 관련하여 0000 L사업에서 나오는 수익금을 위 사업자금에 사용하고자 계획하였지만 그 사업은 현재 건축심의 단계에 있을 뿐이고, 2 2016. 5. 10.경에야 비로소 캄보디아 정부로부터 벼농사 사업허가를 받았을 뿐 아직 위 토지를 임차한 사실이 없어 피해자가 투자한 다음 해인 2013년부터 쌀을 수확하여 매년 50% 이상의 수익금을 줄 의사나 능력이 없었다.",
            "이로써 피고인은 위와 같은 방법으로 피해자를 기망하여 이에 속은 피해자로부터, (1) 2012. 11. 1. 피고인 명의의 우리은행 통장으로 10,910,000원, (2) 같은 달 30.(주)M 명의의 000 통장으로 97,137,000원 합계 108,047,000원을 입금받았다.",
            "피고인들은 N와 함께, 캄보디아에서의 벼농장 사업과 관련하여 피해자인 주식회사 0(이하 '피해자 회사'라고 한다)의 자금을 편취하기로 공모하였고, 피고인 A은 2013. 1. 하순경 피해자 회사의 대표이사인 P에게 피고인 B의 연락처를 알려주면서 벼농장 사업에 관한 설명을 들어보라고 하였다.",
            "피고인 B은 2013. 1. 27.경 캄보디아에 찾아온 P에게 '캄보디아 정부로부터 벼농장 사업을 바로 할 수 있는 토지를 장기로 임대받았다. 그러니 피고인 A을 통해 투자하면 바로 벼농사를 시작하여 배당금을 주겠다'라고 말하고, 다시 2013. 2.경 P에년게 '캄보디아에서 벼를 시험적으로 재배하였는데,100만 달러(한화 10억 8,600만 원 상당)를 투자하면 매년 4억 원을 배당할 수 있다'는 취지의 이메일을 보냈다.",
            "피고인 A은 N와 함께 2013. 3. 5.경 영주시 Q에 있는 피해자 회사에서 P에게 \"B이 대표이사로 있는 ㈜M이 캄보디아 소재 유한회사 R(R, 이하 'R'이라고 한다)의 벼농장 사업에 투자할 예정이고,100만 달러를 투자하면 매년 배당금을 지급할 것인데, 금년에는 4억 원을 받는다. 그러니 M에 100만 달러를 빌려달라\"는 취지로 말하면서 같은 날 '대여인 ㈜10, 차용인 ㈜M'로 된 금전대차계약서를 작성하였다.",
            "그러나 사실은 당시 R이 벼농장 사업을 위해 확보한 토지가 없었고, 토지 확보를 위한 자금도 마련되어 있지 않았기 때문에 피해자 회사로부터 금원을 투자받거나 빌리더라도 수익금을 지급하거나 원금을 변제할 의사나 능력이 없었고, 이로써 피고인들은 N와 공모하여, 위와 같은 방법으로 P를 기망하여 이에 속은 피해자 회사로부터 2013. 3. 5.경(주)M 명의의 국민은행 통장으로 10억 8,600만 원을 송금 받았다."
        ]
    },
    "dcss": {
        "courtDcss": [
            "피고인의 주장대로 K이 2013. 1.경 피고인에게 철수 의사를 밝히고 2013. 7.경 공식적으로 이 사건 사업에서 철수하였을 가능성이 높기에, 따라서 공소사실 중 위 기재 부분을 삭제하여 판시와 같이 피고인의 구체적인 기망행위 내용을 인정한다.",
            "위 사실관계에 의하면, 설령 피고인이 그 주장과 같이 N와 S이 제안한 자금 조달 방법을 믿었다 하더라도, 자신 명의로 계약을 체결하고 투자금을 배분하는 등 자금 조달과 집행의 전 과정에 실질적으로 관여하였고, 당초 예상과 달리 자금 조달이 여의치 않음을 인식하고도 피해자 회사에 투자를 권유하였으므로, 피고인의 편취범의와 판시와 같은 기망행위를 넉넉히 인정할 수 있다.",
            "위 사실관계에 의하면, 설령 피고인이 피해자 회사로부터 대여 내지 투자를 받는 과정에 직접 관여하지 않았다 하더라도, 당초 계획과 달리 자금 조달이나 사업 추진이 여의치 않다는 것을 적어도 미필적으로 인식한 상태에서 이를 용인하는 내심의 의사를 가지고 A 등과 공모하여 편취범행의 주요 부분을 분담하여 실행하였다는 점을 중분히 인정할 수 있다."
        ]
    },
    "close": {
        "cnclsns": [
            "피고인 A을 징역 2년에, 피고인 日을 징역 1년 6월에 각 처한다.",
            "다만, 피고인 B에 대하여는 이 판결 확정일부터 3년간 위 형의 집행을 유예한다."
        ]
    }
}