{
    "info": {
        "caseField": "2",
        "detailField": "6",
        "trailField": "1",
        "caseNm": "존속상해 치료감호",
        "courtNm": "서울남부지방법원",
        "judmnAdjuDe": "2020. 01. 09.",
        "caseNo": "2019고합438",
        "relateLaword": [
            "형법 제257조",
            "형법 제35조",
            "치료감호 등에 관한 법률 제12조",
            "치료감호 등에 관한 법률 제2조"
        ],
        "qotatPrcdnt": []
    },
    "concerned": {
        "acusr": "4",
        "dedat": "1"
    },
    "org": {
        "orgJdgmnCourtNm": "",
        "orgJdgmnAdjuDe": "",
        "orgJdgmnCaseNo": ""
    },
    "disposal": {
        "disposalform": "6",
        "disposalcontent": [
            "피고인을 징역 10월에 처한다.",
            "피치료감호청구인을 치료감호에 처한다."
        ]
    },
    "mentionedItems": {
        "rqestObjet": [
            "피고인을 징역 10월에 처한다.",
            "피치료감호청구인을 치료감호에 처한다."
        ]
    },
    "assrs": {
        "acusrAssrs": [],
        "dedatAssrs": []
    },
    "facts": {
        "bsisFacts": [
            "피고인은 2019. 10. 14. 15:40경 0000 B건물 C호에 있는 친부인 피해자 D(75세)의 집에서 피해자가 며칠 전 자신이 산 빵을 식탁 아래 의자에 두었다는 이유로 피해자에게 불만을 가지고 있던 중, 그곳 거실 식탁에 앉아 있던 피해자에게 다가가 \"야 병신 같은 새끼야. 미친 새끼야. 씨발 새끼야\" 라며 욕설을 하고 식탁을 내리치면서 시비를 걸었다.",
            "이에 피해자가 피고인을 피해 거실 소파로 자리를 옮기자 피고인은 피해자를 따라가 그의 몸 위에 올라탄 후 피해자에게 \"같이 죽자. 왜 나를 낳았냐. 죽어라\". 라고 말하면서 피고인의 양손 주먹으로 피해자의 얼굴을 수십 회 때렸다.",
            "이로써 피고인은 자신의 직계존속인 피해자에게 안면부 전반에 피멍이 들게 하고 입술 안쪽 부위가 찢어지게 하는 등 치료 일수를 알 수 없는 상해를 가하였다.",
            "피고인이 알코올의 의존증후군으로 2008. 12. 25.경부터 2009. 2. 16.경까지, 2009. 8. 10.경부터 2009. 9. 22.경까지, 2013. 8. 29.경부터 2014. 2. 16.경까지, 2014. 2. 17.경부터 2014. 2. 26.경까지, 2015. 1. 7.경부터 2015. 2. 27.경까지, 2018. 5. 21.경부터 2018. 6. 20.경까지 0000 E에 있는 F병원에서 각 입원치료를 받았다.",
            "2016. 2. 29.경부터 2016. 3. 15.경까지, 2016. 12. 6.경부터 2017. 1. 23.경까지 0000 G에 있는 의료법인 H병원에서 각 입원치료를 받아 총 8회에 걸쳐 합계 428일 동안 입원치료를 받은 전력이 있는 점에 비추어 피고인은 알코올을 식음하는 습벽이 있거나 그에 중독된 자이다.",
            "따라서, 위 범죄사실과 같이 직계존속에게 상해를 가하여 금고 이상에 해당하는 죄를 지었기 때문에 치료감호시설에서 치료를 받을 필요가 있고 재범의 위험성이 있다."
        ]
    },
    "dcss": {
        "courtDcss": [
            "아래와 같은 피고인에게 유리하거나 불리한 정상에 피고인의 나이, 성행, 환경, 가족관계, 이 사건 범행의 동기 및 경위 등 이 사건 기록 및 변론에 나타난 제반 양형 요소를 종합적으로 고려하여 형을 정한다.",
            "피고인은 별다른 동기 없이 피고인의 아버지인 피해자를 무차별적으로 폭행하여 피해자에게 상해를 가하였다. 피고인의 범행으로 인하여 피해자뿐만 아니라 범행 장면을 목격한 피고인의 어머니 역시 상당한 정신적 충격을 받았을 것으로 보인다. 피고인은 존속폭행을 비롯하여 폭력범죄로 수차례 처벌받은 전력이 있음에도 출소한지 약 두 달만에 또다시 이 사건 범행을 저질렀다.",
            "피고인은 범행을 모두 인정하며 반성하는 태도를 보이고 있다. 피해자를 비롯한 피고인의 가족들이 피고인의 처벌을 원하지 않고 있다. "
        ]
    },
    "close": {
        "cnclsns": [
            "피고인을 징역 10월에 처한다.",
            "피치료감호청구인을 치료감호에 처한다. "
        ]
    }
}