{
    "info": {
        "caseField": "2",
        "detailField": "6",
        "trailField": "1",
        "caseNm": "공갈미수",
        "courtNm": "춘천지방법원",
        "judmnAdjuDe": "2012. 10. 18.",
        "caseNo": "2012고정433",
        "relateLaword": [
            "형법 제352조",
            "형법 제350조",
            "형법 제70조",
            "형법 제69조",
            "형사소송법 제334조"
        ],
        "qotatPrcdnt": []
    },
    "concerned": {
        "acusr": "4",
        "dedat": "1"
    },
    "org": {
        "orgJdgmnCourtNm": "",
        "orgJdgmnAdjuDe": "",
        "orgJdgmnCaseNo": ""
    },
    "disposal": {
        "disposalform": "9",
        "disposalcontent": [
            "피고인을 벌금 3,000,000원에 처한다.",
            "피고인이 위 벌금을 납입하지 아니하는 경우 50,000원을 1일로 환산한 기간 피고인을 노역장에 유치한다.",
            "위 벌금에 상당한 금액의 가납을 명한다."
        ]
    },
    "mentionedItems": {
        "rqestObjet": [
            "피고인을 벌금 3,000,000원에 처한다.",
            "피고인이 위 벌금을 납입하지 아니하는 경우 50,000원을 1일로 환산한 기간 피고인을 노역장에 유치한다.",
            "위 벌금에 상당한 금액의 가납을 명한다."
        ]
    },
    "assrs": {
        "acusrAssrs": [],
        "dedatAssrs": []
    },
    "facts": {
        "bsisFacts": [
            "피고인은 2011. 8. 12.경 피해자 000의 소비자 콜센터에 전화를 하여 \"맥주 1병은 유리가루가 들어있고, 1병은 맛이 이상하다\"는 취지로 피해자 회사에서 생산한 병맥주에 관하여 불만 접수를 하고, 2011. 9. 7. 경 식품의약품안전청에서 운영하는 식품안전소비자신고센터에 전화를 하여 같은 취지로 민원을 제기하였다.",
            "2011. 10. 17. 17:30경 피해자 회사의 소비자보호팀 00에게 전화로 \"공장에서 생산된 병맥주 내의 혼탁에 대하여 1억 원, 공장에서 생산된 병맥주 내의 유리가루에 대하여 2억 원 등 도합 3억 원에 깨끗하게 정리하자\"는 취지로 요구하고, 00가 \"현금은 안된다, 맥주는 충분히 주겠다\"고 대답하자 \"생각하는 것이 너무 다르다, 내 방식대로 처리하겠다\"고 말하였다.",
            "2011. 11. 3. 16:00경 0000에 있는 읍사무소 옆 까페에서, 위 00 와 피해자 회사의 공장 품질관리팀 팀장 00에게 \"나는 모든 걸 내가 할 수 있는 걸 해 보겠다, 식약청하고 끝까지 가겠다\"는 취지로 말하는 등 피해자 회사 담당자에게 겁을 주어 3억 원을 교부받으려고 하였으나, 피해자 회사가 이에 응하지 아니하여 미수에 그쳤다."
        ]
    },
    "dcss": {
        "courtDcss": [
            "피고인을 벌금 3,000,000원에 처한다.",
            "피고인이 위 벌금을 납입하지 아니하는 경우 50,000원을 1일로 환산한 기간 피고인을 노역장에 유치한다.",
            "위 벌금에 상당한 금액의 가납을 명한다."
        ]
    },
    "close": {
        "cnclsns": [
            "피고인을 벌금 3,000,000원에 처한다.",
            "피고인이 위 벌금을 납입하지 아니하는 경우 50,000원을 1일로 환산한 기간 피고인을 노역장에 유치한다.",
            "위 벌금에 상당한 금액의 가납을 명한다."
        ]
    }
}