{
    "info": {
        "caseField": "2",
        "detailField": "6",
        "trailField": "1",
        "caseNm": "사기·전기통신금융사기피해방지및피해금환급에관한특별법위반·전자금융거래법위반",
        "courtNm": "서울중앙지방법원 ",
        "judmnAdjuDe": "2015. 06. 12.",
        "caseNo": "2015고단2039",
        "relateLaword": [
            "형법 제347조",
            "형법 제30조",
            "전자금융거래법 제49조",
            "전자금융거래법 제6조",
            "형법 제37조  ",
            "형법 제38조 \n",
            "형법 제50조\n\n",
            "형법 제48조",
            "형사소송법 제325조",
            "형법 제58조",
            "전기통신금융사기 피해 방지 및 피해금 환급에 관한 특별법 제15조"
        ],
        "qotatPrcdnt": []
    },
    "concerned": {
        "acusr": "4",
        "dedat": "1"
    },
    "org": {
        "orgJdgmnCourtNm": "",
        "orgJdgmnAdjuDe": "",
        "orgJdgmnCaseNo": ""
    },
    "disposal": {
        "disposalform": "6",
        "disposalcontent": [
            "피고인을 징역 1년 6월에 처한다.\n\n",
            "압수된 증 제1, 2호를 각 몰수한다.\n\n",
            "이 사건 공소사실 중 각 전기통신금융사기피해방지및피해금환급에관한특별법위반의 점은 각 무죄."
        ]
    },
    "mentionedItems": {
        "rqestObjet": [
            "피고인은 중국에 있는 00(00)이라는 성씨를 가진 자(이하 00) 및 국내에 입국한 공소외 2의 지시에 따라 지하철역 물품보관함에 보관된 타인 명의 체크카드를 꺼내 그 카드로 전기통신금융사기 피해금을 인출하여 위 00이 지정한 계좌로 입금하는 인출책 및 송금책이다.",
            "피고인과 00 및 위 공소외 2는, 대출회사 직원을 사칭하여 정부에서 시행하는 저리 대출을 해준다면서 이에 필요한 수수료 등을 입금하라고 권유하여 송금을 받은 뒤 이를 가로채는 방식의 보이스피싱 범행을 저지르기로 마음먹었다.",
            "그에 따라 위 00과 공소외 2는 피고인에게 타인 명의의 체크카드를 피고인에게 전달하고, 보이스피싱에 속은 피해자들이 금원을 송금하면 그 직후 이를 인출하도록 연락하여 피고인이 인출하고, 피고인은 다시 인출한 금원 중 자신의 수수료 3%를 공제한 나머지 금원을 위 00이 지정한 계좌로 송금하기로 모의하였다",
            "피고인과 공범들은 위와 같은 방법으로 타인을 기망하여 금원을 편취하였다"
        ]
    },
    "assrs": {
        "acusrAssrs": [],
        "dedatAssrs": []
    },
    "facts": {
        "bsisFacts": [
            "피고인은 중국에 있는 00이라는 성씨를 가진 자(이하 00)및 국내에 입국한 공소외 2의 지시에 따라 지하철역 물품보관함에 보관된 타인 명의 체크카드를 꺼내 그 카드로 전기통신금융사기 피해금을 인출하여 위 림이 지정한 계좌로 입금하는 인출책 및 송금책이다.",
            "피고인과 00 및 위 공소외 2는, 대출회사 직원을 사칭하여 정부에서 시행하는 저리 대출을 해준다면서 이에 필요한 수수료 등을 입금하라고 권유하여 송금을 받은 뒤 이를 가로채는 방식의 보이스피싱 범행을 저지르기로 마음먹었다.",
            "그에 따라 위 00과 공소외 2는 피고인에게 타인 명의의 체크카드를 피고인에게 전달하고, 보이스피싱에 속은 피해자들이 금원을 송금하면 그 직후 이를 인출하도록 연락하여 피고인이 인출하고, 피고인은 다시 인출한 금원 중 자신의 수수료 3%를 공제한 나머지 금원을 위 00이 지정한 계좌로 송금하기로 모의하였다.",
            "피고인은 위 공범들과 위와 같이 공모하여, 2015.3.31.05:00경 0000에 설치된 물품보관함에서 위 00의 지시에 따라 접근매체인 공소외 1(대판:공소외인)명의 000 체크카드(카드번호 1 생략)1장, 공소외 3 명의 000 체크카드(카드번호 2 생략)1장, 공소외 4 명의 000 체크카드(카드번호 3 생략)1장을 꺼내 이를 범행에 이용할 목적으로 보관하였다.",
            "2015.4.2.05:28경 0000에 설치된 물품보관함에서 접근매체인 공소외 5 명의 000 체크카드(카드번호 4 생략)을 포함해 별지 범죄일람표(1)에 기재된 체크카드 7장이 담겨 있는 종이박스를 꺼내 이를 범행에 이용할 목적으로 보관하였다.",
            "피고인의 위 공범들은 2015.4.1.경 장소를 알 수 없는 곳에서 피해자 00에게 전화하여 \"000 공소외 6 대리인데 정부에서 저금리 대출을 받게 해 주겠다.대출승인이 나려면 인지세가 필요하다.법무사 계좌를 이용한 비용과 수수료가 필요하다.\"는 취지로 거짓말하여, 이에 속은 위 피해자로부터 공소외 1(대판:공소외인)명의 000 계좌(카드번호 5 생략)으로 2,120,000원을 이체 받았다.",
            "피고인은 위 공범들과 공모하여, 같은 날 10:40 0000 (주소 생략)000 0000지점에서 위 공소외 1(대판:공소외인)명의 체크카드로 900,000원을 인출하였다.",
            "같은 날 10:53 같은 동 000에서 같은 체크카드로 1,200,000원을 인출하는 등 별지 범죄일람표(2)기재와 같이 피해자 5명으로부터 합계 11,300,000원을 교부받고 피고인은 위 금원을 인출하여 위 00에게 송금하였다.",
            "피고인과 공범들은 위와 같은 방법으로 타인을 기망하여 금원을 편취하였다."
        ]
    },
    "dcss": {
        "courtDcss": [
            "아래와 같은 정상들 및 피고인의 연령, 성행, 가족관계, 가정환경, 범행의 동기와 수단, 범행 후의 정황 등 이 사건 기록에 나타난 양형 조건이 되는 사정들을 두루 참작하여, 주문과 같이 형을 정한다.",
            "[불리한 정상] 이 사건 각 사기 범행은 전기통신금융사기의 수법으로 피해자들의 돈을 편취한 것으로서 그 범행수법이 조직적, 계획적, 지능적인 점에 비추어 죄질이 매우 좋지 않다.",
            "이러한 범죄는 단기간에 다수의 피해자를 양산할 뿐 아니라, 사회 전체에 대한 신뢰관계에도 심각한 악영향을 미쳐 선량한 사람들의 생활에 큰 불안감을 주는 중대 범죄이다.",
            "피고인에게 아무런 국내 전과가 없다.",
            "이 사건 전체 범행에서 피고인이 분담한 역할이 상대적으로 중하지 아니하다.",
            "이 사건 편취액에 비하여 피고인이 실제로 취득한 이득은 크지 아니하다.",
            "피고인이 자신의 잘못을 뉘우치고 깊이 반성하고 있다.",
            "검사는 전기통신금융사기 조직의 현금인출책인 피고인의 현금인출 행위가 전기통신금융사기 피해 방지 및 피해금 환급에 관한 특별법 제15조의2 제1항 제2호(이하 '이 사건 특별법 구성요건'이라 한다)에 해당한다고 주장한다.",
            "그러나 다음과 같은 사정에 비추어 보면, 검사가 제출하는 증거만으로는 피고인의 현금인출 행위가 이 사건 특별법 구성요건에 해당한다고 단정하기 어렵다.",
            "이 사건 특별법 구성요건은 전기통신금융사기를 목적으로 하는 목적범이다.",
            "위 특별법 제2조 제2호는 전기통신금융사기를 전기통신기본법 제2조 제1호에 따른 전기통신을 이용하여 타인을 기망, 공갈함으로써 재산상의 이익을 취하거나 제3자에게 재산상의 이익을 취하게 하는 행위로 자금을 송금·이체하도록 하는 행위 또는 개인정보를 알아내어 자금을 송금, 이체하는 행위로 정의하고 있다.",
            "따라서 피고인의 현금인출 행위가 이 사건 특별법 구성요건에 해당하기 위해서는 전기통신을 이용하여 타인을 기망, 공갈함으로써 재산상의 이익을 취하거나 제3자에게 재산상의 이익을 취하게 하는 행위로서, 자금을 송금, 이체하도록 하는 행위 내지 개인정보를 알아내어 자금을 송금, 이체하는 행위를 목적으로 하여야 한다.",
            "그러나 피고인의 현금인출 행위는 타인으로 하여금 자금을 송금·이체하도록 한 이후에 위 자금을 인출한 행위로서, 이미 이 사건 특별법 구성요건에서 정하는 목적이 실현된 이후에 이루어진 행위에 불과하다.",
            "이 사건 특별법 구성요건의 행위는 취득한 타인의 정보를 이용하여 컴퓨터 등 정보처리장치에 정보 또는 명령을 입력하는 행위이다.",
            "한편 앞서 본 바와 같이, 위 특별법 제2조 제2호는 전기통신금융사기를 전기통신기본법 제2조 제1호에 따른 전기통신을 이용하여 타인을 기망·공갈함으로써 재산상의 이익을 취하거나 제3자에게 재산상의 이익을 취하게 하는 행위(이하 생략)라고 정의하고 있다.",
            "이 사건 특별법 구성요건이 전기통신금융사기를 목적으로 하는 목적범임을 고려할 때, 이 사건 특별법 구성요건에서의 타인은 위 제2조 제2호에서 기망, 공갈의 상대방인 타인에 한정되는 것으로 해석하여야 하고, 피고인을 제외한 다른 사람을 모두 포함하는 것으로 해석할 수는 없다.",
            "위 특별법 개정이유에 의하면, 위 특별법 제2조 제2호 및 제15조의2의 신설 이유는 전기통신금융사기 수법이 정보통신기술의 발전으로 빠르게 변화함에 따라 범죄 대상을 불특정 다수인에서 타인으로 변경하여 불특정인 및 특정인 모두를 포함하도록 확대하고, 대출의 제공, 알선, 중개를 가장한 행위를 전기통신금융사기의 범위에 포함하며, 변종 보이스피싱 행위도 처벌될 수 있도록 전기통신금융사기죄를 신설하는 데 있다.",
            "따라서 이 사건 특별법 구성요건은 전기통신금융사기 조직의 현금인출책의 현금인출 행위를 새로이 처벌하기 위한 것이 아니다.",
            "이 점은 위 특별법 제2조 제2호가 송금, 이체행위만을 규정할 뿐 인출행위를 포함하지 않는 것으로도 알 수 있다.",
            "이 사건 공소사실 중 각 전기통신금융사기피해방지 및 피해금환급에 관한 특별법 위반의 점은 합리적인 의심을 할 여지가 없을 정도의 충분한 증명이 있다고 보기 어려워 범죄의 증명이 없는 경우에 해당하므로, 형사소송법 제325조 후단에 의하여 무죄를 선고하고, 형법 제58조 제2항에 의하여 이 부분 판결의 요지를 공시한다."
        ]
    },
    "close": {
        "cnclsns": [
            "피고인을 징역 1년 6월에 처한다.",
            "압수된 증 제1, 2호를 각 몰수한다.",
            "이 사건 공소사실 중 각 전기통신금융사기피해방지 및 피해금환급에 관한 특별법 위반의 점은 각 무죄이다.",
            "피고인에 대한 판결 중 무죄 부분의 요지를 공시한다."
        ]
    }
}