{
    "info": {
        "caseField": "2",
        "detailField": "6",
        "trailField": "1",
        "caseNm": "전자금융거래법위반,사기방조,횡령,폭행 ",
        "courtNm": "서울남부지방법원",
        "judmnAdjuDe": "2017. 08. 23.",
        "caseNo": "2017고단1882,2017고단2583(병합)",
        "relateLaword": [
            "전자금융거래법 제49조",
            "전자금융거래법 제6조",
            "전자금융거래법 제30조",
            "형법 제260조",
            "형법 제37조",
            "형법 제38조",
            "형법 제50조",
            "형법 제62조",
            "보호관찰 등에 관한 법률 제59조",
            "형사소송법 제325조",
            "형법 제58조"
        ],
        "qotatPrcdnt": [
            "대법원 1994. 11. 25. 선고 93도2404 판결 "
        ]
    },
    "concerned": {
        "acusr": "4",
        "dedat": "1"
    },
    "org": {
        "orgJdgmnCourtNm": "",
        "orgJdgmnAdjuDe": "",
        "orgJdgmnCaseNo": ""
    },
    "disposal": {
        "disposalform": "6",
        "disposalcontent": [
            "피고인들을 각 징역 6월에 처한다",
            "다만, 이 판결 확정일부터 2년간 피고인 1에 대한 위 형의 집행을 유예한다.",
            "피고인 1에 대하여 120시간의 사회봉사를 명한다.",
            "이 사건 공소사실 중 피고인 1에 대한 사기방조의 점, 피고인 2에 대한 각 사기방조의 점, 피고인들에 대한 주위적 및 예비적 횡령의 점은 각 무죄이다.",
            "이 판결 중 피고인 2에 대한 무죄 부분의 요지를 공시한다."
        ]
    },
    "mentionedItems": {
        "rqestObjet": [
            "피고인들을 각 징역 6월에 처한다",
            "다만, 이 판결 확정일부터 2년간 피고인 1에 대한 위 형의 집행을 유예한다.",
            "피고인 1에 대하여 120시간의 사회봉사를 명한다.",
            "이 사건 공소사실 중 피고인 1에 대한 사기방조의 점, 피고인 2에 대한 각 사기방조의 점, 피고인들에 대한 주위적 및 예비적 횡령의 점은 각 무죄이다.",
            "이 판결 중 피고인 2에 대한 무죄 부분의 "
        ]
    },
    "assrs": {
        "acusrAssrs": [
            "피고인 00는 성명을 알 수 없는 보이스피싱 조직원으로부터 피고인의 계좌가 불법 0 환전에 사용될 것이라는 이야기를 들었고 체크카드 양도시 1개월에 300만 원이라는 고액의 대가를 약속받았으므로 피고인이 양도한 접근매체가 범죄행위에 이용될 것이라는 사실을 잘 알면서도 2017.2.6.15:00경 0000에 있는 0 앞 도로상에서 피고인 명의의 000 계좌에 대한 체크카드 등을 위 보이스피싱 조직원에게 양도하였다.",
            "그런 다음 성명을 알 수 없는 보이스피싱 조직원은 2017.2.7.11:00경 불상의 장소에서 피해자 공소외 00에게 전화하여 검찰수사관을 사칭하면서 \"당신 명의로 은행 계좌가 개설되어 범죄에 이용되었다, 명의가 도용된 것 같으니 추가 피해 예방을 위해 은행에 예치되어 있는 돈을 안전하게 보관하라.\" 고 거짓말을 하여 이에 속은 피해자로부터 같은 날 14:00경 피고인 명의의 위 000 계좌로 600만 원을 송금받았다.",
            "이로써 피고인은 위 보이스피싱 조직원이 위와 같이 사기 범행을 함에 있어서 이를 돕기 위하여 위와 같이 접근매체를 양도하는 등으로 그 범행을 용이하게 하여 이를 방조하였다.",
            "피고인 00는 가.항 기재 보이스피싱 조직원으로부터 피고인 00의 계좌가 불법 0 환전에 사용될 것이라는 이야기를 들었고, 피고인 00은 피고인 00로부터 위와 같은 이야기를 전해 들었으므로, 피고인들은 자신들이 양도한 접근매체가 범죄행위에 이용될 것이라는 사실을 잘 알면서도 2017.2.12.13:00경 0000에 있는 000 앞 도로상에서 피고인 00 명의의 000 계좌에 대한 체크카드 등을 위 보이스피싱 조직원에게 양도하였다.",
            "그런 다음 성명을 알 수 없는 보이스피싱 조직원은 2017.2.13.09:00경 불상의 장소에서 피해자 공소외 00에게 전화하여 서울중앙지방검찰청 공소외 00 검사를 사칭하면서 \"당신 명의로 은행 계좌가 개설되어 범죄에 이용되었다, 명의가 도용된 것 같으니 추가 피해 예방을 위해 금융기관에 있는 돈을 해약하여 금융법률 전문가인 피고인 00에게 송금하면 범죄 연관성을 확인 후 돌려주겠다.\" 라고 거짓말을 하였다.",
            "그리하여 이에 속은 피해자로부터 같은 날 11:20경 피고인 00 명의의 위 000 계좌로 613만 원을 송금받았고, 이로써 피고인들은 공모하여 위 보이스피싱 조직원이 위와 같이 사기 범행을 함에 있어서 이를 돕기 위하여 위와 같이 접근매체를 양도하는 등으로 그 범행을 용이하게 하여 이를 방조하였다.",
            "주위적 공소사실: 위와 같은 공모에 따라 피고인 00은 2017.2.12.13:00경 위 나.항과 같이 피고인 00 명의의 위 000계좌의 통장 등을 보이스피싱 조직원에게 양도한 후 위 계좌에 돈이 입금되기를 기다리고 있던 중 2017.2.14.11:20경 피해자 공소외 00로부터 '613만 원이 입금되었다'는 문자메시지를 받고 피고인 00에게 전화하여 \"돈이 입금되었다\".고 알려주었다.",
            "그런 다음 피고인 00는 2017.2.14.11:50경 0000에 있는 000 0000 현금인출기에서 미리 소지하고 있던 피고인 00의 체크카드를 이용하여 3회에 걸쳐 위 000 통장에 입금된 돈 중 300만 원을 마음대로 인출하였고, 이로써 피고인들은 공모하여 피해자 위 보이스피싱 조직원을 위하여 보관하던 재물을 횡령하였다."
        ],
        "dedatAssrs": []
    },
    "facts": {
        "bsisFacts": [
            "피고인 00는 2017.2.초순경 피고인의 휴대전화에 설치된 '0' 어플을 통해 성명을 알 수 없는 보이스피싱 조직원으로부터 \"체크카드를 보내주면 1개월에 300만 원을 주겠다\".는 제안을 받았다.",
            "2017.2.6.15:00경 0000에 있는 0 앞 도로상에서 피고인 00 명의의 000 통장(계좌번호1 생략), 위 계좌와 연결된 체크카드 1개, OTP카드 1개를 성명을 알 수 없는 퀵서비스 기사를 통해 위 보이스피싱 조직원에게 교부하여, 전자금융거래에 관한 접근매체를 양도하였다.",
            "피고인 00는 제1항과 같이 피고인 00 명의의 000 통장 등을 보이스피싱 조직원에게 양도하였음에도 약속된 300만 원을 받지 못하게 되자 다시 위 보이스피싱 조직원에게 통장 및 체크카드 등을 양도하면서 체크카드 1개를 더 만들어 소지하고 있다가 양도한 통장에 돈이 입금되면 위 보이스피싱 조직원보다 먼저 돈을 인출하여 사용하기로 마음먹었다.",
            "그리하여 피고인 00는 친구인 피고인 00에게 \"나에게 체크카드 2개를 만들어 주고 문자알림서비스를 신청해 두어라, 체크카드 1개를 불법 0 환전을 하는 사람들에게 보내주고 나머지 체크카드 1개를 가지고 있다가 계좌에 돈이 입금되었다는 문자메시지가 오면 우리가 그 돈을 먼저 인출하여 사용하자, 돈이 입금되었다는 문자메시지가 오면 나한테 전화를 달라\".고 제안하였다.",
            "이를 승낙한 피고인 00은 2017.2.초순경 0000에 있는 000에서 자신의 명의로 개설되어 있던 000 통장(계좌번호 2 생략)과 연결된 체크카드 1개를 추가로 발급받고 문자알림서비스를 신청하였다.",
            "그리고 피고인들은 위와 같은 공모에 따라 2017.2.12.13:00경 0000에 있는 000 앞 도로상에서 피고인 00 명의의 위 000 통장, 위 계좌와 연결된 체크카드 1개, OTP카드 1개를 성명을 알 수 없는 택배기사를 통해 위 보이스피싱 조직원에게 교부하여, 전자금융거래에 관한 접근매체를 양도하였다.",
            "피고인 00는 2016.11.12.03:00경 0000 (주소 생략)ㅇㅇㅇㅇㅇ 술집 내에서 자신의 일행들과 술을 마시던 중 손님인 피해자 공소외 2(22세)가 옆 테이블에서 일행들과 술을 먹으면서 큰소리로 고함을 지르며 대화를 한다는 이유로 피해자에게 \"계속 싸워라, 싸워라, 니 꼽나 뭘 야리노\" 라고 하였고 이에 피해자가 \"우리끼리 놀고 있으니 상관 말고 그냥 가라\"고 하자 화가 나, 갑자기 주먹으로 피해자의 뺨을 2~3회 때리는 등 폭행하였다."
        ]
    },
    "dcss": {
        "courtDcss": [
            "피고인들은 그들이 양도한 접근매체에 연결된 계좌가 불법적으로 사용될 것을 충분히 인식할 수 있었고, 실제로 전기통신금융사기(이른바 보이스피싱 범죄)에 사용되었다.피고인들의 공동범행에 대하여 보건대, 피고인들은 접근매체 양수인을 속여 계좌에 입금될 돈을 빼돌리고자 적극적으로 그 양수인과 접촉하였고, 실제로 피고인 00가 범죄로 인한 이익의 상당부분을 취하였기에, 이러한 피고인들의 공동범행은 피고인 00의 주도로 이루어졌다.",
            "피고인들은 반성하고 있고, 피고인 00는 전기통신금융사기 피해자 중 공소외 00에게 피해금의 일부를 배상하였고 공소외 00은 피고인의 처벌을 원하지 않으며,피고인 00은 초범이고, 장애를 가지고 있으며, 이러한 사정을 포함하여 형법 제51조가 정한 양형의 조건을 참작한다.",
            "피고인들과 그 변호인들은, 양도한 각 접근매체의 연결계좌가 인터넷 도박에 관한 환전에 쓰일 것으로 알았지 전기통신금융사기에 사용될 줄 몰랐다고 변소하여, 사기방조의 범의를 부인하며, 앞서 본 증거 및 피고인 00에 대한 제1회 경찰 피의자신문조서의 진술기재에 의하면, 위 각 계좌는 전기통신금융사기에 이용된 사실, 피고인 00는 각 300만 원을 받기로 하여 위 각 계좌의 접근매체를 양도한 사실, ",
            "그 중 피고인 00 명의의 계좌의 경우, 피고인 00 명의의 계좌를 통하여 전자통신금융사기가 이루어진 후 피고인 00 스스로 보이스피싱 조직원에게 연락하여 이를 양도한 사실, 피고인 00은 피고인 00에게 계좌의 접근매체를 넘겨주면서 전기통신금융사기에 사용되는지 여부를 확인한 사실을 인정할 수 있지만, 이러한 사정만으로 피고인들이 위 각 접근매체가 사기 범죄에 사용될 것임을 인식하였다고 보기에 부족하고 달리 이를 인정할 증거가 없다.",
            "횡령죄는 위탁이라는 신임관계에 반하여 타인의 재물을 보관하는 자가 이를 횡령하거나 또는 반환을 거부함으로써 성립하고(대법원 1994.11.25.선고 93도2404 판결 참조), 주위적 공소사실: 피고인들은 연결계좌가 인터넷 도박에 관한 환전에 사용되는 줄 알고 접근매체를 양도하였더라도 이를 양수한 보이스피싱 조직원은 이를 전기통신금융사기 범죄에 사용될 목적으로 양수하였고 실제 그렇게 사용하였다.",
            "따라서 피고인들과 위 접근매체를 양수한 보이스피싱 조직원 사이에 보이스피싱 조직원을 법적으로 보호할만한 위탁관계가 있다고 할 수 없으며, 더욱이 보이스피싱 조직원은 피고인 00 명의 계좌에 입금된 돈에 대하여 어떠한 권리도 가지지 않으므로, 피고인들을 보이스피싱 조직원의 재물을 보관하는 자라 할 수 없다.",
            "예비적 공소사실 : 피고인들이 피고인 00 명의 계좌가 전기통신금융사기에 사용될 것을 알았다고 볼 증거가 부족함은 앞서 본 바와 같은바, 따라서 피고인들은 위 계좌에 입금된 돈을 위 계좌의 접근매체를 양수한 자, 즉 보이스피싱 조직원 또는 그가 속한 조직의 돈으로 인식하였다고 볼 것이다.",
            "그렇다면 피고인들이 스스로를 공소외 00의 재물을 보관하는 자로 인식하였다고 볼 수 없을 뿐만 아니라, 피고인들과 전기통신금융사기 피해자 공소외 00 사이에 조리나 신의칙상 위탁관계가 성립할 수 없고, 피고인 들과 공소외 00과 사이에 계약이나 법률의 규정, 관습에 의한 위탁관계가 성립한다고 볼 자료도 없기에, 따라서 보이스피싱 조직원 또는 공소외 00의 재물을 보관하는 피고인들이 위탁관계에 반하여 이를 횡령하거나 반환을 거부하였다고 볼 증거가 없다."
        ]
    },
    "close": {
        "cnclsns": [
            "피고인들을 각 징역 6월에 처한다.",
            "다만, 이 판결 확정일부터 2년간 피고인 00에 대한 위 형의 집행을 유예한다.",
            "피고인 00에 대하여 120시간의 사회봉사를 명한다.",
            "이 사건 공소사실 중 피고인 00에 대한 사기방조의 점, 피고인 00에 대한 각 사기방조의 점, 피고인들에 대한 주위적 및 예비적 횡령의 점은 각 무죄.",
            "이 판결 중 피고인 00에 대한 무죄 부분의 요지를 공시한다."
        ]
    }
}