{
    "info": {
        "caseField": "2",
        "detailField": "6",
        "trailField": "1",
        "caseNm": "폭력행위등처벌에관한법률위반(상습특수상해인정된죄명:폭력행위등처벌에관한법률위반(상습상해)",
        "courtNm": "서울중앙지방법원",
        "judmnAdjuDe": "2018. 08. 23.",
        "caseNo": "2018고합209",
        "relateLaword": [
            "폭력행위 등 처벌에 관한 법률 제2조",
            "형법 제257조",
            "형법 제35조",
            "형법 제53조",
            "형법 제55조",
            "형사소송법 제325조"
        ],
        "qotatPrcdnt": []
    },
    "concerned": {
        "acusr": "4",
        "dedat": "1"
    },
    "org": {
        "orgJdgmnCourtNm": "",
        "orgJdgmnAdjuDe": "",
        "orgJdgmnCaseNo": ""
    },
    "disposal": {
        "disposalform": "6",
        "disposalcontent": [
            "피고인을 징역 1년 6개월에 처한다."
        ]
    },
    "mentionedItems": {
        "rqestObjet": [
            "피고인은 폭력행위 등으로 2회 이상 징역형을 받고도 누범기간 중에 다시 피해자에게 상해를 가하였다."
        ]
    },
    "assrs": {
        "acusrAssrs": [
            "검사는 피고인이 위험한 물건인 양주병으로 피해자를 폭행하여 상해를 가하였다.고 보아 이 부분 공소사실을 폭력행위등처벌에관한법률위반(상습특수상해죄로 기소하였다. "
        ],
        "dedatAssrs": []
    },
    "facts": {
        "bsisFacts": [
            "피고인은 2005, 2. 4. 수원지방법원 안산지원에서 폭력행위등처벌에관한법률위반(야간·공동공갈)죄로 징역 장기 5년, 단기 4년을 선고받고, 2005. 12. 6. 수원지방법원에서 폭력행위등처벌에관한법률위반(야간·공동상해)죄로 징역 장기 4개월, 단기 3개월을 선고받았다.",
            "2009. 9. 3. 대구지방법원에서 폭력행위등처벌에관한법률위반(집단·흉기등 상해)죄로 징역 2년을 선고받고, 2016. 4. 29, 의정부지방법원에서 폭력행위등처벌에 관한법률위반(집단·흉기 등폭행)죄로 징역 8개월을 선고받아 2016. 11. 7. 그 형의 집행을 종료하였다.",
            "피고인은 2018. 1. 3. 06:05경 0000에 있는 '0' 16호실 내에서 함께 술을 마시던 피해자 D(32세)이 자신을 무시한다는 생각에 손으로 피해자의 머리를 잡은 채 주먹으로 피해자의 얼굴을 수회 때리고 발로 피해자의 몸을 수회 걷어차 피해자에게 약 56일간의 치료가 필요한 안와 바닥 골절 등의 상해를 가하였다.",
            "이로써 피고인은 폭력행위 등으로 2회 이상 징역형을 받고도 누범기간 중에 다시 피해자에게 상해를 가하였다."
        ]
    },
    "dcss": {
        "courtDcss": [
            "피고인은 상해 등 폭력범죄로 형사처벌을 받은 전력이 다수 있고 누범기간 중임에도 또 다시 이 사건 범행을 저질렀다는 점에서 죄질이 좋지 않다.",
            "이 사건 범행으로 피해자는 전치 8주의 중한 상해를 입었다. 피해회복이나 합의가 이루어지지 못하였고, 피해자는 피고인에 대하여 강력한 처벌을 희망하고 있다. ",
            "이러한 사정은 피고인에게 불리한 정상이다.",
            "피고인은 자신의 범행을 반성하고 있고, 피해자와 합의를 위해 지속적으로 노력하고 있다.",
            "피고인은 피해자의 진료비 중 국민건강보험공단 부담 부분을 위 공단에 구상금으로 납부하였다.",
            "이러한 사정은 피고인에게 유리한 정상이다.",
            "그 밖에 피고인의 나이, 성행, 환경, 범행의 동기, 수단과 결과, 범행 후의 정황 등 모든 양형요소를 종합적으로 고려하여 양형기준에 따른 권고형의 하한을 벗어나 주문과 같이 형을 정한다.",
            "검사는 피고인이 위험한 물건인 양주병으로 피해자를 폭행하여 상해를 가하였다.고 보아 이 부분 공소사실을 폭력행위등처벌에관한법률위반(상습특수상해죄로 기소하였다. 이에 부합하는 증거로는 피해자의 진술이 있다.",
            "이 법원이 적법하게 채택하여 조사한 증거들에 의하여 인정되는 아래 사실 및 사정에 비추어 보면, 피해자의 진술만으로는 피고인이 양주병으로 피해자를 폭행하였다는 사실이 합리적인 의심이 없을 정도로 증명되었다고 인정하기에 부족하고 달리 이를 인정 할 증거가 없다.",
            "피고인은 수사기관에서 이 법정에 이르기까지 양주병으로 피해자를 폭행한 사실이 없다고 일관되게 진술하고 있다.",
            "범행장면을 목격한 일행 F, 주점 매니저 E도 수사기관과 이 법정에서 피고인이 양주병으로 피해자를 폭행하는 것을 보지 못하였다고 일관되게 진술하였다. ",
            "특히 E은 '술을 마시던 중 피고인이 피해자에게 화를 내면서 양주병을 들었으나 자신이 말렸고, 피고인은 양주병은 내려놓은 채 피해자에게 다가갔다'고 구체적으로 진술하였다.",
            "F은 피고인의 친구이기는 하나 서로 알게 된 지 한 달 정도밖에 되지 않은 사이이고, E은 주점 매니저로 사건 당일 피고인을 처음 본 사람이다. 이들과 피고인의 관계에 비추어 볼 때, 이들이 특별히 피고인을 위하여 허위로 증언하였을 것으로 보이지 않는다.",
            "피해자는 '피고인이 양주병을 든 채로 자신에게 달려들어 이마를 1회 때렸고, 그 뒤에는 머리채를 잡고 목을 꺾어 놓은 상태에서 여러 차례 가격하여 무엇으로 때렸는지 모른다'는 취지로 진술하였다.",
            "피고인은 몹시 격분한 상태에서 피해자를 폭행하였고, 피해자는 처음부터 제압당한 상태에서 일방적으로 폭행당하는 상황이었으므로, 피고인이 처음에 양주병으로 폭행하였다면 중간에 굳이 이를 내려놓고 손과 발로 폭행하였을 것으로 보이지 않는다. ",
            "피고인이 양주병으로 피해자의 이마를 폭행하였다면 피해자는 이마 부위에 골절 등 상당히 큰 상해를 입었을 것으로 생각되는데, 실제로는 이마 부위가 부풀어 오르고 표피가 까지는 상처를 입었을 뿐 위 부위에 골절 등의 내상을 입지는 않았다.",
            "피해자의 법정진술(녹취서 14쪽), 피해자의 상처부위를 찍은 사진(수사기록 12쪽). 이마 부위의 상처는 피해자가 피고인으로부터 폭행을 당하던 중 테이블 등 주변 기물에 부딪히거나 그 외 다른 원인으로 생긴 것일 가능성도 배제할 수 없다.",
            "이 부분 공소사실은 범죄의 증명이 없는 때에 해당하여 형사소송법 제325조 후단에 의하여 무죄를 선고하여야 하나, 이와 일죄의 관계에 있는 폭력행위등처벌에관한법률 위반(상습상해)죄를 유죄로 인정하는 이상 주문에서 따로 무죄를 선고하지 아니한다."
        ]
    },
    "close": {
        "cnclsns": [
            "피고인을 징역 1년 6개월에 처한다."
        ]
    }
}