{
    "info": {
        "caseField": "2",
        "detailField": "6",
        "trailField": "1",
        "caseNm": "특정경제범죄가중처벌등에관한법률위반(사기)",
        "courtNm": "서울중앙지방법원",
        "judmnAdjuDe": "2017. 11. 10.",
        "caseNo": "2017고합915",
        "relateLaword": [
            "특정경제범죄 가중처벌 등에 관한 법률 제3조\n",
            "형법 제347조",
            "구 형법(2010. 4. 15. 법률 제10259호로 개정되기 전의 것) 제42조",
            "형법 제37조",
            "형법 제39조",
            "형법 제55조",
            "형법 제53조",
            "형법 제62조"
        ],
        "qotatPrcdnt": []
    },
    "concerned": {
        "acusr": "4",
        "dedat": "1"
    },
    "org": {
        "orgJdgmnCourtNm": "",
        "orgJdgmnAdjuDe": "",
        "orgJdgmnCaseNo": ""
    },
    "disposal": {
        "disposalform": "6",
        "disposalcontent": [
            "피고인을 징역 1년에 처한다.",
            "다만, 이 판결 확정일부터 2년간 위 형의 집행을 유예한다."
        ]
    },
    "mentionedItems": {
        "rqestObjet": [
            "피고인은 피해자를 기망하여 재물을 교부받았다."
        ]
    },
    "assrs": {
        "acusrAssrs": [
            "피고인은 피해자를 기망하여 재물을 교부받았다."
        ],
        "dedatAssrs": []
    },
    "facts": {
        "bsisFacts": [
            "피고인은 C 주식회사(이하 'C'이라 한다)를 경영하던 사람으로, 2015. 9. 3. 서울고등법원에서 특정경제범죄가중처벌등에관한법률위반(사기)죄 등으로 징역 13년을 선고받아 2016. 1. 14. 그 판결이 확정되었다.",
            "C은 2003. 10. 31. D와 OOOO E 외 78필지 일대를 개발하는 내용의 'OOOO F도심재개발 사업약정'을 체결하고 D로부터 1,350억 원을 대여받았다. ",
            "이후 C과 D, OOO(이하 'OOO'이라 한다)는 위 재개발사업을 위하여 2003. 11. 20. 사업토지에 관한 부동산처분 신탁계약을, 2004. 4. 26. 자금관리 대리사무계약을 각각 체결하였다.",
            "피고인은 2004년 초경부터 위 재개발사업 공사(지하 7층, 지상 20층의 'G')를 시행함과 동시에 오피스텔과 상가 총 882개 호실에 대한 분양을 진행함에 있어(2007. 9. 28. 지하 7층, 지상 20층의 'G'을 준공하였다.",
            "준공시까지 총 882개 호실 중 약 60개 호실이 미분양되었다), 분양약정에 따라 위 G 준공일인 2007. 9. 28.경까지는 수분양자들로 하여금 분양대금을 신탁회사인 OOO으로 입금하도록 하여 소유권이전등기를 마쳐주어야 한다.",
            "피고인은 2007. 5. 7. 서울 OOOO H에 있는 C 분양사무실에서 분양담당직원 I을 통해 피해자 J에게 분양계약을 체결하고 분양대금을 완납하면 틀림없이 이전등기를 해주겠다는 취지로 말하였다.",
            "피고인은 이에 속은 피해자로 하여금 피해자의 아들(K) 명의로 G 오피스텔 6층 619호를 분양대금 632,860,000원에 분양받는 계약을 체결하게 한 다음, 피해자로부터 2007. 5. 7. 계약금 명목으로 70,000,000원, 같은 해 5. 10. 1차 중도금 명목으로 230,000,000원을 교부받았다.",
            "같은 해 7. 12. 2차 중도금 명목으로 240,000,000원, 2008. 2. 28. 잔금 명목으로 3,839,930원 등 543,839,930원을 C 계좌로 각 입금받고, 2008. 3. 3. 위 C 분양사무실에서 I을 통해 최종 잔금 명목으로 89,022,930원을 건네받아 합계 632,862,000원을 교부받았다."
        ]
    },
    "dcss": {
        "courtDcss": [
            "범죄사실에 대한 해당법조: 특정경제범죄 가중처벌 등에 관한 법률 제3조 제1항 제2호, 형법 제347조 제1항[다만 형의 상한은 구 형법(2010. 4. 15, 법률 제10259호로 개정되기 전의 것) 제42조 본문에 따른다.] ",
            "이 사건 범행은 건설회사 대표인 피고인이 도심재개발 사업으로 신축하는 오피스텔의 1개 호실을 분양하고서 분양대금을 처분신탁계약에 따른 신탁회사의 계좌가 아닌 자신이 운영하는 회사의 계좌로 입금받고, 이후 소유권이전등기를 해주지 못한 것이다.",
            "편취금액이 크고, 분양 후 거의 10년이 지났음에도 피해회복이 전혀 이루어지지 않은 점에서 죄질과 범정이 가볍지 않다.",
            "피고인이 최초 분양시부터 계획적으로 분양대금을 편취할 의도로 사업을 진행하였다기보다 건물을 준공, 분양하는 과정에서 건설경기 침체로 자금난에 빠진 것이 하나의 범행 동기가 된 것으로 보이고, 피해자로부터 받은 분양대금은 회사 운영자금 등의 용도로 사용되었을 가능성이 높다. ",
            "피해자가 외국에 거주하여 피고인에 대한 고소가 뒤늦게 이루어졌고, 피고인은 이 사건 범행과 같은 위 건물의 수분양자들에 대한 사기 범죄 등으로 중형을 선고받아 복역하고 있어 이와 동시에 판결할 경우와의 형평을 고려하여야 한다."
        ]
    },
    "close": {
        "cnclsns": [
            "피고인을 징역 1년에 처한다.",
            "다만, 이 판결 확정일부터 2년간 위 형의 집행을 유예한다."
        ]
    }
}