{
    "info": {
        "caseField": "2",
        "detailField": "6",
        "trailField": "1",
        "caseNm": "명예훼손",
        "courtNm": "수원지방법원",
        "judmnAdjuDe": "2012. 06. 21.",
        "caseNo": "2012고정556",
        "relateLaword": [
            "형법 제310조\n",
            "형사소송법 제325조",
            "형법 제58조"
        ],
        "qotatPrcdnt": []
    },
    "concerned": {
        "acusr": "4",
        "dedat": "1"
    },
    "org": {
        "orgJdgmnCourtNm": "",
        "orgJdgmnAdjuDe": "",
        "orgJdgmnCaseNo": ""
    },
    "disposal": {
        "disposalform": "10",
        "disposalcontent": [
            "피고인은 무죄로 판결한다."
        ]
    },
    "mentionedItems": {
        "rqestObjet": [
            "피고인으 공연히 사실을 적시하여 피해자의 명예를 훼손하였다."
        ]
    },
    "assrs": {
        "acusrAssrs": [],
        "dedatAssrs": []
    },
    "facts": {
        "bsisFacts": [
            "피고인은 피해자인 00 00가 장애인을 망치로 수 차례 폭행하여 상해를 가하였다는 취지의 신문기사를 읽고 그 내용이 사실이라고 오인하였다.",
            "피고인의 주거지 근처에서 1인 시위를 하는 방법으로 피고인을 비방하여 00에서 낙선시킬 목적으로 2011. 5. 30. 17:50경 피해자 00가 거주하고 있는 0000 00000 입구에서 장애인을 망치로 폭행한 시의원은 즉각 사퇴하라라고 적힌 피켓을 목에 걸고 아파트 주민들이 다니는 정문입구에 서 있는 방법으로 공연히 사실을 적시하여 피해자의 명예를 훼손하였다."
        ]
    },
    "dcss": {
        "courtDcss": [
            "이 사건 공소사실 자체에서 보더라도, 피고인이 1인 시위에 사용한 피켓에는 장애인을 망치로 폭행한 시의원 이라고만 기재되어 있지 그 사람이 00임을 추측할 수 있게 하는 어떠한 문구도 사용하지 않았다.",
            "00가 7명으로 구성되어 있고 그 중 000 의원이 4명이라고 하더라도 그것만으로 피고인이 00를 가리켜 장애인을 망치로 폭행한 시의원이라고 지적하였다고 추단할 수는 없는 일이며, 집합적 명칭에 의한 명예훼손이라고 할 수도 없다.",
            "그러므로 피고인이 기재한 문구내용만으로는 00의 명예를 훼손하였다고 볼 여지가 없다.",
            "뿐만 아니라 가사 위 시위 피켓에 의하여 00가 피해자로 특정 되었다고 가정하더라도, 00에 대한 기사가 2011. 5. 1. 신문(000)에 게재됨으로써 피고인이 00가 망치로 장애인을 폭행하였다는 것을 진실한 것으로 믿었다고 하더라도 그렇게 믿을만한 상당한 이유가 존재한다고 판단된다.",
            "망치폭행 시의원에 대하여 사퇴를 촉구하는 행위는 공공의 이익에 관한 것이므로 형법 제310조에 의하여 위법성이 조각 되어 범죄가 되지 아니한다."
        ]
    },
    "close": {
        "cnclsns": [
            "이 사건 공소사실은 범죄의 증명이 없는 경우에 해당하므로, 형사소송법 제 325조 후단에 의하여 무죄를 선고한다.",
            "아울러 형법 제58조 제2항에 의하여 이 사건 판결의 요지를 공시한다. "
        ]
    }
}