{
    "info": {
        "caseField": "2",
        "detailField": "6",
        "trailField": "1",
        "caseNm": "사기",
        "courtNm": "청주지방법원",
        "judmnAdjuDe": "2013. 11. 20.",
        "caseNo": "2013고단1482",
        "relateLaword": [
            "형법 제347조",
            "형법 제37조",
            "형법 제38조",
            "형법 제50조"
        ],
        "qotatPrcdnt": []
    },
    "concerned": {
        "acusr": "4",
        "dedat": "1"
    },
    "org": {
        "orgJdgmnCourtNm": "",
        "orgJdgmnAdjuDe": "",
        "orgJdgmnCaseNo": ""
    },
    "disposal": {
        "disposalform": "6",
        "disposalcontent": [
            "피고인을 징역 3년에 처한다."
        ]
    },
    "mentionedItems": {
        "rqestObjet": [
            "피고인을 징역 3년에 처한다."
        ]
    },
    "assrs": {
        "acusrAssrs": [],
        "dedatAssrs": []
    },
    "facts": {
        "bsisFacts": [
            "피고인은 2012. 11. 11.경 불상의 장소에서 피해자 ㅇㅇㅇ에게 \"내가 알고 지내는 형 중에 ㅇㅇㅇ이라는 사람이 있는데 000의 고위직을 잘 알고 있다. 000 고위직에게 골프채를 하나 선물하면서 당신 아들의 취업을 부탁하려 하니 ㅇㅇㅇ에게 3,000,000원을 송금해라\" 는 취지의 거짓말을 하였다.",
            "그러나 사실 피고인은 피해자의 아들을 위 000에 취업시켜 줄 의사나 능력이 없었다. ",
            ".피고인은 이에 속은 피해자로부터 즉석에서 취업 부탁을 위한 골프채 구입 대금 명목으로 ㅇㅇㅇ명의의 000계좌(계좌번호)를 통해 3,000,000원을 송금 받았다.",
            "피고인은 이를 비롯하여 2012. 11. 11.경부터 2013. 7. 23.경까지 피해자로부터 총 12회에 걸쳐 합계 254,400,000원을 교부받았다.",
            "이로써 피고인은 피해자를 기망하여 재물을 교부받았다"
        ]
    },
    "dcss": {
        "courtDcss": [
            "피고인이 범행을 자백하고 있는 유리한 정상이다.",
            "이 사건 범행 수법이 불량하고, 피해액수가 254,400,000원에 이름에도 피해자와 합의되지 않은 점, 피해자는 이 사건으로 극심한 경제적·정신적 고통을 받고 있는 점 등을 인정한다.",
            "피해자가 피고인의 엄벌을 탄원하고 있는 점, 피고인은 동종 범행으로 처벌받은 전력이 있는 점 등 불리한 정상 및 기타 피고인의 나이, 성행, 환경, 범행의 경위, 범행 후의 정황 등 제반 양형요소를 참작하여 형을 정한다."
        ]
    },
    "close": {
        "cnclsns": [
            "피고인을 징역 3년에 처한다."
        ]
    }
}