{
    "info": {
        "caseField": "2",
        "detailField": "6",
        "trailField": "1",
        "caseNm": "특정범죄가중처벌등에관한법률위반(운전자폭행등)",
        "courtNm": "서울중앙지방법원",
        "judmnAdjuDe": "2014. 05. 30.",
        "caseNo": "2014고합243",
        "relateLaword": [
            "특정범죄 가중처벌 등에 관한 법률 제5조",
            "형법 제53조",
            "형법 제55조",
            "형법 제62조"
        ],
        "qotatPrcdnt": []
    },
    "concerned": {
        "acusr": "4",
        "dedat": "1"
    },
    "org": {
        "orgJdgmnCourtNm": "",
        "orgJdgmnAdjuDe": "",
        "orgJdgmnCaseNo": ""
    },
    "disposal": {
        "disposalform": "8",
        "disposalcontent": [
            "피고인을 징역 1년 6월에 처한다.",
            "다만, 이 판결 확정일부터 2년간 위 형의 집행을 유예한다."
        ]
    },
    "mentionedItems": {
        "rqestObjet": [
            "피고인을 징역 1년 6월에 처한다."
        ]
    },
    "assrs": {
        "acusrAssrs": [],
        "dedatAssrs": []
    },
    "facts": {
        "bsisFacts": [
            "피고인은 2013. 10. 4. 22:45경 피해자 C(49세)이 운행하는 D영업용택시를 타고 0000에 이르러 술에 취한 피고인으로부터 정확한 목적지를 듣지 못하여 인근 000를 찾아가고 있는 피해자에게 욕설을 하였다.",
            "피고인은 발로 피해자의 옆 구리를 1회 걷어차고 주먹으로 피해자의 얼굴을 2회 때리고 피해자의 어깨와 팔을 수회잡아 당기고 계속하여 같은 000동에 있는 지하철 00000역 부근도로에서 신호대기중이던 피해자에게 다시 욕설을 하면서, 피해자의 얼굴을 주먹으로 때리고 어깨와 팔을 잡아당겼다.",
            "피고인은 운행중인 자동차의 운전자인 피해자를 폭행하여, 피해자로 하여금 약7일간의 치료를 요하는 경추부우상완부우수조관절부좌상 등에 이르게 하였다."
        ]
    },
    "dcss": {
        "courtDcss": [
            "피고인에게 불리한 정상으로는, 피고인이 야간에 교통량이 많은 도로를 주행중인 택시안에서 별다른 이유도 없이 욕설을 하며 택시기사인 피해자의 옆구리를 발로 차고, 얼굴을 주먹으로 때리는 등 폭행을 가하여 피해자에게 상해를 입힌 것이어서 그 죄질이 좋지 아니한 점, 이 사건 범행은 자칫 대형 교통사고로 이어져 피고인 자신 뿐만 아니라, 다수의 인명피해와 재산상 손해를 야기할 위험성이 대단히 높은 중대 범죄인 점 등이 있다.",
            "이 사건 범행으로 인하여 피해자가 입은 상해의 정도가 비교적 경미하고 피고인이 피해자와 원만히 합의하여 피해자가 피고인에 대한 처벌을 원치 않고 있는 점, 피고인은 초범이고 뒤늦게나마 이 법정에 이르러서는 자신의 잘못을 모두 인정하고 진지한 반성을 하고 있는 점이 있다.",
            "이제는 주량을 넘는 술을 마시기만 하면 욕설을하는 등 평소와 다르게 공격적으로 변하는 자신의 잘못된 습관을 고치겠다고 다짐하는등 재범의 위험성도 적어보이고, 처와 고등학교와 중학교에 다니는 두딸을 부양하고 있을뿐만 아니라, 혼자 생활하고 있는 고령의 노모에 대한 경제적인 지원까지 책임지고 있는 점 등 피고인에게 유리한 정상이 적지않다.",
            "여기에다가 피고인의 연령, 성행, 환경, 직업, 건강상태, 범행의동기, 수단 및 결과, 범행후의 정황등 이 사건 변론에 드러난 제반양형조건과 위 양형기준의 정함 등을 고려할때 피고인에 대하여는 당장의 실형보다는 이번에 한하여 형의집행을 유예함이 옳다고 보고서 위와 같이 형을 정하였다. "
        ]
    },
    "close": {
        "cnclsns": [
            "피고인을 징역1년6월에 처한다.",
            "이 판결확정일부터 2년간 위형의 집행을 유예한다."
        ]
    }
}