{
    "info": {
        "caseField": "2",
        "detailField": "6",
        "trailField": "1",
        "caseNm": "부정수표단속법위반(일부인정된죄명유가증권위조),유가증권위조,위조유가증권행사(일부인정된죄명위조유가증권행사)",
        "courtNm": "의정부지방법원 고양지원",
        "judmnAdjuDe": "2019. 01. 03.",
        "caseNo": "2018고단870,2288(병합),2521(병합)",
        "relateLaword": [
            "부정수표 단속법 제2조",
            "부정수표 단속법 제5조",
            "형법 제214조",
            "형법 제217조",
            "형법 제347조",
            "형법 제37조",
            "형법 제38조",
            "형법 제50조",
            "구 형법 제70조",
            "구 형법 제69조",
            "부정수표 단속법 제6조",
            "형사소송법 334조"
        ],
        "qotatPrcdnt": []
    },
    "concerned": {
        "acusr": "4",
        "dedat": "1"
    },
    "org": {
        "orgJdgmnCourtNm": "",
        "orgJdgmnAdjuDe": "",
        "orgJdgmnCaseNo": ""
    },
    "disposal": {
        "disposalform": "6",
        "disposalcontent": [
            "피고인을 징역5년 및 벌금 400,000,000원에 처한다",
            "피고인이 위 벌금을 납입하지 아니하는 경우 400,000원을 1일로 환산한 기간 피고인을 노역장에 유치한다. ",
            "위 벌금에 상당한 금액의 가납을 명한다. "
        ]
    },
    "mentionedItems": {
        "rqestObjet": [
            "피고인은 2002.4.중순경 불상지에서 전화를 이용하여 피해자에게 \"어음을 막아야하는데 자금이 막혀있으니 자금을 차용해주면 수금이 되는대로 변제해주겠다\" 라고 거짓말을 하으나 피고인은 제대로 변제할 의사나 능력이 없었다. ",
            "이에 속은 피해자로부터 차용금 명목으로 돈을 송금받은 것을 비롯하여 총 4회에 걸쳐 피해자를 기망하고 재물을 교부받았다."
        ]
    },
    "assrs": {
        "acusrAssrs": [],
        "dedatAssrs": []
    },
    "facts": {
        "bsisFacts": [
            "피고인은 2002.7.27.경 0000에 있는 피고인이 운영하는 어음수표 할인 사채업 사무실에서, 지급지 '000', 액면금 '14,750,000원', 발행일 '2002.10.27.'로 기재된 당좌수표 1장(수표번호 2생략)을 발행하여 성명불상자에게 유통한 뒤, 같은 해 10.28.경 최종소지인인 공소외 00가 000을 통해 지급제시를 하였으나 같은 해 9.17.거래정지로 인하여 지급되지 아니하게 하였다.",
            "피고인은 2002.4.경 0000 (주소 1 생략)에 있는 있는 ‘0‘라는 상호의 어음수표 할인 사채업 사무실에서, 그곳에 근무하던 직원 공소외 00 가 피고인의 지시로 공소외 6 으로부터 다른 수표의 할인을 의뢰받으면서 견질용으로 함께 교부받은 000 발행 액면금 및 지급기일란 백지 당좌수표 2장[ (수표번호 3 생략), (수표번호 4 생략)]을 공소외 00 로부터 전달받아 보관하던 중이었다.",
            "그 무렵 불상지에서 행사할 목적으로 권한 없이 위 (수표번호 3 생략)당좌수표의 액면금란에 '일천팔백이십만원정', 지급기일란에 '2002.8.30.'이라고 임의로 기재하고, 위 (수표번호 4 생략)당좌수표의 액면금란에 '이천만원정', 지급기일란에 '2002.9.6.'이라고 임의로 기재하는 방법으로 위 당좌수표 2장을 위조한 다음, 이를 마치 정상적으로 작성된 수표인 것처럼 성명불상자에게 교부하여 행사하였다.",
            "피고인은 이를 비롯하여, 그 무렵부터 2002.8.27.경까지 사이에 별지 범죄일람표(1)순번 1 내지 5 기재와 같이 총 5회에 걸쳐 위와 같이 수표 할인 의뢰와 함께 담보 목적의 견질용으로 교부한 수표 5장을 위조하고 같은 표 순번 6기재와 같이 교부한 수표 1장의 배서 부분을 위조한 뒤 이를 각 행사하였다.",
            "피고인은 2002.7.10.15:00경 0000 경부고속도로 인터체인지 부근 휴게소에서, 직원 공소외 00 가 공소외 7 로부터 다른 약속어음의 할인 의뢰와 함께 견질용으로 함께 교부받은 공소외 7 의 부친 공소외 8 명의 약속어음 1장[ ◎◎◎◎◎◎◎, (수표번호 5 생략)] 을 공소외 00 로부터 전달받아 보관하던 중이었다.",
            "그 무렵 불상지에서 행사할 목적으로 권한 없이 위 어음의 액면금액란에 '28,400,000원', 지급기일란에 '2002.9.24.'이라고 임의로 기재하는 방법으로 위 어음 1장을 위조한 다음, 이를 마치 정상적으로 작성된 어음인 것처럼 행세하면서 성명불상자에게 교부하여 행사하였다.",
            "피고인은 이에 속은 피해자로부터 같은 날 000 발행의 액면금 20,000,000원 상당의 어음 1장(수표번호 6 생략)을 교부받고, 같은 해 6.30.경 위와 같은 방법으로 같은 은행 발행의 21,000,000원 상당의 당좌수표 1장(수표번호 7 생략)을 교부받아 합계 41,000,000원 상당의 어음 및 당좌수표를 편취하였다.",
            "이를 비롯하여, 그 무렵부터 2002.8.경까지 사이에 별지 범죄일람표(2)순번 1, 2, 3, 5, 8, 9, 10번 기재와 같이 위와 같은 방법으로 피해자들을 기망하여 액면금 합계 419,021,300원(순번 1, 2, 3, 5, 8, 10번)상당의 수표 12장 및 어음 7장과 백지어음 1장(순번 9번)을 교부받아 편취하였다.",
            "피고인은 2002.6.18.0000 소재 공소외 00 회사에서 별지 범죄일람표(2)순번 4번 기재와 같이 공소외 00로부터 견질용으로 받은 액면금 및 발행일 백지 당좌수표의 금액란에 25,000,000원, 발행일란에 2002.11.6.이라고 임의로 금액을 기재한 후 공소외 00 회사의 직원에게 제시하여 할인금 명목으로 23,841,096원을 교부받았다.",
            "같은 표 순번 6, 7번 기재 와 같이 할인금 합계 73,441,096원을 교부받아 이를 편취하였다.",
            "피고인은 이에 속은 피해자로부터 같은 해 5.20.경 피고인 명의 000 계좌로 22,000,000원을 차용금 명목으로 송금 받은 것을 비롯하여, 그 무렵부터 같은 해 6.29.경까지 사이에 별지 범죄일람표(3)순번 2, 4, 6번 기재와 같이 총 3회에 걸쳐 위와 같이 피해자를 기망하여 합계 47,000,000원을 송금 받아 이를 편취하였다.",
            "피고인은 2002.3.22.경 0000 (주소 5 생략)에 있는 피해자 공소외 00 회사 영업소에서, 부하직원을 통해 피해자의 어음수표 할인 업무 담당 성명불상 직원에게 ‘000 대표 공소외 00'이라고 배서한 액면금 14,000,000원 상당의 공소외 00 주식회사 발행의 약속어음 1장(수표번호 8 생략)을 제시하면서 할인을 의뢰하였다.",
            "피고인은 이에 속은 피해자로부터 즉석에서 위 어음에 대한 할인금 명목의 13,530,351원을 교부받은 것을 비롯하여, 그 무렵부터 2002.6.17.경까지 사이에 별지 범죄일람표(4)기재와 같이 총 22회에 걸쳐 위와 같은 방법으로 피해자를 기망하여 합계 324,502,249원을 교부받아 이를 편취하였다.",
            "피고인은 2002.3.13.경 0000 (주소 6 생략)에 있는 피해자 공소외 00 회사 영업소에서, 부하직원을 통해 피해자의 어음수표 할인 업무 담당 성명불상 직원에게 ‘000 대표 공소외 00'이라고 배서한 액면금 12,000,000원 상당의 공소외 00 주식회사 발행의 약속어음 1장(수표번호 9 생략)을 제시하면서 할인을 의뢰하였다.",
            "피고인은 이에 속은 피해자로부터 즉석에서 위 어음에 대한 할인금 명목의 11,254,357원을 교부받은 것을 비롯하여, 그 무렵부터 2002.7.3.경까지 사이에 별지 범죄일람표(5)기재와 같이 총 23회에 걸쳐 위와 같은방법으로 피해자를 기망하여 합계 353,192,671원을 교부받아 이를 편취하였다.",
            "피고인은 2002.4.23.경 0000(주소 1 생략)에 있는 '0'라는 상호의 어음수표 할인 사채업 사무실에서, 위 사무실 직원 공소외 00를 통하여 공소외 00으로부터 000 발행 액면금 및 지급기일란이 모두 백지인 당좌수표 1장(수표번호 10 생략)에 대하여 액면금과 지급기일을 기재할 때에는 반드시 공소외 00과 사전에 상의해서 기재하기로 하는 조건으로 할인 의뢰받아 보관하던 중이었다.",
            "그 무렵 불상지에서 공소외 00과 사전에 아무런 상의 없이 위 당좌수표의 액면금란에 '이천일백오십팔만원정', 지급기일란에 '2002.9.26.'이라고 임의로 기재하는 방법으로 위 당좌수표를 위조한 다음, 이를 마치 정상적으로 작성된 당좌수표인 것처럼 성명불상자에게 교부하여 행사하였다.",
            "그때부터 같은 해 6.15.경까지 별지 범죄 일람표(6)기재와 같이 11회에 걸쳐 위와 같이 권한 없이 공소외 00 명의 수표 11장을 위조한 뒤 이를 행사하였다.",
            "피고인은 2002.4.30.경 0000 (주소 1 생략)에 있는 ‘0‘라는 상호의 어음수표 할인 사채업 사무실에서, 그곳에 근무하던 직원 공소외 00 가 피고인의 지시로 공소외 00로부터 다른 수표의 할인을 의뢰받으면서 견질용으로 함께 교부 받은 000 발행 액면금 및 지급기일란 백지 당좌수표 1장(수표번호 11 생)을 공소외 00 로부터 전달받아 보관하였다.",
            "그러던 중, 그 무렵 불상지에서 행사할 목적으로 권한 없이 위(수표번호 11 생략)당좌수표의 액면금액란에 27,350,000원, 지급기일란에 2002.9.6.이라고 임의로 기재하는 방법으로 위 당좌수표 1장을 위조한 다음, 이를 마치 정상적으로 작성한 수표인 것처럼 성명불상자에게 교부하여 행사하였다.",
            "피고인은 이를 비롯하여, 그 무렵부터 2002.5.29.경까지 사이에 별지 범죄일람표(7)기재와 같이 3회에 걸쳐 위와 같이 공소외 00의 수표 할인 의뢰 및 담보 목적의 견질용으로 교부받은 수표 3장을 위조한 뒤 성명불상자에게 이를 교부하여 행사하였다."
        ]
    },
    "dcss": {
        "courtDcss": [
            "이 사건 각 범행은 피고인이 많은 어음과 수표를 위조하고, 할인금을 편취한 사안으로 범행방법이 불량하고 편취액이 다액이다.",
            "피해자들과 합의가 되지 않았고 달리 피해회복을 위하여 노력하였다고 볼 만한 사정도 없다.",
            "피고인은 이 사건 각 범행 후 수사기관의 출석에 임의로 불응하고 미국으로 도주하여 15년간 잠적하는 등 범행 후 정황도 좋지 않다.",
            "다만, 피고인이 이 사건 각 범행을 인정하면서 반성하고 있는 점, 자수한 점, 벌금형을 넘는 형사처벌을 받은 전력은 없는 점, 피고인의 건강상태가 좋지 않은 점 등을 피고인에게 유리한 정상으로 참작한다.",
            "그밖에 피고인의 나이, 성행, 가족관계, 범행의 동기 및 경위, 범행 후의 정황 등 이 사건 기록 및 변론에 나타난 여러 양형요소들을 종합적으로 고려하여 주문과 같이 형을 정한다.",
            "부정수표단속법 제5조 는 \"수표를 위조 또는 변조한 자\"를 처벌하도록 되어 있고, 부정수표단속법 제1조 는 부정수표 등의 \"발행\"을 단속·처벌함을 목적으로 하고 있다.",
            "또한 형법 제214조 제1항 은 유가증권의 위조를, 제2항은 유가증권의 권리의무에 관한 기재의 위조를 각 처벌하고 있어, 기본적 증권행위인 유가증권의 발행에 관련한 위조와 부수적 증권행위인 발행된 유가증권에 대한 배서, 인수, 보증의 유가증권의 권리, 의무에 관한 기재의 위조를 구별하고 있다.",
            "이러한 점에 비추어 보면 부정수표단속법 제5조에서 정한 수표의 \"위조\"라 함은 타인의 명의를 모용하여 수표를 \"발행\"하는 행위만을 의미할 뿐, 수표의 배서를 위조하는 행위까지 포함하는 것으로 볼 수 없다(다만 공소장변경 절차를 거치지 아니하고 유가증권의 권리의무에 관한 기재를 위조하고 행사한 것으로 보고 형법 제214조 제2항, 제1항, 제217조 를 적용하여 이를 유죄로 인정한다).",
            "따라서 이 부분 공소사실은 범죄가 되지 아니하는 경우에 해당하여 형사소송법 제325조 전단에 의하여 무죄를 선고하여야 할 것이나, 동일한 공소사실의 범위 내에서 공소장의 변경절차 없이 유가증권위조죄 및 동행사죄를 유죄로 인정하는 이상 주문에서 따로 무죄를 선고하지 아니한다.",
            "이 법원이 적법하게 채택하여 조사한 증거에 의하여 인정되는 다음과 같은 사정, 즉 공소외 00 는 경찰에서 피고인이 돈을 빌려주면 변제하겠다고 기망하여 7회에 걸쳐 145,625,000원(위 98,625,000원 포함)을 송금하여 주었다는 취지로 진술하였다.",
            "검찰에서 위 145,625,000원 중 2002.5.20.경 2,200만 원, 2002.6.24.경 1,000만 원, 2018.6.29.경 1,500만 원 등 합계 4,700만 원 부분은 피고인이 자신에게 돈을 빌려 달라고 하여 송금한 것이 맞다고 진술하였다.",
            "나머지 송금내역은 피고인이 자신에게 어음을 할인받아 오라고 하여 자신이 지인들에게 어음을 할인받은 금액을 송금해 준 것으로, 자신이 처벌을 원하는 부분은 위 4,700만 원 송금부분이라고 진술을 변경하였다.",
            "이 법정에서도 피고인에게 빌려 준 것도 있고 어음할인금을 송금해 준 것도 있는데 기억이 잘 나지 않으며, 피고인에게 어음할인금을 송금해 준 이후 부도가 나서 자신이 피고인의 요청에 따라 지인들에게 변제를 한 부분도 고소내용에 포함되어 있다는 취지로 진술하였다(녹취서 18, 19쪽).",
            "검사가 제출한 증거들만으로 피고인이 이 부분 공소사실 기재와 같이 피해자를 기망하여 위 4,700만 원을 넘는 부분을 편취하였다고 보기 어렵고, 달리 이를 인정할 만한 증거가 없다.",
            "따라서 이 부분 공소사실은 범죄사실의 증명이 없는 경우에 해당하여 형사소송법 제325조 후단에 따라 무죄를 선고하여야 할 것이나, 이와 포괄일죄의 관계에 있는 판시 공소외 00 에 대한 사기죄를 유죄로 인정하는 이상 주문에서 따로 무죄를 선고하지 아니한다."
        ]
    },
    "close": {
        "cnclsns": [
            "피고인을 징역 5년 및 벌금 400,000,000원에 처한다.",
            "피고인이 위 벌금을 납입하지 아니하는 경우 400,000원을 1일로 환산한 기간 피고인을 노역장에 유치한다.",
            "위 벌금에 상당한 금액의 가납을 명한다."
        ]
    }
}