{
    "info": {
        "caseField": "2",
        "detailField": "6",
        "trailField": "1",
        "caseNm": "주민등록법위반, 국민건강보험법위반,사기",
        "courtNm": "광주지방법원",
        "judmnAdjuDe": "2017. 08. 17.",
        "caseNo": "2017고단1601",
        "relateLaword": [
            "구 주민등록법 제37조",
            "국민건강보험법 제115조",
            "형법 제347조",
            "형법 제37조",
            "형법 제39조",
            "형법 제38조",
            "형법 제50조",
            "형법 제62조"
        ],
        "qotatPrcdnt": []
    },
    "concerned": {
        "acusr": "4",
        "dedat": "1"
    },
    "org": {
        "orgJdgmnCourtNm": "",
        "orgJdgmnAdjuDe": "",
        "orgJdgmnCaseNo": ""
    },
    "disposal": {
        "disposalform": "6",
        "disposalcontent": [
            "피고인을 징역 6월에 처한다."
        ]
    },
    "mentionedItems": {
        "rqestObjet": [
            "피고인은 총 31회에 걸쳐 다른 사람의 주민등록번호를 부정사용하였다.",
            "피고인은 총 31회에 걸쳐 부정한 방법으로 총 235,700원의 보험급여를 받았다.",
            "피고인은 총 43회에 걸쳐 다른 사람의 주민등록번호를 부정사용하였다.",
            "피고인은 피해자 국민건강보험공단을 기망하여 피해자로부터 총 84회에 걸쳐 합계 842,766원의 보험급여를 받아 편취하였다."
        ]
    },
    "assrs": {
        "acusrAssrs": [],
        "dedatAssrs": []
    },
    "facts": {
        "bsisFacts": [
            "피고인은 2017. 7. 19. 인천지방법원에서 주민등록법 위반죄와 국민건강보험법 위반 죄로 징역 6월에 집행유예 1년을 선고받아 2017. 7. 27. 그 판결이 확정되었다.",
            "피고인은 2014. 2. 7.경 0000에 있는 D내과의원에서 E의 주민등록번호를 알고 있는 것을 이용하여 진료받을 때 E의 이름과 주민등록번호를 사용한 것을 비롯하여 그 무렵부터 2016. 10. 18.까지 별지 범죄일람표 1 기재와 같이 총 31회에 걸쳐 다른 사람의 주민등록번호를 부정사용하였다.",
            "누구든지 거짓이나 그 밖의 부정한 방법으로 보험급여를 받거나 타인으로 하여금 보험급여를 받게 하여서는 아니 되지만, 피고인은 제1항 기재 일시, 장소에서 E의 이름을 사용하여 진료를 받고 8,060원에 해당하는 보험급여를 받은 것을 비롯하여 그 무렵부터 2016. 10. 18.까지 별지 범죄일람표 1 기재와 같이 총 31회에 걸쳐 부정한 방법으로 총 235,700원의 보험급여를 받았다.",
            "피고인은 2014. 1. 22.경 0000에 있는 G병원에서 H의 주민등록번호를 알고 있는 것을 이용하여 진료받을 때 H의 이름과 주민등록번호를 사용한 것을 비롯하여 그 무렵부터 2016. 12. 30.경까지 별지 범죄일람표 2 중 병원 진료 해당 부분 각 기재와 같이 총 43회에 걸쳐 다른 사람의 주민등록번호를 부정사용하였다.",
            "피고인은 제1항 기재, 일시 장소에서 위 G병원에 근무하는 성명불상의 직원에게 마치 자신이 보험료를 정당하게 지급하고 있는 H인 것처럼 행세하여 H의 주민등록번호를 이용하여 진료 및 처방을 받는 방법으로 피해자 국민건강보험공단을 기망하여 피해자로부터 9,580원 상당의 보험급여를 받았다.",
            "이를 비롯하여 그 무렵부터 2016. 12. 30.경까지 별지 범죄일람표 2 기재와 같이 총 84회에 걸쳐 피해자로부터 합계 842,766원의 보험급여를 받아 편취하였다."
        ]
    },
    "dcss": {
        "courtDcss": [
            "이미 동종 범죄로 여러 차례 벌금형을 받았음에도 재범한 점은 불리한 정상이나, 편취하거나 부정하게 수급한 보험급여액이 비교적 다액은 아니고 국민건강보험공단에 이를 모두 반환한 점, 범행을 자백하면서 잘못을 반성하고 있는 점 등을 유리한 정상으로 참작한다.",
            "피고인이 이 사건 범행에 이르게 된 경위(우울장애, 강박장애 등을 앓고 있어 이에 대한 약을 수월하게 처방받으려 함), 이 사건 각 범죄를 판시 첫머리 기재와 같이 판결이 확정된 각 죄와 동시에 재판하였을 경우와의 형평 등을 고려한다."
        ]
    },
    "close": {
        "cnclsns": [
            "피고인을 징역 6월에 처한다.",
            "다만, 이 판결 확정일부터 2년간 위 형의 집행을 유예한다."
        ]
    }
}