{
    "info": {
        "caseField": "2",
        "detailField": "6",
        "trailField": "1",
        "caseNm": "강도상해",
        "courtNm": "울산지방법원",
        "judmnAdjuDe": "2017. 12. 22.",
        "caseNo": "2017고합352",
        "relateLaword": [
            "채권의 공정한 추심에 관한 법률 제15조",
            "채권의 공정한 추심에 관한 법률 제9조",
            "형법 제337조",
            "형법 제30조",
            "형법 제52조",
            "형법 제55조",
            "형법 제53조",
            "형법 제62조"
        ],
        "qotatPrcdnt": []
    },
    "concerned": {
        "acusr": "4",
        "dedat": "1"
    },
    "org": {
        "orgJdgmnCourtNm": "",
        "orgJdgmnAdjuDe": "",
        "orgJdgmnCaseNo": ""
    },
    "disposal": {
        "disposalform": "6",
        "disposalcontent": [
            "피고인들을 각 징역 2년에 처한다.",
            "다만, 이 판결 확정일로부터 각 3년간 피고인들에 대한 위 각 형의 집행을 유예한다.",
            "피고인들에게 각 120시간의 사회봉사를 명한다."
        ]
    },
    "mentionedItems": {
        "rqestObjet": [
            "피고인들을 각 징역 2년에 처한다.",
            "다만, 이 판결 확정일로부터 각 3년간 피고인들에 대한 위 각 형의 집행을 유예한다.",
            "피고인들에게 각 120시간의 사회봉사를 명한다."
        ]
    },
    "assrs": {
        "acusrAssrs": [
            "피고인들은 공모하여 피해자의 재물을 강취하고, 피해자에게 약 2주간의 치료를 요하는 얼굴 타박상 등을 가하였다."
        ],
        "dedatAssrs": [
            "사실관게는 모두 인정하나 피고인들에게 절도 또는 강도의 고의가 없었다.",
            "단지 채권추심 현장에서 폭행이 있었고, 현장을 벗어나는 과정에서 피해자에 대한 추가 폭행으로 상해가 발생한 것이다 ",
            "따라서 이 사건은 강도상해가 아니라 채권의 공정한추심에 관한 법률위반죄와 상해죄로 의율되어야 한다."
        ]
    },
    "facts": {
        "bsisFacts": [
            "피고인 B은 무등록 사채업을 하는 사람이고, 피고인 A은 오토바이를 타고 다니면서 일수 명함을 길거리에 뿌리는 등 위 B을 도와주는 사람이다.",
            "피고인 B은 2017.2.경 피해자 D(33세)에게 선이자 10만원과 하루에 3만원씩 44일간 갚는 조건으로 100만원을 빌려주고, 같은 조건으로 2017.4.경까지 수회에 걸쳐 합계 450만원 상당을 빌려주었는데, 피해자로부터 며칠간 일수 대금을 받지 못하고 전화 연락도 되지 아니하자 채무변제를 받을 목적으로 피해자를 찾아다녔다.",
            "피고인들은 2017.5.31.18:30경 0000에 있는 F 편의점 앞 테라스에서, 피고인 B이 의자에 앉아 있는 피해자를 우연히 발견하고는 \"왜 돈을 갚지 않느냐?\" 라고 하였으나 피해자가 \"돈이 없다.너희들 마음대로 해라\" 라고 하자 왼손으로 피해자의 볼을 꼬 집으며 위협을 하고, 위 B을 만나러 왔던 피고인 A도 합세하여 피해자에게 \"개새끼야, 돈을 빌렸으면 갚아야지.\" 라고 고함을 쳤다.",
            "피고인 B은 테이블 위에 있던 피해자의 지갑에서 내용물을 하나씩 꺼내어 테이블에 놓으면서 현금 55,000원과 운전면허증 1장, 000 체크카드 1장을 집어 가져가고, 피해자가 신고를 하자 피해자를 위협하면서 테이블 위에 있던 피해자 소유 시가 70만원 상당의 휴대폰 1대를 가져가 피고인 A에게 건네주었다.",
            "계속하여 피고인들은 피해자가 오토바이를 타고 떠나려는 피고인들을 붙잡으면서 제지하자, 피고인 B은 주먹으로 피해자의 얼굴 부위를 수회 때리고 플라스틱 의자를 들어 피해자의 등 부위를 내리치고 넘어진 피해자의 얼굴과 가슴부위를 발로 수회 밟았다.",
            "게다가, 피고인 A도 합세하여 주먹과 발로 피해자의 얼굴과 복부 부위를 수회 때리고 오토바이를 붙잡다가 넘어진 피해자의 머리를 손으로 잡아당기고 발로 차는 등으로 피해자의 반항을 억압한 후 오토바이를 타고 그 자리를 떠났다."
        ]
    },
    "dcss": {
        "courtDcss": [
            "피고인들은 이 사건 당시 피해자로부터 현금 55,000원과 휴대전화1)등을 가져간 점, 피고인이 피해자의 지갑에서 현금 55,000원 등을 꺼낼 당시 이미 상당한 협박이 있었고, 그 현장에서 피고인에 대한 폭행 역시 이루어진 점, 설령 당시의 협박이나 폭행이 피해자의 반항을 억압할 정도가 아니었다고 하더라도 적어도 피고인들은 피해자의 의사에 반하여 현금과 휴대전화 등을 가지고 가려다가 이를 저지하는 피해자를 무차별적으로 폭행하였다.",
            "한편, 채권을 추심하는 과정에서 폭행 또는 협박, 체포나 감금 등이 이루어진 경우 이를 형법의 해당 죄보다 더 중하게 처벌하려는 채권의 공정한 추심에 관한 법률 제15조 및 제9조의 입법취지2)에 비추어 볼 때, 강도상해죄의 구성요건에 해당하는 이 사건 범행에 대하여 형이 더 경한 채권의 공정한 추심에 관한 법률 위반죄와 상해죄로 의율 할 수는 없다.",
            "범죄사실에 대한 해당법조 및 형의 선택 각 형법 제337조, 제30조(유기징역형 선택)",
            "이 사건 범행은 피고인 B이 고리로 금원을 대여한 후 피해자가 이를 변제하지 아니하자 채권을 추심하는 과정에서 피고인들이 피해자를 무차별적으로 폭행한 것으로서, 이와 같은 범행은 사금융을 이용할 수밖에 없는 서민들로 하여금 높은 이자 부담을 갖게 하고 채권추심의 불안감으로 평온한 생활을 할 수 없게 하는 등 사회적 폐해가 커서 엄하게 처벌할 필요가 있다.",
            "특히 피고인들은 피해자가 딸과 함께 있는 현장에서 피해자를 폭행한 점 등에 비추어 보면, 피고인들에게 그에 상응하는 처벌을 할 필 요가 있다.",
            "다만, 피고인들이 수사기관에 스스로 출석하여 이 사건 범행을 대체적으로 자백하면서 자신들의 잘못을 반성하고 있는 점, 피해자와 원만히 합의한 점, 피고인들에게 폭력범죄로 인한 각 1회 벌금형 외에 다른 형사처벌전력은 없는 점 등 유리한 정상과 그밖에 피고인들의 나이, 가족관계 등 양형의 조건이 되는 제반 사정을 고려하여, 주문과 같이 형을 정하되, 금번에 한하여 징역형의 집행을 유예하기로 한다."
        ]
    },
    "close": {
        "cnclsns": [
            "피고인들을 각 징역 2년에 처한다.",
            "다만, 이 판결 확정일로부터 각 3년간 피고인들에 대한 위 각 형의 집행을 유예한다.",
            "피고인들에게 각 120시간의 사회봉사를 명한다."
        ]
    }
}