{
    "info": {
        "caseField": "2",
        "detailField": "6",
        "trailField": "1",
        "caseNm": "사기",
        "courtNm": "인천지방법원",
        "judmnAdjuDe": "2014. 06. 11.",
        "caseNo": "2013고단8621",
        "relateLaword": [
            "형법 제347조",
            "형법 제30조",
            "형법 제35조",
            "형법 제51조"
        ],
        "qotatPrcdnt": []
    },
    "concerned": {
        "acusr": "4",
        "dedat": "1"
    },
    "org": {
        "orgJdgmnCourtNm": "",
        "orgJdgmnAdjuDe": "",
        "orgJdgmnCaseNo": ""
    },
    "disposal": {
        "disposalform": "6",
        "disposalcontent": [
            "피고인을 징역 4년에 처한다 "
        ]
    },
    "mentionedItems": {
        "rqestObjet": [
            "피고인은 법인 설립을 빙자하여 피해자로부터 법인 설립에 필요한 주금을 가로채기위해 공소외 9 등과 공모하여 피해자로부터 금 3억 원을 편취하였다."
        ]
    },
    "assrs": {
        "acusrAssrs": [],
        "dedatAssrs": [
            "피고인은 자신이 이 사건 범행으로 취득한 이익은 700만 원에 불과하고, 이 사건 범행을 주도한 사람은 공소외 19, 공소외 9, 공소외 10이며, 피고인은 단지 운전을 해 주면서 계좌인출만 도와줬을 뿐이라는 취지로 주장한다."
        ]
    },
    "facts": {
        "bsisFacts": [
            "피고인은 2005.9.9.서울고등법원에서 특정경제범죄가중처벌 등에 관한 법률위반(사기)죄 등으로 징역 4년을 선고받고 같은 날 그 판결이 확정되어 2008.11.13.여주교도소에서 그 형의 집행을 종료하였다.",
            "피고인과 공소외 9, 공소외 10, 공소외 11, 공소외 12, 공소외 13, 공소외 14, 공소외 15는 법인을 설립할 의사나 능력이 없음에도 법인 설립을 빙자하여 피해자 공소외 6으로부터 법인설립에 필요한 주금(은행예치금)을 가로채기 위해 공소외 9는 명의상 법인 대표이사를 할 사람(속칭, '바지')을 구하고 필요한 자료 및 자금을 지원하는 역할을 하였다.",
            "공소외 10은 자금 지원 및 법인 설립에 필요한 자료를 제공하는 역할을, 피고인은 주금이 입금되면 인터넷 뱅킹을 통해 관리하여 다른 계좌로 이체하여 인출토록 하는 역할을, 공소외 11은 '바지'를 공급하는 역할을, 공소외 12는 '바지' 로서 명의를 대여하고 직접 법무사에 가서 주급대납을 신청하는 역할을, 공소외 13, 공소외 14는 각 법인서류에 명의를 대여하는 역할을, 공소외 15는 심부름 및 주금을 인출하는 역할을 분담하였다.",
            "피고인과 위 공소외 9 등은 각자의 역할을 하여, 이에 따라 위 공소외 12는 2010.3.17.경 0000에 있는 공소외 16 법무사 사무실 안에서, '나는 대표이사, 공소외 14는 법인 이사, 공소외 13은 감사로 하는 주식회사 ‘000’이라는 상호의 법인을 설립하려고 하는데 은행예치금 3억 원이 없다.'",
            "내 명의 인감증명서와 인감도장, 주민등록증을 줄 테니 직접 내 명의로 통장을 개설한 후 3억 원을 입금시켜 잔액증명서만 발부해 주면 수고비 조로 90만 원을 주겠다.'라는 취지로 공소외 17을 통해 피해자에게 말을 하였다.",
            "이에 속은 피해자가 같은 달 18.법인대표자인 공소외 12 명의로 000 통장(계좌번호 1 생략)을 만든 후 피해자 명의의 2개의 000 계좌에서 각 1억 5,000만 원씩 합계 3억 원을 주금 명목으로 위 공소외 12 계좌에 입금시켰다.",
            "피고인과 위 공소외 9 등은 2010.3.19.08:56경부터 같은 날 08:58경 사이에 3차례에 걸쳐 위 3억 원을 불상의 방법으로 공소외 12 명의의 000 계좌(계좌번호 2 생략)로 이체한 후, 다시 같은 날 08:58경부터 같은 날 09:01경까지 공소외 15의 000 번호 불상의 계좌로 다시 이체하여 출금하였다.",
            "이로써 피고인은 위 공소외 9 등과 공모하여 피해자로부터 금 3억 원을 편취하였다."
        ]
    },
    "dcss": {
        "courtDcss": [
            "피고인은 인터넷 뱅킹을 통한 자금 인출업무를 맡았는데, 단순가담자가 맡는 업무로 보기 어렵고, 공모 단계에서부터 자신을 \"이부장\" 이라 부르도록 하여 본명을 알리지 않았고, 공소외 9, 공소외 10은 2011년에 검찰에서 조사를 받으면서 피고인을 주범으로 지목하였고, 그 진술에 신빙성이 있어 보이며, 피고인은 2005년도에도 사기 범행을 주도한 사정 등에 비추어 볼 때 피고인은 이 사건 범행에 깊숙이 관여한 것으로 보인다.",
            "나아가 피고인이 누범기간 중에 이 사건 범행을 저지른 점, 전체 피해금액 3억 원 중 4,200만 원밖에 회복되지 아니하였고, 그 중 피고인이 변제한 것은 700만 원에 불과한 점, 피고인이 인터넷 뱅킹을 통한 자금 이체 및 현금인출을 도맡아 하거나 지휘하였음에도 자신이 취득한 범죄수익의 규모, 행방을 밝히지 않고 있는 점에서 반성하고 있는 것으로 보이지도 않는 점 등의 정상에 비추어 볼 때 피고인에 대한 중형의 선고가 불가피하다.",
            "다만, 피해자가 피고인에 대한 처벌을 원하지 않는 점(피고인의 변명에 따라 피고인이 주범이 아니라는 판단에 의한 것이다)등 유리한 정상에 피고인의 나이, 성행, 환경, 피고인이 이 사건 범행에 이르게 된 동기, 수단과 결과, 범행 전후의 정황, 기타 이 사건 기록에 나타난 형법 제51조 소정의 여러 가지 양형조건들을 참작하여 형을 정한다."
        ]
    },
    "close": {
        "cnclsns": [
            "형법 제347조 제1항, 제30조(사기의 점), 징역형 선택에 따라 피고인을 징역 4년에 처한다."
        ]
    }
}