{
    "info": {
        "caseField": "2",
        "detailField": "6",
        "trailField": "1",
        "caseNm": "가. 사기 나. 장물취득(인정된 죄명 중과실장물취득) 다. 사문서위조 라. 위조사문서행사",
        "courtNm": "대전지방법원",
        "judmnAdjuDe": "2013. 12. 06.",
        "caseNo": "2013고단995",
        "relateLaword": [
            "형법 제347조",
            "형법 제231조",
            "형법 제234조",
            "형법 제364조",
            "형법 제362조",
            "형법 제37조",
            "형법 제38조",
            "형법 제50조",
            "형법 제62조"
        ],
        "qotatPrcdnt": []
    },
    "concerned": {
        "acusr": "4",
        "dedat": "1"
    },
    "org": {
        "orgJdgmnCourtNm": "",
        "orgJdgmnAdjuDe": "",
        "orgJdgmnCaseNo": ""
    },
    "disposal": {
        "disposalform": "6",
        "disposalcontent": [
            "피고인 A를 징역 3년에, 피고인 B을 금고 10월에 각 처한다.",
            "다만, 피고인 B에 대하여는 이 판결 확정일로부터 2년간 위 형의 집행을 유예한다."
        ]
    },
    "mentionedItems": {
        "rqestObjet": [
            "피고인 A를 징역 3년에, 피고인 B을 금고 10월에 각 처한다."
        ]
    },
    "assrs": {
        "acusrAssrs": [],
        "dedatAssrs": []
    },
    "facts": {
        "bsisFacts": [
            "피고인 A는 F대학교 학생이고, 피고인 B은 2009년경부터 인터넷 매매사이트인 000에서 통신기기를 매입해서 되파는 일을 하던 사람이다.",
            "피고인은 피해자로부터 건네받은 피해자 명의의 0를 인터넷 매매사이트인 000 등을 통해 판매한 후, 그 판매대금을 받아 생활비 등에 사용할 생각이었고, 피해자에게 피해자 명의로 개설하게 하더라도 단말기 대금과 통신비를 지급해 줄 의사나 능력이 없었다.",
            "피고인은 피해자를 기망하여 이에 속은 피해자에게 단말기 대금 합계 1,884,000원 상당의 0 3대를 구입하게 한 후 단말기 대금과 통신비를 지급하지 아니하고, 피해자에게 단말기 대금과 통신비를 지급하게 하여 단말기 대금 합계 1,884,000원 상당과 액수 미상의 통신비 상당액의 재산상 이익을 취득한 것을 비롯하여 2012.6.경까지 피해자 총 85명을 상대로 합계 197,514,000원 상당의 0 을 구입하였다.",
            "피고인 B은 2011.11.내지 12.경 0000에 있는 피고인의 집에서 위 A로부터 A가 위와 같이 편취한 피해자 H 소유의 0가 모두 신형이거나 포장이 개봉되지도 않은 제품이 있는 등 피고인으로서는 위 0가 장물인지 여부를 확인한 다음 매수하여야 할 주의의무가 있다.",
            "조금만 주의를 기울여 위 0가 장물인지 여부를 확인하였더라면 장물이라는 것을 충분히 알 수 있었음에도 불구하고 이를 게을리 한 채 장물에 대한 판단을 소홀히 한 중대한 과실로, 1대당 시가 886,000원인 0(32G)2대를 1대당 55만 원 내지 60만 원에, 시가 998,000원 인 0(64G)1대를 65만 원에 매수하는 등 시가 합계 197,514,000원 상당의 0 총 233대를 매수하여 장물을 취득하였다.",
            "피고인은 2012.1.25.0000에 있는 000 본점에서 피해자 J에게 '당신 명의로 0 3대를 개통하여 주면 2대는 내가 연구용으로 사용하고 1대는 3개월 동안 당신이 사용할 수 있도록 해주겠다. 당신 명의로 0 3대를 구입하더라도 내가 통신비 및 단말기 대금을 지불하겠다.'는 취지로 거짓말을 하였다.",
            "피고인은 이에 속은 피해자로 하여금 즉석에서 0 2대를 구입하게 한 후 이를 교부받은 다음 단말기 대금과 통신비를 지급하지 아니하고, 피해자에게 위 단말기 대금과 통신비를 지급하게 하여 위 단말기 대금 및 통신비 합계 1,999,940원 상당액의 재산상 이익을 취득하였다.",
            "피고인은 2012.7.초순경 0000에 있는 F대학교 부근에서 피해자 L에게 전화를 걸어 \"내가 대학에서 스마트폰 어플 관련 연구를 해야 하는데 휴대전화가 필요하니 너의 명의로 휴대전화를 개통할 수 있도록 허락해 주면 전화기 1대당 사례비로 20만 원씩을 지급하여 주고, 전화요금은 내가 이상 없이 낼 것이며, 가입자 명의는 3개월 후 틀림없이 이전해 가겠다.\" 라고 말하여 피해자로부터 휴대전화 3대를 개통하였다.",
            "피고인은 F대학교 학생들에게 휴대폰 개통을 위해 명의를 빌려주면 그 대가로 휴대폰 단말기 1개당 20~25만 원을 주고, 통신요금과 단말기 대금은 일체 피고인이 부담하겠다고 말하여 인적사항 등을 건네받아 피해자 M 운영의 'N'에서 휴대폰을 개통하고, 시가 합계 1,708,200원 상당의 휴대폰 단말기 2대를 교부받았다.",
            "피고인은 2012.11.19.경 0000에 있는 000 대리점에서 피해자 S에게 \"현재 어플리케이션을 개발 중에 있는데, 다른 휴대폰 기기가 필요하다.너의 명의로 휴대폰을 개통해주면 기기대금과 통신비를 이상 없이 납부하겠다.\" 라고 말하여 피해자로부터 휴대전화 2대를 받고 되팔아 재산상 이익을 취득하였다.",
            "피고인은 2013.5.27.0000 소재 지하상가 N사무실에서, 행사할 목적으로 권한 없이 올레 모바일 가입신청서 양식의 고객명란에 W, 주민등록번호란에 X, 신청인 명의란에 W 라고 기재하고 그 옆에 W 라고 서명하였다. 이로써 피고인은 권리의무에 관한 사문서인 W 명의의 올레 모바일 가입신청서 1장을 위조하였다."
        ]
    },
    "dcss": {
        "courtDcss": [
            "피고인 A의 이 사건 범행들로 인하여 다수의 피해자들이 상당한 피해를 입었고, 피해 회복조치도 온전히 이루어지지 아니하여 피고인에게 실형을 선고한다.",
            "다만 피고인이 자신의 잘못을 모두 시인하며 뉘우치고 있는 점, 피고인에게 형사처벌을 받은 전력이 없는 점, 피고인이 피해회복조치를 일부 취한 점, 일부 피해자들이 피고인에 대한 처벌을 원하지 않는 점 및 그밖에 피고인의 연령, 성행, 지능과 환경, 건강상태, 범행의 동기, 수단과 결과, 범행 후의 정황 등 이 사건 변론에 나타난 여러 양형조건들을 종합적으로 고려하여 형을 정한다.",
            "피고인 B은 이 사건 범죄는 중과실로 인한 것이고, 피고인도 대가를 지불하고 위 0들을 취득하였으며, 피고인에게 2회의 벌금형 전과 외에는 다른 전과가 없고, 동종전과가 없는 점 및 그밖에 피고인의 연령, 성행, 지능과 환경, 범행의 동기, 수단과 결과, 범행 후의 정황 등 이 사건 변론에 나타난 여러 양형조건들을 종합적으로 고려하여 형을 정한다."
        ]
    },
    "close": {
        "cnclsns": [
            "피고인 A를 징역 3년에, 피고인 B을 금고 10월에 각 처한다.",
            "다만, 피고인 B에 대하여는 이 판결 확정일로부터 2년간 위 형의 집행을 유예한다."
        ]
    }
}