{
    "info": {
        "caseField": "2",
        "detailField": "6",
        "trailField": "1",
        "caseNm": "강제추행, 감금",
        "courtNm": "대구지방법원",
        "judmnAdjuDe": "2017. 12. 28.",
        "caseNo": "2017고단4638",
        "relateLaword": [
            "형법 제298조, 형법 제276조 제1항",
            "형법 제37조 전단, 제38조 제1항 제2호, 제50조",
            "형법 제62조 제1항",
            "성폭력범죄의 처벌 등에 관한 특례법 제16조 제2항",
            "성폭력범죄의 처벌 등에 관한 특례법 제47조 제1항, 제49조 제1항, 아동.소년의 성보호에 관한 법률 제49조 제1항 단서, 제50조 제1항 단서"
        ],
        "qotatPrcdnt": []
    },
    "concerned": {
        "acusr": "4",
        "dedat": "1"
    },
    "org": {
        "orgJdgmnCourtNm": "",
        "orgJdgmnAdjuDe": "",
        "orgJdgmnCaseNo": ""
    },
    "disposal": {
        "disposalform": "6",
        "disposalcontent": [
            "피고인을 징역 8월에 처한다.",
            "다만, 이 판결 확정일부터 2년간 위 형의 집행을 유예한다.",
            "피고인에게 40시간의 성폭력 치료강의 수강을 명한다."
        ]
    },
    "mentionedItems": {
        "rqestObjet": [
            "피고인은 약 7분간 피해자를 산탚페 승용차 안에 감금하고, 피해자를 강제로 추행하였다."
        ]
    },
    "assrs": {
        "acusrAssrs": [],
        "dedatAssrs": []
    },
    "facts": {
        "bsisFacts": [
            "피고인은 2017.2.28.04:50경 0000에 있는 'D'라는 상호의 술집에서 술을 마시다가 다른 손님인 피해자 E(여, 20세)이 술을 마시고 나간 후, D에서 나왔다.",
            "피고인은 같은 날 05:12경 D 인근에서 피해자가 택시를 타고 이동하는 것을 보고 F 0 승용차를 운전하여 택시가 정차한 G아파트 앞까지 쫓아간 다음, 피해자에게 다가가 말을 걸던 중 피해자가 휴대폰을 분실한 것을 알고 0 승용차에 있는 피고인의 휴대폰으로 전화를 걸어보자며 G아파트 인근인 같은 구 H에 있는 I마트 앞에 주차 중인 0 승용차로 피해자를 데려갔다.",
            "피고인은 같은 날 05:37경 0 승용차 뒷좌석에서 조수석 뒤편에 앉고 피해자가 운전석 뒤편에 앉아 있는 가운데, 갑자기 피해자의 입술에 피고인의 입을 가져다 댔고, 피해자가 이를 피하기 위하여 0 승용차의 문을 열려고 하자 피해자의 손을 잡아 문을 열지 못하게 한 다음 피해자의 상의 안으로 손을 넣어 피해자의 가슴을 만졌다.",
            "그리고, 손으로 피해자 바지의 고리를 풀고 지퍼를 내렸으며, 피고인의 몸으로 피해자를 뒷좌석의 등받이 쪽으로 밀치며 피해자의 속옷 안으로 손을 넣어 피해자의 음부를 만졌다.",
            "피고인은 같은 날 05:44경 피해자가 손잡이를 잡아당겨 문을 열고 0 승용차 밖으로 다리를 내밀자, 비로소 피해자를 승용차에서 내리도록 하였고, 이로써 피고인은 약 7분간 피해자를 0 승용차 안에 감금하고, 피해자를 강제로 추행하였다."
        ]
    },
    "dcss": {
        "courtDcss": [
            "이 사건 범행은 피고인이 술집에서 우연히 만난 초면의 피해자를 뒤따라가 피고인의 차에 타게 된 피해자를 강제로 추행하고 이를 거부하고 차에서 내리려는 피해자를 저지하면서 차량 내에 감금한 것으로 그 죄질이 매우 불량하고, 이로 인하여 피해자가 상당한 정신적 충격을 받았다.",
            "피고인이 완력에 의한 추행행위 외에 별도의 폭행이나 협박을 행사하지는 않았고, 피고인이 피해자를 강제로 차량에 태운 것은 아닌 점, 이 사건 각 범행을 시인하고 있는 점, 합의금을 지급하고 피해자와 원만히 합의한 점, ",
            "아무런 범죄 전력이 없는 점 등을 피고인에게 유리한 정상으로 참작하고, 기타 피고인의 나이, 성행, 환경, 범행의 동기, 수단과 결과, 범행 후의 정황 등 기록과 변론에 나타난 양형의 조건이 되는 제반 사정들을 고려하여 주문과 같이 형을 정한다."
        ]
    },
    "close": {
        "cnclsns": [
            "피고인을 징역 8월에 처한다.",
            "다만, 이 판결 확정일부터 2년간 위 형의 집행을 유예한다.",
            "피고인에게 40시간의 성폭력 치료강의 수강을 명한다."
        ]
    }
}