{
    "info": {
        "caseField": "2",
        "detailField": "6",
        "trailField": "1",
        "caseNm": "특정범죄가중처벌등에관한법률위반(보복상해등), 협박, 상해",
        "courtNm": "인천지방법원",
        "judmnAdjuDe": "2017. 06. 23.",
        "caseNo": "2017고합240",
        "relateLaword": [
            "특정범죄 가중처벌 등에 관한 법률 제5조의9",
            "형법 제257조",
            "형법 제283조",
            "형법 제257조",
            "형법 제37조",
            "형법 제38조",
            "형법 제50조",
            "형법 제48조"
        ],
        "qotatPrcdnt": []
    },
    "concerned": {
        "acusr": "4",
        "dedat": "1"
    },
    "org": {
        "orgJdgmnCourtNm": "",
        "orgJdgmnAdjuDe": "",
        "orgJdgmnCaseNo": ""
    },
    "disposal": {
        "disposalform": "6",
        "disposalcontent": [
            "피고인을 징역 3년에 처한다.",
            "압수된 주방칼 1개(증 제1호)를 몰수한다."
        ]
    },
    "mentionedItems": {
        "rqestObjet": [
            "피고인은 형사사건의 수사 또는 재판과 관련하여 수사단서의 제공, 진술, 증언 또는 자료제출에 대한 보복의 목적으로 피해자에게 상해를 가하였다.",
            "피고인은 피해자에게 해악을 가할 듯이 행동하여 협박하였다.",
            "피고인은 피해자에게 2주간의 치료가 필요한 경추의 염좌 및 긴장 등의 상해를 가하였다."
        ]
    },
    "assrs": {
        "acusrAssrs": [
            "피고인은 형사사건의 수사 또는 재판과 관련하여 수사단서의 제공, 진술, 증 언 또는 자료제출에 대한 보복의 목적으로 피해자에게 상해를 가하였다."
        ],
        "dedatAssrs": [
            "피고인은 이 사건 각 범행 당시 음주로 인하여 심신미약의 상태에 있었다."
        ]
    },
    "facts": {
        "bsisFacts": [
            "피고인은 2015.7.17.인천지방법원에서 특정범죄 가중처벌 등에 관한 법률 위반 (보복상해등)죄 등으로 징역 1년 6월에 집행유예 3년을 선고받고 2015.10.2.그 판결이 확정되어 현재 집행유예 기간 중이다.",
            "피고인은 2016.5.7.피해자 B (66세)에게 협박을 하였다는 피의사실로 형사 입건된 후 수사 과정에서 피해자의 피해 진술 등 그 혐의를 입증할 수 있는 증거가 충분하다.고 판단되어 2016.9.30.인천지방법원에 불구속 기소되었다.",
            "2016.10.4.피해자에게 상해를 가하였다는 피의사실로 재차 형사 입건된 후 그 수사 과정에서도 피해자의 피해 진술 등의 증거가 충분하다고 판단되어 2016.11.30.같은 법원에 추가 기소되었다.",
            "피고인은 위 사건들의 수사 과정에서 피해자가 협박 등 피해 사실을 과장하여 진술하고 뒤이어 재판 과정에서 법원에 피고인이 저녁마다 술을 먹고 저를 부르고 못살게 한다는 내용의 투서를 올린 것과 피고인이 위 사건 범행 당시 집행유예 기간 중이어 서 피해자에게 여러 차례 합의를 부탁하였음에도 피해자가 합의금을 계속 올려가면서 합의를 해주지 않은 것 때문에 피해자에게 커다란 앙심을 품게 되었다.",
            "피고인은 2017.4.15.20: 30경 이웃 주민인 C로부터 \"피해자와 합의를 할 수 있는 자리를 마련해 줄테니, 우리 집으로 오라\" 라는 연락을 받은 뒤 0000에 있는 C의 집 앞으로 갔다.",
            "그리고 합의가 순조롭게 이루어지지 않을 경우 피해자에게 위해를 가하기 위해 피고인이 타고 온 오토바이 의자 밑 트렁크에서 주방용 칼 (총 길이 약 32cm, 칼날 길이 약 21cm)을 꺼내 C의 집 앞 담벼락 밑에 숨겨 놓은 다음 C의 집 안으로 들어가 피해자를 기다리고 있었다.",
            "피고인은 차를 타고 C의 집 앞에 도착한 피해자가 합의를 중재하기 위해 그 곳에 와있던 이웃 주민인 D와 말다툼을 하고 있는 모습을 보고 피해자에게 다가가 합 의를 보자고 하였으나, 피해자가 \"너랑 이야기할 것 없어, 나 갈 거야\" 라고 말하면서 피해자의 차에 올라타 그곳을 떠나려고 하였다.",
            "위와 같이 피해자가 수사 기관에 협박 등의 피해 진술을 한 뒤 법원에 피고인이 지속적으로 피해자를 괴롭힌다는 내용의 투서를 올리고, 끝내 피고인과 합의를 해주지 않은 것에 대한 보복의 목적으로 양손으로 피해자의 멱살을 잡아 피해자를 차에서 끌어내려 바닥에 넘어트린 뒤 발로 피해자의 등 부분을 강하게 밟았다.",
            "그 옆에 있던 D가 피고인을 말리는 사이에 피해자가 일어나자 담벼락 밑에 미리 숨겨놓은 위 주방용 칼을 꺼내어 이를 양말 속에 끼워 넣고 다시 피해자에게 다가가 다리를 걸어 피해자를 넘어트렸으며, 계속하여 피해자의 배 위로 올라타 왼손으로는 피해자의 목을 조르면서 오른손으로는 위 주방용 칼을 양말 속에서 뺀 다음 피해자의 가슴 부분을 1회 찔렀다.",
            "피해자가 피고인의 손목을 붙잡는 등 강하게 저항하면서 그 자리에서 일어나 도망가자 또다시 피해자를 쫓아가 넘어트린 다음 손으로 피해자의 머리채를 붙잡고 그 머리를 바닥에 3회 내리쳐 피해자에게 약 3주 동 안의 치료가 필요한 몸통의 상세불명 부위의 열린 상처 등의 상해를 가하였다.",
            "피고인은 2016.5.7.19: 00경 0000 앞 노상에서 그날 아침에 동네 주민인 피해자 B (65세)와 토지 사용 문제로 다툼이 있었던 것에 화가 나 술에 취해 피해자에게 찾아가 \"죽여 버리겠다\" 라고 말하고, 이에 도망가는 피해자를 쫓아가는 등 피해자에 게 해악을 가할 듯이 행동하여 협박하였다.",
            "피고인은 2016.10.4.17: 30경 0000에 있는 'E' 식당 앞길에서 피해자 B (65세)에게 \"야이 새끼야 죽여버린다\" 라고 욕설을 하고, 피해자의 얼굴을 오른쪽 손바닥으로 1회 때리고, 주먹으로 1회 때려 넘어뜨려 피해자에게 2주간의 치료가 필요한 경추 의 염좌 및 긴장 등의 상해를 가하였다."
        ]
    },
    "dcss": {
        "courtDcss": [
            "이 법원이 적법하게 채택하여 조사한 증거들에 의하면, 피고인이 이 사건 각 범행 당시 술은 마신 상태였던 사실은 인정된다.",
            "이 사건 보복목적 상해 범행은 피고인이 미리 칼을 숨겨두었다가 이용하는 등 계획적으로 이루어진 범행이고, 피고인이 이에 관한 검찰조사에서 범행 당시와 그 전후 상황을 비교적 상세하게 진술하고 있는 점, 피고인에 대하여 정신감정을 한 법무부 치료감호소 정신과 전문의 H는 피고인에게 알코올 남용 증세가 있는 것으로 추정되나 알코올 의존 증세에는 이르지 않은 것으로 판단된다.",
            "이 사건 협박 범행 당시 피고인은 비사회적 성격특성과 알코올 남용으로 인내력과 충동조절능력이 일시적으로 저하되고 감정의 변화가 심해 다소간 의사결정능력이 저하되어 있었지만, 그 정도가 심신미약 상태에 이르지는 않았을 것으로 추정된다는 의견을 제시하였다.",
            "그밖에 피고인이 이 사건 각 범행에 이르게 된 경위, 범행의 수단과 방법, 범행 후의 정황 등 기록에 나타난 여러 사정에 비추어 보면, 피고인이 이 사건 각 범행 당시 술에 취하여 사물을 변별할 능력이나 의사를 결정할 능력이 미약한 상태에 이르렀다고는 보이지 아니하므로, 피고인 및 변호인의 위 주장은 받 아들이지 아니한다.",
            "피고인은 이 사건 각 범행을 인정하며 반성하고 있다.",
            "이 사건 상 해 및 협박 범행의 경우 피해자의 피해 정도가 매우 중한 정도에는 이르지 아니하였다.",
            "피고인은 고령이고, 건강상태가 좋지 않은 것으로 보인다.",
            "이 사건 보복목적 상해 범행은 그 범행경위, 범행수법, 상해 부위, 위험성 등에 비추어 죄질이 매우 좋지 않다.",
            "특히 피고인은 위험한 물건인 삽으로 피해자의 재물을 손괴하고, 그로 인하여 경찰서에서 조사를 받자 보복의 목적으로 피해 자의 딸에게 상해를 가한 사실로 징역 1년 6월에 집행유예 3년을 선고받아 현재 집행 유예 기간 중임에도 자숙하지 않고 또다시 피해자에게 이 사건 각 범행을 저질렀다.",
            "피고인은 수차례 폭력범죄로 형사처벌을 받은 전력이 있다.",
            "피해자도 피고인에 대한 엄한 처벌을 탄원하고 있다."
        ]
    },
    "close": {
        "cnclsns": [
            "피고인을 징역 3년에 처한다.",
            "압수된 주방칼 1개 (증 제1호)를 몰수한다."
        ]
    }
}