{
    "info": {
        "caseField": "2",
        "detailField": "6",
        "trailField": "1",
        "caseNm": "공문서위조, 위조공문서행사, 사기",
        "courtNm": "부산지방법원",
        "judmnAdjuDe": "2013. 01. 22.",
        "caseNo": "2012고단4549",
        "relateLaword": [
            "형법 제225조",
            "형법 제229조",
            "형법 제347조",
            "형법 제40조",
            "형법 제50조",
            "형법 제37조",
            "형법 제38조",
            "형법 제62조",
            "형법 제62조의2"
        ],
        "qotatPrcdnt": []
    },
    "concerned": {
        "acusr": "4",
        "dedat": "1"
    },
    "org": {
        "orgJdgmnCourtNm": "",
        "orgJdgmnAdjuDe": "",
        "orgJdgmnCaseNo": ""
    },
    "disposal": {
        "disposalform": "8",
        "disposalcontent": [
            "피고인을 징역 8월에 처한다.",
            "다만, 이 판결 확정일부터 2년간 위 형의 집행을 유예한다.",
            "피고인에게 120시간의 사회봉사를 명한다."
        ]
    },
    "mentionedItems": {
        "rqestObjet": [
            "피고인을 징역 8월에 처한다.",
            "피고인에게 120시간의 사회봉사를 명한다."
        ]
    },
    "assrs": {
        "acusrAssrs": [],
        "dedatAssrs": [
            "피고인은 범죄사실 제3항과 관련하여, 어린이집 냉방시설 공사를 소개해주고 피해자로부터 그에 대한 사례금으로 500만 원을 받았을 뿐, 자문위원 위촉 대가로 그 돈을 받은 것은 아니라고 주장한다."
        ]
    },
    "facts": {
        "bsisFacts": [
            "피고인은 C 주식회사 대표이사로서 2011.7.1.부터 2013.6.30.까지 D의 자문위원으로 위촉되어 현재 D의 E 수석부회장 직책을 맡고 있는 사람이다.",
            "피고인은 2010.3, 25.경 부산 동래구 F 712호에 있는 피고인의 사무실에서 피고인이 받은 D의 자문위원 위촉장을 컬러 복사하고, 사본의 위원 이름란에 “G”, 일자란에 “2010년 3월 25일”이라고 붓으로 적은 종이를 덧댄 다음 인근 복사집에서 컬러 복사하여 G에 대한 D의 자문위원 위촉장을 만들었다.",
            "피고인은 2010.3.29.경 부산 연제구 H빌딩 3층에 있는 G의 사무실에서 위조 사실을 모르는 G에게 위와 같이 위조한 위촉장을 마치 진정하게 작성된 것처럼 제시하여 행사하였다.",
            "피고인은 이에 속은 피해자G로부터 그 자리에서 위촉장 발급에 대한 사례 명목으로 500만 원을 받았다.",
            "피고인은 2011.2.15.11:00경 0000 I에 있는 (주)C 사무실에서 피고인이 받은 대통령 명의 표창장과 D의 자문위원 위촉장의 이름과 수여일자란에 J의 이름과 일자(2011.2.18.)를 적은 종이를 올려놓고 컬러 복사하는 방법으로 대통령 명의로 된 D에 대한 표창창 1장과 D의 자문위원 위촉장 1장을 각 위조하였다.",
            "피고인은 2011.2.20.16:00 경 부산 사상구 K(주)사무실에서 위조 사실을 모르는 J에게 \"니는 1억을 줘도 이런 것 못 받는다\" 라고 하면서 위와 같이 위조한 표창장과 위촉장을 마치 진정하게 작성된 것처럼 교부하여 이를 각 행사하였다."
        ]
    },
    "dcss": {
        "courtDcss": [
            "피고인 이 위조한 위촉장을 피해자에게 준 그날 피해자로부터 500만 원을 받은 점이 인정된다.",
            "반면 피해자가 어린이집 냉방시설 관련 계약을 체결한 것은 2010.7.경으로 500만 원을 받은 것과는 시간상 상당한 간격이 있는 점이 인정된다.",
            "피고인의 진술에 의하더라도 피해자가 위조 사실을 알고 피고인에게 '자문위원 위촉에 대한 대가로 준 500만 원을 돌려달라.'라고 하였던 점(증거기록 118면, 피고인이 2012.6.26.제출한 의견서 등 참조)이 인정된다.",
            "이에 따라 피고인은 피해자에게 500만 원을 돌려주겠다고 하였는데, 만약 공사 소개비 명목으로 받은 것이라면 그 돈을 돌려줄 이유가 없는 점이 인정된다.",
            "피해자의 진술은 일관되고 구체적이며 법정에서의 증언 태도 역시 진실하여 신빙성이 매우 높은 점 등을 종합해 보면, 피고인의 주장과는 달리 피고인이 범죄사실 제3항 기재와 같이 피해자로부터 자문위원 위촉 대가로 500만 원을 받은 사실을 인정할 수 있다.",
            "사기죄를 제외한 나머지 범행사실은 자백하며 반성하는 점을 종합한다.",
            "사기 피해자 G를 위해 500만 원을 공탁한 점을 종합한다.",
            "세 차례 벌금형을 받은 것 외에는 전과가 없고, 동종 전과도 없는 점을 종합한다.",
            "고령이고 건강이 좋지 않은 점을 종합한다.",
            "대통령 명의 문서를 위조하고, 이를 이용해 사기 범행까지 저지른 점 위와 같은 정상과 그밖에 범행 동기, 수단과 결과, 피고인의 나이, 환경, 전과, 가족 관계, 범행 후 정황 등 양형 조건이 되는 여러 가지 사정을 종합한다."
        ]
    },
    "close": {
        "cnclsns": [
            "피고인을 징역 8월에 처한다. ",
            "다만, 이 판결 확정일부터 2년간 위 형의 집행을 유예한다. ",
            "피고인에게 120시간의 사회봉사를 명한다. "
        ]
    }
}