{
    "info": {
        "caseField": "2",
        "detailField": "6",
        "trailField": "1",
        "caseNm": "폭행",
        "courtNm": "서울중앙지방법원",
        "judmnAdjuDe": "2014. 12. 30.",
        "caseNo": "2014고단8335",
        "relateLaword": [
            "형법 제260조",
            "형법 제62조"
        ],
        "qotatPrcdnt": []
    },
    "concerned": {
        "acusr": "4",
        "dedat": "1"
    },
    "org": {
        "orgJdgmnCourtNm": "",
        "orgJdgmnAdjuDe": "",
        "orgJdgmnCaseNo": ""
    },
    "disposal": {
        "disposalform": "8",
        "disposalcontent": [
            "피고인을 징역 4월에 처한다.",
            "다만, 이 판결 확정일로부터 2년간 위 형의 집행을 유예한다."
        ]
    },
    "mentionedItems": {
        "rqestObjet": [
            "피고인을 징역 4월에 처한다.",
            "다만, 이 판결 확정이로부터 2년간 위 형의 집행을 유예한다. "
        ]
    },
    "assrs": {
        "acusrAssrs": [],
        "dedatAssrs": []
    },
    "facts": {
        "bsisFacts": [
            "피고인은 2014. 9. 30. 02:50경 0000에 있는 000식당 1층 매장에서 손님으로 들어와, C식당 매니저인 피해자 D(여, 19세)에게 햄버거를 주문한 후 C식당 입구에서 담배를 피우고 있었다.",
            "이때 직원들이 피고인에게 담배를 피우지 말라고 하였고, 또한 햄버거가 늦게 나왔다는 이유로 기분이 나빠 주문한 햄버거를 피해자의 얼굴 부위 등에 던져 피해자에게 폭행을 가하였다"
        ]
    },
    "dcss": {
        "courtDcss": [
            "범죄사실에 대한 해당법조 형법 제260조 제1항(징역형 선택)",
            "집행유예 형법 제62조 제1항"
        ]
    },
    "close": {
        "cnclsns": [
            "피고인을 징역 4월에 처한다.",
            "다만, 이 판결 확정일로부터 2년간 위 형의 집행을 유예한다."
        ]
    }
}