{
    "info": {
        "caseField": "2",
        "detailField": "6",
        "trailField": "1",
        "caseNm": "가.특정경제범죄가중처벌등에관한법률위반(사기), 나.전자금융거래법위반, 다.사기",
        "courtNm": "창원지방법원",
        "judmnAdjuDe": "2017. 03. 30.",
        "caseNo": "2016고합308",
        "relateLaword": [
            "특정경제범죄 가중처벌 등에 관한 법률(이하  특정경제범죄법 이라고 한다) 제3조",
            "형법 제347조",
            "형법 제30조",
            "전자금융거래법 제49조",
            "전자금융거래법 제6조",
            "형법 제37조",
            "형법 제38조",
            "형법 제50조",
            "형법 제53조",
            "형법 제55조",
            "형법 제70조",
            "형법 제69조",
            "형법 제62조",
            "형법 제62조의2",
            "형사소송법 제334조"
        ],
        "qotatPrcdnt": [
            "대법원 2006. 2. 23. 선고 2005도8645 판결",
            "대법원 2008. 6. 12. 선고 2008도2236 판결"
        ]
    },
    "concerned": {
        "acusr": "4",
        "dedat": "1"
    },
    "org": {
        "orgJdgmnCourtNm": "",
        "orgJdgmnAdjuDe": "",
        "orgJdgmnCaseNo": ""
    },
    "disposal": {
        "disposalform": "6",
        "disposalcontent": [
            "피고인 A를 징역 3년에 처한다.",
            "피고인 B를 징역 1년 6월에 처한다.",
            "위 피고인에 대하여는 이 판결 확정일로부터 3년간 위 형의 집행을 유예한다.",
            "위 피고인에게 80시간의 사회봉사를 명한다.",
            "피고인 C, D, E, F, G를 각 벌금 300만 원에 각 처한다.",
            "위 피고인들이 위 벌금을 납입하지 아니하는 경우, 각 10만 원을 1일로 환산한 기간 위 피고인들을 노역장에 유치한다.",
            "위 피고인들에게 위 벌금 상당액의 가납을 명한다."
        ]
    },
    "mentionedItems": {
        "rqestObjet": [
            "피고인들은 공모하여 피해자 회사로부터 총 189,497,891원을 편취하였다.",
            "피고인 A는 피해자 회사로부터 총 332,885,354원을 편취하였다.",
            "피고인 A는 총 5회에 걸쳐 5명으로부터 대가를 약속하고 현금카드 등 접근매체를 대여받았다.",
            "피고인 B는 총 2회에 걸쳐 2명으로부터 대가를 약속하고 현금카드 등 접근매체를 대여받았다.",
            "피고인 C는 매월 금액을 지급받는 약속을 받고 피고인 명의의 통장 및 그와 연결된 전자식 카드인 현금카드를 대여하였다.",
            "피고인 D는 매월 금액을 지급받는 약속을 받고 피고인 명의의 계좌 및 그와 연결된 전자식 카드인 현금카드를 대여하였다.",
            "피고인 E는 매월 금액을 지급받는 약속을 받고 피고인 명의의 계좌 및 그와 연결된 전자식 카드인 현금카드를 대여하였다.",
            "피고인 F는 매월 금액을 지급받는 약속을 받고 피고인 명의의 계좌 및 그와 연결된 전자식 카드인 현금카드를 대여하였다.",
            "피고인 G는 매월 금액을 지급받는 약속을 받고 피고인 명의의 계좌 및 그와 연결된 전자식 카드인 현금카드를 대여하였다."
        ]
    },
    "assrs": {
        "acusrAssrs": [],
        "dedatAssrs": [
            "피고인 A와 그 변호인은 피고인 A의 이 사건 각 사기 범행이 포괄일죄 관계에 있는 것이 아니기 때문에 특정경제범죄법이 적용되어서는 안 된다고 주장한다.",
            "피고인 A, B 및 그 변호인은 위 피고인들이 세금, 보험료 등을 공제하고 실제로 피해자로부터 수령한 금액만을 편취액 및 특정경제범죄법 제3조 제1항의 이득액 으로 보아야 한다고 주장한다."
        ]
    },
    "facts": {
        "bsisFacts": [
            "피고인 A는 2001.12.20.경부터 2015.12.31.경까지 자동차 부품 제조업체인 피해자 주식회사 K(이하 피해자 회사 라고 한다)의 경리자재차장으로 근무하면서 피해자 회사의 경리업무 등을 총괄하여 담당한 사람이고, 피고인 B과 피고인 C은 피고인 A의 고등학교 친구이고, 피고인 D은 피고인 B의 친동생이고, 피고인 E는 피고인 B의 시누이이다.",
            "또한, 피고인 F는 피고인 A의 남편 L의 친구이고, 피고인 G은 L과 거래관계로 알고 있는 사람이다",
            "피고인 A는 피해자 회사의 경리업무 총괄 담당자로 근무하면서 피해자 회사의 직원 입사 관리가 허술하고, 허위로 급여를 청구하더라도 피해자 회사에서 이를 제대로 확인하지 못한다는 사실을 알게 된 것을 기화로 피고인 A는 자신의 가족, 친구, 지인들로부터 입사에 필요한 서류를 제공받아 서류 명의자들이 마치 피해자 회사에 입사하여 근무한 것처럼 가장하여 피해자 회사로부터 매월 급여, 교통비 등을 교부받아 이를 편취하기로 마음먹었다.",
            "피고인 A는 2012.3.1.경 창원시 의창구 M에 있는 피해자 회사 사무실에서 마치 C이 피해자 회사에 입사하는 것처럼 가장하여 C 명의의 주민등록등본, 급여통장 사본 등 입사 관련 서류를 제출하고, C 명의의 급여계산서와 출·퇴근부 서류를 작성하여 급여를 청구하였으나, 사실 C은 피해자 회사에 실제로 근무하지 않았고, 피고인 A는 이와 같이 피해자 회사의 사장 N를 기망하였다.",
            "이에 속은 피해자 회사로부터 C의 급여 명목으로 C 명의 00 계좌로 2012.4.15.2,147,030원을 송금받은 것을 비롯하여 그 무렵부터 2016.1.경까지 별지 범죄일람표 (1)기재와 같이 총 46회에 걸쳐 C의 급여, 교통비, 상여금 등 명목으로 합계 123,449,916원을 편취하였다.",
            "피고인들은 2013.3.경 창원시 마산합포구 O에 있는 주식회사 P 사무실에서 피고인 B의 지인들로부터 입사에 필요한 서류를 제공받아 마치 D, E가 피해자 회사에 입사하는 것처럼 제출한 후, 그 사람들 명의로 매월 급여, 교통비 등을 피해자 회사로부터 교부받아 이를 나누기로 공모하였다.",
            "그리고 피고인 A는 2013.3.경 피고인 B을 통하여 피고인 B의 동생인 D 명의의 주민등록등본, 급여통장, 현금카드를 전달받은 다음 마치 D이 피해자 회사에 입사하는 것처럼 D의 주민등록등본, 급여통장 사본 등 입사 관련 서류를 제출하고, D 명의의 급여계산서와 출·퇴근부 서류를 작성하여 급여를 청구하였으나, 사실 D은 피해자 회사에 실제로 근무하지 않았고, 피고인들은 공모하여 이와 같이 피해자 회사의 사장 N를 기망하였다.",
            "이에 속은 피해자 회사로부터 D의 급여 명목으로 D 명의의000 계좌로 2013.4.15.1,595,375원을 송금받은 것을 비롯하여 그 무렵부터 2015.12.경까지 별지 범죄일람표 (2)기재와 같이 총 34회에 걸쳐 피해자 회사로부터 D의 급여, 교통비, 상여금 등 명목으로 합계 96,487,007원을 편취하였고, 피고인 A는 2013.3.경 피고인 B을 통하여 E 명의의 주민등록등본, 급여통장, 현금카드를 전달받았다.",
            "그런 다음, 마치 E가 피해자 회사에 입사하는 것처럼 E의 주민등록등본, 급여통장 사본 등 입사 관련 서류를 제출하고, E 명의의 급여계산서와 출·퇴근부 서류를 작성하여 급여를 청구하였으나, 사실 E는 피해자 회사에 실제로 근무하지 않았고, 피고인들은 공모하여 이와 같이 피해자 회사의 사장 N를 기망하였다.",
            "이에 속은 피해자 회사로부터 E의 급여 명목으로 E 명의의 000 계좌로 2013.4.15.1,530,781원을 송금받은 것을 비롯하여 그 무렵부터 2016.1.경까지 별지 범죄일람표 (3)기재와 같이 총 34회에 걸쳐 피해자 회사로부터 급여, 교통비, 상여금 등 명목으로 합계 93,010,884원을 편취하였다.",
            "피고인 A는 2012.3.2.경 피해자 회사 사무실에서 마치 남편인 L이 피해자 회사에 입사하는 것처럼 가장하여 L 명의의 주민등록등본, 급여통장 사본 등 입사 관련 서류를 제출하고, 이후 L 명의의 급여계산서와 출·퇴근부 서류를 작성하여 급여를 청구하였으나, 사실 L은 피해자 회사에 실제로 근무하지 않았다.",
            "그리고 피고인 A는 이와 같이 피해자 회사의 사장 N를 기망하여 이에 속은 피해자 회사로부터 L의 급여 명목으로 L 명의의 000 계좌로 2012.4.15.2,002,760원을 송금받은 것을 비롯하여 그 무렵부터 2013.7.경까지 별지 범죄일람표 (4)기재와 같이 총 17회에 걸쳐 피해자 회사로부터 L의 급여, 교통비, 상여금, 퇴직금 등 명목으로 합계 41,772,584원을 편취하였다.",
            "피고인 A는 2013.6.3.경 피해자 회사 사무실에서 효가 피해자 회사에 입사하는 것처럼 가장하여 'F'명의의 주민등록등본, 급여통장 사본 등 입사 관련 서류를 제출하고, 'F'명의의 급여계산서와 출·퇴근부 서류를 작성하여 급여를 청구하였으나, 사실 F는 피해자 회사에 실제로 근무하지 않았다.",
            "피고인 A는 이와 같이 피해자 회사의 사장 N를 기망하여 이에 속은 피해자 회사로부터 F의 급여 명목으로 F 명의의 000 계좌로 2013.7.15.2,081,628원2)을 송금받은 것을 비롯하여 그 무렵부터 2016.1.경까지 별지 범죄일람표 (5)기재와 같이 총 31회에 걸쳐 피해자 회사로부터 F 의 급여, 교통비, 상여금 등 명목으로 합계 86,991,515원을 편취하였다.",
            "피고인 A는 2013.11.1.경 피해자 회사 사무실에서 G이 피해자 회사에 입사하는 것처럼 가장하여 G 명의의 주민등록등본, 급여통장 사본 등 입사 관련 서류를 제출하고, G 명의의 급여계산서와 출·퇴근부 서류를 작성하여 급여를 청구하였으나, 사실 G은 피해자 회사에 실제로 근무하지 않았다.",
            "피고인 A는 이와 같이 피해자 회사의 사장 N를 기망하여 이에 속은 피해자 회사로 부터 G의 급여 명목으로 G 명의의 000 계좌로 2013.12.15.2,044,519원3)을 송금받았다.",
            "이를 비롯하여 그 무렵부터 2016.1.경까지 별지 범죄일람표 (6)기재와 같이 총 27회에 걸쳐 피해자 회사로부터 G의 급여, 교통비, 상여금, 퇴직금 등 명목으로 합계 80,671,339원을 편취하였고, 이로써 피고인들은 공모하여 189,497,891원을, 피고인 A는 332,885,354원을 편취하였다.",
            "누구든지 전자금융거래의 접근매체인 전자식 카드를 사용하는데 대가를 수수, 요구 또는 약속하면서 접근매체를 대여받거나 대여하는 행위를 하여서는 아니되지만, 피고인은 2012.2.경 창원시 의창구 Q아파트 119동 601호에 있는 피고인의 집에서 C에게 \"회사에 힘들게 사는 언니가 일하고 있는데 회사에 다니려고 하면 통장과 입사서류가 필요하다.너의 주민등록등본, 000 통장과 현금카드를 빌려주면 그 대가로 매월 20만원씩 주겠다.\" 라고 약속했다.",
            "그러고는 C으로부터 C 명의 000 통장(R)및 그와 연결된 전자식 카드인 현금카드를 대여받은 것을 비롯하여 그 무렵부터 2013.11.경까지 별지 범죄일람표 (7)기재와 같이 총 5회에 걸쳐 5명으로부터 같은 방법으로 대가를 약속하고 현금카드 등 접근매체를 대여받았다.",
            "피고인은 2013.4)3.경 창원시 진해구 S, 2층에 있는 E의 집에서 E에게 \"주식회사 K 입사에 필요한 서류인000통장과 그와 연결된 전자식 카드인 현금카드를 빌려주면 매월 30만원을 지급하겠다.\" 라고 약속하고 E로부터 E 명의 000 통장(T)및 그와 연결된 전자식 카드인 현금카드를 대여받아 A에게 전달하였다.",
            "이를 비롯하여 그 무렵 별지 범죄일람표 (8)기재와 같이 총 2회에 걸쳐 2명으로부터 같은 방법으로 대가를 약속하고 현금카드 등 접근매체를 대여받았다.",
            "피고인은 2012.3.경 위 A의 집에서 A로부터 \"회사에 힘들게 사는 언니가 일하고 있는데 회사에 다니려고 하면 통장과 입사서류가 필요하다.너의 주민등록등본, 000 통장과 현금카드를 빌려주면 그 대가로 매월 20만원씩 주겠다.\" 라고 약속을 받고 피고인 명의 000 통장(R)및 그와 연결된 전자식 카드인 현금카드를 대여하였다.",
            "피고인은 2013.3.초순경 창원시 진해구 U 3층에 있는 피고인의 집에서 언니인 위 日으로부터 \"내 친구 A가 그러는데 그 회사 일용직이 신용불량자인데 급여를 압류당한다고 한다.그래서 네 명의를 빌려서 대신 입사하면 급여를 받을 수 있다고 하니, 네 주민등록등본 1통, 000 통장, 현금카드 등을 빌려주면 매월 30만원씩 주겠다.\" 라고 약속을 받고 피고인 명의 000 계좌(V)및 그와 연결된 전자식 카드인 현금카드를 대여하였다.",
            "피고인은 2013.3.경 창원시 진해구 S, 2층에 있는 피고인의 집에서 올케인 B으로부터 \"내 친구가 그러는데 그 회사에서 일하는 사람 신용불량자라서 급여를 압류당해 생활할 수 없다고 합니다.언니 명의를 빌려서 대신 입사하면 급여를 받을 수 있니, 언니 주민등록등본 1통, 000 통장, 현금카드 등을 만들어 빌려주면 매월 30만원씩 주겠다.\" 라고 약속을 받고 피고인 명의 000 계좌(T)및 그와 연결된 전자식 카드인 현금카드를 대여하였다.",
            "피고인은 2013.6.경 창원시 의창구 W에 있는 XPC방에서 친구 L로부터 \"내 처가 그러는데, 신용불량자라서 회사를 나가야 하는 어려운 언니가 있는데 000 통장과 주민등록등본 등 서류를 주면 계속 회사를 다닐 수 있다고 한다.네 주민등록등본, 통장, 현금카드 등을 빌려주면 그 대가로 매월 20~30만원을 주겠다.\" 라고 약속을 받고 피고인 명의 000 계좌(Y)및 그와 연결된 전자식 카드인 현금카드를 대여하였다.",
            "피고인은 2013.6.경 창원시 의창구 Z에 있는 AA 사무실에서 L로부터 \"내 처가 그러는데, 회사에 일하는 아주머니가 신용불량자라서 입금되면 나라에서 바로 출금해 가서 형편이 어렵다고 한다.네 주민등록등본, 통장, 현금카드 등을 빌려주면 그 대가로 매월 20~30만원을 주겠다.\" 라는 약속을 받고 피고인 명의 000 계좌(AB)및 그와 연결된 전자식 카드인 현금카드를 대여하였다."
        ]
    },
    "dcss": {
        "courtDcss": [
            "이 법원이 적법하게 채택하여 조사한 증거들에 의하여 인정되는 아래와 같은 사정들을 위 법리에 비추어 보면, 피고인 A의 이 사건 각 사기 범행은 범의의 단일성과 계속성이 인정되고, 그 범행 방법이 동일하여 포괄일죄로 봄이 타당하고, 피고인 A와 그 변호인의 위 주장은 받아들이지 않는다.",
            "재물편취를 내용으로 하는 사기죄에 있어서는 기망으로 인한 재물교부가 있으면 그 자체로써 피해자의 재산침해가 되어 곧 사기죄는 성립하는 것이고, 상당한 대가가 지급되었다거나 피해자의 전체 재산상에 손해가 없다고 하여도 사기죄의 성립에는 영향이 없으므로 사기죄에 있어서 그 대가가 일부 지급된 경우에도 그 편취액은 피해자로부터 교부된 재물의 가치로부터 그 대가를 공제한 차액이 아니라 교부받은 재물 전부라 할 것이다.",
            "이미 취득한 재물 또는 재산상 이득을 사후에 반환, 변상했다 하더라도 이는 범죄의 성립에 영향을 미치지 않고, 특정경제범죄법 제3조 제1항의 '이득액’이란 거기에 열거된 범죄행위로 취득하거나 제3자로 하여금 취득하게 한 불법영득의 대상이 된 재물이나 재산상 이익의 가액의 합계액이지 궁극적으로 그와 같은 이득이 실현되었는지 여부는 영향이 없다(대법원 2008.6.12.선고 2008도2236 판결 참조).",
            "따라서 위 피고인들이 이 사건 각 편취범행으로 피해자 회사로부터 급여, 교통비, 상여금 등 명목으로 교부받은 금액의 합계액이 사기죄의 편취액 및 특정경제범죄법 제3조 제1항의 이득액 이 되는 것이지, 위 금액에서 세금, 보험료 등을 공제하여 이를 산정해야 하는 것은 아니기에, 피고인 A, 日과 그 변호인의 위 주장은 받아들이지 않는다."
        ]
    },
    "close": {
        "cnclsns": [
            "피고인 A를 징역 3년에 처한다.",
            "피고인 B을 징역 1년 6월에 처한다.",
            "다만, 위 피고인 B에 대하여는 이 판결 확정일로부터 3년간 위 형의 집행을 유예한다.",
            "위 피고인 B에게 80시간의 사회봉사를 명한다.",
            "피고인 C, D, E, F, G을 각 벌금 300만 원에 각 처한다.",
            "위 피고인들이 위 벌금을 납입하지 아니하는 경우, 각 10만 원을 1일로 환산한 기간 위 피고인들을 노역장에 유치한다.",
            "위 피고인들에게 위 벌금 상당액의 가납을 명한다."
        ]
    }
}