{
    "info": {
        "caseField": "2",
        "detailField": "6",
        "trailField": "1",
        "caseNm": "가. 특정경제범죄가중처벌등에관한법률위반(횡령) 나. 업무상횡령",
        "courtNm": "울산지방법원",
        "judmnAdjuDe": "2013. 08. 23.",
        "caseNo": "2013고합32",
        "relateLaword": [
            "특정경제범죄 가중처벌 등에 관한 법률 제3조",
            "형법 제356조",
            "형법 제355조",
            "형법 제37조",
            "형법 제38조",
            "형법 제50조",
            "형법 제62조"
        ],
        "qotatPrcdnt": []
    },
    "concerned": {
        "acusr": "4",
        "dedat": "1"
    },
    "org": {
        "orgJdgmnCourtNm": "",
        "orgJdgmnAdjuDe": "",
        "orgJdgmnCaseNo": ""
    },
    "disposal": {
        "disposalform": "8",
        "disposalcontent": [
            "피고인 A을 징역 3년에, 피고인 B을 징역 2년에, 피고인 C을 징역 1년에 각 처한다.",
            "다만, 피고인 A에 대하여는 이 판결 확정일부터 4년간, 피고인 B에 대하여는 이 판결 확정일부터 3년간, 피고인 C에 대하여는 이 판결 확정일부터 2년간 위 각 형의 집행을 유예한다."
        ]
    },
    "mentionedItems": {
        "rqestObjet": [
            "피고인 A을 징역 3년에, 피고인 B을 징역 2년에, 피고인 C을 징역 1년에 각 처한다."
        ]
    },
    "assrs": {
        "acusrAssrs": [],
        "dedatAssrs": []
    },
    "facts": {
        "bsisFacts": [
            "피고인은 2006.3.경부터 자동차 부품·건축용 섀시 제조 등을 목적으로 설립된 주식회사 D알루미늄(이하 ‘D알루미늄’이라고만 한다)의 대표이사로 재직하면서 자금집행 등 회사의 업무를 총괄하는 사람이다.",
            "피고인은 2006.5.1.경 0000에 있는 D알루미늄 사무실에서 산업자원부에서 추진하는 지역산업기술개발사업인 ‘압출성이 우수한 자동차 범퍼용 A7000계 알루미늄 압출재 개발’ 제의 주관기업으로 선정되어 한국산업기술평가원(이하 ‘산기평’이라고 한다)과 기술개발사업협약을 체결했다.",
            "산기평으로부터 위 과제와 관련하여 D알루미늄의 계좌로 2006.6.28.경부터 2007.6.22.경까지 정부출연금 140,250,000원을 교부받아 피해자인 국가를 위하여 업무상 보관하게 되었다.",
            "피고인은 위 기술개발사업을 위하여 산기평으로부터 수령한 위 정부출연금을 위 협약에 정한 기준에 따라 기술개발관련 연구기자재 및 시설비 등의 제한된 용도로만 사용하여야 할 의무가 있음에도 불구하고, 2006.11.29.경 950만원을 인출하여 생산설비의 수리비 등에 소비하여 이를 횡령하였다.",
            "피고인은 이를 비롯하여 그 무렵부터 2011.6.9.경까지 사이에 별지 B 범죄일람표 1, 2, 3 기재와 같이 총 60회에 걸쳐 3개 기술개발사업과 관련하여 교부받은 정부출연금 합계 678,508,539원을 기술개발과 무관한 생산활동 등 D알루미늄의 사적인 용도에 소비하여 이를 횡령하였다.",
            "피고인은 2005.7.경부터 2007.6.경까지 알루미늄 빌렛 등 제조를 목적으로 설립된 주식회사 E(이하 ‘E’이라고만 한다)의 사실상 대표이사로서 자금집행 등 회사의 업무를 총괄하던 사람이다.",
            "피고인은 2005.8.1.경 0000에 있는 E 사무실에서 산업자원부에서 추진하는 부품소재개발사업인 ‘저가 D성 알루미늄 가변곡률 압출소재 및 부품개발’ 과제의 참여기업으로 선정되어 산기평과 산업기술개발사업협약을 체결하였다.",
            "그런 다음, 산기평으로부터 위 과제와 관련하여 E의 계좌로 2005.9.15.경부터 2007.10.9.경까지 1,357,292,000원을 교부받아 피해자인 국가를 위하여 업무상 보관하게 되었다.",
            "피고인은 위 기술개발사업을 위하여 산기평으로부터 수령한 위 정부출연금을 위 협약에 정한 기준에 따라 기술개발관련 연구기자재 및 시설비 등의 제한된 용도로만 사용하여야 할 의무가 있음에도 불구하고, 2006.12.8.경 1,500만원을 인출하여 생산장비 구입비 등에 소비하여 이를 횡령하였다.",
            "피고인은 이를 비롯하여 그 무렵부터 2007.5.30.경까지 사이에 별지 C 범죄일람표 1, 2 기재와 같이 총 13회에 걸쳐 2개 기술개발사업과 관련하여 교부받은 정부출연금 합계 178,125,163원을 기술개발과 무관한 생산장비 구입 등 E의 사적인 용도에 소비하여 이를 횡령하였다.",
            "피고인은 2007.7.경부터 2012.7.경까지 위 E의 대표이사로 재직하면서 자금집행 등 회사의 업무를 총괄하던 사람이다.",
            "피고인은 2005.8.1.경 위 E 사무실에서 산업자원부에서 추진하는 부품소재개발사업인 저가 D성 ‘저가 D성 알루미늄 가변곡률 압출소재 및 부품개발’ 과제의 참여기업으로 선정되어 산기평과 기술개발사업협약을 체결한 다음, ",
            "산기평으로부터 위 과제와 관련하여 E 명의의 계좌로 2005.9.15.경부터 2007.10.9.경까지 정부출연금 1,357, 292,000원을 교부받아 피해자인 국가를 위하여 업무상 보관하게 되었다.",
            "피고인은 위 기술개발사업을 위하여 산기평으로부터 수령한 위 정부출연금을 위 협약에 정한 기준에 따라 기술개발관련 연구기자재 및 시설비 등의 제한된 용도로만 사용하여야 할 의무가 있음에도 불구하고, 2007.7.25.경 2,800만원을 인출하여 생산설비의 구입비 등에 소비하여 이를 횡령하였다.",
            "피고인은 이를 비롯하여 그 무렵부터 2012.4.30.경까지 사이에 별지 A 범죄일람표 1 내지 8 기재와 같이 총 136회에 걸쳐 8개 기술개발사업과 관련하여 교부받은 정부출연금 2,254,154,126원을 기술개발과 무관한 생산활동 등 E의 사적인 용도에 소비하여 이를 횡령하였다."
        ]
    },
    "dcss": {
        "courtDcss": [
            "위 각 양형요소와 이 사건 횡령금액이 2,254,154,126원에 이르는 점 등 불리한 정상, 피고인이 이 사건 범행으로 개인적 이득을 취하지 않은 것으로 보이는 점, E이 피해자를 위하여 10억 원을 공탁하였고 피해자로부터 정부출연금 환수통보를 받아 피해자에게 579,597,768원을 지급한 점이 있다.",
            "피고인에게 동종범행으로 인한 처벌전력 및 자격정지 이상의 처벌전력이 없는 점, 피고인이 자신의 잘못을 반성하고 있는 점 등 유리한 정상, 그밖에 피고인의 연령, 성행, 환경, 범행 후의 정황 등 제반 양형조건을 종합적으로 고려하여 주문과 같은 형을 정한다.",
            "위 각 양형요소와 이 사건 횡령금액이 678,508,539원에 이르는 점 등 불리한 정상, 피고인이 이 사건 범행으로 개인적 이득을 취하지 않은 것으로 보이는 점,",
            "D알루미늄이 피해자를 위하여 647,919,211원을 공탁하였고 피해자로부터 정부출연금 환수통보를 받아 피해자에게 위 통보금액에서 위 공탁금을 공제한 755,029,178원을 지급한 점이 있다.",
            "피고인에게 동종범행으로 인한 처벌전력이 없는 점, 피고인이 자신의 잘못을 반성하고 있는 점 등 유리한 정상, 그밖에 피고인의 연령, 성행, 환경, 범행 후의 정황 등 제반 양형조건을 종합적으로 고려하여 주문과 같은 형을 정한다.",
            "위 각 양형요소와 이 사건 횡령금액이 178,125,163원에 이르는 점 등 불리한 정상, 피고인이 이 사건 범행으로 개인적 이득을 취하지 않은 것으로 보이는 점, E이 피해자를 위하여 10억 원을 공탁하였고 피해자로부터 정부출연금 환수통보를 받아 피해자에게 579,597,768원을 지급한 점이 있다.",
            "피고인에게 동종범행으로 인한 처벌전력 및 자격정지 이상의 처벌전력이 없는 점, 피고인이 자신의 잘못을 반성하고 있는 점 등 유리한 정상, 그밖에 피고인의 연령, 성행, 환경, 범행 후의 정황 등 제반 양형조건을 종합적으로 고려하여 주문과 같은 형을 정한다."
        ]
    },
    "close": {
        "cnclsns": [
            "피고인 A을 징역 3년에, 피고인 B을 징역 2년에, 피고인 C을 징역 1년에 각 처한다.",
            "다만, 피고인 A에 대하여는 이 판결 확정일부터 4년간, 피고인 B에 대하여는 이 판결 확정일부터 3년간, 피고인 C에 대하여는 이 판결 확정일부터 2년간 위 각 형의 집행을 유예한다."
        ]
    }
}