{
    "info": {
        "caseField": "2",
        "detailField": "6",
        "trailField": "1",
        "caseNm": "중상해",
        "courtNm": "서울서부지방법원",
        "judmnAdjuDe": "2018. 12. 26.",
        "caseNo": "2008고합334",
        "relateLaword": [
            "형법 제258조",
            "형법 제62조",
            "형법 제62조의2",
            "보호관찰 등에 관한 법률 제59조",
            "형법 제258조"
        ],
        "qotatPrcdnt": []
    },
    "concerned": {
        "acusr": "4",
        "dedat": "1"
    },
    "org": {
        "orgJdgmnCourtNm": "",
        "orgJdgmnAdjuDe": "",
        "orgJdgmnCaseNo": ""
    },
    "disposal": {
        "disposalform": "8",
        "disposalcontent": [
            "피고인을 징역 1년에 처한다.",
            "다만, 이 판결 확정일로부터 2년간 위 형의 집행을 유예한다.",
            "피고인에 대하여 80시간의 사회봉사활동을 명한다."
        ]
    },
    "mentionedItems": {
        "rqestObjet": [
            "피고인은 주먹으로 피해자의 얼굴 부위를 1회 가격하여 피해자를 바닥에 쓰러뜨리고, 정신을 잃은 피해자의 몸 위에 올라타 오른 주먹으로 피해자의 왼쪽 눈을 수회 가격하여 피해자의 왼쪽 눈을 실명하게 하여 피해자를 불구에 이르게 하였다."
        ]
    },
    "assrs": {
        "acusrAssrs": [],
        "dedatAssrs": [
            "피해자의 눈이 실명되었는지 여부를 확인할 수 있는 객관적 자료가 없다.따라서 피해자가 입은 상해의 정도는 형법 제258조 제2항이 정한 중상해에 해당하지 않는다고보아야 한다."
        ]
    },
    "facts": {
        "bsisFacts": [
            "피고인은 2008.8.21.04:10경 서울 마포구 C에 있는 D식당 1층 화장실에서 E과 어깨가 부딪힌 일로 시비가 되어 E에게 욕설을 퍼붓다가 E의 선배인 피해자 F(30세)으로부터 항의를 받자 화가 나, 주먹으로 피해자의 얼굴 부위를 1회 가격하여 피해자를 바닥에 쓰러뜨리고, 정신을 잃은 피해자의 몸 위에 올라타 오른 주먹으로 피해자의 왼쪽 눈을 수회 가격하여 피해자의 왼쪽 눈을 실명하게 하여 피해자를 불구에 이르게 하였다."
        ]
    },
    "dcss": {
        "courtDcss": [
            "이 법원이 적법하게 채택하여 조사한 증거들에 의하여 알 수 있는 다음과 같은 사정, 즉 ① 피고인은 피해자의 왼쪽 눈 부위를 집중적으로 타격하였으며, 이러한 정황은 이 사건 범행 직후에 촬영된 사진에서도 분명히 드러나는 점(순번 4번), ② 피해자는 지속적으로 왼쪽 눈이 제대로 보이지 않는다고 호소하였고, 000 소속 의사는 2008.8.21.07:00피해자를 진찰한 다음 그 원인을 외상성 시신경 병증으로 진단하였다.",
            "스테로이드 치료를 해볼 수 있으나 그 효과는 그다지 크지 않으며, 시력 개선 또한 기대하기 어렵다.' 는 의견을 밝혔으며(순번 23번), 당시 작성된 상해진단서에도 병명 중 '외상성 시신경 병증(좌안)' 이 기재되어 있는 점(순번 11번), ③ 이후 지속적인 입원치료, 통원치료에도 불구하고, 피해자의 좌안 시력은 안전 수지변별 30cm(30cm 앞에서 손가락을 구분할 수 있을 정도의 시력)에 불과한 점(순번 22번)등에 비추어 보았다.",
            "피해자는 사실상 실명 상태에 있는 것으로 보이므로 피해자가 입은 상해는 형법 제258조 제2항에서 말하는 '불구 또는 불치나 난치의 질병'에 해당한다.피고인 및 변호인의 주장은 받아들이지 않는다.",
            "이 사건 범행은 피고인이 별다른 이유 없이 피해자의 왼쪽 눈 부위를 집중적으로 때려 결국 왼쪽 눈을 실명시킨 것으로 그 죄질이 절대 가볍지 않은 점, 이 사건 범행에 있어 참작할 만한 동기가 전혀 없는 점, 피고인에게 동종 범행으로 인한 처벌 전력이 있다.",
            "피고인은 이 사건 범행으로 기소된 것을 알고 곧바로 도주하였으며, 그로부터 약 10년이 지난 후에야 구속되어 법의 심판을 받게 된 점, 피해자가 이 사건 범행으로 인하여 상당한 불편을 겪고 있는 것으로 보이는 점 등은 피고인에게 불리한 정상이다.",
            "다만, 피고인이 뒤늦게나마 자신의 잘못을 인정하면서 반성하고 있는 점, 피고인이 약 6년 전부터 현재의 사실혼 배우자를 만나 성실한 삶을 살고자 노력한 점, 피고인의 구금이 가족의 생계에 지장을 초래할 것으로 보이는 점이 있다.",
            "피고인 가족들의 진심 어린 사죄로 변론종결 이후에 비로소 피해자와 합의하기에 이른 점 등을 피고인에게 유리한 정상으로 참작하되, 피고인의 연령, 성행, 환경, 가족관계, 범행의 수단 및 결과, 범행 후의 정황 등 양형의 조건이 되는 여러 사정을 종합하여 주문과 같이 형을 정한다."
        ]
    },
    "close": {
        "cnclsns": [
            "피고인을 징역 1년에 처한다.",
            "다만, 이 판결 확정일로부터 2년간 위 형의 집행을 유예한다.",
            "피고인에 대하여 80시간의 사회봉사활동을 명한다."
        ]
    }
}