{
    "info": {
        "caseField": "2",
        "detailField": "6",
        "trailField": "1",
        "caseNm": "공갈, 공갈미수, 배상명령신청",
        "courtNm": "울산지방법원",
        "judmnAdjuDe": "2013. 02. 01.",
        "caseNo": "2012고단2992",
        "relateLaword": [
            "형법 제350조",
            "형법 제352조",
            "형법 제35조",
            "형법 제37조",
            "형법 제38조",
            "형법 제50조",
            "소송촉진 등에 관한 특례법 제25조",
            "소송촉진 등에 관한 특례법 제31조"
        ],
        "qotatPrcdnt": []
    },
    "concerned": {
        "acusr": "4",
        "dedat": "1"
    },
    "org": {
        "orgJdgmnCourtNm": "",
        "orgJdgmnAdjuDe": "",
        "orgJdgmnCaseNo": ""
    },
    "disposal": {
        "disposalform": "6",
        "disposalcontent": [
            "피고인을 징역 1년에 처한다.",
            "피고인은 배상 신청인에게 갈취금 340만 원을 지급한다.",
            "위 명령은 가집행할 수 있다."
        ]
    },
    "mentionedItems": {
        "rqestObjet": [
            "피고인을 징역 1년에 처한다.",
            "피고인은 배상 신청인에게 갈취금 340만 원을 지급한다."
        ]
    },
    "assrs": {
        "acusrAssrs": [],
        "dedatAssrs": []
    },
    "facts": {
        "bsisFacts": [
            "피고인은 2006.7.21.부산지방법원에서 강도상해죄로 징역 4년을 선고받고 2010.7.20.안양교도소에서 그 형의 집행을 종료하였고, 2010.8.26.수원지방법원에서 상해죄 등으로 징역 10월을 선고받고 2011.5.19.안양교도소에서 그 형의 집행을 종료하였다.",
            "피고인은 2012.5.초순경 0000 D 나이트클럽에서 종업원으로 근무하면서 손님으로 온 피해자 C을 알게 되어 서로 연락하고 지내고 있었다.",
            "피고인은 2012.8.17.00:45경 0000 'E모텔'에서, 피해자와 성관계를 하게 되었고, 이를 이용하여 피해자로부터 돈을 갈취하기로 마음먹었다.",
            "피고인은 위 모텔에서 피해자에게 자신의 휴대전화기에 녹음된 다른 사람의 음성메시지를 마치 피해자의 외도 등에 대해 통화한 내용을 녹음한 것처럼 짧게 들려주면서 \"니 신랑 공무원이제, 남편이 알면 니 이혼 당할 것이고, 너거 신랑 쪽팔려서 공무원 생활 못한다, 친정 엄마, 아빠 알고 창피해서 여기에서 살겠냐, 지금까지 내하고 통화하면서 외도한 내용도 모두 녹음해 놓았다\"고 겁을 주면서 피해자에게 돈을 요구하였다.",
            "피고인은 이와 같이 피해자를 공갈하여 이에 겁을 먹은 피해자로부터 2012.8.17.02:10경 0000 'F 편의점'. 현금지급기에서 현금으로 90만 원을 교부받고, 같은 날 피고인의 0은행 계좌로 250만 원을 송금받아 합계 340만 원을 갈취하였다.",
            "피고인은 나이트클럽에서 종업원으로 일할 때 알게 된 피해자 G과 성관계를 하였던 것을 기화로, 성관계한 사실을 피해자의 남편 등 가족들에게 알릴 것처럼 행동하여 돈을 빼앗기로 마음먹었다.",
            "피고인은 2012.8.5.21:00경 0000 H 모텔 불상의 호실에서 피해자에게 \"5,000만 원을 주지 않으면 성관계를 할 때 촬영한 동영상과 녹음한 내용을 남편과 가족들에게 알리겠다\"라고 협박하여, 이에 겁을 먹은 피해자로부터 2012.8.5.23:30경 0000에 있는 0은행 0지점 앞 노상에서 현금 200만 원을 받아 갈취하였다.",
            "피고인은 2012.8.6.13:10경 0000 'I' 편의점 앞 노상에서 가.항과 같은 취지로 피해자를 협박하여 나머지 4,800만 원을 갈취하려고 하였으나 피해자의 신고를 받고 잠복 중인 경찰관으로부터 체포되는 바람에 미수에 그쳤다."
        ]
    },
    "dcss": {
        "courtDcss": [
            "피고인을 징역 1년에 처한다.",
            "피고인은 배상 신청인에게 갈취금 340만 원을 지급하라.",
            "위 명령은 가집행할 수 있다."
        ]
    },
    "close": {
        "cnclsns": [
            "피고인을 징역 1년에 처한다.",
            "피고인은 배상 신청인에게 갈취금 340만 원을 지급하라.",
            "위 명령은 가집행할 수 있다."
        ]
    }
}