{
    "info": {
        "caseField": "2",
        "detailField": "6",
        "trailField": "1",
        "caseNm": "강도상해",
        "courtNm": "대구지방법원",
        "judmnAdjuDe": "2017. 12. 12.",
        "caseNo": "2017고합436",
        "relateLaword": [
            "형법 제337조",
            "형법 제53조",
            "형법 제55조"
        ],
        "qotatPrcdnt": []
    },
    "concerned": {
        "acusr": "4",
        "dedat": "1"
    },
    "org": {
        "orgJdgmnCourtNm": "",
        "orgJdgmnAdjuDe": "",
        "orgJdgmnCaseNo": ""
    },
    "disposal": {
        "disposalform": "6",
        "disposalcontent": [
            "피고인을 징역 4년에 처한다."
        ]
    },
    "mentionedItems": {
        "rqestObjet": [
            "피고인을 징역 4년에 처한다."
        ]
    },
    "assrs": {
        "acusrAssrs": [],
        "dedatAssrs": [
            "피고인이 피해자의 돈을 절취하고 피해자를 폭행하여 상해에 이르게 한 사실은 인정하지만, 피고인은 절취행위가 종료되고 약 1시간 20분 뒤에 피해자로부터 돈을 돌려 달라는 요구를 받고 당황하여 피해자를 밀치고 도망간 것일 뿐이므로 피고인의 폭행이 절도의 기회에 체포를 면탈할 목적으로 행하여 진 것으로 볼 수 없다.",
            "따라서 피고인에게는 절도죄와 상해죄의 경합범이 성립할 뿐이고, 준강도죄가 성립됨을 전제로 한 강도상해죄는 인정되지 아니한다."
        ]
    },
    "facts": {
        "bsisFacts": [
            "피고인은 2017.9.17.02:11경 0000 5충에 있는 0 업소에 들어가, 그곳 종업원들이 사용하는 휴게실에 들어가 그 곳에 있던 피해자 00(여, 48세)의 손가방에서 현금 906,000원을 꺼내어 갔다.",
            "피고인은 그곳에서 마사지를 받고 잠이 들었다가, 그 사이에 피고인이 휴게실에 들어갔다 나오는 모습이 촬영된 CCTV를 확인한 피해자로부터 돈을 돌려 달라는 요구를 받자, 체포를 면탈할 목적으로 손으로 피해자의 양팔과 손목을 잡아 였으로 강하게 밀쳐 넘어뜨려 바닥에 머리를 부딪치게 하고, 재차 양손으로 피해자의 가슴부위를 강하게 밀쳐 바닥에 넘어뜨리는 등 폭행하여 피해자에게 약 4주간의 치료가 필요한 두피의 표재성 손상 등의 상해를 가하였다."
        ]
    },
    "dcss": {
        "courtDcss": [
            "배심원 평결결과(배심원 7명): 유죄 6명, 무죄(절도죄와 상해죄의 경합범)1명",
            "배심원 양형의견 : 징역 7년 : 0명 징역 4년 : 3명 징역 3년 6개월 : 0명",
            "이상의 이유로 피고인에 대한 이 사건을 그 희망에 따라 국민참여재판을 거쳐 주문과 같이 판결한다."
        ]
    },
    "close": {
        "cnclsns": [
            "피고인을 징역 4년에 처한다."
        ]
    }
}