{
    "info": {
        "caseField": "2",
        "detailField": "6",
        "trailField": "1",
        "caseNm": "상해",
        "courtNm": "수원지방법원 안산지원 ",
        "judmnAdjuDe": "2011. 07. 26.",
        "caseNo": "2011고정965",
        "relateLaword": [
            "형사소송법 제334조",
            "형법 제69조",
            "형법 제70조 ",
            "형법 제257조 "
        ],
        "qotatPrcdnt": []
    },
    "concerned": {
        "acusr": "4",
        "dedat": "1"
    },
    "org": {
        "orgJdgmnCourtNm": "",
        "orgJdgmnAdjuDe": "",
        "orgJdgmnCaseNo": ""
    },
    "disposal": {
        "disposalform": "9",
        "disposalcontent": [
            "피고인을 벌금 70만 원에 처한다.",
            "피고인이 위 벌금을 납입하지 아니하는 경우 5만원을 1일로 환산한 기간 피고인을 노역장에 유치한다.",
            "위 벌금에 상당한 금액의 가납을 명한다."
        ]
    },
    "mentionedItems": {
        "rqestObjet": [
            "피고인은 피해자에게 약 14일간의 치료를 요하는 우측 상완부, 좌측 둔부, 우측하퇴부 좌상 등의 상해를 가하였다."
        ]
    },
    "assrs": {
        "acusrAssrs": [],
        "dedatAssrs": []
    },
    "facts": {
        "bsisFacts": [
            "피고인은 2011.1.17.17:30경 0000 안산지원 민원실 안에서 피해자 공소외인(54세,여)이 협의이혼을 해주지 않고 서류를 가지고 법원 밖으로 나가려고 하는 것에 화가 나 손으로 피해자의 어깨부위를 잡아당겨 넘어뜨려 피해자에게 약 14일간의 치료를 요하는 우측 상완부, 좌측둔부, 우측하퇴부 좌상 등의 상해를 가하였다."
        ]
    },
    "dcss": {
        "courtDcss": [
            "피고인을 벌금 70만 원에 처한다.",
            "피고인이 위 벌금을 납입하지 아니하는 경우 5만 원을 1일로 환산한 기간 피고인을 노역장에 유치한다.",
            "위 벌금에 상당한 금액의 가납을 명한다."
        ]
    },
    "close": {
        "cnclsns": [
            "피고인을 벌금 70만 원에 처한다.",
            "피고인이 위 벌금을 납입하지 아니하는 경우 5만 원을 1일로 환산한 기간 피고인을 노역장에 유치한다.",
            "위 벌금에 상당한 금액의 가납을 명한다."
        ]
    }
}