{
    "info": {
        "caseField": "2",
        "detailField": "6",
        "trailField": "1",
        "caseNm": "살인,상해",
        "courtNm": "부산지방법원",
        "judmnAdjuDe": "2017. 06. 16.",
        "caseNo": "2017고합31",
        "relateLaword": [
            "형법 제250조",
            "형법 제257조",
            "형법 제37조",
            "형법 제38조",
            "형법 제50조"
        ],
        "qotatPrcdnt": []
    },
    "concerned": {
        "acusr": "4",
        "dedat": "1"
    },
    "org": {
        "orgJdgmnCourtNm": "",
        "orgJdgmnAdjuDe": "",
        "orgJdgmnCaseNo": ""
    },
    "disposal": {
        "disposalform": "6",
        "disposalcontent": [
            "피고인을 징역 8년에 처한다."
        ]
    },
    "mentionedItems": {
        "rqestObjet": [
            "피고인은 피해자에게 약 3주간의 치료를 요하는 상해를 가하였다.",
            "피고인은 피해자로 하여금 두부손상으로 사망하게 하여 피해자를 살해하였다."
        ]
    },
    "assrs": {
        "acusrAssrs": [
            "피고인은 피해자에게 약 3주간의 치료를 요하는 폐쇄성 뇌진탕 등의 상해를 가하였다.",
            "피고인은 2017. 1. 3. 19:02경 0000에 있는 000에서 피해자로 하여금 두부손상으로 사망하게 하여 피해자를 살해하였다."
        ],
        "dedatAssrs": []
    },
    "facts": {
        "bsisFacts": [
            "피고인은 피해자 D(여, 41세) 과는 부부지간이고, 피해자 E(남, 5개월 상당)과는 부자지간이다.",
            "피고인은 평소 우울증과 불면증을 앓고 있는 데다가 2016. 8. 10. 아들인 피해자 E이 부신피질 호르몬 불균형인 희귀성 질환을 가지고 태어나 평생 약물치료를 해야 하는 상태에 있고, 갓난아기인 아들로 인해 잠을 제대로 자지 못하고 아들 치료 및 육아 문제로 처인 피해자 D과 자주 말다툼을 하는 등 여러 가지로 스트레스를 받고 있었다.",
            "피고인은 2017. 1. 2. 12: 30경 0000 피고인의 주거지에서, 전날 피고인이 E을 데리고 밖에 나갔다가 귀가하였을 때 피해자가 출입문을 열어주지 않은 문제로 인해 화가 많이 났음에도 참았으나 피해자가 집을 나가겠다며 자신의 짐을 챙기고 다른 사람에게 기부를 하겠다면서 피고인의 옷까지 챙기는 것에 격분하였다.",
            "그리하여, 피해자에게 \"니가 인간이가? 미친 것 아니가?\"라고 말하면서 오른손으로 피해자의 얼굴과 머리 등을 15회가량 때리고, 발로 주저앉은 피해자의 옆구리, 엉덩이 부위 등을 10회가량 차고, 다시 주먹으로 피해자의 얼굴과 머리 등을 10회가량 때리고, 손으로 피해자의 머리채를 잡아 벽에 3회가량 부딪치게 하였다.",
            "피고인은 같은 날 17:00경 같은 장소에서, 아래 2항과 같이 E을 이불 위로 던지는 것을 보고 놀라 피해자가 E을 데리고 가려고 하자 손으로 피해자의 머리채를 잡아 수회 벽에 부딪치게 하고 발로 피해자의 온몸을 찼다.",
            "피고인은 같은 날 17:00경 같은 장소에서, 혼자 술을 마시면서 처와 사이가 나빠지고 상황이 안 좋게 된 원인을 생각하다가 피해자의 출생 때문이라는 생각이 들자 피해자가 미워져 피해자를 죽이기로 마음먹었다.",
            "발로 피해자가 타고 있던 보행기를 3회가량 차고, 양손으로 피해자를 잡아 보행기에서 꺼낸 후 이불 위로 3회가량 내려치고, 손바닥으로 피해자의 얼굴을 10회가량 때리고, 양손으로 피해자의 목과 가슴 쪽을 잡고 피해자의 머리를 벽에 3 ~ 4회가량 부딪치게 하였다.",
            "이로써 피고인은 2017. 1. 3. 19:02경 0000에 있는 000에서 피해자로 하여금 두부손상으로 사망하게 하여 피해자를 살해하였다."
        ]
    },
    "dcss": {
        "courtDcss": [
            "범죄사실에 대한 해당법조 및 형의 선택:형법 제250조 제1항(살인의 점, 유기징역형 선택), 형법 제257조 제1항(상해의 점, 징역형 선택)",
            "인간의 생명은 어떠한 경우에도 보장되고 존중되어야 할 최상의 가치이다. ",
            "피고인은 아버지로서 어린 피해자의 생명을 보호하고 건강하게 양육하여야 할 책임이 있음에도 이를 저버리고 5개월에 불과한 피해자 E을 살해하였는 바, 범행수법, 피해자의 나이, 피고인과 피해자의 관계 등에 비추어 피고인에 대한 엄중한 처벌이 불가피하다.",
            "피고인은 이 사건 범행을 인정하면서 자신의 잘못을 뉘우치고 있다.",
            "피고인은 오랜 기간 우울증을 앓고 있었고, 사건 당시 희귀성 질환을 가진 피해자 E의 육아에 대한 부담과 경제적 어려움, 피해자 D과의 갈등 등으로 심리적으로 불안한 상태에 있었던 것으로 보인다.",
            "피고인에게는 아무런 범죄전력이 없고, 피고인의 처이자 피해자 E의 어머니인 피해자 D은 피고인의 선처를 탄원하고 있다.",
            "피고인 역시 평생 피해자 E을 죽음에 이르게 하였다는 죄책감에서 벗어나기 어려울 것으로 보인다."
        ]
    },
    "close": {
        "cnclsns": [
            "피고인을 징역 8년에 처한다."
        ]
    }
}