{
    "info": {
        "caseField": "2",
        "detailField": "6",
        "trailField": "1",
        "caseNm": "준강간",
        "courtNm": "서울중앙지방법원",
        "judmnAdjuDe": "2019. 12. 13.",
        "caseNo": "2019고합583",
        "relateLaword": [
            "형법 제299조",
            "형법 제297조1",
            "형법 제37조",
            "형법 제39조",
            "형법 제55조",
            "형법 제53조",
            "성폭력범죄의 처벌 등에 관한 특례법 제16조",
            "성폭력범죄의 처벌 등에 관한 특례법 제47조",
            "성폭력범죄의 처벌 등에 관한 특례법 제49조",
            "아동, 청소년의 성보호에 관한 법률 제49조",
            "아동, 청소년의 성보호에 관한 법률 제50조\n",
            "구 아동, 청소년의 성보호에 관한 법률(2018. 3. 13. 법률 제15452호로 개정되기 전의 것) 제56조",
            "성폭력범죄의 처벌 등에 관한 특례법 제42조",
            "성폭력범죄의 처벌 등에 관한 특례법 제43조"
        ],
        "qotatPrcdnt": []
    },
    "concerned": {
        "acusr": "4",
        "dedat": "1"
    },
    "org": {
        "orgJdgmnCourtNm": "",
        "orgJdgmnAdjuDe": "",
        "orgJdgmnCaseNo": ""
    },
    "disposal": {
        "disposalform": "6",
        "disposalcontent": [
            "피고인을 징역 10월에 처한다.",
            "피고인에게 40시간의 성폭력 치료프로그램 이수를 명한다."
        ]
    },
    "mentionedItems": {
        "rqestObjet": [
            "피고인은 피해자의 심신상실 또는 항거불능의 상태를 이용하여 피해자를 간음하였다."
        ]
    },
    "assrs": {
        "acusrAssrs": [],
        "dedatAssrs": [
            "피고인이 피해자와 성관계를 한 것은 사실이나 피해자와 합의하에 한 것이고, 당시 피해자가 심신상실 또는 항거불능 상태에 있지도 않았다."
        ]
    },
    "facts": {
        "bsisFacts": [
            "피고인과 피해자 B(여, 당시 50세)은 2008년경부터 2017년경까지 사실혼 관계에 있던 사이이다.",
            "피고인은 2015. 10. 31. 14:00경 0000 C에 있는 피해자 소유의 별장에서 피고인과 말다툼을 한 후 졸피뎀 성분이 든 수면제 두 알을 먹고 잠들어 있는 피해자의 바지를 벗긴 다음 피해자의 음부에 성기를 삽입하였다.",
            "이로써 피고인은 피해자의 심신상실 또는 항거불능의 상태를 이용하여 피해자를 간음하였다."
        ]
    },
    "dcss": {
        "courtDcss": [
            "이 법원이 적법하게 채택하여 조사한 증거들에 의하여 인정되는 다음과 같은 사실 및 사정들을 종합하여 보면, 피해자의 진술은 신빙성이 있고, 위 진술과 앞서 든 증거들에 의하면 판시 범죄사실 기재와 같이 피고인이 심신상실 또는 항거불능 상태에 있었던 피해자를 간음한 사실을 인정할 수 있다. 따라서 피고인과 변호인의 위 주장은 받아들이지 않는다.",
            "피해자는 수사기관에서부터 이 법정에 이르기까지 사실혼 관계에 있던 피고인과 이 사건 당시 다투게 된 이유, 피해자가 수면제를 먹기 전까지 기억하는 상황, 피해자가 수면제를 먹고 잠든 사이에 피고인이 한 행동을 알게 되어 피고인을 신고하게 된 경위 등 이 사건 범행의 주요 부분에 관하여 비교적 구체적이고 일관되게 진술하였다.",
            "그 진술 내용에 특별히 비합리적인 부분이나 진술 자체로 모순되는 부분이 없으며, 특히 이 법정에서 실시된 증인 신문 당시 확인된 피해자의 진술 모습과 태도, 진술의 뉘앙스 등도 거짓말을 한다거나 특별히 과장하여 진술한다는 느낌을 받을 수 없었다.",
            "피해자는 이 사건이 발생하기 전부터 피고인과 싸우는 일이 많아지자 피해자의 휴대전화로 피고인과 싸우는 내용을 녹음하였는데, 이 사건 당시에도 피해자의 휴대전화에 사건 전후와 성관계 당시의 상황이 녹음되어 있다.",
            "위와 같이 녹음된 내용에 의하면, 피해자는 피고인과 여자 문제와 돈 문제 등으로 말다툼을 하다가 피고인에게 \"저 약 한 알짜리 두 알 먹으니까 30분 내로 잠들 거야. 잠들기 전에 얘기해\"라고 말하였고(증제2호증 USB 녹음파일 00:16:24경), 피고인이 이야기를 하자고 하자 \"그럼 얼른 얘기하세요\"라고 하면서 물을 마시는 소리가 들린다(위 녹음파일 00:16:50경, 이상 녹취서 제9쪽).",
            "이후 피해자는 피고인과 말다툼을 하다가 피고인이 문을 닫고 나간 다음(위 녹음파일 00:28:36경) 그 무렵부터 약 21분 이후 피고인이 다시 문을 열고 들어올 때까지 자고 있었던 것으로 보인다(위 녹음파일 00:49:30경, 이상 녹취서 제17쪽).",
            "피해자는 이 사건 무렵 수면장애로 졸피뎀 성분의 수면제를 하루 1알(10mg) 용량으로 처방받아 복용하고 있었는데, 이 사건 당시 피해자는 위와 같이 피고인과 말다툼을 하던 중 평소 용량을 초과하는 수면제 2알을 복용하고 잠이 들었고 피해자가 피고인에게 수면제를 먹고 자겠다고 명시적으로 언급을 한 바도 있어 피고인도 피해자가 수면제를 먹은 사실을 알고 있었다고 보인다.",
            "피고인은 피해자가 잠든 이후 다시 방으로 들어오면서 피해자에게 \"아휴, 하. 눈 좀 떠봐. 응?\", \"조금만. 눈 좀 떠봐. 고성 자가. 차 안에서 자\", \"응? 가자, 응? 미안해\", \"당신 없으면 못 살잖아. 응? 가자. 아휴 어떡해 여보, 응?\"이라고 말을 한 다음 \"여보, 바지 벗어. 바지 벗어봐. 아후\"라고 말하며 성관계를 하였고(위 녹음파일 00:56:20경)",
            "성관계를 하면서도 \"여보, 밑에가 빨개. 어떡해? 응? 흐르는데? 괜찮아?\", \"여보, 밑에가 빨갛다고. 가만있어. 타올 가져올게. 수건 가져와?\", \"어떻게 해 줄까? 더. 잠깐만 누워 있어. 아우. 여보, 잠깐만 이러고 있어. 안 되겠다, 안 되겠어\", \"발 올려, 아우, 여보, 괜찮아? 어? 괜찮냐고\"(위 녹음파일 00:59:43경), \"당신이 위로 올라와. 위로, 발 펴봐. 하 뜨거워\"(위 녹음파일 01:01:50경)라고 말하였다.",
            "약 9~10분가량 성관계를 한 다음 \"가자. 어? 여보, 가자. 얼른, 씻게\"라고 말하면서(위 녹음파일 01:05:05경) 성관계를 마쳤다.",
            "그런데 위와 같이 성관계를 하는 동안 피해자는 신음 소리를 냈을 뿐(위 녹음파일 01:00:06, 01:02:47경, 이상 녹취서 제18쪽) 피고인이 성관계를 하면서 바지를 벗고 몸 위로 올라오라거나 발을 펴보라고 말한 것에 대하여는 아무런 대답을 하지 않았다. 이러한 녹음 내용에 비추어 볼 때, 피해자는 이 사건 당시 수면제를 먹고 잠이 들어 있거나 제대로 정신을 차리지 못한 상태였다고 봄이 상당하다.",
            "이에 대하여 피고인과 변호인은 이 사건 당시 피해자가 피고인과 대화를 나누었고 성관계 이후 몸을 씻고 피고인과 함께 고성으로 이동을 하였으므로 피해자는 심신상실 내지 항거불능 상태에 있지 않았고 피고인과 합의하에 성관계를 한 것이라고 주장한다.",
            "위 녹음 내용에 의하면, 성관계 도중 피해자의 음부에서 피가 났던 것으로 보이는데, 이에 피고인이 성관계를 끝낸 후 피해자에게 \"여기, 이거 어떻게 해? 아니, 그대로 둬. 내가 치울 테니까 당신 나와\"라고 말을 하자 피해자가 \"이거 언제 하게\"라고 답하였다.",
            "피고인이 \"당신 몸 빨개 지금, 뒤가\", \"앉지 마\", \"그냥 일로 와\"라고 말을 하자 피해자가 \"아이고\", \"새 건데\"라고 답하였으며 피고인에게 \"이것만, 이것만 치우고\", \"아휴, 여기는 내가 이렇게 하니까 자리 정리 다시 좀\", \"안 씻을라고요\", \"난 이따 씻으려고, 당신 씻어요. 저는 나중에 씻을게\"라고 말을 한 다음(녹취서 제19쪽), 옷을 입고 피고인이 운전하는 차를 타고 고성으로 향한 사실은 인정된다.",
            "그러나 피해자는 앞서 본 바와 같이 성관계 도중에는 피고인의 말에 아무런 대답을 하지 않고 신음 소리를 냈을 뿐이고, 성관계 이후에도 피고인의 말에 단편적으로 대답을 하고 \"아이고\", \"아휴\" 와 같이 특별한 의미가 없는 소리를 냈을 뿐 정상적인 의식이 있는 상태에서 피고인과 대화를 나눈 것으로 보이지 않는다.",
            "또한 피해자가 정상적인 의식이 있었더라면 위 녹음 내용과 같이 성관계 당시 피해자의 음부에서 피가 났음에도 몸을 씻지 않은 채 그냥 옷을 입고 차에 타지는 않았을 것으로 보인다.",
            "비록 피해자가 옷을 입고 피고인이 운전하는 차에 타기도 하였으나 피해자는 차에 탄 이후 다시 곧바로 잠이 들었던 것으로 보인다(녹취서 제23쪽).",
            "졸피뎀의 복용에 따른 부작용은 사람마다 다양하게 나타날 수 있고 잠에서 완전히 깨지 않은 상태에서 일상적인 행동을 한 후 이를 기억하지 못하는 경우도 있는 것으로 알려져 있다.",
            "이러한 졸피뎀의 부작용을 고려하면 피해자의 위와 같은 행위는 피해자가 졸피뎀 성분이 든 수면제를 먹고 잠이 들었다가 성관계 이후 잠시 어느 정도의 의식을 회복하여 피고인이 시키는 대로 옷을 입고 차에 타는 행동을 하였던 것으로 볼 수 있다.",
            "한편 피해자가 수면제를 먹기 전까지 피고인은 피해자와 말다툼을 하였고 감정이 격해져 피해자에게 \"이 싸가지 없이 기지배가 어디서 밀고 난리야\", \"이게 싸가지 없이 그냥!\" 이라거나(녹취록 제5쪽) \"너 더럽고 치열한 거 너는 뭐 나는 뭐 병신인 줄 알아? 문 열어봐\", \"이년아? 씨, 하이고, 저 미친년 저거 진짜 내가 아무것도 모르고 내가 너한테 당한 거 생각하면 밤에 잠이 안 와, 이년아\"라고 욕을 하였다(녹취록 제7쪽).",
            "피해자는 피고인이 들어오지 못하도록 문을 닫고 있다가 이야기를 하기 위해 문을 연 다음 피고인에게 \"만지지 마\", \"거기서 건너오지 마세요. 서로가 떨어져서 얘기해\"라고 말했고(녹취록 제8쪽) \"그러니까 너는 정신병자야\"(녹취록 제16쪽)라고 욕을 한 이후 피고인의 여자 문제와 돈 문제로 싸움을 계속하다가 피고인이 나간 후 잠이 들었다.",
            "이와 같이 피해자는 잠이 들기 전까지 피고인과 서로 욕을 하면서 싸우고 만지지 말라고 하는 등 신체적인 접촉을 거부하였는데, 화해도 하지 않은 채 수면제를 먹고 잠이 들었던 피해자가 잠에서 깨어 위와 같이 격하게 싸웠던 피고인과 합의하에 성관계를 하였을 만한 상황으로 보이지 않는다.",
            "피해자가 수면제를 복용한 것을 알고 있었던 피고인으로서도 피해자가 졸피뎀이 든 수면제의 영향으로 잠이 들어 정상적인 의식이 없고 성관계 요구에 저항하지 못하는 상태였다는 점을 충분히 알 수 있었다고 봄이 타당하다.",
            "한편 피해자는 이 사건 이후에도 2017. 7.경까지 피고인과 사실혼 관계를 유지하였고 피고인과 함께 방송에 출연하거나 해외여행을 간 적도 있다.",
            "그러나 피해자는 이 사건 당시 복용한 수면제의 영향으로 이 사건 범행을 기억하지 못한 상태였고, 피해자와 피고인의 관계, 이 사건 당시 상황이 녹음된 내용과 이 법정에서 실시된 증인신문 당시 확인된 피해자의 진술 모습과 태도 등에 비추어 피해자는 오랜 기간 사실혼 관계에 있었던 피고인과 여자 문제와 돈 문제 등으로 싸운 이후에도 화해를 하거나 감정이 누그러져 피고인과의 관계를 단절하지 못하고 사실혼 관계를 유지했던 것으로 보인다.",
            "따라서 피해자가 이 사건 범행 이후에도 일정 기간 피고인과 사실혼 관계에 있었다는 등의 사정만으로 피해자 진술의 신빙성을 부정하고 피해자가 이 사건 당시 피고인과 합의하에 성관계를 한 것이라고 보기는 어렵다.",
            "피해자는 이 사건이 발생한 때로부터 약 2년 6개월이 지난 2018. 4.경 피고인을 고소하였다. 이에 대하여 피해자는 이 법정에서 \"이 사건 당시 상황을 전혀 기억하지. 못하였고, 피고인과 대화를 녹음한 파일이 2~300개가량 되어 모두 듣지 못하였다가 피고인에 대한 위자료 소송을 준비하면서 이 사건이 녹음된 파일을 듣게 되어 피고인을 고소한 것이다\"라고 진술하였다.",
            "이 사건 당시 복용한 졸피뎀이 는 수면제의 영향으로 피해자가 당시의 상황을 기억하지 못할 수 있고 성관계 도중 피해자의 음부에서 피가나기는 하였으나 정상적인 상태가 아니었던 피해자가 이를 명확하게 인지하지 못하고 지나가거나 폐경기에 나타나는 부정출혈로 생각하고 이 사건 범행을 의심하지 못하였을 가능성도 있으므로 녹음파일을 들은 이후에야 이 사건 범행을 알게 되어 고소한 것이라는 취지의 피해자의 위 진술은 수긍할 수 있다."
        ]
    },
    "close": {
        "cnclsns": [
            "피고인을 징역 10월에 처한다.",
            "피고인에게 40시간의 성폭력 치료프로그램 이수를 명한다."
        ]
    }
}