{
    "info": {
        "caseField": "2",
        "detailField": "6",
        "trailField": "1",
        "caseNm": "상해",
        "courtNm": "서울중앙지방법원",
        "judmnAdjuDe": "2014. 12. 30.",
        "caseNo": "2014고단6459",
        "relateLaword": [
            "형법 제257조",
            "형법 제70조",
            "형법 제69조",
            "형법 제62조",
            "형사소송법 제334조"
        ],
        "qotatPrcdnt": []
    },
    "concerned": {
        "acusr": "4",
        "dedat": "1"
    },
    "org": {
        "orgJdgmnCourtNm": "",
        "orgJdgmnAdjuDe": "",
        "orgJdgmnCaseNo": ""
    },
    "disposal": {
        "disposalform": "8",
        "disposalcontent": [
            "피고인 A을 징역 4월에, 피고인 B를 벌금 1,500,000원에 각 처한다.",
            "피고인 B가 위 벌금을 납입하지 아니하는 경우 100,000원을 1일로 환산한 기간 피고인 B를 노역장에 유치한다.",
            "다만, 피고인 A에 대하여는 이 판결 확정일로부터 2년간 위 형의 집행을 유예한다.",
            "피고인 B에 대하여 위 벌금에 상당한 금액의 가납을 명한다."
        ]
    },
    "mentionedItems": {
        "rqestObjet": [
            "피고인 A을 징역 4월에, 피고인 B를 벌금 1,500,000원에 각 처한다.",
            "피고인 B가 위 벌금을 납입하지 아니하는 경우 100,000원을 1일로 환산한 기간 피고인 B를 노역장에 유치한다.",
            "다만, 피고인 A에 대하여는 이 판결 확정일로부터 2년간 위 형의 집행을 유예한다. ",
            "피고인 B에 대하여 위 벌금에 상당한 금액의 가납을 명한다."
        ]
    },
    "assrs": {
        "acusrAssrs": [],
        "dedatAssrs": []
    },
    "facts": {
        "bsisFacts": [
            "피고인 A 피고인은 2014. 1. 25. 03:20경 0000에 있는 F 유흥주점에서 피해자 B(43세)가 보증 채무를 이행하지 않는다는 이유로 화가 나, 주먹으로 피해자의 얼굴 등을 수회 때려 피해자에게 약 21일간의 치료가 필요한 고막의 외상성 천공 등의 상해를 가하였다. ",
            "피고인 B 피고인은 제1항 기재 일시, 장소에서 피해자 A(52세)의 폭행에 대항하여 피해자의 손가락을 잡고 비틀어 피해자에게 약 21일간의 치료가 필요한 우 제4수지 근위지관절 인대파열 등의 상해를 가하였다."
        ]
    },
    "dcss": {
        "courtDcss": [
            "피고인 A에 대하여는 징역형 선택, 피고인 B에 대하여는 벌금형을 선택한다."
        ]
    },
    "close": {
        "cnclsns": [
            "피고인 A을 징역 4월에, 피고인 B를 벌금 1,500,000원에 각 처한다.",
            "피고인 B가 위 벌금을 납입하지 아니하는 경우 100,000원을 1일로 환산한 기간 피고인 B를 노역장에 유치한다.",
            "피고인 A에 대하여는 이 판결 확정일로부터 2년간 위 형의 집행을 유예한다.",
            "피고인 B에 대하여 위 벌금에 상당한 금액의 가납을 명한다."
        ]
    }
}