{
    "info": {
        "caseField": "2",
        "detailField": "6",
        "trailField": "1",
        "caseNm": "가. 폭력행위등처벌에관한법률위반(공동퇴거불응) 나. 공무집행방해",
        "courtNm": "의정부지방법원",
        "judmnAdjuDe": "2013. 10. 31.",
        "caseNo": "2011고정2886",
        "relateLaword": [
            "폭력행위 등 처벌에 관한 법률 제2조",
            "형법 제319조",
            "형법 제136조",
            "형법 제37조",
            "형법 제38조",
            "형법 제50조",
            "형법 제70조",
            "형법 제69조"
        ],
        "qotatPrcdnt": []
    },
    "concerned": {
        "acusr": "4",
        "dedat": "1"
    },
    "org": {
        "orgJdgmnCourtNm": "",
        "orgJdgmnAdjuDe": "",
        "orgJdgmnCaseNo": ""
    },
    "disposal": {
        "disposalform": "9",
        "disposalcontent": [
            "피고인 00를 벌금 150만 원에, 피고인 00, 00를 각 벌금 50만 원에, 피고인 00, 00, 00을 각 벌금 70만 원에, 피고인 00를 벌금 100만 원에 각 처한다.",
            "피고인들이 위 벌금을 납입하지 아니하는 경우 5만 원을 1일로 환산한 기간 피고인들을 노역장에 유치한다."
        ]
    },
    "mentionedItems": {
        "rqestObjet": [
            "피고인 00를 벌금 150만 원에, 피고인 00, 00를 각 벌금 50만 원에, 피고인 00, 00, 00을 각 벌금 70만 원에, 피고인 00를 벌금 100만 원에 각 처한다.",
            "피고인들이 위 벌금을 납입하지 아니하는 경우 5만 원을 1일로 환산한 기간 피고인들을 노역장에 유치한다."
        ]
    },
    "assrs": {
        "acusrAssrs": [],
        "dedatAssrs": [
            "피고인 00은 00의 멱살을 잡은 것은 사실이나 7-8m 끌고 간 사실은 없고, 피고인 00, 00은 밀가루를 던진 사실은 있으나 계란은 던지지 않았으며, 피고인 00는 00의 낭심을 움켜잡지 않았고, 페트병으로 00을 폭행한 사실이 없으며, 피고인 00, 00, 00는 의정부시청이나 000경찰서측으로부터 퇴거하라는 요구를 받지 않았으므로 폭력행위 등 처벌에 관한 법률 위반(공동퇴거불응)에 해당하지 않는다는 취지의 주장을 한다."
        ]
    },
    "facts": {
        "bsisFacts": [
            "피고인은 2011.3.28.17:46경 0000에 있는 000시청 2층 시장실 앞에서, 000 뉴타운 반대주민대책위원회(이하 '대책위원회' 라 함)회원 30명과 함께 뉴타운 반대 구호 등을 제창하며 시청 직원 20명과 대치하던 중 양손으로 000시청 도시관리국 뉴타운사업과 뉴타운개발1팀 담당공무원 00의 멱살을 잡고 7-8m 가량 끌고 갔다.",
            "피고인들은 2011.3.29.18:40경 위 000시청 1층 로비에서, 대책위원회 대표들과 000시장과의 면담이 소득 없이 종료되어 대책위원회 회원 수십명과 함께 000 시장실로 진입하려고 하였으나 시청 1층과 2층 사이의 중간계단에서 시청 공무원들이 막고 있자 대책위원회 회원 누군가가 준비하여 시청 1층 로비에 두었던 밀가루와 계란을 시청 공무원 00,00,00,00,00 등에게 뿌리고 던졌다.",
            "피고인은 2010.3.30.08:10경 위 000시청 1층 로비에서, 대책위원회 회원 30명과 함께 피켓을 들고 뉴타운 반대 구호를 제창하던 중 위 00가 2층 시장실로 가는 계단에 누워 있던 주민을 현관로비로 이동시키는 것을 보고 화가 나 왼손으로 위 00의 멱살을 잡아당기고 오른손으로 위 00의 낭심을 움켜잡고, 같은 날 08:30경 같은 장소에서 오른손으로 빈 페트병을 들고 청원경찰인 00의 얼굴과 머리를 수회 때렸다.",
            "피고인 00,00는 2011.3.29.20:00경부터 2011.4.1.07:12경 위 000시청 로비에서, 대책위원회 회원 십수명 내지 수십명과 공동하여 위 000시청 1층 로비를 점거하던 중 2011.3.29.20:00경부터 2011.4.1.06:50경까지 수시로 000시청과 000경찰서측으로부터 점거를 풀고 퇴거할 것을 요구받았으나 이를 거부하여 정당한 사유 없이 퇴거요구에 불응하였다."
        ]
    },
    "dcss": {
        "courtDcss": [
            "피고인 00은 고령이고 여성인 점을 고려하면 00를 끌고 갈 수 없다고 주장하나, 사진현황(수사기록 17면)영상에 의하면 피고인 00이 00의 멱살을 잡고 바닥에 넘어지는 장면이 촬영되어 있고, 이는 피고인 00이 넘어질까바 살살 끌려가다가 피고인 00과 함께 넘어졌다는 증인 00의 수사기관 및 법정에서의 진술과도, 6,일치하여 피고인 00이 00의 멱살을 잡고 7-8m 끌고 간 사실을 인정할 수 있으므로, 피고인 00의 ",
            "증인 00, 00, 00의 각 법정진술 및 사진현황(수사기록 13, 14, 29, 30, 1034면)에 의하면, 피고인 00, 00이 공무원들에게 밀가루를 뿌리고 계란을 던진 사실을 인정할 수 있으므로, 피고인 00, 00의 주장은 이유 없어 받아들이지 아니한다.",
            "증인 00, 00의 법정진술 및 사진현황(수사기록 제16면)에 의하면, 피고인 00가 00의 낭심을 움켜잡은 사실과 페트병으로 00의 얼굴을 때린 사실을 인정할 수 있으므로, 피고인 00의 주장은 이유 없어 받아들이지 아니한다.",
            "증인 00, 00, 00의 각 법정진술, 피고인 00의 검찰 피의자신문조서(수사기록 제1310면), 자체청사방호계획(수사기록 제1336, 1338면)의 각 기재에 의하면, 2010.3.30.경부터 의정부시청으로부터 주민들이 퇴거하도록 협조하여 달라는 요청을 받은 000경찰서 소속 경찰관들이 피고인 00, 00, 00 등 주민들에게 퇴거를 요구하였다.",
            "그리고 000경찰서 정보과장인 00가 2010.3.31.10:20경 피고인들에게 수차례 자진하여 빨리 철수하라고 경고한 후 2010.3.31.20:00경 퇴거하지 않으면 사법적인 절차를 취할 수 밖에 없다는 내용의 퇴거요구를 하였으며, 피고인들이 현행범으로 체포되기 직전인 2010.4.1.06:50경 피고인들에게 퇴거요청을 한 사실을 인정할 수 있다.",
            "또한, 위와 같은 반복적인 퇴거 요구에도 불구하고 피고인 00, 00, 00, 7,는 000시청 로비에서 퇴거하지 아니하였으므로 위 피고인들의 행위는 폭력행위 등 처벌에 관한 법률 위반(공동퇴거불응)죄에 해당한다고 할 것이고, 위 피고인들의 주장은 이유 없어 받아들이지 아니한다."
        ]
    },
    "close": {
        "cnclsns": [
            "피고인 00를 벌금 150만 원에, 피고인 00,00를 각 벌금 50만 원에, 피고인 00,00,00을 각 벌금 70만 원에, 피고인 00를 벌금 100만 원에 각 처한다.",
            "피고인들이 위 벌금을 납입하지 아니하는 경우 5만 원을 1일로 환산한 기간 피고인들을 노역장에 유치한다."
        ]
    }
}