{
    "info": {
        "caseField": "2",
        "detailField": "6",
        "trailField": "1",
        "caseNm": "성폭력범죄의 처벌등에 관한 특례법위반(강간등치상), 강간상해",
        "courtNm": "울산지방법원",
        "judmnAdjuDe": "2013. 11. 06.",
        "caseNo": "2013고합97",
        "relateLaword": [
            "성폭력범죄의 처벌등에 관한 특례법 제8조",
            "성폭력범죄의 처벌등에 관한 특례법 제3조",
            "성폭력범죄의 처벌등에 관한 특례법 제4조",
            "형법 제319조",
            "형법 제297조",
            "형법 제301조",
            "형법 제37조",
            "형법 제38조",
            "형법 제50조",
            "형법 제53조",
            "형법 제55조",
            "성폭력범죄의 처벌 등에 관한 특례법 제16조",
            "성폭력범죄의 처벌 등에 관한 특례법 제47조",
            "성폭력범죄의 처벌 등에 관한 특례법 제49조",
            "아동,청소년의 성보호에 관한 법률 제49조",
            "아동,청소년의 성보호에 관한 법률 제50조",
            "특정 범죄자에 대한 보호관찰 및 전자장치 부착 등에 관한 법률 제5조",
            "특정 범죄자에 대한 보호관찰 및 전자장치 부착 등에 관한 법률 제9조",
            "특정 범죄자에 대한 보호관찰 및 전자장치 부착 등에 관한 법률 제9조의2"
        ],
        "qotatPrcdnt": [
            "대법원 2005. 5. 26. 선고 2005도1039 판결"
        ]
    },
    "concerned": {
        "acusr": "4",
        "dedat": "1"
    },
    "org": {
        "orgJdgmnCourtNm": "",
        "orgJdgmnAdjuDe": "",
        "orgJdgmnCaseNo": ""
    },
    "disposal": {
        "disposalform": "6",
        "disposalcontent": [
            "피고인을 징역 7년에 처한다.",
            "피고인에 대하여 80시간의 성폭력치료프로그램의 이수를 명한다.",
            "피고인에 대한 공개정보를 10년간 정보통신망을 이용하여 공개하고, 고지한다.",
            "피부착명령청구자에게 10년간 위치추적전자장치의 부착을 명한다.",
            "피부착명령청구자에 대하여 별지 기재의 준수사항을 부과한다."
        ]
    },
    "mentionedItems": {
        "rqestObjet": [
            "피고인을 징역 7년에 처한다.",
            "피고인에 대하여 80시간의 성폭력치료프로그램의 이수를 명한다.",
            "피고인에 대한 공개정보를 10년간 정보통신망을 이용하여 공개하고, 고지한다.",
            "피부착명령청구자에게 10년간 위치추적전자장치의 부착을 명한다.",
            "피부착명령청구자에 대하여 별지 기재의 준수사항을 부과한다."
        ]
    },
    "assrs": {
        "acusrAssrs": [],
        "dedatAssrs": [
            "피해자가 이 사건 범행으로 입은 상처는 극히 경미한 것으로 강간치상죄의 상해에 해당하지 않는다."
        ]
    },
    "facts": {
        "bsisFacts": [
            "피고인 겸 피부착명령청구자(이하 '피고인'이라고만 한다)는 2013.4.21.06:00경 0000에 있는 피해자 00(여, 53세)운영의 ‘OOO노래방'에 이르러 위 노래방 종업원을 강간할 것을 마음먹고, 열려있는 출입문을 통하여 위 노래방 안으로 침입하였다.",
            "피고인은 위 노래방 대기실에서 잠을 자고 있는 피해자를 발견하고, 위 노래방 카운터 위에 놓여있는 위험한 물건인 철제 포크(전체길이 약 10cm)를 가지고 와 피해자의 목에 들이댄 후 손으로 피해자의 입을 막고 피해자에게 \"조용히 해라, 빨리하고 간다\"고 말하였다.",
            "계속하여 피고인은 피해자의 머리 옆에 위 철제포크를 내려놓고, 손으로 피해자의 바지와 팬티를 벗긴 다음 피고인의 성기를 피해자의 항문으로 삽입하려 하였으나 삽입되지 않자 대기실 내에 있는 로션을 자신의 성기에 바르고 손으로 피해자의 몸을 돌려 바로 눕히려고 하였다.",
            "이에 피해자가 몸에 힘을 주어 버티고 양손으로 피고인의 몸을 밀치며 반항하자 피고인은 강제로 피해자의 몸을 돌려 바로 눕히고 피해자의 얼굴을 손으로 짓누르고 입을 막는 등 폭행하여 반항을 억압한 후 피해자의 성기에 피고인의 성기를 삽입하였다.",
            "이로써 피고인은 피해자의 주거에 침입하고, 위험한 물건을 휴대하여 피해자를 폭행함으로써 반항을 억압한 후 피해자를 강간하고, 이로 인하여 피해자로 하여금 치료일수 미상의 안면부 열상을 입게 하였다.",
            "피고인은 2013.3.30.08:00경 0000에 있는 피해자00(여, 55세)이 종업원으로 근무하는 ‘OO이용원’에서 피해자로부터 면도를 받기 위해 준비하던 중 피해자가 혼자 근무하고 있는데다 당시는 인적이 드문 이른 아침으로 이용원이 지하에 있어 피해자가 외부의 도움을 요청하기 어려운 것을 기화로 피해자를 강간할 것을 마음먹었다.",
            "양손으로 피해자의 양 손목을 움켜쥐고 잡아당겨 피해자를 바닥에 넘어뜨린 후 피해자의 배 위에 올라타려 하였으나 피해자가 발버둥을 치며 입구 쪽으로 도망치려 하여 양손으로 피해자를 붙잡은 채 발로 피해자의 허벅지를 1회 걷어찬 후 피해자를 다시 이용원 안쪽으로 끌고 온 다음, 한손으로 피해자의 입을 막고 다른 손으로 피해자의 목을 강하게 눌렀다.",
            "이어 피해자를 더 안쪽으로 데려가기 위하여 양손으로 피해자의 머리채를 잡고 끌고 가는 과정에서 피해자가 그 곳에 있는 의자를 붙잡고 끌려가지 않으려 하자 그 의자의 쇠발판에 피해자의 목부분을 약 2회 부딪치게 하고, 피해자의 뺨을 손바닥으로 1회 때리고, 발로 피해자의 가슴부분을 1회 내려 밟아 피해자의 반항을 억압한 다음 피해자를 1회 간음하였다.",
            "이로써 피고인은 피해자를 강간하고, 피해자에게 약 3주간의 치료를 요하는 경추부 염좌상 등을 가하였다."
        ]
    },
    "dcss": {
        "courtDcss": [
            "강간행위에 수반하여 생긴 상해가 극히 경미한 것으로서 굳이 치료할 필요가 없어서 자연적으로 치유되며 일상생활을 하는 데 아무런 지장이 없는 경우에는 강간치상죄의 상해에 해당되지 아니한다고 할 수 있을 터이다.",
            "그러한 논거는 피해자의 반항을 억압할 만한 폭행 또는 협박이 없어도 일상생활 중 발생할 수 있는 것이거나 합의에 따른 성교행위에서도 통상 발생할 수 있는 상해와 같은 정도임을 전제로 하는 것이므로 그러한 정도를 넘는 상해가 그 폭행 또는 협박에 의하여 생긴 경우라면 상해에 해당된다고 할 것이다.",
            "피해자의 건강상태가 나쁘게 변경되고 생활기능에 장애가 초래된 것인지는 객관적, 일률적으로 판단될 것이 아니라 피해자의 연령, 성별, 체격 등 신체, 정신상의 구체적 상태를 기준으로 판단되어야 한다(대법원 2005.5.26.선고 2005도1039 판결 등 참조).",
            "이 법원이 채택하여 조사한 증거들에 의하면, 피고인이 누워있는 피해자의 뒤에서 피고인의 성기를 피해자의 항문에 삽입하려다 삽입되지 않자 피해자의 몸을 돌려 눕히려고 할 때 피해자가 몸에 힘을 주어 버티고 양손으로 피고인의 몸을 밀면서 반항하자 피고인이 강제로 피해자의 몸을 돌려 눕혔다.",
            "피해자의 얼굴을 손으로 짓누르고 입을 막는 등으로 폭행하였고, 이로 인하여 피해자가 오른쪽 눈 밑의 피부가 박탈되는 상처를 입었고, 목, 오른 손 등에 찰과상 등을 입은 사실을 인정할 수 있다.",
            "피부가 박탈되는 등 피해자가 이 사건 범행으로 입은 상처는 일상생활 중에 발생할 수 있거나 합의에 따른 성교행위에서도 통상 발생할 수 있는 상해와 같은 정도를 넘는 것으로 강간치상죄의 상해에 해당한다고 할 것이므로, 피고인 및 변호인의 주장은 받아들이지 아니한다."
        ]
    },
    "close": {
        "cnclsns": [
            "피고인을 징역 7년에 처한다.",
            "피고인에 대하여 80시간의 성폭력치료프로그램의 이수를 명한다.",
            "피고인에 대한 공개정보를 10년간 정보통신망을 이용하여 공개하고, 고지한다.",
            "피부착명령청구자에게 10년간 위치추적전자장치의 부착을 명한다.",
            "피부착명령청구자에 대하여 별지 기재의 준수사항을 부과한다."
        ]
    }
}