{
    "info": {
        "caseField": "2",
        "detailField": "6",
        "trailField": "1",
        "caseNm": "사기",
        "courtNm": "울산지방법원",
        "judmnAdjuDe": "2013. 05. 30.",
        "caseNo": "2013고정194",
        "relateLaword": [
            "형법 제352조",
            "형법 제347조",
            "형법 제70조",
            "형법 제69조",
            "형사소송법 제334조"
        ],
        "qotatPrcdnt": []
    },
    "concerned": {
        "acusr": "4",
        "dedat": "1"
    },
    "org": {
        "orgJdgmnCourtNm": "",
        "orgJdgmnAdjuDe": "",
        "orgJdgmnCaseNo": ""
    },
    "disposal": {
        "disposalform": "9",
        "disposalcontent": [
            "피고인을 벌금 3,000,000원에 처한다.",
            "피고인이 위 벌금을 납입하지 아니하는 경우 50,000원을 1일로 환산한 기간 피고인을 노역장에 유치한다.",
            "위 벌금 상당액의 가납을 명한다."
        ]
    },
    "mentionedItems": {
        "rqestObjet": [
            "피고인을 벌금 3,000,000원에 처한다.",
            "피고인이 위 벌금을 납입하지 아니하는 경우 50,000원을 1일로 환산한 기간 피고인을 노역장에 유치한다.",
            "위 벌금 상당액의 가납을 명한다."
        ]
    },
    "assrs": {
        "acusrAssrs": [],
        "dedatAssrs": []
    },
    "facts": {
        "bsisFacts": [
            "피고인은 2008.9.18. 피해자 B에게 변제기를 같은 해 12.17.로 하여 1억 원을 빌려주면서 차용증 (이하 ' 이 사건 차용증 '이라함)을 작성하고 담보로 B의 처 C 명의의 0000 D 상가 * * * 호 (이하 ' 이 사건 상가 '이라 함)에 대하여 가등기를 E 명의로 마치였다.",
            "피고인은 B이 변제기가 지나도 돈을 갚지 않자 2009.5.25.B 명의 0000 F 아파트***동***호를 가압류하였고, 2009.9.18. 원금 1억 원 및 이자 등을 포함하여 1억 1천만 원을 차용금으로 기재한 공정증서(2009년 제1332호, 채권자는 E, 채무자는 C, 연대보증인은 B으로 각 작성되었고, 이하 '이 사건 공정증서'라 함)를 뒤늦게 작성하였다.",
            "피고인은 그 후 이 사건 공정증서를 집행권원으로 하여 원금 1억 1천만 원과 2008.9.18.부터 2009.11.23.까지의 이자 38,967,000원 등 합계 148,967,000원을 청구금액으로 하여 B 이 당시 가지고 있던 울산지방법원 2008타경 12240호 관련 배당금 청구채권에 관하여 채권압류 및 전부명령(이하 '이 사건 전부명령'이라 함)을 신청하여 2009.12.3. 법원의 결정을 받았다.",
            "이전 부스 명령은 같은 달 7. 제3채무자인 대한민국(울산지방검찰청)에게 송달되었고 확정되었으며, 이로 인하여 B의 피고인에 대한 채무는 위 전부채권액의 범위 내에서 변제되었고, 남은 것은 2009.11.24.부터 위 변제일인 2009.12.7.까지 사이에 발생한 1,150,684원(=1억 원 X 연 30%X14일 365일)의 이자뿐이다.",
            "그럼에도 불구하고, 피고인은 이 사건 상가에 대하여 가등기가 종료되어 있음을 기화로 2010.4.6. 이 사건 부동산에 관한 울산지방법원 2010타경 3058호 부동산 임의경매 절차에 이 사건 차용증을 기초로 원금 1억 원 및 이자 46,931,500원(2008.9.18.부터 2010.4.13.까지 이자)등 합계 146,931,500원의 채권계산서를 제출하였다.",
            "그리하여 2010.9.17. 이를 모르는 울산지방법원 사법 보좌관으로 하여금 피고인에게 79,574,571원을 배당한다는 취지로 배당표를 작성하게 하였다.",
            "그러나 G 주식회사가 위패당 표에 관하여 울산지방법원 2010가 단 31494호로 배당이 의의 소를 제기하였는데, 위 사건에서 2011.5.20.'의 배당 표상 피고인 1)에 대한 배당액 79,574,571원을 1,150,684원으로 경정한다는 취지의 판결이 선고되어 2012.1.12. 확정되었다.",
            "이로써, 피고인은 위와 같이 이 사건 상가에 대한 임의경매 절차에 배당요구를 하여 배당금을 편취하려다 미수에 그쳤다."
        ]
    },
    "dcss": {
        "courtDcss": []
    },
    "close": {
        "cnclsns": [
            "피고인을 벌금 3,000,000원에 처한다. ",
            "피고인이 위 벌금을 납입하지 아니하는 경우 50,000원을 1일로 환산한 기간 피고인을 노역장에 유치한다. ",
            "위 벌금 상당액의 가납을 명한다. "
        ]
    }
}