{
    "info": {
        "caseField": "2",
        "detailField": "6",
        "trailField": "1",
        "caseNm": "무고,강제 추행,폭행",
        "courtNm": "인천지방법원",
        "judmnAdjuDe": "2011. 09. 06.",
        "caseNo": "2011고단3204",
        "relateLaword": [
            "형법 298조, 제260조, 제156조, 제37조, 제38조, 제50조"
        ],
        "qotatPrcdnt": []
    },
    "concerned": {
        "acusr": "4",
        "dedat": "1"
    },
    "org": {
        "orgJdgmnCourtNm": "",
        "orgJdgmnAdjuDe": "",
        "orgJdgmnCaseNo": ""
    },
    "disposal": {
        "disposalform": "6",
        "disposalcontent": [
            "사실 공소외 1은 위와 같이 피고인에게 강제추행 등을 당하였을 뿐, 피고인을 때려 상해를 가한 적이 없었다. ",
            "이로써, 피고인은 공소외 1로 하여금 형사처분을 받게 할 목적으로 허위의 사실을 신고하여, 그를 무고하였다. 피고인을 징역 1년에 처한다."
        ]
    },
    "mentionedItems": {
        "rqestObjet": [
            "피고인을 징역 1년에 처한다."
        ]
    },
    "assrs": {
        "acusrAssrs": [
            "공소외 00은 위와 같이 피고인에게 강제추행 등을 당하였을 뿐, 피고인을 때려 상해를 가한 적이 없었다."
        ],
        "dedatAssrs": [
            "공소외 00에게 주먹으로 맞고 병으로 찔렸다고 진술하였다."
        ]
    },
    "facts": {
        "bsisFacts": [
            "피고인은 2010. 12. 1. 23:40경 00000에 있는 횟집 옆길에서, 술을 마시고 숙소인 ○○○ 모텔로 귀가하던 중, 길을 가던 피해자 공소외 00을 발견하고, 피해자에게 \"같이 술을 마시자.\"라고 말하고, 피해자의 어깨 부위에 손을 올려 감싸면서, 손으로 피해자의 가슴 부위를 만지고, 이에 피해자가 욕설을 하면서 항의하자, 손바닥으로 피해자의 얼굴 부위를 때리고, 피해자의 머리채를 잡아 흔들어 머리카락을 뽑았다.",
            "피고인은 00의 지구대 안으로 들어가, 경찰관에게 공소외 00을 지목하면서, 공소외 00에게 주먹으로 맞고 병으로 찔렸다고 진술하고, 이어 2010. 12. 2. 03:00경 00지구대에서, 피해자로 조사를 받으면서, 그곳 담당경찰관 순경 공소외 00에게 공소외 00의 범죄사실을 구두로 고소하였다.",
            "그 고소 내용은 \"자신이 2010. 12. 1. 23:40경 00000에 있는 '△△△△' 호프집에서, 그날 처음 본 공소외 00과 합석하여 술을 마시던 중, 공소외 00이 '나하고 마시니까 돈을 달라.'라고 하였다(나중에는 돈을 달라고 요구한 적이 없다고 정정함).",
            "자신이 '돈을 왜 줘야 하느냐?'라고 말하자, 갑자기 주먹으로 자신의 얼굴을 때려 앞니를 부러뜨리고(한때 맥주병으로 맞았다고 진술하기도 함), 밖으로 도망간 자신을 쫓아와 도로변에서 뒷목덜미를 잡아 돌려 세우고, 깨진 맥주병으로 자신의 코 아래 인중을 찔러 상해를 가하였으니, 공소외 00을 처벌해 달라.\"라는 것이었다.",
            "그러나 사실 공소외 00은 위와 같이 피고인에게 강제추행 등을 당하였을 뿐, 피고인을 때려 상해를 가한 적이 없었다."
        ]
    },
    "dcss": {
        "courtDcss": [
            "이로써, 피고인은 공소외 00로 하여금 형사처분을 받게 할 목적으로 허위의 사실을 신고하여, 그를 무고하였다.",
            "살피건대, 주요한 증거인 공소외 00, 3의 법정 또는 수사기관에서의 진술은 그 내용이 구체적이면서도 주변 상황과 어긋나지 않아 신빙성이 있으며, 공소외 00이 굳이 피고인으로 하여금 처벌을 받도록 거짓말을 할 만한 동기를 찾을 수 없다.",
            "(반면, 피고인의 변소는 그때그때 일관성 없이 변경되는데다가 매우 왜소한 체격의 공소외 00에게 주먹으로 맞아 이빨이 부러졌다고 누가 보아도 터무니없는 주장을 하는 등 전혀 사리에 맞지 않음) 등 위 증거들과 기록 및 공판 절차에 나타난 제반사정을 종합할 때, 판시 범죄사실을 모두 인정할 수 있다."
        ]
    },
    "close": {
        "cnclsns": [
            "피고인을 징역 1년에 처한다."
        ]
    }
}