{
    "info": {
        "caseField": "2",
        "detailField": "6",
        "trailField": "1",
        "caseNm": "사기",
        "courtNm": "의정부지방법원",
        "judmnAdjuDe": "2018. 01. 04.",
        "caseNo": "2017고단4721",
        "relateLaword": [
            "형법 제347조",
            "형법 제37조",
            "형법 제39조"
        ],
        "qotatPrcdnt": []
    },
    "concerned": {
        "acusr": "4",
        "dedat": "1"
    },
    "org": {
        "orgJdgmnCourtNm": "",
        "orgJdgmnAdjuDe": "",
        "orgJdgmnCaseNo": ""
    },
    "disposal": {
        "disposalform": "6",
        "disposalcontent": [
            "피고인을 징역 4월에 처한다."
        ]
    },
    "mentionedItems": {
        "rqestObjet": [
            "피고인을 징역 4월에 처한다."
        ]
    },
    "assrs": {
        "acusrAssrs": [
            "피고인은 이와 같이 피해자를 기망하여 이에 속은 피해 자로부터 2017. 3. 2. 경 시가 23,540,000원 상당의 자돈 107두(마리 당 시가 220,000원 상당)를 공급받았다."
        ],
        "dedatAssrs": []
    },
    "facts": {
        "bsisFacts": [
            "피고인은 2017. 7. 18. 의정부지방법원에서 사기죄로 징역 1년 9월을 선고받아 2017. 10. 27. 그 판결이 확정되었다.",
            "피고인은 2013. 7. 1. 경부터 2017. 3. 2. 경까지 0000에서 'D 농장'을 운영하였다.",
            "피고인은 2017. 3. 2. 경 0000소재 피해자 F이 운영하는 'G'에서 피해자에게 \"지금 돈을 받아야 될 농장이 있는데, 자돈 (25kg 내외의 새끼 돼지)을 넣어야 받지 못한 돈을 받을 수 있으니 출하할 수 있는 돼지가 있으면 달라, 돼지 값은 내일 주겠다.\" 라고 거짓말하였다.",
            "그러나 사실 피고인은 개인 채무가 2억 3,000만 원에 이르고, 사료 대금 2억 5,000만 원을 지급하지 못하여 경제적인 상황이 나빠 피해 자로부터 자돈을 공급 받더라도 피해자에게 대금을 변제할 의사나 능력은 없었고, 자돈을 되팔아 기존 채무 변제나 생활비 등으로 사용할 의도였다."
        ]
    },
    "dcss": {
        "courtDcss": [
            "범죄사실에 대한 해당 법조: 형법 제347조 제1항이다.",
            "피해액이 적지 아니하고 피해 회복이 이루어지지 않았으나, 피고인이 잘못을 깊이 반성하고 있는 점, 판결이 확정된 판시 사기죄와 동시에 재판받을 수 있었던 점 등을 참작한다."
        ]
    },
    "close": {
        "cnclsns": [
            "피고인을 징역 4월에 처한다."
        ]
    }
}