{
    "info": {
        "caseField": "2",
        "detailField": "6",
        "trailField": "1",
        "caseNm": "사기,횡령",
        "courtNm": "수원지방법원 여주지원",
        "judmnAdjuDe": "2009. 12. 17.",
        "caseNo": "2007고단815",
        "relateLaword": [
            "형법 제355조",
            "형법 제347조",
            "형법 제37조",
            "형법 제39조",
            "형법 제38조\n",
            "형법 제50조"
        ],
        "qotatPrcdnt": []
    },
    "concerned": {
        "acusr": "4",
        "dedat": "1"
    },
    "org": {
        "orgJdgmnCourtNm": "",
        "orgJdgmnAdjuDe": "",
        "orgJdgmnCaseNo": ""
    },
    "disposal": {
        "disposalform": "6",
        "disposalcontent": [
            "피고인을 징역 10월에 처한다."
        ]
    },
    "mentionedItems": {
        "rqestObjet": [
            "피고인을 징역 10월에 처한다."
        ]
    },
    "assrs": {
        "acusrAssrs": [],
        "dedatAssrs": []
    },
    "facts": {
        "bsisFacts": [
            "피고인은 2005.6.29.서울중앙지방법원에서 사기죄로 징역 10월에 집행유예 2년을 선고받고, 그 유예기간중인 2006.10.27.서울중앙지방법원에서 변호사법위반죄로 징역 6월을 선고받아 그 후 각 판결이 확정되었다.",
            "피고인은 피해자 공소외 2와 함께 ○○건설 서울사무소를 운영하던 중 피해자의 부탁을 받고 2004.2.초순경 0000 부근 ○○건설 0000지사 사무실에서 0000 △△△△재건축조합 총무 □부장으로부터 피해자 소유의 어음채무금 2,000만원을 대신 수령하였다.",
            "피고인은 피해자를 위하여 위 2,000만원을 보관하던 중 2004.2.6.0000에 있는 공소외 3 주식회사 사무실에서 ○○건설 명의로 ◇◇재건축연합조합 철거공사 계약을 체결하면서 시행사인 공소외 3 주식회사 에 대한 리베이트 비용 및 접대비 명목으로 함부로 사용하여 이를 횡령하였다.",
            "피고인은 2003.8.경 피해자 공소외 2에게 ○○건설 명의로 ☆☆☆☆☆ 와 0000 (지번 생략)일대 철거공사 계약을 하려면 2,000만원이 필요하다며 돈을 보내달라고 거짓말하였다.그러나 사실은 피고인은 ☆☆☆☆☆ 와 철거공사 계약을 체결한 사실이 없었으며 ○○건설 명의로 공사계약을 체결할 권한도 없었다.",
            "피고인은 위와 같이 피해자를 기망하여 그 무렵 피해자로부터 2,000만원을 교부받아 이를 편취하였다."
        ]
    },
    "dcss": {
        "courtDcss": [
            "횡령의 점 : 형법 제355조 제1항 (징역형 선택)",
            "사기의 점 : 형법 제347조 제1항 (징역형 선택)",
            "형법 부칙(2005.7.29.)제2항 본문, 형법 제37조 후단, 제39조 제1항 ",
            "형법 제37조 전단, 제38조 제1항 제2호, 제50조 "
        ]
    },
    "close": {
        "cnclsns": [
            "피고인을 징역 10월에 처한다."
        ]
    }
}