{
    "info": {
        "caseField": "2",
        "detailField": "6",
        "trailField": "1",
        "caseNm": "업무상배임",
        "courtNm": "울산지방법원",
        "judmnAdjuDe": "2013. 05. 30.",
        "caseNo": "2012고단3803",
        "relateLaword": [
            "형법 제356조",
            "형법 제355조",
            "형법 제62조",
            "형법 제62조의2"
        ],
        "qotatPrcdnt": []
    },
    "concerned": {
        "acusr": "4",
        "dedat": "1"
    },
    "org": {
        "orgJdgmnCourtNm": "",
        "orgJdgmnAdjuDe": "",
        "orgJdgmnCaseNo": ""
    },
    "disposal": {
        "disposalform": "8",
        "disposalcontent": [
            "피고인을 징역 8월에 처한다.",
            "다만, 이 판결 확정일로부터 2년간 위 형의 집행을 유예한다.",
            "피고인에게 120시간의 사회봉사를 명한다."
        ]
    },
    "mentionedItems": {
        "rqestObjet": [
            "피고인을 징역 8월에 처한다.",
            "피고인에게 120시간의 사회봉사를 명한다."
        ]
    },
    "assrs": {
        "acusrAssrs": [],
        "dedatAssrs": []
    },
    "facts": {
        "bsisFacts": [
            "피고인은 2004.3.1.경부터 2007.3.30.경까지 0000에 있는 피해자 B 000의 부장으로 재직하면서 대출 등 업무를 담당하였던 사람이다.",
            "한편 피해자 조합의 여신 규정에 의하면 동일인에 대한 대출 한도는 직전 사업연도 자산 총액의 1÷100이고, 피해자 조합의 2005년 사업연도 자산 총액이 15,176,898,118원이며, 피해자 조합이 피고인에게 이미 합계 50,000,000원을 대출한 상태였으므로 피고인으로서는 자신에게 101,768,981원을 초과하는 대출을 실행하여서는 아니 된다.",
            "그럼에도 불구하고 피고인은 2006.7.3.경 위 피해자 조합 사무실에서 피해자 조합 의 여신 규정을 준수하여야 하는 등의 업무상 임무에 위배하여 시가가 119,720,000원 내지 140,000,000원에 불과한 0000 C빌라 ㅁㅁㅁ호를 249,816,700원에 달하는 것처럼 허위로 감정하여 담보로 제공하고, 자신의 전처인 장희순의 명의를 도용하여 자신에게 150,000,000원의 대출을 실행하였다.",
            "이로써 피고인은 150,000,000원 상당의 재산상 이익을 취득하고, 피해자 조합에 같은 액수에 해당하는 손해를 가하였다."
        ]
    },
    "dcss": {
        "courtDcss": [
            "피해자가 담보부동산에 대한 경매절차에서 116,117,276원을 배당받아 피해가 현실화되었음에도 이에 대하여 아무런 피해 회복되지 않고 있는 점 등을 고려하면 피고인이 건전한 사회인으로 복귀하기 위해서는 일정기간의 사회봉사를 부과함이 상당하다."
        ]
    },
    "close": {
        "cnclsns": [
            "피고인을 징역 8월에 처한다.",
            "다만, 이 판결 확정일로부터 2년간 위 형의 집행을 유예한다.",
            "피고인에게 120시간의 사회봉사를 명한다."
        ]
    }
}