{
    "info": {
        "caseField": "2",
        "detailField": "6",
        "trailField": "1",
        "caseNm": "특정경제범죄가중처벌등에관한법률위반(사기), 사기, 유사수신행위의규제에관한법률위반",
        "courtNm": "수원지방법원",
        "judmnAdjuDe": "2017. 01. 19.",
        "caseNo": "2015고합507",
        "relateLaword": [
            "특정경제범죄 가중처벌 등에 관한 법률 제3조",
            "형법 제347조",
            "유사수신행위의 규제에 관한 법률 제6조",
            "유사수신행위의 규제에 관한 법률 제3조",
            "형법 제37조",
            "형법 제38조",
            "형법 제50조",
            "형법 제53조",
            "형법 제55조",
            "형법 제62조",
            "형사소송법 제325조"
        ],
        "qotatPrcdnt": [
            "대법원 2010. 12. 9. 선고 2010도6256 판결"
        ]
    },
    "concerned": {
        "acusr": "4",
        "dedat": "1"
    },
    "org": {
        "orgJdgmnCourtNm": "",
        "orgJdgmnAdjuDe": "",
        "orgJdgmnCaseNo": ""
    },
    "disposal": {
        "disposalform": "6",
        "disposalcontent": [
            "피고인을 징역 2년 6월에 처한다.",
            "다만 이 판결 확정일부터 3년간 위 형의 집행을 유예한다.",
            "이 사건 공소사실 중 피해자 D에 대한 사기의 점(2015고합555)은 무죄이다.",
            "이 법원이 적법하게 채택하여 조사한 증거들 및 기록에 의하여 인정되는 또는 사정들을 종합하면, 검사가 제출한 증거만으로 피고인에게 송금된 계금이 피해자의 재물에 해당한다고 단정할 수 없고, 달리 이를 인정할 증거가 없다."
        ]
    },
    "mentionedItems": {
        "rqestObjet": [
            "피고인은 피해자 G를 기망하여 이에 속은 피해자의 처 명의로 소유하고 있던 부동산에 채권최고액 9억 6,200만 원의 근저당을 설정하게 하여 동액 상당의 재산상 이익을 취득하였다.",
            "피고인은 피해자 L을 기망하여 이에 속은 피해자로부터 총 7회에 걸쳐 9,100만원을 교부받았다.",
            "피고인은 피해자 N을 속여 3,000만 원을 수표로 교부받았다.",
            "피고인은 당국의 인허가를 받거나 등록신고 등을 하지 아니하고, 유사수신행위를 하였다.",
            "피고인은 피해자 W에게 거짓말하여 이에 속은 피해자로부터 합계 2,000만 원을 교부받았다.",
            "피고인은 D를 속여 9회에 걸쳐 합계 2억 200만 원을 받아 이를 편취하였다."
        ]
    },
    "assrs": {
        "acusrAssrs": [],
        "dedatAssrs": [
            "피고인은 실제로 E영농조합법인 명의의 0000 AB 토지 위에 육가공 공장을 설립하려고 추진하였으나, 당초 예정된 15억 원에 절반에도 못 미치는 7억 4,000만 원만 대출이 되는 등 공사자금이 부족하여 결국 무산되면서 피해자에게 피해가 발생하게 된 것일 뿐, 피해자를 기망할 고의가 없었다.",
            "피고인은 개인사업 체인 AC(정육식 당)및 E 영농조합법인을 운영하여 피해자들에게 이익금을 지급할 예정이었는데 한우를 구매하여 육가공을 의뢰하는 과정에서 미수채권이 너무나 많이 발생하게 되어 부득이하게 지급하지 못하게 된 것일 뿐, 피해자들을 기망할 고의가 없었다.",
            "피고인은 피해자가 제공한 담보로 15억 원을 대출받을 수 있을 것으로 예상하였는데 7억 4,000만 원 밖에 대출을 받지 못하였다고 주장한다.",
            "또한 피고인은 이 사건 담보부동산을 피해자로부터 26억 원에 매수하기로 한 사실이 없다고 주장한다.",
            "피고인은 AI(2011.12.경부터 2012.2.경까지), AJ(2011.8.경부터 2012.2.경까 지)으로부터 미수금을 받지 못하여 피해자들에게 원금을 반환하지 못하였다는 취지로 주장한다."
        ]
    },
    "facts": {
        "bsisFacts": [
            "피고인은 한우의 도축·판매 등의 사업을 목적으로 하는 E영농조합의 대표이다.",
            "피고인은 2014.5.22.0000 F에 있는 공증사무소에서 피해자 G에게 자신이 운영하는 E영농조합의 공장시설을 구축하려 하였다.",
            "그런데 '자금이 부족하니 피해자 소유 부동산을 담보로 대출을 받아 주면 공장을 운영해 그 수익금으로 피해자 소유 부동산을 26억 원에 매수해주겠다.\"'는 거짓말을 하여 위 피해자의 승낙을 얻었다.",
            "그 다음, 2014.5.29.0000에 있는 000 0000지점에서 H 명의로 대출신청을 하면서 피해자의 처 명의로 소유권등기가 되어 있던 0000 I 외 15필지를 담보로 제공하여 위 부동산에 채권최고액 9억 6,200만 원, 채무자를 H, 근저당권자를 000으로 하는 1순위 근저당권을 설정하였다.",
            "그러나 사실 피고인은 2011.9.경 출자금 9억 원의 E영농조합법인을 설립하였지만 자금 부족으로 인해 은행 및 지인들로부터 16억 원을 빌려 2012.10.8.축산물 가공 공장에 사용할 건물과 부지를 매수하였으나 약 24억원에 달하는 설비공사 비용을 제대로 조달하지 못해 2013.7.경부터 설비 공사를 제대로 진행하지 못하던 상황이었다.",
            "은행으로부터 차입한 대출원리금을 변제하지 못해 2013.10.18.은행에서 임의경매를 신청하여 위 공장 건물 및 부지에 대하여 경매절차가 진행 중이어서 위 죽산물 가공 공장을 완공하여 정상적으로 운영해 수익을 창줄하여 피해자 소유 부동산을 26억 원에 매수할 의사나 능력이 없었다.",
            "그럼에도 피고인은 위와 같이 피해자를 기망하여 이에 속은 피해자로 하여금 피해자의 처 명의로 소유하고 있던 부동산에 채권최고액 9억 6,200만 원의 근저당권을 설정 하게 하여 동액 상당의 재산상 이익을 취득하였다.",
            "피고인은 사실은 한우 도축·판매사업에 대한 경험이나 위 사업으로 인한 수익이 미 미하였고, 투자자들로부터 투자금을 받더라도 이를 공장 신죽 등에 사용하거나 기존 투자자들에 대한 이자 등으로 사용할 생각이어서 단기간 내에 고율의 수익금으로 발생시킬 수 없었음에도, 마치 원금을 보장해주면서도 매월 6%의 고율의 이자를 지급할 것처럼 속여 투자자를 모집하여 투자금을 편취하기로 마음먹었다.",
            "피고인은 2011.4.중순경 0000 J에 있는 피고인의 사무실 내에서, 기존 투자자인 K으로부터 소개를 받고 온 피해자 L에게 '소 1마리당 1,000만 원 정도하니, 1,000만 원을 입금하면 1개 구좌를 주고, 1구좌 당 매월 6%의 이자를 지급하고, 3개월 후에 원금을 모두 변제해 주겠다.'고 거짓말을 하였다.",
            "피고인은 이와 같이 피해자를 기망하여 이에 속은 피해자로부터 2011.5.4.경 피고인 명의의 000 계좌로 1,400만 원을 교부받은 것을 비롯하여 그 때부터 2011.12.5.경까지 사이에 별지1 범죄일람표 기재와 같이 총 7회에 걸쳐 합계 9,100만 원을 교부받았다.",
            "피고인은 2012.1.초순경 0000에 있는 피고인 운영의 M 사무실 내에서, K의 소개를 받고 온 피해자 N에게 직원인 O으로 하여금 위와 같은 내용의 투자 조건을 설명하도록 하여 이에 속은 피해자로부터 그 자리에서 3,000만 원을 수표로 교부받았다.",
            "누구든지 당국의 인허가를 받지 아니하거나 등록신고 등을 하지 아니하고 불특정 다수인으로부터 원금의 전액 또는 이를 초과하는 금액을 지급할 것을 약정하고 투자금 등의 명목으로 금전을 수입하는 유사수신행위를 할 수 없다.",
            "그럼에도 피고인은 당국의 인허가를 받거나 등록신고 등을 하지 아니하였다.",
            "2011.5.4.경부터 2011.12.5.경 사이에 제1의 가.항 기재와 같이 L로부터 '소 사업에 투자하면 매월 6%의 이자를 지급하고, 3개월 후에 원금 전액을 변제해준다.'는 조건으로 7회에 걸쳐 합계 9,100만 원을 교부받고, 2012.1.초순경 제2의 나.항 기재와 같이 N으로부터 위와 같은 조건으로 3,000만 원을 수표로 교부받았다.",
            "2011.3.중순경부터 2012.초순경 사이에 위와 같은 투자조건으로 P으로부터 3억 8,500만 원을, K으로부터 3,000만 원을, Q으로부터 2,400만 원을, R으로부터 5,900만 원을, O으로부터 3,000만 원을, S으로부터 1,000만 원을, T로부터 1억 6,450만 원을 각 교부받았다.",
            "2012.4.경 0000 U에 있는 V호텔 커피숍에서 '소 1마리당 1,000만 원 정도 되니, 1,000만 원을 입금하면 1개 구좌를 주고 그 돈으로 한우를 구입하여 도축, 판매한 후 그로 인한 수익금으로 1구좌 당 매월 10퍼센트의 이자를 지급하고 원금도 보장해 주겠다.'는 투자조건으로 W로부터 2012.6.25.경 1,000만 원을, 2012.7.26.경 1,000만 원을 각 교부받았다.",
            "이로써 피고인은 유사수신행위를 하였다.",
            "피고인은 한우의 도축, 판매사업에 대한 경험이나 위 사업으로 인한 수익이 미미하였고, 투자자들로부터 돈을 받더라도 이를 한우 구입에 사용하는 것이 아니라 공장 신축 등에 사용하거나 기존 투자자들에 대한 이자 등으로 사용할 생각이었다.",
            "그럼에도 피고인은 2012.4.경 0000 U에 있는 V호텔 커피숍에서 X를 통하여 피해자 W에게 '소 1마리당 1,000만 원 정도 되니, 1,000만 원을 입금하면 1개 구좌를 주고 그.돈으로 한우를 구입하여 도축, 판매한 후 그로 인한 수익금으로 1구좌당 매월 10퍼센트의 이자를 지급하고 원금도 보장해 주겠다.'라고 거짓말하였다.",
            "이에 속은 피해자로부터 2012.6.25.경 피고인 명의의 000 계좌로 1,000만 원을 송금 받고, 2012.7.26.경 위 X를 통하여 피고인 명의의 000 계좌로 1,000만 원을 송금받아 합계 2,000만 원을 교부받았다."
        ]
    },
    "dcss": {
        "courtDcss": [
            "이 법원이 적법하게 채택하여 조사한 증거들에 의하여 인정되는 다음과 같은 사실 또는 사정들을 종합하여 보면 피고인이 피해자 G을 기망할 고의가 있었고, 범죄사실 기재와 같이 피해자를 기망하여 피해자로부터 9억 6,200만 원을 편취한 사실을 충분히 인정할 수 있다.",
            "따라서 피고인 및 변호인의 위 주장은 받아들이지 않는다.",
            "피고인이 피해자에게 담보제공을 권유할 당시 24억 원에 달하는 설비공사 비용을 제대로 조달하지 못해 2013.7.경부터 육가공 공장 설비공사가 중단된 상황이었다.",
            "피고인은 피해자가 제공한 담보로 대출을 받으면 피해자에게 매매 계약금 명목으로 지급하는 3억 5,000만 원을 제외하고는 육가공 공장시설을 설치하는데 사용하기로 약속 하였다.",
            "그러나 피고인은 위 계약금을 제외한 나머지 대출금 3억 9,000만 원을 매매계약 목적인 피해자 소유 부동산에 설치된 건물 등의 철거비용 1억 원, 채권자인 Z에 대한 채무 변제 7,100만 원, 기타 직원 급여 등으로 사용하였다.",
            "심지어 등기부등본(2015고합507 사건의 증거목록 순번 6)에 의하면 당시 이미 위 공장 건물에 관하여 2013.7.11.채권자 AD, 청구금액 47,500,000원의 가압류가 설정되었고, 2013.9.30.처분청 화성세무서의 압류가 설정되었으며, 2013.10.1.채권자 AE, 청구금액 37,000,000원의 가압류가 설정되었고, 2013.10.18.채권자 000의 신청에 의하여 임의경매개시결정이 내려졌다.",
            "2013.10.30.권리자 국민건강보험공단의 압류가 설정되었고, 2013.11.19.권리자 화성시의 압류가 설정되었으며, 2013.12.11.채권자 AF의 신청에 의해 강제경매개시결정이 내려진 사실을 확인할 수 있다.",
            "이렇듯 가공공장의 공사가 중단된 상태이고, 가공공장 건물에 대하여 경매개시 결정이 내려진 상태에서 피고인이 공장을 운영하여 돈을 벌어 피해자의 부동산을 26억원에 매수한다는 것은 이해하기 매우 힘들다.",
            "피고인도 검찰에서 '당시 자금사정이 어려웠기 때문에 피해자의 부동산을 담보로 대출을 받아 공장설비를 완공하고 피해자의 부동산을 매수한다는 계획이 무리였다는 것을 인정한다.'",
            "가공공장 설립에 40억 원에 가까운 자금이 소요되는데 대부분의 자금을 차용하여 사용하였기 때문에 공장 설비를 완공하지 못할 경우 별다른 대책이 없었다.'고 진술하였다.",
            "피해자는 이 법정에서 '피고인이 담보제공을 권유할 당시 가공공장 설비공사가 중단된 상황이었고, 은행에서 가공공장 건물에 대하여 임의경매를 신청하여 경매절차가 진행 중인 상황에 대해 전혀 이야기를 하지 않았다.이러한 상황들을 이야기하였다면 피고인에게 담보를 제공하지 않았을 것이다'고 진술하였다.",
            "그러나 피고인에 대한 검찰 피의자신문조서 및 금전소비대차계약증서에 의하면 피고인은 피해자에게 담보제공을 권유할 당시 8억 9,000만 원 정도를 대출받을 수 있을 것으로 예상하고 금전소비대차계약서 상의 대여금을 위 액수로 정하였음을 알 수 있다.",
            "게다가 피고인이 15억원의 대출을 받으려고 했는데 7억 4,000만 원 밖에 대출받지 못하는 상황이 발생하였다면 아예 대출절차를 진행하지 말았어야 할 것이다.",
            "그러나 부동산매매계약서 및 그 인증서, 매수대금 중 중도금 및 잔금지급안에 의하면 피고인이 피해자에게 이 사건 담보부동산을 26억 원에 매수해주겠다고 이야기한 사실을 충분히 인정할 수 있다.",
            "앞서 든 증거들에 의하여 인정되는 다음과 같은 사실 또는 사정들을 종합하여 보면 피고인이 피해자 L, N을 기망할 고의가 있었고, 범죄사실 기재와 같이 피해자들을 기망하여 피해자 L로부터 9,100만 원을, 피해자 N으로부터 3,000만 원을 편취한 사실을 충분히 인정할 수 있다.",
            "따라서 피고인 및 변호인의 위 주장은 받아들이지 않는다.",
            "피고인은 피해자들에게 투자를 권유할 당시 피해자들로부터 받은 돈으로 소를 싸게 구입하고 직접 도축을 한 다음 판매를 한 수익으로 피해자들에게 이자를 지급하겠다고 이야기하였다.",
            "계좌별 거래명세표(2015고합607사건의 증거목록 순번 15)에 의하면 피고인은 피해자들로부터 받은 돈 중 일부를 기존에 피고인에게 투자하였던 사람들에게 이자 명 목으로 지급한 사실을 확인할 수 있다.",
            "｛예를 들어, 피고인은 2011.5.4.AG(피해자 L의 딸)으로부터 1,400만 원을 송금 받은 다음, 다음 날 기존 투자자인 AH에게 500만 원, 또 다른 투자자인 P에게 225만 원을 송금하였고, 2011.5.7.위 AH에게 300만 원, 위 P에게 270만 원을 송금하였다｝",
            "한편 위 계좌별 거래명세표에는 피고인이 소를 구입하여 출금한 내역이나, 한우 사업을 하여 수익금이 입금된 내역은 전혀 없다.",
            "피해자 L는 수사기관에서 \"피고인이 처음에는 약속한대로 이자를 지급하다가 점차 이자를 줄여서 지급하여 2011.8.경에 이르러서는 피고인에게 원금을 돌려달라고하였는데 피고인은 '소 값이 하락했을 때 소를 더 많이 사서 확보해 놓아야 한다.'",
            "자금이 더 필요하다'라고 하면서 자신을 부추겨서 돈을 오히려 더 빌려갔다\"고 진술하였다.",
            "피해자 N은 수사기관 및 이 법정에서 '당시 방 값이 부족하였는데 피고인이 이자를 월 6%로 넉넉하게 주고 원금을 3개월 후에 분명히 돌려준다고 하여 피고인에게 돈을 빌려주게 되었다.' ",
            "방 값이 부족해서 빌려준 것이기 때문에 긴 기간 빌려줄 형편이 되지 못하였다.만약 피고인이 피해자가 빌려준 돈을 육가공공장시설 등에 투입할 것이라고 이야기하였다면 처음부터 빌려주지 않았을 것이다'라고 진술하였다.",
            "그러나 피고인은 미수금에 대한 근거자료를 전혀 제출하지 않았고, 오히려 피고인이 제출한 2011년, 2012년 각 표준재무제표증명서에 의하면 해당기간 발생한 미수금이 '0'임을 확인할 수 있다.게다가 피고인은 수사기관에서 2011.1.경 소를 유통하 는 과정에서 미수금이 처음 발생하였다고 진술하였는데 이는 피고인이 피해자들에게 투자를 권유한 시점 이전이다.",
            "이 법원이 적법하게 채택하여 조사한 증거들 및 기록에 의하여 인정되는 사실 또는 사정들을 종합하면, 검사가 제출한 증거만으로 피고인에게 송금된 계금이 피해자의 재물에 해당한다고 단정할 수 없고, 달리 이를 인정할 증거가 없다.",
            "따라서 위 3,000만 원이 피해자가 조직한 이 사건 계에서 발생한 계금임을 전제로 하는 이 부분 공소사실은 그대로 인정될 수 없다(공소사실 상의 처분행위가 존재한다고 볼 수 없다).",
            "결국 이 부분 공소사실은 어느모로 보나 인정될 수 없다.",
            "그러나 피고인은 피해자들의 양해나 승낙 없이 피해자들로부터 받은 돈 중 일부를 육가공 공장시설을 설치하는데 사용하였다.",
            "이에 대하여 피고인은 소 구입대금을 현금으로 지급하였다고 주장하나, 이에 관한 영수증 등의 자료도 전혀 제출되지 않았다."
        ]
    },
    "close": {
        "cnclsns": [
            "피고인을 징역 2년 6월에 처한다.",
            "다만 이 판결 확정일부터 3년간 위 형의 집행을 유예한다.",
            "이 사건 공소사실 중 피해자 D에 대한 사기의 점(2015고합555)은 무죄."
        ]
    }
}