{
    "info": {
        "caseField": "2",
        "detailField": "6",
        "trailField": "1",
        "caseNm": "폭력행위등처벌에관한법률위반(집단,흉기등협박),특수공무집행방해치상",
        "courtNm": "대전지방법원",
        "judmnAdjuDe": "2012. 06. 14.",
        "caseNo": "2012고합157",
        "relateLaword": [
            "폭력행위 등 처벌에 관한 법률 제3조",
            "폭력행위 등 처벌에 관한 법률 제2조",
            "형법 제283조",
            "형법 제144조",
            "형법 제136조",
            "형법 제40조",
            "형법 제50조",
            "형법 제37조",
            "형법 제38조",
            "형법 제53조",
            "형법 제55조",
            "형법 제48조"
        ],
        "qotatPrcdnt": []
    },
    "concerned": {
        "acusr": "4",
        "dedat": "1"
    },
    "org": {
        "orgJdgmnCourtNm": "",
        "orgJdgmnAdjuDe": "",
        "orgJdgmnCaseNo": ""
    },
    "disposal": {
        "disposalform": "6",
        "disposalcontent": [
            "피고인 00을 징역 8월에, 피고인 00을 징역 2년에 각 처한다."
        ]
    },
    "mentionedItems": {
        "rqestObjet": [
            "피고인 00은 위험한 물건인 부엌칼을 들고 피해자에게 위협을 가하고, 위 부엌칼을 휘둘러 피해자를 협박하였다.",
            "피고인 00은 위험한 물건인 손도끼를 꺼내들고 피해자에게 위협을 가하고, 위 손도끼를 휘둘러 피해자를 협박하였다.",
            "피고인 00은 현장에 출동한 경찰관들을 위험한 물건인 손도끼를 휘두르고, 경찰관들에게 폭행을 가하여 경찰관들의 범죄예방 및 진압업무에 관한 정당한 직무집행을 방해하고 이로 인하여 00에게 약 4주간의 치료를 요하는 비골골절을, 정*에게 약 10일간의 치료를 요하는 우측 제5수지 교상열창의 상해를 각 가하였다."
        ]
    },
    "assrs": {
        "acusrAssrs": [],
        "dedatAssrs": []
    },
    "facts": {
        "bsisFacts": [
            "피고인은 2012. 4. 9. 15:00경 0000에 있는 상호를 알 수 없는 식당에서 동생인 피해자 00(36세)과 술을 마시던 중, 어머니에 대한 부양 문제로 말다툼을 하다가 피해자에게 충고를 하였는데도 오히려 피해자가 \"기분 나쁘다\"며 주먹으로 피고인의 얼굴을 3회 때리자 화가 났다.",
            "같은 날 19:18경 0000에 있는 '0' 앞길에서 위험한 물건인 부엌칼(칼날 길이 18㎝, 손잡이 12㎝)을 들고 피해자에게 \"죽여버리겠다.\"며 위협을 가하고, 위 부엌칼을 휘둘러 피해자를 협박하였다.",
            "피고인은 2012. 4. 9. 19:18경 0000에 있는 '0' 앞길에서, 형인 피해자 00(38세)이 위와 같이 식칼을 들고 피해자에게 위협을 가하자 이에 대항하여 위 0 앞길에 주차해 둔 피고인의 차량 트렁크에서 위험한 물건인 손도 끼(손잡이 길이 30㎝, 도끼날 길이 8㎝)를 꺼내 들고, 피해자에게 \"죽여버리겠다.\"며 위협을 가하고, 위 손도끼를 휘둘러 피해자를 협박하였다.",
            "피고인은 2012. 4. 9. 19:18경 0000에 있는 '0' 앞길에서, 위와 같이 자신과 위 00이 도끼와 칼을 들고 서로 싸운다는 내용의 112신고를 받고 현장에 출동한 대전중부경찰서 남대전지구대 소속 경위 피해자 00(43세), 경사 피해자 00(47세)이 피고인에게 \"도끼를 내려놓으라.\"라고 수회 고지를 하였다.",
            "피고인은 \"너희가 뭔데 씹 새끼들아, 다 죽여 버린다.\"고 위협하면서 위험한 물건인 손도끼를 휘두르고, 주먹으로 위 00의 코 부위를 1회 때리고, 위 00이 피고인이 소지하고 있던 손도끼를 압수하고 피고인을 체포하려고 하자 입으로 위 00의 손가락을 물어뜯는 등 폭행을 가하여 경찰관들의 범죄예방 및 진압 업무에 관한 정당한 직무집행을 방해하였다.",
            "이로 인하여 위 00에게 약 4주간의 치료를 요하는 비골골절을, 위 00에게 약 10일간의 치료를 요하는 우측 제5수지 교상열창의 상해를 각 가하였다."
        ]
    },
    "dcss": {
        "courtDcss": [
            "피해자인 00이 처벌을 원하지 않고 있는 점, 이 사건 범행을 모두 인정하며 자신의 잘못을 뉘우치고 있는 점 등이 있다.",
            "불리한 정상 범죄예방 및 진압업무를 처리하는 경찰관들에게 도끼를 휘두르고, 폭행하여 4주와 10일간의 치료가 필요한 상해를 가한 점, 법 질서의 유지 및 공공의 평안을 해한 점 등이 있다. ",
            "ㅇ 공무집행방해죄로 처벌받은 전력이 있음에도 또 다시 동종범죄를 저지른 점, 유리한 정상 협박 피해자인 00이 피고인의 처벌을 원하지 않고 있는 점 등이 있다.",
            "특수공무집행방해치상의 피해자 00, 00을 위하여 각 300만원, 100만원을 공탁한 점, 이 사건 범행을 모두 인정하며 자신의 잘못을 뉘우치고 있는 점 등이 있다.",
            "아래와 같은 점을 모두 고려할 때, 권고형량범위의 하한이 무겁다고 판단되어 이를 이탈하여 형을 정한다."
        ]
    },
    "close": {
        "cnclsns": [
            "피고인 00을 징역 8월에, 피고인 00을 징역 2년에 각 처한다.",
            "다만, 피고인 00에 대하여는 이 판결 확정일부터 2년간 위 형의 집행을 유예한다. 압수된 부엌칼 1자루(증 제1호)를 피고인 00으로 부터, 손도끼 1자루(증 제2호)를 피고인 00으로부터 각 몰수한다."
        ]
    }
}