{
    "info": {
        "caseField": "2",
        "detailField": "6",
        "trailField": "1",
        "caseNm": "상해",
        "courtNm": "수원지방법원 안산지원",
        "judmnAdjuDe": "2018. 12. 26.",
        "caseNo": "2018고단3920",
        "relateLaword": [
            "형법 제257조",
            "형법 제70조",
            "형법 제69조",
            "형사소송법 제334조"
        ],
        "qotatPrcdnt": []
    },
    "concerned": {
        "acusr": "4",
        "dedat": "1"
    },
    "org": {
        "orgJdgmnCourtNm": "",
        "orgJdgmnAdjuDe": "",
        "orgJdgmnCaseNo": ""
    },
    "disposal": {
        "disposalform": "9",
        "disposalcontent": [
            "피고인을 벌금 3,000,000원에 처한다.",
            "피고인이 위 벌금을 납입하지 아니하는 경우, 100,000원을 1일로 환산한 기간 피고인을 노역장에 유치한다.",
            "위 벌금에 상당한 금액의 가납을 명한다."
        ]
    },
    "mentionedItems": {
        "rqestObjet": [
            "피고인을 벌금 3,000,000원에 처한다.",
            "피고인이 위 벌금을 납입하지 아니하는 경우, 100,000원을 1일로 환산한 기간 피고인을 노역장에 유치한다."
        ]
    },
    "assrs": {
        "acusrAssrs": [],
        "dedatAssrs": []
    },
    "facts": {
        "bsisFacts": [
            "피고인은 2018.5.20.03:15경 위 피고인의 주거지 출입문 앞에서, 아래층에 사는 피해자 8(26세)와 층간소음 문제로 말다툼을 하다가 화가 나, 손으로 피해자의 몸을 힘껏 밀치고, 주먹으로 피해자의 얼굴 미간 부위를 1회 때리고, 넘어진 피해자를 주먹과 발로 수회 때려, 피해자에게 약 4주간의 치료를 요하는 비골 골절 등의 상해를 가하였다."
        ]
    },
    "dcss": {
        "courtDcss": [
            "피고인에게 동종 전과나 벌금형을 초과하는 전과가 없는 점, 이 사건 범행이 우발적으로 발생한 점, 피해정도, 피해자와 합의한 점 등 참작한다.",
            "이상의 이유로 주문과 같이 판결한다."
        ]
    },
    "close": {
        "cnclsns": [
            "피고인을 벌금 3,000,000원에 처한다.",
            "피고인이 위 벌금을 납입하지 아니하는 경우, 100,000원을 1일로 환산한 기간 피고인을 노역장에 유치한다.",
            "위 벌금에 상당한 금액의 가납을 명한다."
        ]
    }
}