{
    "info": {
        "caseField": "2",
        "detailField": "6",
        "trailField": "1",
        "caseNm": "특정경제범죄가중처벌등에관한법률위반(사기), 사기",
        "courtNm": "서울중앙지방법원",
        "judmnAdjuDe": "2017. 05. 11.",
        "caseNo": "2016고합1330",
        "relateLaword": [
            "특정경제범죄 가중처벌 등에 관한 법률 제3조",
            "형법 제347조",
            "형법 제53조",
            "형법 제55조",
            "형법 62조"
        ],
        "qotatPrcdnt": []
    },
    "concerned": {
        "acusr": "4",
        "dedat": "1"
    },
    "org": {
        "orgJdgmnCourtNm": "",
        "orgJdgmnAdjuDe": "",
        "orgJdgmnCaseNo": ""
    },
    "disposal": {
        "disposalform": "6",
        "disposalcontent": [
            "피고인을 징역 1년 6월에 처한다.",
            "이 판결 확정일로부터 3년간 위 형의 집행을 유예한다."
        ]
    },
    "mentionedItems": {
        "rqestObjet": [
            "피고인은 피해자들을 속여 투자금 명목으로 32회에 걸쳐 합계 7억 9,670만 원을 편취하였다."
        ]
    },
    "assrs": {
        "acusrAssrs": [],
        "dedatAssrs": []
    },
    "facts": {
        "bsisFacts": [
            "피고인은 0000 C에서 'D' 라는 상호로 중고 컴퓨터 등을 매입하여 판매하는 일을 하는 사람이고, 피고인은 2015.6.경 서울 0000에 있는 상호불상 식당에서 피해자 E에게, '폐휴대폰을 수거하여 재판매하는 사업을 하고 있는데 배당금을 챙겨줄 테니 돈을 투자하라' 는 취지로 말하였다.",
            "사실은 기존의 채권자들에게 돌려막기 식으로 채무를 변제하기에 급급한 상황이어서 피고인은 피해자 E으로부터 돈을 받더라도 폐휴대폰 관련 사업에 투자할 의사나 능력이 전혀 없었고, 별다른 수입도 없어 빌린 돈을 제때 변제할 의사나 능력도 없었다.",
            "그리고 피고인은 이에 속은 피해자 E으로부터 2015.7.28.피고인의 처인 F 명의 000계좌로 3,000만 원을 송금받은 것을 비롯하여 그 무렵부터 2016.4.25.까지 별지 범죄일람표 기재와 같이 피해자 E, G, H으로부터 투자금 명목으로 32회에 걸쳐 각각 계좌로 송금받거나 현금으로 교부받는 방법으로 합계 7억 9,670만 원을 편취하였다."
        ]
    },
    "dcss": {
        "courtDcss": [
            "이 사건 범행은 약 10개월 동안 3명의 피해자에게 원금 보장과 배당금 지급을 약속하며 실체가 없는 폐휴대폰 재판매 사업에 거의 8억 원에 이르는 돈을 투자받은 것으로 그 죄질과 범정이 가볍지 않고, 피고인은 이른바 돌려막기 방식으로 자금을 운용하면서 아직까지 원리금 일부를 변제하지 못하고 있어 피해자들이 피고인에 대한 처벌을 원하고 있다.",
            "피고인이 중고컴퓨터 등 판매 사업을 하다 운영난에 부닥쳐 지인들로부터 자금을 융통하는 과정에서 이 사건 범행에 이르게 된 점, 2016.4.경까지 피해자 E, G에게 편취금액 중 상당 부분을 변제하였고 앞으로 남은 피해액을 모두 변제할 것을 다짐하면서 반성하고 있는 점, 집행유예 이상의 범죄전력이 없는 점 등의 유리한 정상이 있다."
        ]
    },
    "close": {
        "cnclsns": [
            "피고인을 징역 1년 6월에 처한다.",
            "다만, 이 판결 확정일부터 3년간 위 형의 집행을 유예한다."
        ]
    }
}