{
    "info": {
        "caseField": "2",
        "detailField": "6",
        "trailField": "1",
        "caseNm": "업무상과실치사, 업무상과실치상, 산업안전보건법위반",
        "courtNm": "광주지방법원 순천지원",
        "judmnAdjuDe": "2013. 09. 30.",
        "caseNo": "2013고단954,2013고단1469(병합),2013고단1727(병합)",
        "relateLaword": [
            "형법 제268조",
            "형법 제30조",
            "산업안전보건법 제71조",
            "산업안전보건법 제67조",
            "산업안전보건법 제23조",
            "산업안전보건법 제24조",
            "산업안전보건법 제34조",
            "산업안전보건법 제66조",
            "형법 제40조",
            "형법 제50조",
            "형법 제37조",
            "형법 제38조",
            "형법 제70조",
            "형법 제69조",
            "형법 제62조",
            "형사소송법 제334조"
        ],
        "qotatPrcdnt": []
    },
    "concerned": {
        "acusr": "4",
        "dedat": "1"
    },
    "org": {
        "orgJdgmnCourtNm": "",
        "orgJdgmnAdjuDe": "",
        "orgJdgmnCaseNo": ""
    },
    "disposal": {
        "disposalform": "6",
        "disposalcontent": [
            "피고인 1, 5를 각 징역 1년 6월에, 피고인 2, 3, 4를 각 금고 2년에, 피고인 6, 7, 8, 9, 10을 각 금고 1년에, 피고인 11을 벌금 10,000,000원에, 피고인 12 주식회사, 피고인 13 주식회사를 각 벌금 30,0000,000원에 각 처한다.",
            "피고인 11이 위 벌금을 납입하지 아니하는 경우 50,000원을 1일로 환산한 기간 위 피고인을 노역장에 유치한다.",
            "다만, 피고인 1, 2, 3, 4, 5에 대하여는 이 판결 확정일부터 3년간, 피고인 6, 7, 8, 9, 10에 대하여는 이 판결 확정일부터 2년간 위 각 형의 집행을 유예한다.",
            "피고인 11, 피고인 12 주식회사, 피고인 13 주식회사에 대하여 위 각 벌금에 상당한 금액의 가납을 명한다.",
            "이 사건 공소사실 중 피고인 12 주식회사에 대한 2013. 3. 14.자 폭발사고에 관한 산업안전보건법위반의 점은 무죄로 판결한다."
        ]
    },
    "mentionedItems": {
        "rqestObjet": [
            "피고인들은 공동하여 위와 같은 업무상의 과실로 피해자 공소외 3 등 6명을 사망에 이르게 하고, 피해자 공소외 8 등 10명에게 상해를 입게 하였다."
        ]
    },
    "assrs": {
        "acusrAssrs": [],
        "dedatAssrs": [
            "사일로 내에 잔존하였거나 제3의 열원에 의하여 축적된 가연성 가스가 폭발하였을 가능성은 희박하고, 사일로 내부의 플러프에 용접 시 발생한 점화원이 작용하여 폭발이 일어난 것으로 보더라도 구체적인 사고발생의 기전(mechanism)이 명확하게 밝혀졌다고 보기는 어렵다고 주장한다.",
            "피고인은 신규 사일로 설치작업 및 비계작업 등과는 별도로 맨홀설치작업에 대한 작업허가서를 발행하면서 맨홀 구멍을 뚫는 작업만을 허가하고 용접작업과 같은 직화작업은 금지하였으므로, 하나의 작업허가서로 맨홀설치작업과 비계작업을 동시에 하도록 한 것은 아니다.",
            "피고인들은 피고인 12 회사가 퍼지 및 청소 작업을 제대로 실시하였다고 신뢰하고 있었으므로, 위와 같은 상황 하에서는 피고인들에게 사일로 내부에 플러프가 남아 있는지를 확인하여 작업을 중단할 업무상의 주의의무가 있었다고 보기 어렵다.",
            "또한 피고인들로서는 작업 전에 실시한 피고인 12 회사의 가연성 가스측정 결과만 가지고는 사고발생의 위험성을 예견할 수가 없었다."
        ]
    },
    "facts": {
        "bsisFacts": [
            "피고인 12 주식회사(이하 ‘피고인 12 회사’라고 한다)는 석유화학 가공제품의 제조 및 판매사업 등을 목적으로 설립된 회사로서, 상시근로자 306명을 고용하여 고밀도 폴리에틸렌(HDPE, High Density Poly Ethylene)등의 합성수지를 제조하는 000을 운영하는 사업주이다.",
            "피고인 13 주식회사(이하 ‘피고인 13 회사’라고 한다)는 제조업(철구조물 및 탱크제작)등을 목적으로 설립된 회사로서, 피고인 12 회사로부터 000 고밀도 폴리에틸렌(HDPE, High Density Poly Ethylene)공정의 중간 저장조를 설치하는 작업을 하는 사업주이다.",
            "위 회사는 사일4기(V-059 A~D)부에 맨홀을 설치하는 작업과 같은 공정의 사일로 2기(V-059 E, F)및 최종 저장조인 블렌더 2기(V-166 C, D)를 설치하는 작업을 공사금액 13,000,000원, 793,000,000원에 각각 도급받아 상시근로자 55명을 사용하여 2013.2.13.부터 2013.3.31.까지 위 각 공사를 시공하기로 하였다.",
            "고밀도 폴리에틸렌은 흰색이나 우윳빛을 띄는 미세한 입자(Pellets, 펠릿)또는 작은 알갱이(Granules, 그래뉼)형태의 화학제품이고, 소방법상 특수가연물인 합성수지류로서 자연발화점은 349℃으로 고밀도 폴리에틸렌은 공기 중에 분진이 부유하면 분진폭발을 일으키고 화재 시 다량의 연기와 유독가스를 발생시키므로, 분진누출 시 강제로 환기를 시키고 점화원을 제거하여 폭발을 방지하여야 할 필요가 있다.",
            "피고인 12 회사 000에서는 에틸렌, 수소, 이소부탄, 헥센,1 등의 원료를 촉매와 함께 반응기에서 반응시켜 고밀도 폴리에틸렌 중합체(Slurry, 슬러리)를 만들고, 이를 건조시켜 미 반응 가스를 회수하고 남은 분말 형태의 폴리에틸렌 중간제품(Fluff, 플러프)을 저장조(Silo, 사일로)에 저장한 다음, 이를 압출하여 폴리에틸렌 최종제품(Pellet, 펠릿)을 만들어 저장조(Blender, 블렌더)에 보관한다.",
            "피고인 12 회사 000 고밀도 폴리에틸렌 제조공장에서는 2012.6.28.블렌더 2기가 정전기 또는 금속마찰로 추정되는 원인에 의해 폭발하였고, 그 여파로 사일로 6기 중 2기의 하부가 파손되면서 내부에 있던 플러프가 쏟아져 화재가 발생하였다.",
            "이에 피고인 12 회사는 자체 사고조사위원회를 구성하여 사고원인을 파악하고, 파손된 사일로 2기는 신형으로 교체설치하고, 나머지 사일로 4기에는 내부 관찰 및 청소용 맨홀(Manhole)을 설치하기로 결정하였다.",
            "피고인 12 회사의 변경관리절차에 따른 변경요청팀인 피고인 12 회사 000 생산팀은 2012.8.경 사일로에 맨홀을 설치하는 내용이 포함된 변경검토요청을 검토부서인 안전환경팀, 공무팀, 기술팀에 각 의뢰하고, 위 각 팀들은 사일로에 맨홀을 설치하는 작업에 대한 분야별 검토를 거쳐 이를 승인하였으며, 공장장인 피고인 1이 최종승인을 하였다.",
            "그 후 피고인 12 회사는 2013.1.18.피고인 13 회사와 사이에 공사금액을 1,300만 원으로 하여 000 내 사일로 4기에 맨홀을 설치하는 내용의 도급계약을 체결하였다.",
            "피고인 12 회사 000에서는 생산팀이 2013.2.27.수립한 ‘PE 생산1팀 2013년 T/A 계획안’, 공무팀이 2013.2.28.수립한 ‘2013 HDPE PLANT T/A 작업계획(안)’, 안전환경팀이 2013.3.5.수립한 2013.3월 PE1 T A 현장 안전보건관리계획을 기초로 하였다.",
            "‘2013.3월 PE1 T/A 현장 안전보건관리계획을 기초로, 2013.3.8.경 사일로 맨홀 설치를 포함한 공장 전체 시설에 대하여 2013.3.12.부터 2013.4.6.까지 25일 동안 공장 가동을 정지하고 예상비용 약 70억 원, 예상외주인원 6,164명을 투입하여 맨홀설치공사를 포함한 70여개의 작업을 하는 내용의 ’2013년 정기보수계획‘을 수립하였다.",
            "피고인 12 회사는 정기보수를 위해 2013.3.12.경부터 2013.3.14.오전까지 000 폴리에틸렌 공정 일체의 가동을 중지하고, 배관을 통해 사일로 내에 질소가스를 주입하여 가연성 가스를 배출하는 퍼지(Purge)작업을 진행하였다.",
            "피고인 12 회사 000 폴리에틸린 생산1팀 교대대리인 피고인 2는 2013.3.14.(사고발생일, 이하 같은 날이다)08:00경 사일로 등 설치를 위한 작업허가서를 발행하여 피고인 13 회사에 교부하면서 맨홀설치작업을 허가하였고, 08:00~12:00경 피고인 13 회사는 지난 2012.6.28.에 파손되었던 사일로 2기를 신형 사일로로 교체하는 작업을 완료하였다.",
            "점심식사 후 피고인 13 회사는 13:00~14:30경 나머지 사일로 4기 중 2기에 맨홀을 설치하는 작업을 진행하였고, 15:00경 휴식시간 동안 피고인 12 회사에 맨홀설치작업이 진행 중임을 보고하였다.",
            "이후 피고인 13 회사 소속 작업자들은 15:30~16:10경 절삭기로 사일로 2기에 맨홀을 설치할 원형의 구멍을 만들고, 구멍 주변에 맨홀을 부착할 보강판(Flange)을 가용접하여 설치한 후 피고인 12 회사 직원에게 검수를 요청하였으나, 작업을 감시,감독하던 피고인 12 회사 직원들로부터 보강판의 위치를 수정할 것을 지시받고 절삭기를 이용하여 용접한 보강판을 제거하였다.",
            "저녁식사 후 피고인 13 회사 소속 작업자들은 피고인 12 회사 소속 직원들의 지시에 따라 절삭기를 사용하여 맨홀을 설치할 구멍을 넓히고 주변 모양을 다듬는 작업을 진행하였고, 사일로 상부에서는 18:00경부터 사일로 설치를 위한 비계작업이 동시에 진행되고 있었다.",
            "피고인 13 회사 소속 작업자들이 20:30경부터 위와 같이 피고인 12 회사 소속 직원들의 지시에 따라 용접기를 사용하여 보강판을 다시 설치하는 가용접 작업을 진행하던 중 20:51경 사일로 2기가 폭발하였다.",
            "사고 현장에는 총 6기의 사일로가 2열 3횡의 형태로 배치(1열은 왼쪽부터 V-059 A, B, C, 2열은 왼쪽부터 V-059 D, E, F)되어 있었고, 사일로 1기의 지름은 5m, 높이 약 30m, 용량은 500t이며, 비계작업은 약 27m 높이에서, 용접작업은 약 9m 높이에서 각 진행되었다.",
            "2012.6.28.블렌더 폭발사고로 파손되어 사고 당일 새로 설치된 사일로는 V-059 E, F 사일로이고, 맨홀설치작업 중 폭발이 발생한 사일로는 V-059 D 및 B이다."
        ]
    },
    "dcss": {
        "courtDcss": [
            "피고인들의 공동의 업무상 과실로, 사일로 4기에 대한 맨홀설치작업이 순차로 진행되면서 맨홀설치작업 시 진동공구에 의한 진동 및 사일로 상부의 비계설치 작업으로 인하여 사일로 1기(V-059 D)의 내부 벽면에 전체적으로 부착되어 있던 플러프 분진이 부유하며 사일로 하부에 퇴적되다가, 피고인 13 회사 작업자들이 맨홀 설치를 위한 용접작업을 하면서 발생한 용접불똥 등이 사일로 내부의 플러프에 착화되어 폭압이 발생하였다.",
            "그로 인하여 사일로 하부 및 벽면에 있던 플러프 분진이 부유하면서 2013.3.14.20:51경 위 사일로 내부에서 급격한 폭발이 발생하여, 그 폭발화염이 사일로간 마주보게 뚫린 구멍 또는 사일로들을 연결하는 배관을 통해 다른 사일로(V-059 B)내부로 들어가 위 사일로 1기 내부에서도 급격한 폭발이 발생하였다.",
            "폭발로 사일로(V,-59 D)상부 27m 지점에서 비계작업을 하여 사일로(V-059 D 및 E)간 연결통로를 만들고 있던 피고인 13 회사 소속 작업자와 사일로 상부 약 9m 지접에서 맨홀 용접작업을 하고 있던 피고인 13 회사 소속 작업자인 피해자 현장작업감시를 하고 있던 피고인 12 회사 소속의 피해자 피고인 3(41세)등 총 16명의 피해자들이 폭발 화염에 노출되어 폭발로 인한 비산물에 충격되거나 바닥으로 추락하였다.",
            "이 사건 사고로 피고인들은 공동하여 위와 같은 업무상의 과실로 피해자 공소외 3 등 6명을 사망에 이르게 하고, 피해자 공소외 8 등 10명에게 상해를 입게 하였다.",
            "피고인 1은 피고인 12 회사 000 소속 근로자의 안전보건관리책임자로서 2013.3.18.부터 2013.4.1.까지 광주지방고용노동청에서 실시한 특별감독시 폐수처리장 옥내 작업장 바닥을 안전하고 청결한 상태로 유지하지 않은 것을 포함하여 총 429건에 걸쳐 안전 및 보건조치를 이행하지 아니하고 안전인증을 받지 않은 기구를 사용하였으며, 피고인 12 주식회사는 피고인의 사용인인 피고인 1이 피고인의 업무에 관하여 반행위를 하였다.",
            "피고인 5는 피고인 13 회사가 피고인 12 회사로부터 도급받은 000 내 사일로 맨홀설치작업의 안전보건관리책임자로서 위와 같은 유해,위험예방조치를 취하지 않은 채 소속 근로자들이 내부의 인화성 고체인 플러프 분진이 완전히 제거되지 않은 사일로에 야간이라 분진의 양이 어느 정도인지 측정조차 되지 않는 상태에서 용접·용단작업을 계속하도록 하여 피해자 공소외 3 등 6명을 사망에 이르게 하는 업무에 관하여 위반행위를 하였다.",
            "피고인 5는 피고인 13 주식회사 소속 근로자에 대한 실질적인 안전보건관리책임자로서 2013.3.20.부터 2013.3.27.까지 피고인 12 주식회사 000 및 000에서 광주지방고용노동청에서 실시한 특별감독시 작업발판 단부에 발끝막이판 또는 수직보호망을 설치하지 아니한 것을 포함하여 총 53건에 걸쳐 위험예방조치를 이행하지 아니하고 안전인증을 받지 않은 기구를 사용하였다.",
            "피고인 12 회사에서는 사고 발생 수일 전에 사일로 내부의 플러프를 비운 다음 사고 당일 오전까지 퍼지 및 환기작업을 실시하였고, 사고 당일 오후 1:00경 맨홀설치작업을 하기에 앞서 사일로 하부에 구멍을 뚫고 가스측정을 하였으나 잔류 가스는 검출되지 않았다.",
            "최초 발화지점이 다소 불분명하다고 하더라도 용접불똥이 사일로 하부에 있던 플러프에 착화하였다는 점에는 의심의 여지가 없고, 사일로에서 진행되었거나 진행 중이던 작업들에 의한 진동으로 사일로 내부의 플러프 분진이 낙하하던 가운데 최초 착화에 의하여 발생한 폭압으로 분진의 부유농도가 더욱 높아져 급격한 폭발이 일어나게 되었다는 점에 대하여도 충분한 증명이 있다고 할 것이다.",
            "따라서 이 사건 사고의 폭발원인에 관하여는, 공소사실 중 용접불똥 등이 잔류 가연성 가스 및 부유 중인 분진에 착화하였다는 부분만을 제외하고, 판시와 같이 피고인 13 회사 작업자들의 용접작업으로 발생한 용접불똥 등이 사일로 내부에 있던 플러프에 착화하여 폭압이 발생하고 사일로 하부 및 벽면에 있던 플러프 분진이 부유하면서 급격한 폭발이 발생한 것으로 사실인정을 하기로 한다.",
            "이 사건 사고 직후 경찰인력 등이 현장에 출동하여 피고인 12 회사 및 피고인 13 회사의 근로자들과 함께 사고수습을 했고, 피고인 12 회사와 피고인 13 회사는 사고 당일 작업허가서를 확보하기 위해 각자 직원들을 동원하여 현장을 수색하였는데, 사고 사일로 주변에 떨어져 있었다는 작업허가서가 사고발생 후 5시간여가 지나 피고인이 나타날 때까지 발견되지 않았다.",
            "경찰 통제구역 중에서도 가장 중심부인 사고 사일로 부근에까지 진입하여 사고현장에 보전되어 있었어야 할 작업허가서를 임의로 들고 나옴으로써 의심을 자초한 것인데, 피고인에게 작업허가서의 작성, 발행, 게시에 관한 정황을 조작하거나 은폐할 목적이 있었다고 보지 않는 이상 피고인이 위와 같은 행위를 한 이유를 합리적으로 설명하기가 어렵다.",
            "이 사건 사고로 인하여 6명의 작업자들이 사망하고 10명이 중,경상을 입었으며, 그 중 3명은 심한 화상을 입고 지금까지도 계속하여 치료를 요하는 등 피고인들의 안전조치의무위반으로 인한 피해가 매우 크고 무겁다.",
            "비록 사고 후 피고인 12 회사에서 사망한 피해자들의 유족들에게 3억 9000만 원에서 4억 원을, 피고인 13 회사에서는 상해를 당한 대부분의 피해자들에게 2,780만 원에서 9,900만 원을 각 치료비 및 재해보상금 명목으로 지급하였으나, 피해자들이 입은 신체적, 정신적 충격과 후유증 및 그로 인한 가족들의 고통은 금전적인 보상만으로 회복될 수 없다.",
            "이 사건 사고는 고밀도 폴리에틸렌 중간제품 저장고인 사일로에 있던 인화성 물질을 완전히 제거하지 않은 채 화기작업 및 진동발생 작업을 실시함으로써 벽면에 흡착되어 있던 분진이 떨어져 내리는 사일로에 용접작업에서 발생한 열원이 유입되어 폭발이 일어났다는 점에서, 현장 관계자들의 부주의로 인하여 산업현장의 전형적인 사고위험이 현실화된 인재(人災)라고밖에 볼 수 없다.",
            "피고인 12 회사 000에서는 2012.6.경에 블렌더 폭발의 여파로 파손된 사일로 2기에서 쏟아진 플러프가 발화하여 화재가 발생한 사실이 있으며, 플러프의 위험성 및 사일로 내 잔류가능성을 쉽게 알 수 있었다 할 것임에도 충분한 주의를 기울이지 않고 이 사건 사고를 발생시킨 점에 비추어, 피고인들의 의무위반에 대한 비난가능성도 크다 할 것이다.",
            "산업안전보건법 제67조 제1호, 제23조 제1항의 위반죄는 사업주가 자신이 운영하는 사업장에서 산업안전기준에 관한 규칙이 정한 안전조치를 하지 않은 채 소속 근로자들에게 위 법 제23조 제1항 각 호에서 정한 안전상의 위험이 있는 작업을 하도록 지시하거나 그 안전조치를 하지 않은 상태에서 위 작업이 이루어지고 있다는 사실을 알면서도 이를 방치하였을 때에 성립하는 것이다.",
            "사업주가 그 소속 근로자들로 하여금 직접 위험성이 있는 작업을 하도록 한 것이 아니라 위 작업을 도급을 준 다음 하청업체에서 수행하는 작업을 감시·감독하도록 한 데에 불과한 경우에는 사업주에게 위 근로자들에 대하여 위 조항의 안전조치의무가 있다고 볼 수 없다.",
            "책임을 전가하는 피고인들의 태도로 인하여 대부분이 하청업체의 일용직 근로자인 피해자들 및 유족들이 또 다시 마음의 상처를 입고, 여론의 관심 및 수사기관의 역량이 모두 작업허가서의 사후조작여부를 둘러싼 피고인 12 회사와 피고인 13 회사 직원들 사이의 책임공방에 집중됨으로써 사고의 재발방지대책에 관한 논의는 상당기간 뒷전으로 밀려나 있었던 점 등을 고려하면, 피고인들을 엄히 처벌할 필요가 매우 크다.",
            "피고인들은 피고인 12 회사 또는 피고인 13 회사의 직원으로서 000 내 화학공장에서 오랫동안 석유화학제품의 제조·보관 또는 그 시설의 유지·보수에 관한 업무에 종사하여 왔고, 더욱이 피고인 12 회사 000에서는 2012.6.경에 블렌더 폭발의 여파로 파손된 사일로 2기에서 쏟아진 플러프가 발화하여 화재가 발생한 사실이 있다.",
            "위 화재사고에 따른 후속조치로 옆에 있던 사일로의 내부를 클리닝하는 과정에서 사일로 내벽에 다량의 플러프가 붙어 있음이 확인되는 등 플러프의 위험성 및 사일로 내 잔류가능성을 쉽게 알 수 있었다 할 것임에도 충분한 주의를 기울이지 않고 이 사건 사고를 발생시킨 점에 비추어, 개별적 양형을 선고한다.",
            "검사는 피고인 12 회사 및 그 사용인인 피고인 1이 안전조치를 취하지 않은 채 피고인 12 회사 소속 근로자들에게 사일로에 맨홀을 설치하는 작업을 감시·감독하게 하였다고 기소를 했고, 피고인들에게 위 근로자들에 대하여 산업안전보건법 제23조 제1항에 따른 안전조치를 취하여야 할 의무가 있다고는 보기 어렵고, 달리 이를 인정할 만한 증거가 없다."
        ]
    },
    "close": {
        "cnclsns": [
            "피고인 1, 5를 각 징역 1년 6월에, 피고인 2, 3, 4를 각 금고 2년에, 피고인 6, 7, 8, 9, 10을 각 금고 1년에, 피고인 11을 벌금 10,000,000원에, 피고인 12 주식회사, 피고인 13 주식회사를 각 벌금 30,0000,000원에 각 처한다.",
            "피고인 11이 위 벌금을 납입하지 아니하는 경우 50,000 원을 1일로 환산한 기간 위 피고인을 노역장에 유치한다.",
            "다만, 피고인 1, 2, 3, 4, 5에 대하여는 이 판결 확정일부터 3년간, 피고인 6, 7, 8, 9, 10에 대하여는 이 판결 확정일부터 2년간 위 각 형의 집행을 유예한다.",
            "피고인 11, 피고인12 주식회사, 피고인 13 주식회사에 대하여 위 각 벌금에 상당한 금액의 가납을 명한다.  ",
            "이 사건 공소사실 중 피고인 12 주식회사에 대한 2013.3.14.자 폭발사고에 관한 산업안전보건법위반의 점은 무죄이다."
        ]
    }
}