{
    "info": {
        "caseField": "2",
        "detailField": "6",
        "trailField": "1",
        "caseNm": "범죄단체가입,범죄단체활동,사기,폭력행위등처벌에관한법률위반(공동상해),공갈",
        "courtNm": "서울남부지방법원",
        "judmnAdjuDe": "2019. 11. 27.",
        "caseNo": "2019고단3391",
        "relateLaword": [
            "형법 제114조",
            "형법 제347조",
            "형법 제30조",
            "폭력행위 등 처벌에 관한 법률 제2조",
            "폭력행위 등 처벌에 관한 법률 제257조",
            "형법 제350조",
            "형법 제40조",
            "형법 제50조",
            "형법 제35조",
            "형법 제37조",
            "형법 제38조"
        ],
        "qotatPrcdnt": []
    },
    "concerned": {
        "acusr": "4",
        "dedat": "1"
    },
    "org": {
        "orgJdgmnCourtNm": "",
        "orgJdgmnAdjuDe": "",
        "orgJdgmnCaseNo": ""
    },
    "disposal": {
        "disposalform": "6",
        "disposalcontent": [
            "피고인 00피고인을 징역 2년 6개월에 처한다.",
            "피고인 00피고인을 징역 10개월에 처한다."
        ]
    },
    "mentionedItems": {
        "rqestObjet": [
            "피고인 00피고인을 징역 2년 6개월에 처한다.",
            "피고인 00피고인을 징역 10개월에 처한다."
        ]
    },
    "assrs": {
        "acusrAssrs": [],
        "dedatAssrs": []
    },
    "facts": {
        "bsisFacts": [
            "피고인은 2016. 4. 27. 춘천지방법원에서 사기죄로 징역 1년 4월을 선고받고 2016. 11. 4. 위 형의 집행을 종료하였다.",
            "조선족 중국인인 00과 한국인인 00은 2017. 4.경 0000에서 사무실을 만들어 한국 내 거주자들인 피해자들의 개인정보 데이터베이스를 취득한 후 피해자들에게 무작위로 전화하여 금융기관의 직원을 사칭하면서 대출을 알선해 줄 것처럼 기망하는 방법으로 금원을 편취하는 일명 '보이스피싱' 범죄를 기획하고, 이를 실행할 수 있는 설비와 인원을 갖춘 조직을 구축하기로 마음먹었다.",
            "00은 2017. 4. 말경 위와 같은 계획에 따라 자금을 투자하여 00을 보이스피싱 사무실의 관리책임자로 두고, 0000 소재 아파트의 불상의 호실 등을 임차하여 각각 조직원들의 숙소 및 사무실로 마련한 다음 책상과 의자 등의 가구를 비치하고, 컴퓨터와 인터넷 전화 등의 집기를 갖추는 등 보이스피싱 범행에 필요한 장소와 범행 도구를 준비하여 보이스피싱 조직원들이 사용할 물적 시설을 마련하였다.",
            "00은 위 보이스피싱 범죄단체(이하 '이 사건 범죄단체'라 한다)의 총책, 00은 관리자로서 2017. 4. 말경 위와 같이 사무실을 개소하였고, 조선족 중국인인 00은 2017. 8.경 투자금을 납부하고 공동 총책으로 합류하였다.",
            "00, 00, 00은 위 사무실을 운영, 관리하면서 피해자들과 전화로 상담하는 역할을 하는 피고인(이명 00), 00(이명 00, 00), 00(이명 00)등을 하위 조직원으로 끌어들이고, 성명불상 조선족 중국인 남성으로 하여금 위 조직원들을 감시하게 하였다.",
            "구체적으로 00, 00은 '총책'으로서 피해자들의 개인정보 데이터베이스, 차명 휴대전화, 차명 통장을 조달하면서 범죄 수익금을 관리하고 각 조직원들의 실적과 기여 정도에 따라 위 수익금을 배당하는 등의 역할을 했다.",
            "00은 '관리자'로서 위 데이터베이스를 전달받아 조직원들에게 배포한 후 구체적인 범행을 지시하고, 조직원들을 추가 모집 및 관리하고, 필요시 직접 금융기관 직원을 사칭하면서 피해자들을 기망하는 등의 역할을 했다.",
            "피고인 등 나머지 조직원들은 '상담원'으로서 발신번호가 변작된 전화번호로 피해자들에게 전화하여 '000' 또는 '000' 직원을 사칭하면서 대출을 받기 위해서는 기존의 대출을 상환해야 한다고 거짓말을 하여 이에 속은 피해자들로부터 금원을 송금받거나, 대출을 받기 위해서는 거래실적을 만들어야 한다고 거짓말하여 체크카드를 양도받는 등의 역할을 각 수행하기로 하였다.",
            "00은 이 사건 보이스피싱 범죄단체의 관리자로서 총책인 00, 00의 지시에 따라 지인들에게 접근하여 '중국에서 일을 하면 단기간에 쉽게 큰 돈을 벌 수 있다'는 취지로 제의한 후 항공권을 제공하여 중국으로 입국시켰다.",
            "기히 모집한 조직원들에게 또다른 지인들을 섭외하도록 하고, 이와 같이 모집된 사람들을 위 사무실 및 숙소에서 생활하도록 하면서 범행에 이용할 대본을 배포하여 보이스피싱 범죄를 위한 교육을 시키는 등 조직원으로 가입 및 활동하도록 하였다.",
            "또한 00은 한국으로 귀국하거나 조직에서 탈퇴하기를 원하는 조직원들에게는 욕설을 하면서 계속적으로 보이스피싱 범행을 하도록 유도함으로써 위 조직원들로 하여금 조직에서 이탈하지 못하도록 하였다.",
            "00, 00, 00은 이 사건 범죄단체의 조직원들에게 가명을 사용하도록 하는 방법으로 조직원들 상호간에 인적사항을 파악하기 어렵게 함으로써 추후 수사기관의 단속 시에도 조직의 실체가 밝혀지지 않도록 대비하였다.",
            "조직원들 각자의 휴대전화에는 중국 유심칩을 장착하여 사용하도록 하였고, 조직원들의 여권을 수거하여 마음대로 한국에 귀국할 수 없도록 하였고, 체류 기간이 만료되어 한국으로 입국하게 될 때에는 개인 휴대전화에 저장된 사무실 사진이나 총책 및 관리자의 연락처를 삭제하도록 하였으며, 업무 지시는 총책, 관리자, 하위 조직원 순으로 순차적으로 전달되도록 하였다.",
            "상담원 역할을 수행하는 조직원들은 통상적으로 중국 현지시각 기준 08:00경부터 17:00경까지 위 사무실에서 근무하며 불특정 다수의 한국 거주자들에게 전화를 하여 보이스피싱 사기 범행을 하였는데, 00은 실적이 저조한 조직원들에게는 욕설을 동반한 질책을 함으로써 보이스피싱 범죄 수익금 창출을 독려하였다.",
            "00, 00은 조직원들의 범행 실적 및 각자의 기여도에 따라 수익금을 분배하였는데, 통상적으로 범행에 성공하여 취득한 범죄수익금 중 15~20% 가량을 이에 관여한 조직원들에게 지급하였고, 00, 00은 나머지 범죄수익금 중 사무실 및 숙소 임대료, 데이터베이스 구입자금, 식비를 비롯한 사무실 운영비용을 공제한 금원을 각자 나누어 가졌다.",
            "피고인은 2017. 3.경 0000에 있는 0에서 00으로부터 '중국에 와서 일을 하면 큰 돈을 벌 수 있게 해주겠다'는 취지의 제안을 받고 이를 승낙하였다",
            "이에 피고인은 2017. 3. 25. 0000로 출국하여 00이 운영하는 0000 소재 보이스피싱 사무실에서 00, 00, 위 조선족 중국인 남성의 지시에 따라 보이스피싱 대본을 외우기 시작함으로써 보이스피싱 범행을 위한 준비작업을 하였다.",
            "이후 피고인은 2017. 4. 말경부터 00이 운영하고 김재원이 관리하는 0000 소재 보이스피싱 사무실 및 숙소에 상주하면서 대한민국 거주자들에게 전화를 하여 금원을 편취하는 '상담원' 역할을 수행하기 시작함으로써 이 사건 범죄단체에 가입하였다.",
            "그 무렵부터 2017. 6. 3.경까지 사이에 보이스피싱 사기 범행에 가담하여 아래 표 기재와 같이 총 2명의 피해자들을 기망하여 이에 속은 피해자들로부터 합계 2,050만 원을 송금받음으로써 이 사건 범죄단체에서 활동하였다.",
            "피고인은 위 1항 기재와 같이 2017. 4. 말경부터 2017. 6. 3.경까지 사이에 00이 '총책', 00이 '관리자'로서 운영하는 0000 소재 보이스피싱 조직에 가입하여 활동하면서, 00, 00, 00, 00, 00, 00, 00, 00 등 다른 조직원들과 함께 000의 직원을 사칭하면서 보이스피싱 범행을 하기로 순차 공모하였다."
        ]
    },
    "dcss": {
        "courtDcss": [
            "피고인이 범행 모두 인정하고 있고 수사에 협조한 사정이 있다. ",
            "이 사건 범행에 계속 가담하게 된 것은 위 범죄단체의 총책 등의 강요나 압력이 상당한 원인이었던 것으로 보인다. ",
            "사기 범행 및 상해 범행의 피해자들과 모두 합의하여 피해자들이 피고인의 처벌을 원하지 아니한다.",
            "피고인이 보이스피싱 수법으로 불특정 다수인을 범행대상으로 삼아 계획적,조직적으로 이루어지는 보이스피싱 사기 범행조직에 가입하고, 전화상담원으로서 피해자들로부터 금원을 편취하는 역할을 담당하여 그 죄책이 가볍지 아니하다. ",
            "보이스피싱 범행은 조직적,계획적,지능적으로 실행되어 불특정 다수의 피해자들에게 심각한 손해를 입힐 뿐만 아니라 그 피해회복이 쉽지 않고, 이로 인한 사회적 폐해가 매우 심각하다는 점에서 비록 피고인이 주도하여 범죄단체를 조직하지 않았다거나 개인적으로 취득한 이익이 전체 편취금액에 비하여 크지 않다고 하더라도 피고인을 엄벌할 필요성이 있다.",
            "그 외에도 피고인은 출장마사지 영업을 하면서 자신의 영업에 방해가 된다는 이유로 경쟁업자에게 폭력을 행사하여 중한 상해를 입게 하였다. ",
            "피고인은 동종의 범행(사기, 상해 등)으로 여러 차례 처벌받은 전력이 있을 뿐만 아니라, 누범기간 중에 재범하였다.",
            "피고인이 범행을 모두 인정하고 있다. ",
            "피해자가 피고인의 처벌을 원하지 아니한다.",
            "범행방법과 내용에 비추어 죄질이 좋지 않고, 피해자가 입은 상해의 정도가 중하다. ",
            "누범 기간 중의 범행으로 비난가능성이 높다.",
            "위와 같이 피고인들에게 유, 불리한 정상들과 그밖에 피고인들의 나이, 성행, 범행의 동기와 경위, 수단과 결과, 범행 후의 정황 등 이 사건 변론과 기록에 나타난 양형조건을 종합하여 주문과 같이 형을 정한다."
        ]
    },
    "close": {
        "cnclsns": [
            "피고인을 징역 2년 6개월에 처한다.",
            "피고인을 징역 10개월에 처한다."
        ]
    }
}