{
    "info": {
        "caseField": "2",
        "detailField": "6",
        "trailField": "1",
        "caseNm": "아동,청소년의성보호에관한법률위반(성매수등) 일부 인정된 죄명 성매매알선등행위의처벌에관한법률위반(성매매) , 사기, 성매매알선등행위의처벌에관한법률위반(성매매)",
        "courtNm": "서울중앙지방법원",
        "judmnAdjuDe": "2017. 09. 28.",
        "caseNo": "2017고합660",
        "relateLaword": [
            "아동,청소년의 성보호에 관한 법률 제13조",
            "성매매 알선 등 행위의 처벌에 관한 법률 제21조",
            "형법 제347조",
            "형법 제37조",
            "형법 제38조",
            "형법 제50조",
            "형법 제62조",
            "형법 제62조의2",
            "성폭력범죄의처벌 등에 관한 특례법 제42조",
            "성폭력범죄의처벌 등에 관한 특례법 제43조",
            "성폭력범죄의처벌 등에 관한 특례법 제45조"
        ],
        "qotatPrcdnt": []
    },
    "concerned": {
        "acusr": "4",
        "dedat": "1"
    },
    "org": {
        "orgJdgmnCourtNm": "",
        "orgJdgmnAdjuDe": "",
        "orgJdgmnCaseNo": ""
    },
    "disposal": {
        "disposalform": "6",
        "disposalcontent": [
            "피고인을 징역 1년에 처한다.",
            "이 판결 확정일로부터 2년간 위 형의 집행을 유예한다.",
            "피고인에게 보호관찰을 받을 것을 명한다.",
            "피고인에 대하여 80시간의 성매매 방지강의 수강 및 120시간의 사회봉사를 각 명한다."
        ]
    },
    "mentionedItems": {
        "rqestObjet": [
            "피고인은 청소년에게 대가 제공을 약속하고 성교행위를 하여 청소년의 성을 사는 행위를 하였다.",
            "피고인은 피해자들을 기망하여 이에 속은 피해자와 성교행위를 하고 성교행위 대가의 지급을 면함으로써 동액 상당의 재산상 이익을 취득하였다.",
            "피고인은 총 5회에 걸쳐 현금을 지불하고 성매매를 하였다."
        ]
    },
    "assrs": {
        "acusrAssrs": [
            "피고인은 청소년에게 대가 제공을 약속하고 성교행위를 하여 청소년의 성을 사는 행위를 하였다.",
            "피고인은 위와 같이 피해자를 기망하여 이에 속은 피해자와 1회 성교행위를 하고 약 100만 원 상당의 성교행위 대가의 지급을 면함으로써 동액 상당의 재산상 이익을 취득하였다."
        ],
        "dedatAssrs": []
    },
    "facts": {
        "bsisFacts": [
            "피고인은 2017.6.4.12:00 0000에 있는 D모텔에서, 위 E 을 통하여 알게 된 청소년 F(여, 17세)에게 월 5회 성관계를 하면 400만 원을 주기로 약속하고 위 F와 1회 성교행위를 하였다.",
            "피고인은 2017.3.말경 0000 H에 있는 상호불상의 모텔에서 피해자 G에게 나와 월 6회 성관계를 하면 600만 원을 주겠다.고 말하였다.",
            "그러나 사실 피고인은 600만 원을 한꺼번에 주겠다는 핑계로 피해자와 성관계를 하고도 즉시 성매매 대금을 지불하지 않을 생각이었고, 또한 피해자에게 약속한 600만 원을 받고 싶으면 두 번째 성관계부터는 입에 사정을 하겠다거나 피고인이 연락하면 곧바로 와야 한다는 등의 받아들이기 어려운 조건을 내걸어 피해자 스스로 계약 이행을 포기하게 할 생각이었다.",
            "피고인은 2017.3.중순경 0000에 있는 상호 불상의 모텔에서, 위 E을 통해 만난 위 G에게 현금 20만원을 지불하고 1회 성교행위를 한 것을 비롯하여 그 때부터 2017.6.14.경까지 사이에 범죄일람표 기재와 같이 총 5회에 걸쳐 위와 같은 방법으로 성매매를 하였다."
        ]
    },
    "dcss": {
        "courtDcss": [
            "[범죄사실에 대한 해당법조 및 형의 선택] ",
            "아동·청소년의 성보호에 관한 법률 제13조 제1항(아동·청소년 성매수의 점, 징역형 선택), 각 성매매 알선 등 행위의 처벌에 관한 법률 제21조 제1항(성인 성매수의 점, 징역형 선택), 각 형법 제347조 제1항(사기의 점, 징역형 선택)",
            "피고인은 청소년을 포함한 여성들과 성매매를 하고 피해자들을 기망하여 성매매 대가를 면탈하였는데, 피고인이 저지른 청소년 대상 성매수 범죄는 보호의 대상인 청소년을 성적 쾌락의 도구로 삼는 것으로 그 비난가능성이 크다.",
            "아직 성에 대한 인식이 올바르게 형성되어 있지 않고 판단능력도 미약한 해당 청소년의 인권을 침해하므로 그 죄질이 무거운 점, 피고인은 2017.1.20.서울서부지방법원에서 사기죄로 벌금형을 받은 전력이 있음에도 다시 이 사건 각 사기 범행을 저지른 점, 이 사건 각 사기 피해자들이 피고인의 처벌을 원하고 있는 점을 고려하면 피고인의 죄질에 상응하는 엄중한 처벌이 필요하다.",
            "피고인이 자신의 범행을 모두 인정하며 반성하는 것으로 보이는 점, 편취금액이 그리 크지 않은 점, 피고인의 나이가 어린 편인 점, 그밖에 피고인의 성행, 환경, 범행동기, 수단과 결과, 범행 후 정황 등 제반 양형조건을 종합하여 주문과 같이 형을 정한다."
        ]
    },
    "close": {
        "cnclsns": [
            "피고인을 징역 1년에 처한다.",
            "다만, 이 판결 확정일부터 2년간 위 형의 집행을 유예한다.",
            "피고인에게 보호관찰을 받을 것을 명한다.",
            "피고인에 대하여 80시간의 성매매 방지강의 수강 및 120시간의 사회봉사를 각 명한다."
        ]
    }
}