{
    "info": {
        "caseField": "2",
        "detailField": "6",
        "trailField": "1",
        "caseNm": "특수중상해",
        "courtNm": "서울중앙지방법원",
        "judmnAdjuDe": "2018. 12. 27.",
        "caseNo": "2018고합1069",
        "relateLaword": [
            "형법 제258조2",
            "형법 제258조"
        ],
        "qotatPrcdnt": []
    },
    "concerned": {
        "acusr": "4",
        "dedat": "1"
    },
    "org": {
        "orgJdgmnCourtNm": "",
        "orgJdgmnAdjuDe": "",
        "orgJdgmnCaseNo": ""
    },
    "disposal": {
        "disposalform": "6",
        "disposalcontent": [
            "피고인을 징역 3년 6월에 처한다."
        ]
    },
    "mentionedItems": {
        "rqestObjet": [
            "피고인은 위험한 물건을 휴대하여 피해자의 신체를 상해하여 생명에 대한 위험을 발생하게 하였다."
        ]
    },
    "assrs": {
        "acusrAssrs": [],
        "dedatAssrs": [
            "피고인은 이 사건 범행 당시 술에 취하여 기억이 없다고 진술하여 심신이 미약한 상태에 있었다는 취지로 주장한다."
        ]
    },
    "facts": {
        "bsisFacts": [
            "피고인은 2018. 10. 24. 17. 30경 0000에 있는 '0'에서 피해자 D(63세)과 말다툼을 하던 중 화가 나 그곳에 있던 위험한 물건인 소주병을 들어 피해자의 얼굴 부분을 가격하고, 바닥에 쓰러진 피해자의 머리를 발로 수회 밟아 피해자에게 경막하 출혈, 지주막하 출혈 등으로 인한 의식불명 상태에 이르게 하였다.",
            "이로써 피고인은 위험한 물건을 휴대하여 피해자의 신체를 상해하여 생명에 대한 위험을 발생하게 하였다."
        ]
    },
    "dcss": {
        "courtDcss": [
            "위 각 증거들에 의하여 인정되는 아래 각 사정들, 즉 피고인이 수사기관에서 이 사건 범행 직전까지의 과정을 비교적 상세히 진술하고 있는 점, 이 사건 범행 직후 목격자들도 피고인이 약간 술에 취하여 흥분한 상태였다는 정도로 진술하고 있는 점 등에 비추어 보면 피고인이 이 사건 범행 당시 사물을 변별하거나 의사를 결정할 능력이 미약한 상태에 있었다고 보이지 아니하므로, 위 주장은 받아들이지 않는다.",
            "피고인이 이 사건 범행 자체는 인정하고 있는 점, 이 사건 범행이 계획적으로 이루어진 것으로는 보이지 않는 점, 피고인의 건강상태가 좋지 않은 점 등은 피고인에게 유리한 정상이다.",
            "그러나 이 사건 범행은 위험한 물건인 소주병으로 얼굴을 때리고, 경우에 따라 치명적인 위험을 일으킬 수 있는 머리 부분을 집중적으로 발로 밟아 피해자를 의식불명 상태에 이르게 한 사안으로 그 범행 수단 및 결과에 비추어 비난의 여지가 크다.",
            "이 사건 피해의 정도가 매우 중함에도 그 회복을 위하여 노력한 정상을 엿볼 수 없다.",
            "피고인은 상해, 폭행 등의 폭력범죄로 징역형을 선고받은 것을 비롯하여 십 수 차례 처벌받은 전력이 있고, 특히 2017. 1. 18. 수원지방법원 안양지원에서 상해죄 등으로 징역 8월에 집행유예 2년을 선고받고 집행유예 기간 중임에도 다시 이 사건 범행을 저질렀다.",
            "위와 같은 사정들과 피고인의 연령, 성행, 환경, 직업 및 경력, 가족관계, 범행 동기 및 내용, 범행 후의 정황 등 제반 양형조건들을 종합적으로 고려하여, 주문과 같이 형을 정한다."
        ]
    },
    "close": {
        "cnclsns": [
            "피고인을 징역 3년 6월에 처한다."
        ]
    }
}