{
    "info": {
        "caseField": "2",
        "detailField": "6",
        "trailField": "1",
        "caseNm": "폭력행위등처벌에관한법률위반(집단,흉기등상해)",
        "courtNm": "청주지방법원",
        "judmnAdjuDe": "2013. 08. 28.",
        "caseNo": "2013고단623",
        "relateLaword": [
            "폭력행위 등 처벌에 관한 법률 제3조",
            "폭력행위 등 처벌에 관한 법률 제2조",
            "형법 제257조",
            "형법 제53조",
            "형법 제55조"
        ],
        "qotatPrcdnt": []
    },
    "concerned": {
        "acusr": "4",
        "dedat": "1"
    },
    "org": {
        "orgJdgmnCourtNm": "",
        "orgJdgmnAdjuDe": "",
        "orgJdgmnCaseNo": ""
    },
    "disposal": {
        "disposalform": "6",
        "disposalcontent": [
            "피고인을 징역 1년 6월에 처한다."
        ]
    },
    "mentionedItems": {
        "rqestObjet": [
            "피고인을 징역 1년 6월에 처한다."
        ]
    },
    "assrs": {
        "acusrAssrs": [],
        "dedatAssrs": []
    },
    "facts": {
        "bsisFacts": [
            "피고인은 2013.2.21.04:00경 0000에 있는 0000에서, 함께 투숙한 피해자 E(여, 69세)가 피고인의 얼굴을 손으로 툭툭 치며 깨우자 화가 나, 주먹으로 피해자의 얼굴 부위를 10회 가량 때리고, 위험한 물건인 나무로 만들어진 상자 뚜껑을 집어 들고 피해자의 머리부위를 10회 가량 때려 피해자에게 약 14일 동안의 치료가 필요한 두피의 열린 상처 등의 상해를 가하였다.",
            "피고인은 2011.9.1.인천지방법원에서 폭력행위 등 처벌에 관한 법률 위반(집단·흉기 등 상해)죄로 징역 2년을 선고받고 2012.12.24. 홍성교도소 서산지소에서 가석방되어 2013.3.15. 가석방기간을 경과한 이외에 동종전과가 16회 더 있다."
        ]
    },
    "dcss": {
        "courtDcss": [
            "피고인이 범행 자백하고 있는 점 등 유리한 정상과 피해자와 합의되지 아니한 점, 동종 범행으로 수회 처벌받은 전력이 있고, 동종 범행으로 인한 가석방 기간 중 이 사건 범행을 저지른 점 등 불리한 정상 및 기타 피고인의 나이, 성행, 환경, 범행의 경위, 범행 후의 정황 등 제반 양형요소를 참작하여 형을 정한다."
        ]
    },
    "close": {
        "cnclsns": [
            "폭력행위 등 처벌에 관한 법률 제3조 제1항, 제2조 제1항 제3호, 형법 제257조 제1항(흉기휴대 상해의 점)에 따라 피고인을 징역 1년 6월에 처한다."
        ]
    }
}