{
    "info": {
        "caseField": "2",
        "detailField": "6",
        "trailField": "1",
        "caseNm": "의료법위반, 사기",
        "courtNm": "수원지방법원",
        "judmnAdjuDe": "2016. 04. 06.",
        "caseNo": "2015고단642,4327(병합)",
        "relateLaword": [
            "형법 제347조",
            "의료법 제87조",
            "의료법 제33조",
            "형법 제37조",
            "형법 제38조",
            "형법 제50조",
            "형법 제70조",
            "형법 제69조",
            "형사소송법 제334조"
        ],
        "qotatPrcdnt": []
    },
    "concerned": {
        "acusr": "4",
        "dedat": "1"
    },
    "org": {
        "orgJdgmnCourtNm": "",
        "orgJdgmnAdjuDe": "",
        "orgJdgmnCaseNo": ""
    },
    "disposal": {
        "disposalform": "6",
        "disposalcontent": [
            "피고인 1 을 징역 1년에, 피고인 2 를 벌금 200만 원에 각 처한다. ",
            "피고인 2가 위 벌금을 납입하지 아니하는 경우 10만 원을 1일로 환산한 기간 피고인 2 를 노역장에 유치한다. ",
            "피고인 2 에 대하여 위 벌금 상당액의 가납을 명한다. "
        ]
    },
    "mentionedItems": {
        "rqestObjet": [
            "피고인 1 을 징역 1년에, 피고인 2 를 벌금 200만 원에 각 처한다. "
        ]
    },
    "assrs": {
        "acusrAssrs": [],
        "dedatAssrs": []
    },
    "facts": {
        "bsisFacts": [
            "피고인 1은 0000 (주소 1 생략)에 있는 000의 행정원장으로 근무하는 사람이다.",
            "피고인 1은 피해자 공소외 6에게 \"0000 (주소 3 생략)에 있는 00000이라는 건물에 000을 개설할 예정인데 보증금 100,000,000원을 주면 병원 식당을 독점적으로 운영하게 해주겠다, 매월 7,000,000원 상당의 수익금이 발생할 것이다, 위 보증금 반환을 담보하기 위하여 0000 (주소 4 생략)에 있는 내 토지(이하, '원주시 토지'라 한다)에 근저당권 설정등기를 해 주겠다\" 는 취지로 거짓말 하였다.",
            "그러나 사실 피고인 1은 의사 자격을 소지하고 있지 않으므로 의료법인 설립을 통해서만 병원 운영에 관여할 수 있었는데, 피고인 1은 보건 당국에 법인 설립 등을 신청한 사실이 없었으며, 공소외 11과 동업하여 위 병원을 운영하기로 약정하였으므로 피고인 1이 단독으로 피해자에게 식당운영권을 줄 권한이 없었다.",
            "별다른 재산이 없었고 운영하던 000의 채산성 또한 좋지 않은 상태였고, 피해자 공소외 6에게 0000 토지에 대한 근저당권을 설정해 주는 것을 회피하였을 뿐만 아니라, 설령 위 토지에 대한 근저당권이 설정되었다고 하더라고 위 토지에 대한 2014년 공시지가 합계액은 약 21,600,000원으로 보증금 100,000,000원에 턱없이 모자란 상황이었다.",
            "피해자 공소외 6으로부터 보증금 명목으로 100,000,000원을 받더라도 피해자 공소외 6에게 병원 식당운영권을 주거나, 운영권을 주지 못할 경우 위 보증금을 반환할 의사나 능력이 없었다.",
            "피고인 1은 위와 같이 피해자 공소외 6을 기망하여 이에 속은 피해자 공소외 6으로부터 같은 날 50,000,000원을, 2014.3.10.경 50,000,000원을 피고인 1이 사용하는 공소외 4 명의의 000 계좌(계좌번호 생략)로 각각 송금 받는 방법으로 피해자 공소외 6으로부터 합계 100,000,000원을 교부받았다.",
            "의료인은 어떠한 명목으로도 둘 이상의 의료기관을 개설, 운영할 수 없다.",
            "그럼에도 피고인 2는 2013.8.5.경부터 0000 (주소 2 생략)에서 피고인 2명의로 000을 운영하던 중 2013.9.4.경부터 2013.12.4.경까지 공소외 4에게 명의대여의 대가로 월 5,000,000원씩을 지급하고 공소외 4의 명의를 빌려 0000 (주소 1 생략)에 있는 000(변경 후 명칭 : 000)을 개설하여 운영함으로써 의료기관을 중복하여 개설, 운영하였다.",
            "누구든지 의사 등(의사, 한의사, 치과의사, 조산사, 국가, 지방자치단체, 의료법인, 민법·특별법상 비영리법인, 준정부기관을 뜻한다)이 아니면 의료기관을 개설할 수 없다.",
            "그럼에도 피고인 1은 2013.12.5.경부터 2014.6.17.경까지 사이에 피고인 2로부터 그가 2013.9.4.공소외 4의 명의를 빌려 개설한 위 000의 시설 및 인력을 인수하였다.",
            "계속하여 공소외 4에게 명의대여의 대가로 월 5,000,000원씩을 지급하기로 하고 공소외 4의 명의로 개설된 위 병원의 의사, 간호사 등의 인력을 고용, 관리하고 수입을 관리하며, 의사 공소외 2, 공소외 8, 공소외 9와 한의사 공소외 10으로 하여금 의료행위를 하게 하는 방법으로 의사 등이 아님에도 의료기관을 개설, 운영하였다.",
            "의료법에 위반하여 의료기관의 개설자가 될 수 없는 자가 의사 등을 고용하여 의료행위를 하게 한 경우에는 국민건강보험법상 요양급여비용 등을 지급받을 수 없다.",
            "그럼에도 피고인 1은 2013.12.5.경부터 2014.6.17.경까지 전항과 같이 의사인 공소외 4의 위 000을 개설하여 운영하면서 의사 공소외 2, 공소외 8, 공소외 9와 한의사 공소외 10으로 하여금 환자를 진료하게 한 후 피해자 국민건강보험공단에 요양급여비 등을 청구하였다.",
            "피고인 1은 이와 같이 피해자 국민건강보험공단을 기망하여 이에 속은 피해자 국민건강보험공단으로부터 별지 범죄일람표 기재와 같이 총 43회에 걸쳐 요양급여비 등 명목으로 합계 169,526,760원을 지급받아 편취하였다."
        ]
    },
    "dcss": {
        "courtDcss": [
            "피고인 1은 범죄사실 제1항 기재와 같이 피해자 공소외 6으로부터 보증금 명목으로 100,000,000원을 받더라도 피해자 공소외 6에게 병원 식당운영권을 주거나, 운영권을 주지 못할 경우 그 보증금을 반환할 의사나 능력이 없으면서, 피해자 공소외 6을 기망하여 식당 운영 보증금 명목으로 100,000,000원을 편취하였다고 인정되고, 피고인 1에게는 미필적으로나마 편취의 범의도 있었다고 판단된다.",
            "피고인 2는 2013.9.4.경부터 2013.12.4.경까지 000을 실질적으로 운영하여 범죄사실 제2의 가항 기재와 같이 의료기관을 중복 개설, 운영하였다고 인정된다.",
            "피고인 1은 범죄사실 제2의 나항 각 기재와 같이 2013.12.5.경부터 2014.6.17.경까지 의사 등이 아님에도 의료기관을 개설하였고, 피해자 국민건강보험공단을 기망하여 요양급여비 등을 지급받아 편취하였다고 인정된다.",
            "피고인 1의 편취금액이 다액인 점, 피고인 1의 의료법위반 범행은 건전한 의료질서를 확립하고 국민 건강을 보호하기 위하여 엄격한 자격요건을 갖춘 의사나 법인 등에만 의료기관 개설을 허용하는 의료법 규정 등을 잠탈하는 것이어서 처벌의 필요성이 높은 점, 피고인 1은 이 사건 의료법위반 범행과 유사한 범행으로 집행유예 판결을 선고받은 전력이 있는 점 등을 고려하여 피고인 1에 대하여는 징역형의 실형을 선고한다.",
            "피고인 1이 피해자 공소외 6에 대하여는 확정적 고의를 가지고 범행하였다고 보이지 않고, 피해자 공소외 6에게 전액 피해회복한 점, 피고인 1이 운영한 병원에서 의료행위는 실제 의료인이 담당하였던 것으로 보이고, 범죄사실 제2의 나항의 기간에는 적자 상태로 병원을 운영하여 피고인 1이 위 기간 동안 범행으로 실제 취득한 이익은 많지 않은 것으로 보이는 점 등 및 피고인 1의 연령, 성행 환경, 범행경위 등 제반 양형조건을 참작하여 형을 정한다.",
            "피고인 2는 의료기관 중복 개설, 운영 기간이 비교적 길지 않은 점, 000의 자금관리를 맡아 운영하게 된 경위, 벌금형 초과 전과는 없는 점 등 참작하여 벌금형을 선택하여 주문과 같이 형을 정한다."
        ]
    },
    "close": {
        "cnclsns": [
            "피고인 1을 징역 1년에, 피고인 2를 벌금 200만 원에 각 처한다.",
            "피고인 2가 위 벌금을 납입하지 아니하는 경우 10만 원을 1일로 환산한 기간 피고인 2를 노역장에 유치한다.",
            "피고인 2에 대하여 위 벌금 상당액의 가납을 명한다."
        ]
    }
}