{
    "info": {
        "caseField": "2",
        "detailField": "6",
        "trailField": "1",
        "caseNm": "사기, 사문서위조, 위조사문서행사, 점유이탈물횡령",
        "courtNm": "대전지방법원",
        "judmnAdjuDe": "2018. 12. 21.",
        "caseNo": "2018고정1074",
        "relateLaword": [
            "형법 제231조",
            "형법 제30조",
            "형법 제234조",
            "형법 제347조",
            "형법 제360조",
            "형법 제37조",
            "형법 제39조",
            "형법 제38조",
            "형법 제50조",
            "형법 제70조",
            "형법 제69조",
            "형사소송법 제334조"
        ],
        "qotatPrcdnt": []
    },
    "concerned": {
        "acusr": "4",
        "dedat": "1"
    },
    "org": {
        "orgJdgmnCourtNm": "",
        "orgJdgmnAdjuDe": "",
        "orgJdgmnCaseNo": ""
    },
    "disposal": {
        "disposalform": "9",
        "disposalcontent": [
            "피고인을 벌금 4,000,000원에 처한다.",
            "피고인이 위 벌금을 납입하지 아니하는 경우 100,000원을 1일로 환산한 기간 피고인을 노역장에 유치한다.",
            "위 벌금에 상당한 금액의 가납을 명한다."
        ]
    },
    "mentionedItems": {
        "rqestObjet": [
            "피고인을 벌금 4,000,000원에 처한다.",
            "피고인이 위 벌금을 납입하지 아니하는 경우 100,000원을 1일로 환산한 기간 피고인을 노역장에 유치한다."
        ]
    },
    "assrs": {
        "acusrAssrs": [],
        "dedatAssrs": []
    },
    "facts": {
        "bsisFacts": [
            "피고인은 2018.7.19.청주지방법원에서 교통사고처리 특례법 위반(치상)죄 등으로 징역 10월을 선고받고, 그 판결이 2018.11.17.확정되었다.",
            "피고인 및 C은 타인의 신분증을 이용하여 휴대폰가입신청서를 위조, 행사하여 휴대폰을 편취하기로 모의하였다.",
            "피고인 및 C은 2016.5.10.0000에 있는 E 운영의 'F'에 함께 찾아가 피고인은 그곳에 비치되어 있는 000 가입신청서에 검정색 필기구를 이용하여 가입자 란에 'G', 생년월일 란에 'H', 고객주소 란에 '0000'라고 기재한 뒤 신청인 란에 'G'이라 기입하고 그 옆에 G의 서명을 하였다.",
            "이로써 피고인 및 C은 공모하여 행사할 목적으로 권리의무에 관한 사문서인 G 명의로 된 휴대폰 가입신청서(J)1장을 위조하였다.",
            "피고인 및 C은 공모하여 제1항 기재 일시, 장소에서 그 위조 사실을 모르는 위 E에게 위와 같이 위조하여 작성한 휴대폰 가입신청서를 마치 진정하게 성립한 문서인 것처럼 교부하여 이를 행사하였다.",
            "피고인 및 C은 공모하여 제1항 기재 일시, 장소에서 피고인이 위와 같이 휴대폰 가입신청서를 작성한 후, 피해자 E에게 불상의 방법으로 취득한 G의 주민등록증을 제시하여 마치 자신이 G인 것처럼 행세하며 피해자를 기망하였다.",
            "피고인 및 C은 이에 속은 피해자로부터 즉석에서 피해자 소유인 시가 968,000원 상당인 0 휴대전화 1대를 교부받아 편취하였다.",
            "피고인은 2016.6.14.경 0000에 있는 000 부근 길에서 피해자 K이 분실한 그 명의의 자동차운전면허증을 습득하고도 이를 피해자에게 반환하는 등 필요한 조치를 취하지 아니하고 자신이 가질 생각으로 가져가 횡령하였다."
        ]
    },
    "dcss": {
        "courtDcss": [
            "피고인이 범행을 인정하고는 있으나 이 법정에서의 태도에 비추어 반성하고 있는 것으로 보이지 않는 점, 사기범행의 피해자가 피고인의 처벌을 원하고 있고, 피고인이 피해회복을 위하여 별다른 노력을 하지 않은 것으로 보이는 점, 피고인의 범죄전력 등을 불리한 정상으로 참작한다.",
            "판결이 확정된 교통사고처리특례법위반(치상)죄 등과 이 사건 각 범행이 형법 제37조 후단 경합범의 관계에 있어 이 죄들을 동시에 판결할 경우와 형평, 그밖에 피고인의 환경, 범행의 동기, 수단과 결과, 범행 후 정황 등 이 사건 변론에 나타난 여러 양형요소들을 종합적으로 고려하여 주문과 같이 형을 정한다."
        ]
    },
    "close": {
        "cnclsns": [
            "피고인을 벌금 4,000,000원에 처한다.",
            "피고인이 위 벌금을 납입하지 아니하는 경우 100,000원을 1일로 환산한 기간 피고인을노역장에 유치한다.",
            "위 벌금에 상당한 금액의 가납을 명한다."
        ]
    }
}