{
    "info": {
        "caseField": "2",
        "detailField": "6",
        "trailField": "1",
        "caseNm": "상해, 폭행",
        "courtNm": "부산지방법원",
        "judmnAdjuDe": "2018. 01. 08.",
        "caseNo": "2017고단1539",
        "relateLaword": [
            "형법 제257조",
            "형법 제62조",
            "형법 제260조",
            "형사소송법 제327조",
            "형법 제62조의2"
        ],
        "qotatPrcdnt": []
    },
    "concerned": {
        "acusr": "4",
        "dedat": "1"
    },
    "org": {
        "orgJdgmnCourtNm": "",
        "orgJdgmnAdjuDe": "",
        "orgJdgmnCaseNo": ""
    },
    "disposal": {
        "disposalform": "8",
        "disposalcontent": [
            "피고인을 징역 6월에 처한다.",
            "다만, 이 판결 확정일부터 3년간 위 형의 집행을 유예한다.",
            "피고인에 대하여 1년간 보호관찰을 받을 것과 120시간의 사회봉사를 명한다.",
            "이 사건 공소사실 중 폭행의 점에 관한 공소를 기각한다."
        ]
    },
    "mentionedItems": {
        "rqestObjet": [
            "피고인을 징역 6월에 처한다.",
            "다만, 이 판결 확정일부터 3년간 위 형의 집행을 유예한다.",
            "피고인에 대하여 1년간 보호관찰을 받을 것과 120시간의 사회봉사를 명한다."
        ]
    },
    "assrs": {
        "acusrAssrs": [
            "피고인은 2017. 4. 8. 01:28경 0000에 있는 G 고객서비스센터에서, 공익근무요원인 피해자 H(23세)에게 자신의 잃어버린 휴대폰을 찾아달라고 요청하였으나 업무시간이 종료되어 도와줄 수 없다는 대답을 듣자 화가 나 손으로 피해자를 밀고, 오른손으로 피해자의 왼쪽 뺨 부위를 1회 때리며, 양손으로 피해자의 멱살을 잡는 등 피해자를 폭행하였다."
        ],
        "dedatAssrs": []
    },
    "facts": {
        "bsisFacts": [
            "피고인은 2016. 12. 6. 02:20경 0000에 있는 'D ' 음식점에서 식당 종업원들과 말다툼을 벌이다 피해자 E(23세)이 이를 말리자 피해자에게 \"니는 뭔데? 내가 누군지 아나? 한판 붙자!\" 라고 말하며 주먹으로 피해자의 우측 턱부위를 치고, 손으로 피해자의 목을 잡고, 이어 발로 피해자의 우측 다리 부위를 걷어차 피해자에게 치료일수를 알 수 없는 목 부위 찰과상을 가하였다."
        ]
    },
    "dcss": {
        "courtDcss": [
            "피고인은 2015. 6. 3. 부산지방법원에서 공무집행방해죄 등으로 징역 8월, 집행유예 2년을 선고받고 2015. 6. 11. 그 판결이 확정되어 집행유예 기간에 있으면서 자숙하지 아니하고 판시 범행을 저지른 점, 그밖에 징역형의 집행유예를 포함하여 10차례가량 폭력 행위로 처벌받은 전력이 있는 점, 피해회복이 제대로 되지 않은 점 등은 불리한 정상으로 고려한다.",
            "피해자와 합의한 점, 상해의 정도가 중하지 않은 점을 고려하여 징역형의 집행을 유예하고, 다만, 재범의 위험이 높아 집행유예 기간을 장기로 정하고 아울러 보호관찰과 사회봉사를 병과한다.",
            "형법 제260조 제1항에 해당하는 죄로서 형법 제260조 제3항에 의하여 피해자의 명시한 의사에 반하여 공소를 제기할 수 없는 사건인바, 기록에 의하면 피해자는 이 사건 공소제기 후인 2018. 1. 3. 피고인에 대한 처벌을 희망하는 의사 표시를 철회한 사실이 인정되므로, 형사소송법 제327조 제6호에 의하여 이 사건 공소를 기각한다."
        ]
    },
    "close": {
        "cnclsns": [
            "피고인을 징역 6월에 처한다.",
            "다만, 이 판결 확정일부터 3년간 위 형의 집행을 유예한다.",
            "피고인에 대하여 1년간 보호관찰을 받을 것과 120시간의 사회봉사를 명한다.",
            "이 사건 공소사실 중 폭행의 점에 관한 공소를 기각한다."
        ]
    }
}