{
    "info": {
        "caseField": "2",
        "detailField": "6",
        "trailField": "1",
        "caseNm": "사기",
        "courtNm": "창원지방법원",
        "judmnAdjuDe": "2014. 01. 29.",
        "caseNo": "2013고단3494",
        "relateLaword": [
            "형법 제347조",
            "형법 제35조"
        ],
        "qotatPrcdnt": []
    },
    "concerned": {
        "acusr": "4",
        "dedat": "1"
    },
    "org": {
        "orgJdgmnCourtNm": "",
        "orgJdgmnAdjuDe": "",
        "orgJdgmnCaseNo": ""
    },
    "disposal": {
        "disposalform": "6",
        "disposalcontent": [
            "피고인을 징역 8월에 처한다."
        ]
    },
    "mentionedItems": {
        "rqestObjet": [
            "피고인을 징역 8월에 처한다."
        ]
    },
    "assrs": {
        "acusrAssrs": [],
        "dedatAssrs": []
    },
    "facts": {
        "bsisFacts": [
            "피고인은 2012. 6. 28. 울산지방법원에서 사기미수죄로 징역 3월을 선고받아 2012. 7. 2. 울산교도소에서 그 형의 집행을 종료한 사람이다.",
            "피고인은 2013. 11. 10. 10:30경 0000 1층 예식장 축의금 접수대에서 마치 축의금을 낸 하객인 것처럼 피해자 E에게 식권을 달라고 하여 이에 속은 피해자로부터 액면가 26,000원짜리 식권 6매를 교부받아 합계 156,000원 상당의 식권을 편취하였다."
        ]
    },
    "dcss": {
        "courtDcss": [
            "피고인이 범행을 시인하면서 반성하고 있고, 피해액이 경미하며, 피해자와 합의한 점 등은 피고인에게 유리한 정상이다.",
            "피고인은 결혼예식장 등을 무대로 한 전문적인 절도·사기범으로서, 동종의 범죄로 3차례나 실형을 선고받은 전력이 있음에도 또다시 같은 범행을 반복하였고, 범행이 계획적·지능적·조직적으로 이루어졌으며, 판시 전과의 누범기간 중에 또다시 이 사건 범행을 저질렀고, 재범의 위험성을 배제하기 어려운 점 등을 감안할 때 실혀 선고가 불가피하다."
        ]
    },
    "close": {
        "cnclsns": [
            "피고인을 징역 8월에 처한다."
        ]
    }
}