{
    "info": {
        "caseField": "2",
        "detailField": "6",
        "trailField": "1",
        "caseNm": "상습사기, 석유 및석유대체연료사업법위반",
        "courtNm": "서울중앙지방법원",
        "judmnAdjuDe": "2013. 05. 07.",
        "caseNo": "2013고단1138",
        "relateLaword": [
            "석유 및 석유대체연료 사업법 제44조",
            "석유 및 석유대체연료 사업법 제29조",
            "형법 제30조",
            "형법 제351조",
            "형법 제347조",
            "형법 제37조",
            "형법 제38조",
            "형법 제50조",
            "형법 제48조",
            "형법 제51조"
        ],
        "qotatPrcdnt": []
    },
    "concerned": {
        "acusr": "4",
        "dedat": "1"
    },
    "org": {
        "orgJdgmnCourtNm": "",
        "orgJdgmnAdjuDe": "",
        "orgJdgmnCaseNo": ""
    },
    "disposal": {
        "disposalform": "6",
        "disposalcontent": [
            "피고인을 징역 2년 6월에 처한다.",
            "압수된 증 제1 내지 11호를 몰수한다."
        ]
    },
    "mentionedItems": {
        "rqestObjet": [
            "피고인을 징역 2년 6월에 처한다.",
            "압수된 증 제1 내지 11호를 몰수한다."
        ]
    },
    "assrs": {
        "acusrAssrs": [],
        "dedatAssrs": []
    },
    "facts": {
        "bsisFacts": [
            "피고인은 0000 J에 있는 K 주유소(이하 'K주유소'라고 함)등 11개 주유소를 운영하는 사람이고, L은 피고인의 동생으로 피고인이 운영하는 주유소의 유류 구입, 매입,매출 등 관리 업무를 담당하고, M, N, O은 위 주유소의 유류운반차량을 운전하는 사람이다.",
            "피고인은 L, M, N, 0과 함께 2010.1.2.경 0000시 J에 있는 K주유소에서, P으로부터 구입하여 Q주유소 유류저장탱크에 보관해 둔 용제 600리터를 M이 운전하는 홈로리 차량에 담아 위 차량에 실려 있던 휘발유 2,400리터와 혼합하였다.",
            "그런 다음, 이를 위 K주유소의 주유기와 연결된 휘발유 저장탱크에 넣어 위 탱크에 저장되어 있던 휘발유 10,800리터와 혼합함으로써 가짜석유제품을 제조하여 그 무렵 위 K주유소를 찾은 불특정 다수의 손님들에게 가짜석유제품을 판매하였다.",
            "피고인은 L, M, N, O과 공모하여 2010.1.2.경부터 2012.6.7.경까지 위와 같이 홈로리 차량을 이용하여 혼합한 다음 이를 K주유소 주유용 저장탱크에 넣어 혼합하거나, Q주유소 유류저장탱크에 보관해 둔 용제를 N 또는 O이 운전하는 탱크로리 차량을 이용하여 K주유소로 옮겨와 휘발유 저장보조탱크에 넣은 다음 위 보조탱크에 휘발유를 넣어 휘발유와 용제를 94:6의 비율 이하로 혼합한 가짜석유제품 6,751,640리터를 제조하였다.",
            "그 무렵 위 K주유소를 찾은 불특정 다수의 손님들로부터 리터당 1,585원 내지 2,005원을 받고 휘발유에 용제가 혼합된 가짜석유제품 합계 11,913,917,000원 상당을 판매하였다.",
            "피고인은 L, M, N, 0과 함께 2010.1.1.경 위 K주유소에서, P으로부터 구입하여 Q주유소 유류저장탱크에 보관해 둔 용제 1,600리터를 탱크로리 차량에 실어 위 K주유소로 옮겨 K주유소의 주유기와 연결되어 있는 경유 저장탱크에 넣은 다음 위 탱크에 추가로 경유 20,000리터를 넣어 경유와 용제를 93:7의 비율 이하로 혼합한 가짜석유제품을 제조하고 그 무렵 위 K주유소를 찾은 불특정 다수의 손님들에게 가짜석유제품을 판매하였다.",
            "피고인은 이를 비롯하여 2010.1.1.경부터 2012.3.14.경까지 별지 범죄일람표(2)기재와 같이 위와 같은 방법으로 경유와 용제를 93:7의 비율로 혼합한 가짜석유제품 745,300리터를 제조하고, 그 무렵 위 K주유소를 찾은 불특정 다수의 손님들로부터 리터당 1,365원 내지 1,785원을 받고 경유에 용제가 혼합된 가짜석유제품 합계 1,141,799,600원 상당을 판매하였다.",
            "피고인은 2012.6.8.경 N이 Q주유소에 보관되어 있던 용제를 탱크로리 차량에 싣던 중 단속되어 용제를 혼합하는 방법으로 가짜석유제품을 제조, 판매하기 어렵게 되자 식별제를 제거한 등유를 경유에 혼합하는 방법으로 가짜석유제품을 제조·판매하기로 마음먹고, M에게 지시하여 R으로부터 등유 식별제를 제거하는 장치가 부착된 S홈로리 차량을 구입하였다.",
            "피고인은 L, M, N, O과 함께 2012.9.3.경 위 K주유소에서, M과 N이 위 홈로리 차량을 이용하여 식별제를 제거한 등유 24,000리터를 T 탱크로리 차량에 싣고 오면 위 차량 옆에 경유가 실린 탱크로리 차량을 세워놓고 두 차량 간에 호스를 연결하여 경유와 식별제가 제거된 등유를 85:15 비율로 혼합하는 방법으로 가짜석유제품 159,999리터를 제조하였다.",
            "피고인은 이를 비롯하여 2012.9.3.경부터 2013.2.6.경까지 별지 범죄일람표(3) 기재와 같이 위와 같은 방법으로 경유에 식별제를 제거한 등유를 혼합하여 가짜석유제품 4,853,304리터를 제조하고 그 무렵 탱크로리 차량을 이용하여 피고인이 운영하는 위 K주유소, 0000 U에 있는 V주유소, 0000 W에 있는 X주유소,",
            " 0000 Y에 있는 Z주유소, 0000 AA에 있는 AB주유소, 0000 AC에 있는 AD주유소 등 6개 주유소에 공급하여 위 각 주유소를 찾은 불특정 다수의 손님들로부터 합계 8,493,282,000원 상당을 받고 가짜석유제품을 판매하였다.",
            "피고인은 L, M, N, O과 함께 2010.1.2.경 0000 J에 있는 K주유소에서, 사실은 제1의 가항과 같이 휘발유에 용제를 혼합하여 제조한 가짜석유제품을 판매하면서도 위 주유소를 찾은 손님들에게 마치 정품 휘발유를 판매하는 것처럼 행세하면서 가짜 휘발유 6,665리터를 주유하였다.",
            "피고인은 이와 같이 성명불상의 피해자들을 기망하여 이에 속은 피해자들로부터 휘발유 주유대금 명목으로 합계 10,565,000원을 교부받았다.",
            "피고인은 이를 비롯하여 2010.1.1.경부터 2012.6.7.경까지 별지 범죄일람표(1), (2) 기재와 같이 사실은 제1항과 같은 방법으로 휘발유 또는 경유에 용제를 혼합하여 제조한 가짜석유제품을 판매하면서도 위 K주유소를 찾은 성명불상의 피해자들에게 마치 정품 휘발유 내지 경유를 판매하는 것처럼 기망하여 피해자들로부터 휘발유 또는 경유 주유대금 명목으로 합계 13,055,716,600원 상당을 교부받았다.",
            "이로써 피고인은 L, M, N, 0과 공모하여 상습으로 피해자들을 기망하여 합계 13,055,716,600원 상당을 교부받아 212,735,500원 상당의 이득을 취하였다."
        ]
    },
    "dcss": {
        "courtDcss": [
            "이 사건 범행은 석유 및 석유대체연료의 적정한 품질유지와 건전한 유통질서를 확보함으로써 소비자를 보호하고, 가짜석유제품으로 인하여 발생하는 유해한 배기가스 등으로부터 국민건강과 환경을 보호하고자 하는 석유 및 석유대체연료 사업법의 입법취지를 훼손시키고, 주유소에 대한 일반인들의 신뢰를 이용하여 불법적인 이익을 취한 것으로서 그 사회·경제적 폐해가 심각한 점을 인정한다.",
            "피고인이 제조·판매한 가짜 석유제품의 양이 막대하며, 그에 따른 피해금액도 적지 아니한 점, 피고인이 도중에 단속된 적이 있음에도 차량을 새로이 구입하여 계속하여 범행을 저지르는 등 죄질 또한 좋지 아니한 점을 인정한다.",
            "이 사건 범행과 같은 불법적인 영리를 얻을 목적으로 하는 범죄에 대하여는 그 근절을 위하여 엄정한 형벌적 대처가 필요한 점 등을 감안하면 피고인에게 실형 선고가 불가피하다.",
            "다만 피고인이 이 사건 범행을 시인하며 잘못을 뉘우치고 있는 점, 피고인에게 동종 및 집행유예 이상의 전과가 없는 점을 인정한다.",
            "피고인이 정상제품에 혼합한 용제 및 등유의 비율이 비교적 소량의 비율인 점, 그밖에 이 사건 범행에 이르게 된 경위, 피고인의 연령, 성행, 환경, 범행 후의 정황 등 형법 제51조에서 정한 양형의 조건을 두루 참작하여 형을 정한다."
        ]
    },
    "close": {
        "cnclsns": [
            "피고인을 징역 2년 6월에 처한다.",
            "압수된 증 제1 내지 11호를 몰수한다."
        ]
    }
}