{
    "info": {
        "caseField": "2",
        "detailField": "6",
        "trailField": "1",
        "caseNm": "장애인복지법위반",
        "courtNm": "창원지방법원",
        "judmnAdjuDe": "2017. 04. 12.",
        "caseNo": "2016고단3570",
        "relateLaword": [
            "장애인복지법 제86조",
            "장애인복지법 제59조의7",
            "형법 제37조",
            "형법 제38조",
            "형법 제50조",
            "형법 제62조"
        ],
        "qotatPrcdnt": []
    },
    "concerned": {
        "acusr": "4",
        "dedat": "1"
    },
    "org": {
        "orgJdgmnCourtNm": "",
        "orgJdgmnAdjuDe": "",
        "orgJdgmnCaseNo": ""
    },
    "disposal": {
        "disposalform": "6",
        "disposalcontent": [
            "피고인을 징역 4월에 처한다.",
            "이 판결 확정일로부터 2년간 위 형의 집행을 유예한다."
        ]
    },
    "mentionedItems": {
        "rqestObjet": [
            "피고인을 징역 4월에 처한다."
        ]
    },
    "assrs": {
        "acusrAssrs": [],
        "dedatAssrs": []
    },
    "facts": {
        "bsisFacts": [
            "피고인은 2013.2.말경부터 0000 E에 있는 장애아동 전문 국공립 어린이집인 F어린이집 의 보육교사로서 꽃별반 담임교사로 근무하던 사람이며, 누구든지 장애인의 신체에 폭행을 가하는 행위를 하여서는 아니 된다.",
            "피고인은 2015.10.21.12:45경 위 어린이집 꽃별반 교실에서, 꽃별반 소속의 지적장애 3급의 장애인인 피해자 G(4세)이 낮잠 시간에 누운 상태에서 잠을 자지 않고 습관적으로 입술을 깨무는 행동을 한다는 이유로, 엄지손가락과 검지손가락을 둥글게 말아 피해자의 입술을 1회 튕기고, 손바닥으로 피해자의 엉덩이를 1회 때려 장애인인 피해자를 폭행하였다.",
            "피고인은 2015.10.21.13:00경 위 어린이집 꽃별반 교실에서, 꽃별반 소속의 지적장애 2급의 장애인인 피해자 H(여, 5세)이 낮잠 시간에 잠을 자지 않는 다는 이유로, 손으로 피해자의 엉덩이를 1회 때려 장애인인 피해자를 폭행하였다."
        ]
    },
    "dcss": {
        "courtDcss": [
            "피고인이 초범으로서 자신의 잘못을 깊이 뉘우치고 반성하고 있는 점, 이 사건 각 범행에 이르게 된 동기와 경위에 다소 참작할 만한 사정이 있는 점 등은 피고인에게 유리한 정상이다.",
            "이 사건 각 범행은 장애아동 보육교사인 피고인이 의사표현조차 제대로 할 수 없는 피해자들을 상대로 저지른 것으로서 그 죄질이 상당히 무거운 점, 피고인이 현재까지도 피해자들(또는 그 가족들)과 원만히 합의하지 못한 점 등은 피고인에게 불리한 정상이다.",
            "그밖에 이 사건 범행 수단과 결과, 범행 후의 정황, 피고인의 연령, 성행, 지능과 환경 등 기록과 변론에 나타난 여러 가지 양형의 조건을 종합하여, 주문과 같은 형을 정하였다."
        ]
    },
    "close": {
        "cnclsns": [
            "피고인을 징역 4월에 처한다.",
            "이 판결 확정일로부터 2년간 위 형의 집행을 유예한다."
        ]
    }
}