{
    "info": {
        "caseField": "2",
        "detailField": "6",
        "trailField": "1",
        "caseNm": "상해",
        "courtNm": "인천지방법원",
        "judmnAdjuDe": "2018. 08. 31.",
        "caseNo": "2018고단5250",
        "relateLaword": [
            "형법 제257조",
            "형법 제62조"
        ],
        "qotatPrcdnt": []
    },
    "concerned": {
        "acusr": "4",
        "dedat": "1"
    },
    "org": {
        "orgJdgmnCourtNm": "",
        "orgJdgmnAdjuDe": "",
        "orgJdgmnCaseNo": ""
    },
    "disposal": {
        "disposalform": "8",
        "disposalcontent": [
            "피고인을 징역 4월에 처한다.",
            "다만, 이 판결 확정일부터 1년간 위 형의 집행을 유예한다."
        ]
    },
    "mentionedItems": {
        "rqestObjet": [
            "피고인을 징역 4월에 처한다."
        ]
    },
    "assrs": {
        "acusrAssrs": [],
        "dedatAssrs": []
    },
    "facts": {
        "bsisFacts": [
            "피고인은 2018. 6. 26. 09:09경 0000에 있는 'C' 내에서 피해자 D(40세)과 내기 당구 게임을 하다가 시비가 되자, 피해자의 얼굴을 주먹으로 수회 때리는 등 폭행하여 피해자에게 약 28일간의 치료를 요하는 치관파절 등의 상해를 가하였다."
        ]
    },
    "dcss": {
        "courtDcss": [
            "피고인의 범행은 술에 취하여 피해자와 내기 당구를 하던 중 시비가 붙어 주먹으로 피해자의 얼굴을 수회 때리는 등 상해를 가한 것으로, 범행의 경위와 태양에 비추어 죄질이 좋지 아니하다.",
            "피고인은 피해자의 얼굴을 주먹으로 직접 가격한 것으로 보이고, 피해자는 그 범행으로 인하여 치아가 파손되는 등 상해의 부위와 정도가 가볍지 아니하다.",
            "주취 중 폭력 행위의 근절을 위하여 이러한 범행은 엄하게 처벌하여야 할 사회적 필요성이 있다.",
            "피고인은 5회의 실형 전과를 포함하여 21회의 형사처벌을 받은 전력이 있고, 그 중 폭력 성향의 범죄로 인하여 처벌받은 전력도 7회에 이른다.",
            "그러나 피고인은 이 법정에서 범행을 인정하며 반성한다는 취지로 진술하고 있다. ",
            "피고인은 피해자와 원만히 합의하여 피해자가 더 이상 피고인에 대한 처벌을 원하지 않고 있다.",
            "피고인에게 다수의 처벌전력이 있으나, 최종 실형 전과는 1983년경의 것이고, 폭력 행위로 인하여 마지막으로 처벌받은 전력은 1997년경의 것으로 모두 비교적 오래 전의 전력에 해당한다.",
            "이 사건 범행은 피고인과 피해자 사이에 시비가 있던 중에 피해자가 먼저 욕설을 하여 발생하게 된 측면도 있어 보인다.",
            "피고인은 고혈압, 당뇨병 등으로 건강이 좋지 않다는 취지로 진술하고 있다.",
            "피고인의 지인들이 피고인에 대한 선처를 탄원하고 있다.",
            "피고인에게 폭력의 습벽이 있다고 보이지는 아니하고, 피고인은 향후 다시는 이러한 잘못을 하지 않겠다고 다짐하고 있다.",
            "그밖에 피고인의 연령, 성행, 환경, 범행의 동기 및 경위, 범행 후의 정황 등 기록 및 변론 과정에서 나타난 모든 양형 조건을 종합하여 주문과 같이 형을 정한다."
        ]
    },
    "close": {
        "cnclsns": [
            "피고인을 징역 4월에 처한다.",
            "다만, 이 판결 확정일부터 1년간 위 형의 집행을 유예한다."
        ]
    }
}