{
    "info": {
        "caseField": "2",
        "detailField": "6",
        "trailField": "1",
        "caseNm": "특정범죄가중처벌등에관한법률위반(절도)",
        "courtNm": "서울서부지방법원",
        "judmnAdjuDe": "2018. 12. 26.",
        "caseNo": "2018고합310",
        "relateLaword": [
            "특정범죄 가중처벌 등에 관한 법률 제5조의4",
            "형법 제331조",
            "형법 제330조",
            "형법 제329조",
            "형법 제35조",
            "형법 제48조"
        ],
        "qotatPrcdnt": []
    },
    "concerned": {
        "acusr": "4",
        "dedat": "1"
    },
    "org": {
        "orgJdgmnCourtNm": "",
        "orgJdgmnAdjuDe": "",
        "orgJdgmnCaseNo": ""
    },
    "disposal": {
        "disposalform": "6",
        "disposalcontent": [
            "피고인을 징역 3년에 처한다.",
            "압수된 드라이버 1개(증 제4호), 손전등 1개(증 제5호)를 각 몰수한다."
        ]
    },
    "mentionedItems": {
        "rqestObjet": [
            "피고인을 징역 3년에 처한다.",
            "압수된 드라이버 1개(증 제4호), 손전등 1개(증 제5호)를 각 몰수한다."
        ]
    },
    "assrs": {
        "acusrAssrs": [],
        "dedatAssrs": []
    },
    "facts": {
        "bsisFacts": [
            "피고인은 2009.10.23.서울서 부지 방법 원에서 특정범죄가중처벌등에 관한법률위반(절도)죄로 징역 2년을 선고받고, 2012.3.23.서울서부지방법원에서 야간건조물침입절도 죄로 징역 1년을 선고받고, 2013.12.12.서울서부지 방법원에서 특정범죄 가중처벌 등에 관한 법률 위반(절도)죄로 징역 1년 6월을 선고받았다.",
            "2016.6.29.서울서부지방법원에서 특정범죄 가중처벌 등에 관한 법률 위반(절도)죄 등으로 징역 2년을 선고받고 2018.4.4.그 최종형의 집행을 종료하였다.",
            "피고인은 2018.9.25.22:58경 여수시 B에 있는 피해자 C이 운영하는 D 사무실 앞에 이르러, 소지하고 있던 보안카드로 출입문 보안장치를 해제하고 그 안으로 침입하여 그 안에 있던 드라이버로 컴퓨터 본체 7대를 분해하여 시가 합계 140만 원 상당의 하드디스크 7개를 꺼낸 다음 위 하드디스크 7개와 그곳에 있던 50만 원 상당의 CCTV 셋톱박스 1대, E 포터 차량 열쇠를 가지고 나왔다.",
            "그런 후, 600만 원 상당의 위 차량에 위와 같이 가지고 나온 물품을 싣고 위 차량을 운전하여 가는 방법으로 피해자 C 소유인 합계 790만 원 상당의 재물을 절취한 것을 비롯하여, 그때부터 2018.10.18.경까지 상습으로, 별지 범죄일람표 기재와 같이 총 4회에 걸쳐 피해자들으로부터 합계 9,851,000원 상당의 재물을 절취하였다.",
            "이로써 피고인은 상습적인 절도 범행으로 두 번 이상 실형을 선고받고 그 형의 집행이 종료된 후 3년 이내에 다시 상습적으로 재물을 절취하였다."
        ]
    },
    "dcss": {
        "courtDcss": [
            "피고인이 수사기관에서부터 이 법정에 이르기까지 자신의 잘못을 인정하면서 반성하고 있는 점, 피해품 중 일부가 환부되거나 피해자에 의하여 회수된 점 등은 피고인에게 유리한 정상이다.",
            "그러나 피고인은 동종 범행으로 여러 차례 형사처벌을 받았음에도 출소한 지 얼마 지나지 않아 누범기간 중에 또다시 이 사건 범행을 저지른 점, 위와 같이 피해품이 환부되거나 회수된 것 외에는 피해회복이 이루어지지 않았을 뿐만 아니라 향후에도 자발적인 변상이 이루어질 가능성은 없는 것으로 보이는 점, 피해자들이 피고인의 처벌을 원하는 점 등을 고려한다.",
            "피고인에 대한 중형의 선고가 불가피하다.이러한 사정과 함께 피고인의 연령, 성행, 지능과 환경, 가족관계, 범행의 수단 및 결과, 범행 후의 정황 등 양형의 조건이 되는 여러 사정을 종합하여 주문과 같이 형을 정한다."
        ]
    },
    "close": {
        "cnclsns": [
            "피고인을 징역 3년에 처한다.",
            "압수된 드라이버 1개(증 제4호), 손전등 1개(증 제5호)를 각 몰수한다."
        ]
    }
}