{
    "info": {
        "caseField": "2",
        "detailField": "6",
        "trailField": "1",
        "caseNm": "사기",
        "courtNm": "대전지방법원",
        "judmnAdjuDe": "2018. 08. 31.",
        "caseNo": "2018고정472",
        "relateLaword": [
            "형법 제347조",
            "형법 제37조",
            "형법 제38조",
            "형법 제50조",
            "형법 제70조",
            "형법 제69조",
            "형사소송법 제334조"
        ],
        "qotatPrcdnt": []
    },
    "concerned": {
        "acusr": "4",
        "dedat": "1"
    },
    "org": {
        "orgJdgmnCourtNm": "",
        "orgJdgmnAdjuDe": "",
        "orgJdgmnCaseNo": ""
    },
    "disposal": {
        "disposalform": "9",
        "disposalcontent": [
            "피고인을 벌금 2,000,000원에 처한다.",
            "피고인이 위 벌금을 납입하지 아니하는 경우 100,000원을 1일로 환산한 기간 피고인을 노역장에 유치한다.",
            "위 벌금에 상당한 금액의 가납을 명한다."
        ]
    },
    "mentionedItems": {
        "rqestObjet": [
            "피고인을 벌금 2,000,000원에 처한다.",
            "피고인이 위 벌금을 납입하지 아니하는 경우 100,000원을 1일로 환산한 기간 피고인을 노역장에 유치한다."
        ]
    },
    "assrs": {
        "acusrAssrs": [],
        "dedatAssrs": []
    },
    "facts": {
        "bsisFacts": [
            "피고인은 000모임을 통해 알게 된 피해자 B에게 접근하여 금품을 가로채기로 마음먹고 돈을 빌리더라도 이를 변제할 의사나 능력 없었다.",
            "피고인은 2015. 2. 9. 0000에 있는 버스정류장 앞에서 피해자에게 '지갑을 모르고 놓고 왔다, 20만 원만 빌려주면 다음 날 오후 7시까지 계좌로 송금해 주겠다.'라고 거짓말을 하여 그 자리에서 현금 20만 원을 교부받았다. ",
            "피고인은 2015. 2. 10. 스마트폰 어플 카톡으로 피해자에게 연락하여 '차가 고장났다, 그 수리비가 필요하니 22만 원만 빌려 달라'고 거짓말을 하여 피고인 명의의 000 계좌(C)로 22만 원을 교부받았다.",
            "피고인은 2015. 2. 17. 위와 같은 방법으로 연락하여 '차 사고 났는데 그 차를 빼야 일을 하니 우선 돈을 조금 빌려 달라'라고 거짓말을 하여 위와 같은 계좌로 10만 원을 교부받았다.",
            "피고인은 2015. 2. 19. 위와 같은 방법으로 연락하여 '0000 회사숙소에 있는데 0000까지 올 경비가 필요하다, 0000에 와서 적금을 찾는 대로 전에 빌린 돈을 모두 갚을 테니 5만 원을 더 입금해 달라'고 거짓말을 하여 위와 같은 계좌로 5만 원을 교부받았다.",
            "피고인은 2015. 2. 22. 0000에 있는 0000에서 만나 '0000에 가자, 차를 중고로 매매했는데 그 잔금을 받아야 할 것이 있다, 그 비용을 책임지면 잔금을 받아 갚겠다.'라고 거짓말을 하여 다음날까지 0000에 다녀온 경비로 택시비 및 밥값 등 총 233,000원을 대납하게 하는 방법으로 동액 상당의 재산상의 이익을 취득하였다.",
            "피고인은 2015. 2. 23. 0000에 있는 편의점 앞에서 중고차 매매 관련 세금이 필요한데 돈을 좀 빌려 달라고 거짓말을 하여 피고인 명의의 000 계좌로 20만 원, 현금 10만 원 총 30만 원을 교부받았다."
        ]
    },
    "dcss": {
        "courtDcss": [
            "각 형법 제347조 제1항(벌금형 선택)을 적용한다."
        ]
    },
    "close": {
        "cnclsns": [
            "피고인을 벌금 2,000,000원에 처한다.",
            "피고인이 위 벌금을 납입하지 아니하는 경우 100,000원을 1일로 환산한 기간 피고인을 노역장에 유치한다.",
            "위 벌금에 상당한 금액의 가납을 명한다."
        ]
    }
}