{
    "info": {
        "caseField": "2",
        "detailField": "6",
        "trailField": "1",
        "caseNm": "특정경제범죄가중처벌등에관한법률위반(사기),사기,유사수신행위의규제에관한법률위반",
        "courtNm": "서울중앙지방법원",
        "judmnAdjuDe": "2018. 10. 25.",
        "caseNo": "2018고합490",
        "relateLaword": [
            "구 특정경제범죄 가중처벌 등에 관한 법률(2017. 12. 19. 법률 제15256호로 개정되어 2018. 3. 20. 시행되기 전의 것) 제3조",
            "형법 제347조",
            "형법 제30조",
            "유사수신행위의 규제에 관한 법률 제6조",
            "유사수신행위의 규제에 관한 법률 제3조",
            "유사수신행위의 규제에 관한 법률 제7조",
            "형법 제37조",
            "형법 제38조",
            "형법 제50조"
        ],
        "qotatPrcdnt": []
    },
    "concerned": {
        "acusr": "4",
        "dedat": "자연인,법인"
    },
    "org": {
        "orgJdgmnCourtNm": "",
        "orgJdgmnAdjuDe": "",
        "orgJdgmnCaseNo": ""
    },
    "disposal": {
        "disposalform": "6",
        "disposalcontent": [
            "피고인 A을 징역 6년에, 피고인 B 주식회사를 벌금 2,000만원에 처한다."
        ]
    },
    "mentionedItems": {
        "rqestObjet": [
            "피고인은 E과 공모하여 피해자들로부터 돈을 편취하였다.",
            "피고인은 E, F 등과 공모하여 무등록 유사수신행위를 업으로 하였다.",
            "피고인 B은 피고인의 대표이사인 A이 유사수신행위를 하였다."
        ]
    },
    "assrs": {
        "acusrAssrs": [],
        "dedatAssrs": []
    },
    "facts": {
        "bsisFacts": [
            "피고인은 서울 강남구 C건물 D동 14층에 있는 문화펀드 사업 등을 목적으로 하는 B 주식회사(이하 'B'라 한다)의 대표이사로 B의 사업을 총괄하는 사람이다.",
            "E은 2016. 3. 15.경부터 2016. 10. 말경까지 B의 영업이사로 투자금 모집업무를 총괄하였던 사람이다.",
            "피고인은 2016. 1경 B의 전신인 주식회사 G(이하 'G'라 한다)를 운영하던 중 사업자금이 부족하게 되자, G의자본금이 2억 원(2016. 2. 5. 자본금을 5억 원으로 증자함)에 불과하고, 사업수익이 없어 후순위 투자자들로부터 교부받은 투자금을 선순위 투자자들에게 수익금 명목으로 지급하는 일명 돌려막기를 할 수 밖에 없는 사정을 잘 알고 있었다.",
            "그럼에도, 법인명을 B로 변경하여 새로운 투자를 유치하되 정부에서 출자하고 H 주식회사가 관리하는 펀드를 미끼로 불특정 다수의 투자자들로부터 투자금을 교부받아 편취하기로 범행을 기획하였다.",
            "E에게 '정부에서 출자하고 H 주식회사가 관리하는 펀드를 빙자하여 투자금을 모으자. B는 자본금 100억 원 상당의 건실한 기업이고 해외선물 사업 등 다양한 사업을 하고 있어 투자를 하면 1년 동안 고율의 수익을 배당하고 1년 후에는 원금도 반환받을 수 있다고 투자자들을 설득하면 투자금을 받을 수 있을 것이다.",
            "영업이사직을 맡길테니 투자금을 모집하는 조직을 만들어달라. 투자금 중 11% 상당을 수당으로 지급하겠다.'라고 제안하였다.",
            "E은 당시 G에 투자하여 피고인으로부터 원금 및 수익금을 지급받지 못하고 있었기에 G자본금 및 자금사정 등에 대해 알고 있으면서도 피고인의 제안을 승낙한 다음 동종 유사수신업체인 J에서 함께 일한 적이 있는 F 등을 통해 불특정 다수의 투자자들로부터 투자금을 교부받아 이를 편취하기로 모의하였다.",
            "피고인, E의 공동범행 - 특정경제범죄가중처벌등에관한법률위반(사기) 및 사기 피고인, E은 F을 통해 2016. 3. 15.경 B 사무실에서 사실은 B의 자본금이 5억 원에 불과하고 사업수익이 없어 투자금에 대한 원금을 반환하거나 수익금을 지급할 의사나 능력이 없다.",
            "그럼에도, 피해자 K에게 \"B는 자본금 100억을 보유하고 있는 건실한 법인이고, 투자자들로부터 사업비 중 30%를 투자받으면 나머지 70%를 정부로부터 지원받을 수 있으니 그 돈으로 영화를 제작하여 수출해서 나오는 수익금을 투자자들에게 돌려준다.\"",
            "\"L라는 일자리 창출을 위한 방송국을 인수해서 정부지원금을 받아 추가로 수익사업을 할 예정이고, 대표이사 A이 M&A를 전문적으로 하는 사람인데 싼 가격에 나온 주식을 매수해서 주식 가치를 올려서 비싼 가격에 파는 것을 전문적으로 하고 있고 해 외선물거래도 하고 있다.\"",
            "\"회사가 건실하기 때문에 투자를 하면 월 2%의 수익금을 주고 1년이 지나면 원금도 돌려준다.\"라고 거짓말하여 피해자를 기망하고, 이에 속은 피해자로부터 즉석에서 피고인이 사용하는 B 명의의 000은행(M) 계좌로 투자금 1,000만 원을 송금받은 것을 비롯하여 2016. 1. 5.경부터 2017. 3. 29.경까지 별지 범죄일람표의 기재와 같이 위와 같은 방법으로 K 등 피해자들로부터 총 446회에 걸쳐 합계 9,426,510,000원을 교부받았다.",
            "피고인은 위와 같이 E, F 등과 공모하여 전항 기재와 같이 인가·허가를 받지 아니하고 2016. 1. 5.경부터 2017. 3. 29.경까지 별지 범죄일람표의 기재와 같이 K 등 투자자들로부터 총 446회에 걸쳐 투자금 합계 9,426,510,000원을 교부받았다.",
            "이로써 피고인은 E, F 등과 공모하여 무등록 유사수신행위를 업으로 하였다."
        ]
    },
    "dcss": {
        "courtDcss": [
            "징역 6년이 사건 범행은 피고인이 E 등과 공모하여 불특정 다수의 피해자를 상대로 돈을 투자하면 고액의 수익금을 지급하겠다고 기망하여 거액을 편취하고 유사수신행위를 한 조직적 범행으로서, 그 죄질이 매우 좋지 않다.",
            "이 사건 사기 범행으로 인한 전체 피해자 수가 100여 명에 이르고 피해 금액이 90억 원을 상회한다.",
            "피고인은 대표이사로서 허위의 회사소개서 작성에 관여하고, E등에게 고율의 수당을 약속하며 투자자 모집을 지시하였으며, 투자금 대부분은 피고인 명의 계좌로 입금 관리되었다.",
            "피고인은 2016.10.경 E이 퇴사하고 돌려막기가 사실상 어려워진 뒤에도 직원들에게 투자자 모집을 계속 독려하는 등 이 사건 범행을 주도하였다. ",
            "피고인은 이 사건 범행을 인정하고 반성하고 있다. ",
            "이 사건 범행은 피해자들이 단기간에 고수익을 얻고자 구체적인 사업 내용이나 수익창출 구조에 관하여 확인하지 아니하는 등 피해자들에게도 범행 발생 또는 피해 확대에 일부 책임이 있다. ",
            "일부 피해자들은 피고인의 처벌을 희망하지 않고 있다는 사정은 피고인에게 유리한 정상이다.",
            "그 밖에 피고인의 나이, 성행, 환경, 범행의 동기 수단과 결과 범행 후의 정황 등 모든 양형요소를 종합적으로 고려하여 주문과 같이 형을 정한다."
        ]
    },
    "close": {
        "cnclsns": [
            "피고인 A을 징역 6년에, 피고인 B 주식회사를 벌금 2,000만원에 처한다. "
        ]
    }
}