{
    "info": {
        "caseField": "2",
        "detailField": "6",
        "trailField": "1",
        "caseNm": "특정경제범죄가중처벌등에관한법률위반(사기), 사기, 배상명령신청",
        "courtNm": "울산지방법원",
        "judmnAdjuDe": "2020. 09. 25.",
        "caseNo": "2020고합92",
        "relateLaword": [
            "특정경제범죄 가중처벌에 관한 법률 제3조",
            "형법 제347조",
            "형법 제37조",
            "형법 제38조",
            "형법 제50조",
            "소송촉진 등에 관한 특례법 제32조",
            "소송촉진 등에 관한 특례법 제25조"
        ],
        "qotatPrcdnt": []
    },
    "concerned": {
        "acusr": "4",
        "dedat": "1"
    },
    "org": {
        "orgJdgmnCourtNm": "",
        "orgJdgmnAdjuDe": "",
        "orgJdgmnCaseNo": ""
    },
    "disposal": {
        "disposalform": "6",
        "disposalcontent": [
            "피고인을 징역 6년에 처한다.",
            "배상신청인들의 배상신청을 모두 각하한다."
        ]
    },
    "mentionedItems": {
        "rqestObjet": [
            "피고인을 사기로 징역에 처한다.",
            "피고인에게 배상명령을 신청한다."
        ]
    },
    "assrs": {
        "acusrAssrs": [
            "특정경제범죄가중처벌등에관한법률위반으로 사기죄를 범하였기에 엄중처벌하여야한다."
        ],
        "dedatAssrs": []
    },
    "facts": {
        "bsisFacts": [
            "피고인은 2011. 11. 28.경 0000에 있는 0000 A병원에서 피해자 00에게 \"시어머니가 000인데 조합원에게 금리의 2배를 주는 특혜가 있어 시어머니 명의로 적금을 넣어 놓으면 2년 뒤 2배의 금리로 돈을 찾을 수 있다. 자신의 계좌로 돈을 송금하면 위 적금을 넣어 수익을 얻도록 해주겠다.\"고 거짓말하였다.",
            "그러나, 사실 피고인의 시어머니는 000도 아니었고 위 000에는 조합원에게 금리 2배를 주는 특혜도 없었으며, 피고인은 피해자로부터 돈을 받아 생활비나 전세보증금 내지 주택구입자금 등으로 사용하거나 소위 '돌려막기' 형식으로 자신의 다른 채권자에게 채무를 변제할 생각이었으므로, 피해자로부터 돈을 받더라도 위와 같이 적금에 투자하여 수익을 지급해 줄 의사나 능력이 없었다.",
            "피고인은 이와 같이 피해자를 기망하여 이에 속은 피해자로부터 같은 날 400만 원을 피고인 명의의 000 계좌(계좌번호)로 송금 받은 것을 포함하여 2011. 1. 8.경부터 2020. 2. 25.경까지 별지 범죄일람표 기재와 같이 피해자 총 10명을 기망하여 이에 속은 피해자들로부터 합계 1,322,700,000원을 교부 받았다."
        ]
    },
    "dcss": {
        "courtDcss": [
            "이 사건 범행은, 피고인이 2011. 1.경부터 2020. 2.경까지 자신의 직장 동료들을 상대로 수익을 미끼로 거액을 편취하였다는 것이다.",
            "범행기간이 10년에 이르는 장기이고 편취금액이 13억 원을 상회하는 거액인 점, 신뢰관계를 이용했고 편취금원을 주택구입자금 등으로 사용하는 등 범행수법과 범행 이후 정황이 좋지 못한 점, 피해액 대부분이 변제되지 않았을 뿐 아니라 피해자들이 상당한 재산상 손해와 더불어 심각한 정신적 고통을 겪고 있는 것으로 보이는 점이다.",
            "이에 피해자들은 피고인에 대한 엄한 처벌을 탄원하고 있는 점, 이 건 피해자들 외에도 여러 명으로부터 같은 수법으로 편취한 정황도 엿보이는 점 등 범행의 내용과 방법, 기간, 피해자의 수, 편취금액 등을 고려할 때 죄질과 정상이 좋지 못하여 그에 상응한 처벌이 불가피하다.",
            "다만, 이 사건 범행을 모두 인정하고 반성하는 점, 일부 피해자에 대해서는 범행 과정에서 일부나마 금원이 변제된 것으로 보이는 점, 형사처벌 전력 없는 초범인 점 등을 유리한 정상으로 참작하고, 그 밖에 피고인의 연령, 성행, 환경, 범행의 동기, 수단과 방법, 범행 이후의 정황 등 이 사건 기록과 변론에 나타난 제반 양형 조건을 종합적으로 고려하여 주문과 같이 형을 정한다."
        ]
    },
    "close": {
        "cnclsns": [
            "피고인을 징역 6년에 처한다.",
            "배상신청인들의 배상신청을 모두 각하한다."
        ]
    }
}