{
    "info": {
        "caseField": "2",
        "detailField": "6",
        "trailField": "1",
        "caseNm": "절도, 건조물침입",
        "courtNm": "울산지방법원",
        "judmnAdjuDe": "2013. 07. 15.",
        "caseNo": "2013고단1954",
        "relateLaword": [
            "형법 제329조",
            "형법 제319조",
            "형법 제37조",
            "형법 제38조",
            "형법 제50조",
            "형법 제62조",
            "형법 제62조2",
            "형법 제48조"
        ],
        "qotatPrcdnt": []
    },
    "concerned": {
        "acusr": "4",
        "dedat": "1"
    },
    "org": {
        "orgJdgmnCourtNm": "",
        "orgJdgmnAdjuDe": "",
        "orgJdgmnCaseNo": ""
    },
    "disposal": {
        "disposalform": "8",
        "disposalcontent": [
            "피고인을 징역 8월에 처한다.",
            "다만, 이 판결 확정일로부터 2년간 위 형의 집행을 유예한다.",
            "피고인에게 80시간의 사회봉사를 명한다.",
            "압수된 증제3 내지 5호를 각 몰수한다."
        ]
    },
    "mentionedItems": {
        "rqestObjet": [
            "피고인을 징역 8월에 처한다.",
            "피고인에게 80시간의 사회봉사를 명한다.",
            "압수된 증제3 내지 5호를 각 몰수한다."
        ]
    },
    "assrs": {
        "acusrAssrs": [],
        "dedatAssrs": []
    },
    "facts": {
        "bsisFacts": [
            "피고인은 주식회사 B의 협력업체인 C에서 근무하던 중 건강상의 문제로 퇴사하여 생활고에 시달리게 되자, B 작업복을 입고 들어가면 보안 부서에서 제지하지 않는다는 점을 이용하여 B에 침입하여 케이블을 절취하기로 마음먹었다.",
            "피고인은 2013.4.1.16:30경 위와 같이 케이블을 절취하기 위하여, B 작업복을 입고 피고인 소유의 (차량번호)오토바이를 운전하여 0000에 위치한 주식회사 B 전하문을 통해 2도크 동PE장으로 들어가 타인의 건조물에 침입하였다.",
            "피고인은 같은 날 18:30경 B 2도크 동PE장 폐자재함에서, 시가 170,000원 상당의 절단 케이블 21kg을 미리 준비한 칼과 장갑을 사용하여 외피를 벗겨 자루에 담은 뒤, 위 오토바이 안장에 숨겨 나와 절취하였다.",
            "피고인은 2013.4.2.16:30경 위 1항 기재 장소에서, 위 1항 기재와 같은 방법으로 B 전하문을 통하여 2도크 동PE장에 침입하였다.",
            "피고인은 같은 날 18:30경 B 2도크 동PE장 블록 임시 적재장에서 시가 165,000원 상당의 절단케이블 20.5kg을 미리 준비한 칼과 장갑을 사용하여 외피를 벗겨 자루에 담은 뒤, 위 오토바이 안장에 숨겨 나와 절취하였다.",
            "피고인은 2013.4.6.16:30경 위 장소에서, 위 1항 기재와 같은 방법으로 B 전하문을 통하여 2도크 동PE장에 침입한 뒤, 폐자재함에 들어 있던 시가 216,000원 상당의 절단 케이블 27kg을 위 1항 기재와 같은 방법으로 자루에 담아 동PE장 폐자재함 옆 좁은 틈에 숨겨 놓아 절취하였다.",
            "피고인은 2013.4.7.16:30경 위 1항 기재 장소에서, 위 1항 기재와 같은 방법으로 B 전하문을 통하여 2도크 동PE장에 침입하였다.",
            "피고인은 같은 날 18:30경 B 2도크 폐자재함 2곳에 들어 있던 외피가 벗겨진 시가 824,000원 상당의 케이블 104kg을 미리 준비해 간 빈 자루에 담아 2도크 타워보수 야적장 정반 사이에 숨겨 놓아 절취하였다.",
            "피고인은 2013.4.8.10:45경 위 1항 기재와 같은 방법으로 0000 B 서부문을 통해 B 2도크 타워보수야적장으로 들어가 침입하였다."
        ]
    },
    "dcss": {
        "courtDcss": [
            "각 범죄사실은 양형기준상 일반재산에 대한 절도 제4유형에 해당하는바(각 주거침입죄 포함), 가중요소는 보이지 아니하고, 감경요소로 '생계형 범죄'라는 점이 있으므로 감경영역을 선택하고, 그 형량범위 내에서 이 사건의 공판 및 기록에 나타난 제반 사정을 참작한다."
        ]
    },
    "close": {
        "cnclsns": [
            "피고인을 징역 8월에 처한다.",
            "다만, 이 판결 확정일로부터 2년간 위 형의 집행을 유예한다.",
            "피고인에게 80시간의 사회봉사를 명한다.",
            "압수된 증제3 내지 5호를 각 몰수한다."
        ]
    }
}