{
    "info": {
        "caseField": "2",
        "detailField": "6",
        "trailField": "1",
        "caseNm": "성폭력범죄의처벌등에관한특례법위반(13세미만미성년자유사성행위), 성폭력범죄의처벌등에관한특례법위반(친족관계에의한준강제추행), 부착명령",
        "courtNm": "서울북부지방법원",
        "judmnAdjuDe": "2017. 12. 22.",
        "caseNo": "2017고합355",
        "relateLaword": [
            "성폭력범죄의 처벌 등에 관한 특례법 제7조",
            "형법 제299조",
            "성폭력범죄의 처벌 등에 관한 특례법 제5조",
            "형법 제40조",
            "형법 제50조",
            "형법 제37조",
            "형법 제38조",
            "형법 제42조",
            "형법 제53조",
            "형법 제55조",
            "아동, 청소년의 성보호에 관한 법률 제21조",
            "아동, 청소년의 성보호에 관한 법률 제49조",
            "아동, 청소년의 성보호에 관한 법률 제50조",
            "성폭력범죄의 처벌 등에 관한 특례법 제42조",
            "성폭력범죄의 처벌 등에 관한 특례법 제43조",
            "특정 범죄자에 대한 보호관찰 및 전자장치 부착 등에 관한 법률 제9조 "
        ],
        "qotatPrcdnt": [
            "대법원 2010. 12. 9. 선고 2010도7410, 2010전도44 판결"
        ]
    },
    "concerned": {
        "acusr": "4",
        "dedat": "1"
    },
    "org": {
        "orgJdgmnCourtNm": "",
        "orgJdgmnAdjuDe": "",
        "orgJdgmnCaseNo": ""
    },
    "disposal": {
        "disposalform": "6",
        "disposalcontent": [
            "피고인을 징역 5년에 처한다.",
            "피고인에게 40시간의이 성폭력 치료프로그램 이수를 명한다.",
            "이 사건 부착명령 청구를 기각한다."
        ]
    },
    "mentionedItems": {
        "rqestObjet": [
            "피고인은 13세 미만의 피해자에 대하여 유사성행위를 함과 동시에 친족인 피해자를 추행하였으므로 성폭력범죄의 처벌 등에 관한 특례법에 따라 처벌을 받아야 한다."
        ]
    },
    "assrs": {
        "acusrAssrs": [
            "피부착명령청구자는 판시 범죄사실 기재와 같이 19세 미만으로 친딸인 피해자들을 상대로 수회에 걸쳐 성폭력 범죄를 저지른 사람으로 피부착명령청구자와 피해자들의 관계, 범행기간, 범행 횟수, 범행 내용 등에 비추어 성폭력 범죄를 다시 범할 위험성이 높다."
        ],
        "dedatAssrs": []
    },
    "facts": {
        "bsisFacts": [
            "피고인은 피해자 C(여, 2002년 생)과 D(여, 2003년 생)의 친부이다.",
            "피고인은 2014.11.경 0000에 있는 주거지 안방에서, 잠을 자느라 항거불능 상태인 피해자의 속옷 안으로 손을 넣어 피해자의 음부를 만지다가 자신의 손가락을 피해자의 음부에 넣었다.",
            "피고인은 2014.11.경 위 가항과 같은 장소에서 잠을 자느라 항거불능 상태인 피해자의 속옷 안으로 손을 넣어 위와 같은 방법으로 13세 미만의 피해자에 대하여 유사성행위를 함과 동시에 친족인 피해자를 추행하였다.",
            "피고인은 2017.7.16, 18:00경 위 제1항과 같은 장소에서, 잠을 자느라 항거불능 상태인 피해자 C의 속옷을 갑자기 벗기고 입으로 피해자의 음부를 약 5회 핥았다."
        ]
    },
    "dcss": {
        "courtDcss": [
            "범죄사실에 대한 해당 법조 각 성폭력 범죄의 처벌 등에 관한 특례법 제7조 제4항, 제2항 제2호, 형법 제299조(13세미만 미성년자 유사성행위의 점), 각 성폭력 범죄의 처벌 등에 관한 특례법 제5조 제3항, 제2항, 형법 제299조(친족관계에 의한 준강제추행의 점)",
            "이 사건 범행은 피고인이 피해자들의 친아버지로서 피해자들이 육체적·정신적으로 건강하게 성장할 수 있도록 보호해야 할 책임을 지고 있었음에도 그 의무를 저버리고 자신의 왜곡된 성적 욕망을 해소하기 위해 잠이 든 피해자들의 성기에 손가락을 넣거나 이를 핥은 것으로 그 죄질이 극히 불량하다.",
            "피고인이 친딸인 피해자들을 대상으로 저지른 범행은 어떤 이유로도 용납될 수 없는 패륜적이고 반사회적인 범죄이며 아동·청소년에 대한 성범죄는 피해자에게 심각한 피해를 야기하고, 평생에 걸쳐 피해자의 정신적, 신체적 발달에 중대한 악영향을 미칠 수 있다.",
            "다만 피고인이 범행을 인정하면서 반성하는 모습을 보이고 있는 점, 성폭력 범죄로 처벌받은 전력은 없는 점, 피해자들이 피고인을 용서하고 있는 점 등은 형기를 정하는 데 참작한다.",
            "피부착명령청구자가 성폭력 범죄로 처벌받은 전력은 없는 점, 이 사건 범행은 친족관계에 있었던 피해자들과의 특수한 관계를 이용하여 저지른 것으로서 위치추적 전자장치의 부착으로 달성할 수 있는 성폭력 범죄의 예방 효과가 크다고 보기 어렵다.",
            "피부착명령청구자에게 징역형의 선고와 함께 재범 예방을 목적으로 하는 성폭력 치료프로그램의 이수를 명하므로 이와 같은 형 집행과 부수처분을 통해 재범 방지와 성행 교정의 효과를 기대할 수 있는 점 등과 그밖에 피부착명령청구자의 성행 및 환경, 범행 후의 정황 등을 종합적으로 고려하면, 검사가 제출한 증거만으로는 피부착명령청구자가 장래에 다시 성폭력 범죄를 범하여 법적 평온을 깨뜨릴 상당한 개연성이 있다고 단정하기 어렵다.",
            "따라서 이 사건 부착명령 청구는 이유 없으므로 특정 범죄자에 대한 보호관찰 및 전자장치 부착 등에 관한 법률 제9조 제4항 제1호에 의하여 이를 기각한다."
        ]
    },
    "close": {
        "cnclsns": [
            "피고인을 징역 5년에 처한다.",
            "피고인에게 40시간의 성폭력 치료프로그램 이수를 명한다.",
            "이 사건 부착명령 청구를 기각한다."
        ]
    }
}