{
    "info": {
        "caseField": "2",
        "detailField": "6",
        "trailField": "1",
        "caseNm": "상습공갈, 특수상해, 폭행, 폭력행위등처벌에관한법률위반공동폭행, 공갈방조, 직업안정법 위반, 재물손괴, 도로교통법위반(무면허운전)",
        "courtNm": "울산지방법원",
        "judmnAdjuDe": "2020. 07. 03.",
        "caseNo": "2019고단2373",
        "relateLaword": [
            "형법 제351조",
            "형법 제350조 제1항",
            "형법 제258조의2 제1항",
            "형법 제257조 제1항",
            "폭력행위 등 처벌에 관한 법률 제2조 제1항 제1호",
            "형법 제260조 제1항",
            "형법 제366조",
            "형법 제32조 제1항",
            "직업안정법 제47조 제1호",
            "직업안정법 제19조 제1항",
            "도로교통법 제152조 제1호",
            "도로교통법 제43조",
            "형법 제35조",
            "형법 제55조 제1항 제3호",
            "형법 제37조 전단",
            "형법 제38조 제1항 제2호",
            "형법 제50조 1",
            "형법 제53조",
            "형법 제70조 제1항",
            "형법 제69조 제2항"
        ],
        "qotatPrcdnt": []
    },
    "concerned": {
        "acusr": "4",
        "dedat": "1"
    },
    "org": {
        "orgJdgmnCourtNm": "",
        "orgJdgmnAdjuDe": "",
        "orgJdgmnCaseNo": ""
    },
    "disposal": {
        "disposalform": "6",
        "disposalcontent": [
            "피고인 00을 징역 1년 6월에, 피고인 00를 징역 8월에 처한다.",
            "피고인 00에 대한 공소사실 중 폭행의 점에 관한 공소를 기각한다.",
            "피고인 00에 대하여 이 판결 확정일부터 2년간 위 형의 집행을 유예한다. ",
            "피고인 00에게 40시간의 사회봉사 및 40시간의 준법운전 강의수강을 명한다.",
            "피고인 00을 벌금 70만원에 처한다.",
            "피고인 00이 위 벌금을 납입하지 아니하는 경우 10만원을 1일로 환산한 기간 위 피고인을 노역장에 유치한다. ",
            "피고인 00에게 위 벌금에 상당한 금액의 가납을 명한다."
        ]
    },
    "mentionedItems": {
        "rqestObjet": [
            "피고인 00을 상습공갈, 특수상해, 폭행, 공동폭행, 재물손괴로 징역에 처한다.",
            "피고인 00를 공갈방조, 직업안정법 위반, 무면허운전으로 징역에 처한다.",
            "피고인 00을 공동폭행으로 벌금에 처한다."
        ]
    },
    "assrs": {
        "acusrAssrs": [],
        "dedatAssrs": [
            "피해자 00에 대한 상습공갈의 범죄사실에 관하여 위 00로부터 그와 같이 보호비를 상납받은 적이 없고, 위 00의 진술 외에 이를 입증할 증거가 없으며, 위 00의 진술도 신빙성이 떨어지므로 위 범죄사실이 합리적 의심 없이 증명되었다고 볼 수 없다.",
            "피해자 00에 대한 상습공갈의 범죄사실에 관하여 위 00로부터 그와 같이 보호비를 상납받은 적이 없고, 이는 00가 피고인 00을 내세워 위 00로부터 돈을 받아 개인적으로 사용한 것에 불과하다.",
            "각 특수상해 범죄사실에 관하여 피고인이 위험한 물건인 맥주병 및 아령을 이용하여 피해자 00, 00를 폭행하지는 않았다.",
            "폭력행위등처벌에관한법률위반(공동폭행) 범죄사실에 관하여 피고인이 피해자 00에게 위협을 가한 것은 사실이나, 맥주병을 던진 적은 없고, 이는 상피고인 00의 단독 범행에 해당한다."
        ]
    },
    "facts": {
        "bsisFacts": [
            "피고인은 2016. 가을경1) 0000에 있는 상호를 알 수 없는 해장국집에서, 같은 동에서 '씨○○'라는 상호로 일명 '보도방'을 운영하면서 여성접객원들을 노래방이나 유흥주점에 공급하고 있던 피해자 00(35세)을 불러, 자신이 0000 지역 폭력조 직인 '0파'의 조직원이었던 사실을 과시하면서 '매월 보호비 150만 원을 상납하지 않으면 보도방 영업을 못하게 하겠다.’는 등으로 말해 겁을 주었다.",
            "이에 겁을 먹은 피해자로부터 2016. 10. 하순경부터 2019. 3. 9.경까지 사이에 현금을 건네받거나, 금원을 계좌로 송금받거나, 피고인이 지급하여야 할 도우미 비용을 면제받는 방법으로 매월 150만 원 상당의 보호비를 상납받고, 2019. 3. 15.경, 2019. 4. 13.경 같은 방법으로 각각 100만 원 상당의 보호비를 상납받아 총 33개월에 걸쳐 합계 4,700만 원 상당의 보호비를 상납받았다.",
            "이로써 피고인은 상습으로 피해자를 공갈하여 재물의 교부를 받거나 재산상의 이득을 취득하였다.",
            "피해자 00(43세)는 2017. 11.경 0000 일원에서 여성접객원들을 노래방이나 유흥주점에 공급하고 있던 일명 '보도방'을 운영하게 되면서, 그곳에서 다른 보도방을 운영하고 있던 00로부터 '명촌에서 보도방을 하려면 00에게 보도비를 상납해야 한다. 00은 0파 조직폭력배 출신인데, 보호비를 상납하지 않거나 선배(00)의 말을 듣지 않으면 폭행을 당한다'는 취지의 말을 듣고 00를 통해 매월 100만 원의 보호비를 상납하고 있었다.",
            "피고인은 2018. 6.경 0000에 있는 피고인이 운영하는 '0'에서, 보도방을 운영하고 있던 피해자를 위 00를 통해 부른 다음, 자신이 위 '0파'의 조직원이었던 사실을 과시하면서 \"내가 0파인데 다른 깡패들은 아무 말도 하지 못한다. 앞으로 경찰서 가서 신고할 생각하지 말고 매월 보호비를 상납해라. 앞으로는 00와 같은 액수로 보호비를 내라\"는 취지로 말해 겁을 주었다.",
            "이에 겁을 먹은 피해자로부터 2018. 6.경부터 2019. 4. 25.경까지 사이에 00를 통해 현금을 건네받거나, 피고인이 지급하여야 할 도우미 비용을 면제받는 방법으로 매월 100만 원 상당의 보호비를 상납받아, 총 11개월에 걸쳐 합계 1,100만 원 상당의 보호비를 상납받았다.",
            "이로써 피고인은 상습으로 피해자를 공갈하여 재물의 교부를 받거나 재산상의 이득을 취득하였다.",
            "피고인은 제1의 나.항과 같이 피해자 00로부터 보호비를 상납받아 오던 중, 2019. 5.경 피해자가 보도방 운영을 그만두었다고 하여 보호비 상납을 받지 않기로 하였으나, 사실 피해자는 피고인 모르게 보도방 운영을 계속하고 있었다.",
            "피해자는 2019. 6. 3. 밤경 위 00로부터 '(피고인이 운영하는) 0으로 여성접객원들을 보내달라. 요즘 00 형님이 잘 오지 않으니 괜찮다.'는 요청을 받아, 여성접객원 1명을 위 '0'에 보내주었다가 2019. 6. 4. 00:50경 위 '0' 앞 도로에서 위 여성접객원을 기다리고 있던 중 피고인과 마주치게 되었다.",
            "이에 피고인은 피해자가 자신에게 보호비를 상납하지 않고 보도방 운영을 계속하고 있는 것에 격분하여, 피해자에게 \"야 이 개새끼야 보도방 영업 접었다고 해놓고 네 마음대로 보도방 영업하냐. 개새끼야 다시 시작했으면 돈 줘야지 개새끼야!\"라고 욕설을 하고, 그 부근 테이블에 있던 위험한 물건인 맥주병을 들고 피해자의 머리를 1회 내리쳐 약 7일간의 치료가 필요한 두피의 열린 상처 등의 상해를 가하였다.",
            "이로써 피고인은 위험한 물건을 휴대하여 피해자에게 상해를 가하였다.",
            "피고인 00은 제1의 다.항과 같이 피해자 00에게 상해를 가할 무렵, 이를 목격한 피해자 00(가명, 여성)가 휴대폰으로 경찰에 신고전화를 한다는 이유로 그 부근 테이블에 있던 맥주병을 피해자를 향해 집어던지면서 '씨발년아 신고해봐라. 신고해봐라 씨발년아!'라고 위협하고, 피고인 00은 피해자가 경찰에 신고하지 못하도록 피해자의 팔을 잡아당기면서 휴대폰을 빼앗으려 하였다.",
            "이로써 피고인들은 공동하여 피해자에게 폭행을 가하였다.",
            "피고인은 피해자 00가 2017. 11.경 0000 일원에서 보도방 영업을 시작하게 되자, 피고인으로부터 보호비를 상납받는 00이 조직폭력배 출신인 점을 이용하여 피해자로부터 보호비를 상납받을 것을 알면서도 00에게 피해자를 소개하였다.",
            "이후 2018. 6.경부터 피해자로부터 보호비를 현금으로 받거나 계좌이체 받은 후 이를 00 측에 전달하는 등 제1의 나.항 기재와 같이 00이 피해자로부터 총 11개월에 걸쳐 1,100만 원 상당의 보호비를 상납받는 것을 도와주었다.",
            "이로써 피고인은 00의 공갈행위를 방조하였다.",
            "누구든지 유료직업소개사업을 하고자 하는 사람은 관할관청에 등록하여야 한다.",
            "그럼에도 불구하고 피고인은 관할관청에 등록하지 않은 채, 2015. 12.경부터 2019. 6.4.경까지 사이에 0000에서, 여성접객원 6명을 고용한 후 노래방이나 유흥주점 업주로부터 손님을 접대할 접객원을 보내 달라는 요청을 받으면, 여성접객원들을 보내주어 그들이 손님으로부터 1시간당 3만 원 내지 6만원을 받게 한 다음, 각각의 여성접객원들로부터 매월 50만 원 상당의 소개비를 받았다.",
            "피고인은 판시 범죄사실 제1의 다.항과 같이 피해자 00에게 특수상해를 가한 이 후에도, 지인 00를 아령으로 내리치는 상해를 가하였고, 위 00의 치료를 위해 2019. 6. 4. 새벽경 000 응급실에 왔다가 제1의 다.항 기재와 같은 상해를 입어 치료를 받고 있는 피해자를 보게 되었다.",
            "피고인은 2019. 6. 4. 03:00경 위 000 앞 도로에서, 피해자에게 '와 여기서 치료를 받는교. 폭행한 것에 대해 신고를 할 거가. 이야기 좀 하자'라고 말하였으나, 피해자가 이를 거부하며 자리를 떠나려고 하자 격분하여, '개새끼 이거 안되겠네. 따라와 봐라!'라고 말하면서 한쪽 팔로 피해자의 목 부위를 감아 당기면서 끌어당겼다.",
            "이로써 피고인은 피해자에게 폭행을 가하였다."
        ]
    },
    "dcss": {
        "courtDcss": [
            "따라서 피고인 00의 각 상습공갈, 각 특수상해, 폭력행위등처벌에관한법률위반(공동폭행) 범죄사실은 합리적 의심의 여지 없이 증명되어 이를 인정할 수 있으므로, 위 피고인 및 변호인의 주장을 받아들일 수 없다.",
            "이 사건 범행은 피고인이 그 전 폭력 관련 범행으로 실형을 복역한 후 누범기간 중에 피해자 00, 00로부터 보호비 명목으로 합계 5,800만 원을 갈취하고, 위험한 물건으로 피해자 00, 00를 때려 상해를 가하였으며, 00에 대한 특수상해 범행을 목격한 피해자 00에게 위협을 가하고, 추가로 다른 노래방에서 손괴 범행을 저지른 것이다.",
            "위와 같은 범행 경위와 동기, 범행 내용과 방법 및 결과, 피해 정도 등에 비추어 그 죄질이 상당히 무겁고, 비난가능성도 매우 높다.",
            "피고인은 과거 조직폭력배로 활동한 이력이 있고(현재는 활동하지 않는다고 함), 폭력 관련 전과로 처벌받은 전력이 다수 존재하며(그 중에는 실형 및 집행유예형을 선고받은 전력도 포함됨), 본건 범행 전 판시 범죄전력 기재와 같은 폭력 범행으로 실형을 선고받았음에도 계속 동종 범행이 이어지고 있는 등 피고인의 일련의 범행 경력과 과정 등을 살펴볼 때 피고인에게 폭력의 습벽이 존재하는 것으로 보이고, 재범의 위험성도 높아 보여 엄한 처벌의 필요성이 있다.",
            "이러한 피고인에게 불리한 정상을 고려할 때 피고인에게 일정 기간 구금의 필요성이 인정되므로, 실형의 선고가 불가피하다.",
            "다만, 피고인이 상습공갈 범행을 제외한 나머지 각 범행에 대하여는 자신의 범행을 인정하거나 도의적인 측면에서 잘못을 시인하면서 깊이 반성하고 있다고 진술하고 있고, 본건 각 범행의 피해자들과 모두 합의에 이르러 그 피해자들이 피고인에 대한 처벌불원의사를 밝혔다.",
            "본건 상습공갈의 피해자들의 경우 피고인으로부터의 반대 급부를 일정 부분 기대하고 보호비 지급에 나아간 측면도 있는 것으로 보이고, 판시 보호비의 지급방법이 주로 피고인 운영 주점의 여성접객원 비용을 공제한 나머지 금액을 지급받는 방식으로 이루어져 실제 피고인이 직접적으로 수령한 금액은 판시 범죄사실 기재 갈취액보다 상당히 적은 것으로 보인다.",
            "피고인에게 부양해야 할 가족이 있고, 피고인의 구금 생활로 인하여 피고인 가족이 경제적, 사회적으로 어려움을 겪고 있는 것으로 보이는 점 등은 피고인에게 유리한 정상으로써 이를 참작하고, 그 밖에 피고인의 연령, 성행, 범행 동기와 경위, 범행 후의 정황 등 이 사건 변론에서 나타난 제반 정상을 종합하여 양형기준에 따른 권고형의 범위 내에서 주문과 같이 형을 정한다.",
            "이 사건 범행은 피고인이 피해자 00로 하여금 00에게 보호비를 지급하도록 권유하고, 자신이 00의 보호비 전달책을 맡아 00의 공갈 범행을 방조하고, 불법으로 보도방 영업을 하였으며, 무면허운전 범행까지 추가로 저지른 것으로, 범행 경 위와 동기, 내용 등에 비추어 그 죄질이 가볍지 않고 비난가능성도 상당하다.",
            "다만, 피고인이 자신의 범행을 모두 인정하면서 잘못을 깊이 반성하고 있는 점, 현재 보도방 영업을 하지 않고 있는 점, 피고인도 00의 상습공갈 범행의 피해자로서 수사에 적극 협조한 점, 피고인에게 집행유예형을 초과하는 처벌전력은 없는 점 등은 피고인에게 유리한 정상에 해당한다.",
            "이러한 피고인에 관한 양형 정상과 더불어 피고인의 연령, 성행, 범행 동기와 경위, 범행 후의 정황 등 이 사건 변론에서 나타난 제반 정상을 종합하여 주문과 같이 형을 정한다.",
            "본건 범행 경위와 동기, 범행 내용과 방법 및 태양 등에 비추어 그 죄질이 가볍지 않고, 피고인이 과거 폭력 관련 범행으로 수회 실형 및 집행유예 판결을 선고받은 전력이 있음에도 다시 본건 공동폭행 범행을 저질렀다는 점에서 비난가능성도 높은 점 등은 피고인에게 불리한 정상이다.",
            "반면 피고인이 자신의 범행을 인정하면서 잘못을 반성하고 있는 점, 본건 범행 전 마지막 범행은 2014년에 있었던 상해 범행으로 그 후에는 본건 범행 전까지 다른 처벌전력이 없는 점, 본건 범행에서 피해자에게 사용한 유형력의 행사 정도가 중해 보이지는 않는 점, 피해자와 합의에 이르러 피해자가 피고인에 대한 처벌불원의사를 밝힌 점 등은 피고인에게 유리한 정상이다.",
            "위와 같은 피고인에 관한 양형 정상과 더불어 피고인의 연령, 성행, 범행 동기와 경위, 범행 후의 정황 등 이 사건 변론에서 나타난 제반 정상을 종합하여 주문과 같이 형을 정한다."
        ]
    },
    "close": {
        "cnclsns": [
            "피고인 00을 징역 1년 6월에 처한다.",
            "위 피고인에 대한 공소사실 중 폭행의 점에 관한 공소를 기각한다.",
            "피고인 00를 징역 8월에 처한다.",
            "다만, 피고인 00에 대하여 이 판결 확정일부터 2년간 위 형의 집행을 유예한다.",
            "피고인 00에게 40시간의 사회봉사 및 40시간의 준법운전강의 수강을 명한다.",
            "피고인 00을 벌금 70만 원에 처한다.",
            "피고인 00이 위 벌금을 납입하지 아니하는 경우 10만 원을 1일로 환산한 기간 위 피고인을 노역장에 유치한다.",
            "피고인 00에게 위 벌금에 상당한 금액의 가납을 명한다."
        ]
    }
}