{
    "info": {
        "caseField": "2",
        "detailField": "6",
        "trailField": "1",
        "caseNm": "사서명위조,특정경제범죄가중처벌등에관한법률위반(사기),위조사서명행사",
        "courtNm": "서울중앙지방법원",
        "judmnAdjuDe": "2017. 08. 24.",
        "caseNo": "2016고합1255",
        "relateLaword": [
            "형법 제239조",
            "형법 제30조",
            "구 특정경제범죄 가중처벌 등에 관한 법률(2016. 1. 6. 법률 제13719호로 개정되기 전의 것) 제3조",
            "형법 제347조",
            "형법 제40조",
            "형법 제50조",
            "형법 제37조",
            "형법 제38조",
            "형법 제48조",
            "형사소송법 제325조"
        ],
        "qotatPrcdnt": []
    },
    "concerned": {
        "acusr": "4",
        "dedat": "1"
    },
    "org": {
        "orgJdgmnCourtNm": "",
        "orgJdgmnAdjuDe": "",
        "orgJdgmnCaseNo": ""
    },
    "disposal": {
        "disposalform": "6",
        "disposalcontent": [
            "피고인 A을 징역 3년에, 피고인 B를 징역 7년에 각 처한다.",
            "피고인 B에 대한 2014. 7. 1.자, 2014. 11. 17.자, 2015. 9. 8.자 각 위조사서명행사 및 각 특정경제범죄가중처벌등에관한법률위반(사기)의 점은 각 무죄이다.",
            "피고인 C은 무죄이다.",
            "압수된 증 제1, 2, 3, 4, 13, 37호(서울중앙지방검찰청 2016압제7074호), 증 제1호(서울중앙지방검찰청 2017압제1244호), 2017고합366호 사건 판시 1, 80.780257 그림 중 각 위조사서명 부분을 각 폐기한다."
        ]
    },
    "mentionedItems": {
        "rqestObjet": [
            "피고인 A을 징역 3년에, 피고인 B를 징역 7년에 각 처한다.",
            "피고인 B에 대한 2014. 7. 1.자, 2014. 11. 17.자, 2015. 9. 8.자 각 위조사서명행사 및 각 특정경제범죄가중처벌등에관한법률위반(사기)의 점은 각 무죄이다.",
            "피고인 C은 무죄이다.",
            "압수된 증 제1, 2, 3, 4, 13, 37호(서울중앙지방검찰청 2016압제7074호), 증 제1호(서울중앙지방검찰청 2017압제1244호), 2017고합366호 사건 판시 1, 80.780257 그림 중 각 위조사서명 부분을 각 폐기한다."
        ]
    },
    "assrs": {
        "acusrAssrs": [],
        "dedatAssrs": [
            "피고인 A이 P의 그림을 위작하고 P의 서명을 각 위조한 사실은 있으나 위조사서명행사 및 사기 범행에 대하여 B와 공동가공의사가 있었다거나 기능적 행위지배에 해당하는 실행행위가 있었다고 보기 어렵다.",
            "이 사건 각 그림은 피고인 B가 1990년 경 그림 중개상을 통하여 구입한 진품이고, A에게 판시 범죄사실 기재 각 그림을 위작해 줄 것을 부탁한 바 없다.",
            "(이하 위 그림을 통틀어 이 사건 각 그림 이라 한다.)",
            "(그림별로 J, NO.79017.은 AS79017, J NO.790287.은 AS790287, J NO.79039.는 AS79039, J NO.790514.는 AS790514, J NO.780314는 AS780314, W NO.78249.는 AT78249, W N0.780207.은 AT780207, J, NO.780257은 AS780257, J, no78049는 AS78049 라 하며, 다른 그림들도 같은 방식으로 특정하기로 한다)"
        ]
    },
    "facts": {
        "bsisFacts": [
            "피고인 B는 0000 K에서 \"L 갤러리\"를 운영하는 화상이자 서양화가이고, 피고인 A은 대학에서 미술학을 전공하고 상업화가로 활동하는 사람이며, M은 0000 N에서 O갤러리를 운영하는 화상이다.",
            "피고인 B는 P 화가의 'Q', 'R' 작품이 단색화 열풍을 타고 고가에 거래되자 진품을 모작한 후 P 화가 고유의 서명을 위조하여 판매할 것을 마음먹고, 2012년 가을 경 피고인 A에게 'P 화백의 작품을 모사하여 만들어주면 판매는 내가 책임지겠다. 그림 값은 평소 내 그림의 작업을 보조해 주면서 받던 것보다 많이 지불하겠다'는 제안을 하고, 피고인 A은 위 제안을 승낙하였다.",
            "이어 피고인 A은 2012년 가을경 0000 소재 0000, 0000, 0000 등에서 P 그림을 그리는데 필요한 캔버스, 나무틀, 염료, 돌가루(알루미나), 목재용 0 등을 구입하고, 2012년 가을경부터 2014년 여름경까지 0000 S에 있는 컨테이너 작업장과 T 1층에 마련한 작업장에서, 위와 같이 준비한 캔버스 위에 돌가루와 청색계 염료, 알코올, 본드 등을 이용하여 P 화백의 Q, R 그림과 비슷한 내용의 그림을 그렸다.",
            "그러한 다음, 붓을 이용하여 캔버스 앞면 하단에 U 79 라고 기재하고, 유성펜을 이용하여 캔버스 뒷면에 J, NO.79017. V 이라는 P의 서명을 기재하였다.",
            "이를 비롯하여 피고인 A은 위와 같은 방법으로 P 화백의 그림을 모사한 후 캔버스 앞면에 U 79, 뒷면에 각 J NO.790287. V, J NO.79039. V, J NO.790514. V, 앞면에 U 78 뒷면에 각 J NO.780314. V, W NO.78249. V, W N0.780207. V 라는 P의 서명을 기재하였다.",
            "이로써 피고인들은 공모하여 행사할 목적으로 2012년 가을경부터 2014년 여름경까지 P 화백의 그림 7점을 모작하고, 위와 같이 P의 사서명 14점을 위조하였다.",
            "피고인 B는 위와 같이 A과 불상자로부터 건네받은 P 화백의 위작을 자신의 주거지와 A의 컨테이너 옆에 마련한 창고 등에 보관하던 중 M에게 그림을 건네주며 그 판매를 위탁하였고, M은 피고인 B가 위와 같은 위작 관여 전과 등으로 이미지가 좋지 않다는 이유로 그림 판매와 관련된 그림 전달 및 연락 등의 역할을 C이 담당하도록 하고 피고인 B로부터 받은 그림을 판매하였다.",
            "또한 피고인 B는 위와 같이 위작작품을 판매함에 있어 피고인 B가 그림 소장자인 것이 밝혀지면 그 그림이 가짜인 것으로 의심을 받게 되어 거래가 원활하지 않을 것을 우려하여 M과 함께 그림의 소장자로 X 재단에 속한 Y명불상 회장이 소장하고 있는 것으로 그림의 출처를 허위로 만들기로 하였다.",
            "M은 2015. 6. 17. 0000 Z에 있는 O갤러리에서 피해자 AA에게 P 화백의 위작 R No.790514를 판매하면서 P 화백이 직접 그리고 서명한 작품으로 제시하고 설명하여 이를 믿은 피해자로부터 그림 대금 명목으로 2015. 6. 17. 6억 5,000만 원을 교부받았다.",
            "이로써 피고인 B는 P 화백의 서명이 위조된 그림 1점을 그 사실을 모르는 매수인인 피해자에게 제시하여 이를 행사하고, 피해자로부터 6억 5,000만 원을 교부받아 편취하였다.",
            "피고인 B는 0000 K에서 \"L 갤러리\"를 운영하는 화상이고, 피고인 A은 상업화가로 활동하는 사람이고, M은 0000 N에서 \"O갤러리\"를 운영하는 화상이다.",
            "피고인 B는 P 화가의 Q, R 작품이 단색화 열풍을 타고 고가에 거래되자 진품을 모작한 후 P 화가 고유의 서명을 위조하여 판매할 것을 마음먹고, 2012년 가을경 피고인 A에게 'P 화백의 작품을 모사하여 만들어주면 판매는 내가 책임지겠다. 그림 값은 평소 내 그림의 작업을 보조해 주면서 받던 것보다 많이 지불하겠다.'는 제안을 하고, 피고인 A은 위 제안을 승낙하였다.",
            "이어 피고인 A은 2012년 가을경 0000 소재 0000, 0000, 0000 등에서 P 그림을 그리는데 필요한 캔버스, 나무틀, 염료, 돌가루(알루미나), 목재용 0 등을 구입하고, 2012년 가을경부터 2013. 2. 7.경 사이에 0000 S에 있는 컨테이너 작업장, T 1층에 마련한 작업장에서, 위와 같이 준비한 캔버스 위에 돌가루와 청색계 염료, 알코올, 0 등을 이용하여 P 화백의 'R' 그림과 비슷한 내용의 그림을 그렸다.",
            "그러한 다음, 붓을 이용하여 캔버스 앞면 하단에 \"U 78\"라고 기재하고, 0을 이용하여 캔버스 뒷면에 \"J, NO.780257. V\" 이라는 P의 서명을 기재하였고, 이를 비롯하여 피고인 A은 위와 같은 방법으로 2012. 가을경부터 2013. 12. 16.경 사이에 P 화백의 그림을 모사한 후 캔버스 앞면에 \"U 78\", 뒷면에 \"J, no78049, V\" 이라는 P의 서명을 기재하였다.",
            "이로써 피고인들은 공모하여 위와 같이 행사할 목적으로 P 화백의 그림 2점을 모작하고 위 그림에 P의 사서명 4점을 위조하였다.",
            "피고인 B는 2012년 가을경에서 2013. 2. 7.경 사이에 위와 같이 피고인 A이 위작한 P 화백의 그림을 M에게 건네주며 그 판매를 위탁하였다.",
            "이에 따라 M은 2013. 2. 7. 0000 AB에 있는 피해자(주)AC 사무실에서, 피해 000 이사인 AD에게 P 화백의 위작 'J, NO.780257. V'를 판매하면서 P 화백이 직접 그리고 서명한 작품으로 제시하고 설명하여 이를 믿은 피해자(주)AC로부터 그림대금 명목으로 2013. 2. 7. 4억 원, 2013. 2. 15. 4억 5,000만 원 합계 8억 5,000만 원을 M 명의의 000 계좌로 송금받았다.",
            "피고인들은 공모하여 위와 같이 P 화백의 서명이 위조된 그림 1점을 그 사실을 모르는 AD에게 제시하여 행사하고, 이에 속은 피해 000로부터 합계 8억 5,000만 원을 편취하였다.",
            "피고인 B는 위와 같이 피고인 A이 위작한 P 화백의 그림을 M에게 그 판매를 위탁하였고, M은 2013. 9.경 피고인 B가 위와 같은 위작 관여 전과 등으로 이미지가 좋지 않다는 이유로 그림 판매와 관련된 가격 조율, 그림 전달 및 연락 등의 역할을 C이 담당하도록 하고 피고인 B 및 C으로부터 받은 그림을 판매하였다.",
            "또한 피고인들은 2013. 10.경 피고인 B가 그림 소장자인 것이 밝혀지면 그 그림이 가짜인 것으로 의심을 받게 되어 거래가 원활하지 않을 것을 우려하여, M과 함께 그림의 소장자로 X 재단에 속한 Y 명불상 회장이 소장하고 있는 것으로 그림의 출처를 허위로 만들기로 하였다.",
            "이에 따라 M은 2013. 12. 16. 피해자(주)AC 사무실에서, 피해 000 이사인 AD에게 P 화백의 위작 J, no78049, V를 판매하면서 마치 X 재단에 속한 Y 명불상의 회장이 소장하고 있는 P 화백이 직접 그리고 서명한 작품인 것처럼 제시하고 설명하였다.",
            "이에 속은 피해자(주)AC로부터 그림대금 명목으로 2013. 12. 16. 5억 원, 2013. 12. 30. 5억 5,000만 원 합계 10억 5,000만 원을 M 명의의 000 계좌로 송금받았고, 피고인들은 공모하여 P 화백의 서명이 위조된 그림 1점을 그 사실을 모르는 AD에게 제시하여 행사하고, 피해 000로부터 합계 10억 5,000만 원을 편취하였다."
        ]
    },
    "dcss": {
        "courtDcss": [
            "위 각 거시 증거 등에 의하여 인정할 수 있는 다음과 같은 사정들에 비추어 보면, 피고인 A이 P의 그림인 Q 또는 R 위작 수십여 점을 제작하고 각 그림별로 P의 서명을 위조한 다음 이를 피고인 B에게 전달하였고, 이 사건 각 그림은 위와 같이 피고인 A이 제작한 P 그림 위작들 중 일부인 사실을 충분히 인정할 수 있고, 따라서 피고인 B와 그 변호인들의 주장은 받아들일 수 없다.",
            "P은 수사기관에서 이 사건 각 그림 중 AS79017, AS790287, AS780314, AS79039, AT78249, AT780207, AS790514 그림을 포함한 13점의 그림을 선면한 뒤 위 각 그림 전부가 자신이 직접 그린 진품이라고 진술하였으나 이러한 진술 부분은 위 2항에서 본 감정 결과 및 피해자(주)AC와 P의 관계, 아래와 같은 추가적 사정들에 비추어 믿기 어렵다.",
            "P은 2016. 6. 27. 및 같은 달 29일 2차례에 걸쳐 위 13점의 그림을 직접 감정하였고, 그런데 P은 1차 감정 당시에는 13점의 그림들에 대하여 별다른 확인 작업없이 문제없다 는 취지로 이야기하다가 경찰이 다른 위조 작가인 BA의 위작 재연 동영상을 시청하게 하고 P의 작품과의 차이점에 대해 설명을 하자 '판단이 안 가네'라고 말하며 진위 여부 판단을 유보하였다(2016고합1355호 수사기록 6권 6035, 6068면).",
            "그러나 P은 2차 감정 때에는 아무런 사정 변경이 없음에도 13점 전부에 대하여 자신의 그림 특유의 리듬과 호흡이 느껴진다 고 하면서 13점 전부가 진품이라고 진술하기도 하는 등(2016고합1355호 수사기록 6권 6174면) 감정 과정에서 일관되지 못한 태도를 보였다.",
            "P은 1차 감정 당시 각 그림을 1분도 채 보지 않고 그림의 전면만 보고서 문제 없는 그림이다 라고 진술하며 그림의 뒷면 서명, 캔버스, 기타 재료 등은 볼 필요도 없다고 진술하였는데(2016고합1355호 수사기록 3권 3555면), Q와 R의 그림 형태 등에 비추어 보면 단시간의 육안 감정만으로는 아무리 작가 본인이라 하더라도 진품인지 여부를 알아보기는 어려울 것으로 보인다.",
            "P은 작품에 유리가루를 넣은 사실이 없다고 일관되게 진술하고 있고, 그럼에도 경찰 진술 당시 경찰이 위작 중 일부에서 유리가루 성분이 나온 사실을 알려주며 직접 제작한 그림이 맞는지 물어보는 질문에 \"유리가루는 뭔지 모르겠고, 제가 그린 그림이 맞습니다.\"라고 진술하는 등 과학적 감정 결과에 반하는 진술을 하기도 하였다.",
            "P은 1차 감정 당시 자신이 사용하던 안료를 찾아 확인해보겠다며 감정 결론을 내리는 것을 보류하였음에도 2차 감정 때까지 안료에 대한 확인도 하지 않고 자신의 그림이 등록된 카탈로그를 보고 왔다고 하면서 생존 작가가 진품이라고 하는데 무엇이 더 필요하냐는 식으로 주장을 하기도 하였다.",
            "P은 위 13점의 그림 전부가 70년대 후반에 그린 진품들이라고 주장하나 위 그림 중 1점인 AT78249 그림의 캔버스 천 뒷면에는 BB 라는 도장이 찍혀 있는데, 이는 AO가 2대째 운영하는 BC에서 제작한 캔버스의 고유한 표식으로 위 캔버스는 2005년 이후에 제작된 것이다. 그리고 위 캔버스는 피고인 A이 거래하던 AU화방에서 판매하던 것이다.",
            "피고인 B는 이 사건 각 그림이 모두 진품이라고 주장하면서도 그 출처에 관하여는 처인 C 부친 또는 외삼촌 소유의 그림이라고 하였다가 자신이 1997년경 BD이라는 중간 상인에게 수표와 현금 3억 원 및 BE 100호 족자 그림 7개를 주고 P 그림 40~50여 점을 교환한 것이라고 하는 등 그 진술에 일관성이 없다.",
            "또한 피고인 B는 자신이 집에 소지하고 있던 수표와 현금 3억 원으로 거래했기 때문에 이를 증빙할 수 있는 거래 내역이 없다고 주장하고 있는바, 3억 원의 보관 방식이나 고액의 금액이 오가는 거래에서 계좌거래내역 뿐만 아니라 영수증 등 그 거래 내역을 증빙할 수 있는 자료가 하나도 없는 점 등에 비추어 그 진술의 설득력이 떨어진다.",
            "피고인 B는 2013. 9. 7.경 M에게 P 그림 6점과 P 그림 목록이 기재된 메모지 1장을 사진으로 찍어 메시지로 전송하였는데, 위 그림을 찍은 배경은 피고인 A이 당시 타고 다니던 검정색 0 차량 앞 또는 피고인 A이 작업실로 사용한 컨테이너와 유사해 보인다(2016고합1255호 수사기록 4권 4467~44기면).",
            "피고인 B는 이에 대하여 처음에는 자신의 집 마당 앞에 놓고 찍은 사진이라고 진술하다가(2016고합1255호 수사기록 2권 1054면) 추후에 위와 같은 사실을 근거로 다시 이에 대해 질문하자 사진 찍을 곳이 마땅치 않아서 원래 보관 중이던 장인 BF의 집에서 그림을 가지고 나와 피고인 A의 작업실 앞에서 촬영한 것이라고 진술하는 등 그 진술에 일관성이 없다(2016고합1255호 수사기록 6권 5550면).",
            "오히려 위 사진이 피고인 A의 작업실인 0000 S에 있는 컨테이너 앞에서 촬영된 점에 비추어 보면 이는 피고인 A이 P 그림을 위작하였다는 피고인 A의 진술에 부합한다.",
            "M은 다이어리에 0000 S,(P 창고 찾기) 라는 메모를 기재해 두었는데(2016고합1255호 수사기록 4권 4036면), 이에 관하여 M은 수사기관 및 이 법정에서 피고인 B로부터 배송 받은 작품의 배송지의 주소가 위 주소로 되어 있어 호기심과 장삿속에 한 번 그 근방을 찾아가보기도 하였다고 진술하였고, 이러한 M의 메모와 진술은 피고인 A의 진술에 부합하고 피고인 B의 진술에 배치된다.",
            "피고인 B는 피고인 A이 P 그림을 위작하여 다른 곳에 판매한 후 거액의 이득을 챙겼으나 이 범행을 숨기기 위해 피고인 B가 가지고 있었던 이 사건 각 그림을 위작으로 몰아간다는 취지로 주장하지만, 피고인 A이 다른 범행을 숨기기 위하여 이 사건 범행을 저지르지도 않았으면서 자백한다는 것은 경험칙상 이례적이다.",
            "다른 범행을 숨기기 위하여 이 사건 범행을 허위 자백하려면은 피고인 B가 가지고 있던 이 사건 각 그림 역시 위작이라는 확신이 있어야 자신의 진술의 신빙성이 인정되어 그 목적을 달성할 수 있을 것인데, 만일 자신이 위작한 것이 아니라면 피고인 A으로서는 이 사건 각 그림이 위작인지 여부를 확신할 수 없을 것임에도 이러한 위험을 감수한 채 허위로 자백한다는 것은 쉽게 납득하기 어렵다."
        ]
    },
    "close": {
        "cnclsns": [
            "따라서 피고인 C에 대한 이 사건 공소사실은 모두 범죄의 증명이 없는 때에 해당하므로 형사소송법 제325조 후단에 의하여 피고인 C에게 무죄를 선고한다.",
            "피고인 A을 징역 3년에, 피고인 B를 징역 7년에 각 처한다.",
            "피고인 B에 대한 2014. 7. 1.자, 2014. 11. 17.자, 2015. 9. 8.자 각 위조사서명행사 및 각 특정경제범죄가중처벌등에관한법률위반(사기)의 점은 각 무죄.",
            "피고인 C은 무죄.",
            "압수된 증 제1, 2, 3, 4, 13, 37호(서울중앙지방검찰청 2016압제7074호), 증 제1호(서울중앙지방검찰청 2017압제1244호), 2017고합366호 사건 판시 J, NO.780257 그림 중 각 위조사서명 부분을 각 폐기한다."
        ]
    }
}