{
    "info": {
        "caseField": "2",
        "detailField": "6",
        "trailField": "1",
        "caseNm": "특정경제범죄가중처벌등에관한법률위반(사기), 사기",
        "courtNm": "서울중앙지방법원",
        "judmnAdjuDe": "2017. 07. 06.",
        "caseNo": "2017고합93",
        "relateLaword": [
            "구 특정경제범죄 가중처벌 등에 관한 법률(2016. 1. 6. 법률 제13719호로 개정되기 전의 것, 이하 같다) 제3조",
            "형법 제347조",
            "형법 제30조",
            "형법 제37조",
            "형법 제 38조",
            "형법 제50조",
            "형법 제53조",
            "형법 제55조"
        ],
        "qotatPrcdnt": [
            "대법원 2008. 9. 11. 선고 2007도6706 판결",
            "대법원 2013. 8. 23. 선고 2013도5080 판결"
        ]
    },
    "concerned": {
        "acusr": "4",
        "dedat": "1"
    },
    "org": {
        "orgJdgmnCourtNm": "",
        "orgJdgmnAdjuDe": "",
        "orgJdgmnCaseNo": ""
    },
    "disposal": {
        "disposalform": "6",
        "disposalcontent": [
            "피고인을 징역 1년 6월에 처한다."
        ]
    },
    "mentionedItems": {
        "rqestObjet": [
            "피고인은 C. F, E, D 등과 공모하여 허위 작성한 재무제표를 금융기관에 제출하는 방법으로 법인카드를 발급받아 사용하고도 그 대금합계 126,597,081원을 결제하지 않아 같은 금액 상당의 재산상 이익을 취득하였다.",
            "피고인은 C, D, E, F 등과 공모하여 허위 작성한 재무제표를 금융기관에 제출하는 방법으로 피해자 기업은행의 담당자를 기망하여 대출금 명목으로 149,925,000원을 편취하였다.",
            "피고인은 C, D, E, F 등과 공모하여 허위 작성한 재무제표를 금융기관에 제출하는 방법으로 피해자 기업은행의 담당자를 기망하여 대출금 명목으로 149,925,000원을 편취하였다.",
            "피고인은 C, D, E, F 등과 공모하여 허위 작성한 재무제표를 금융기관에 제출하는 방법으로 피해자 기업은행 담당자를 기망하여 수입대금 미화 50만 달러(약 547,500,000원) 상당의 재산상 이익을 취득하였다."
        ]
    },
    "assrs": {
        "acusrAssrs": [],
        "dedatAssrs": [
            "피고인이 2014.12.1.경부터 2015.3.26.경까지 G의 대표이사로 재직한 사실, 판시 범죄사실 제1항 기재 법인카드의 발급 신청 및 제2항, 제3항 기재 각 대출 신청을 할 때 피고인이 G의 대표이사로서 대출 신청서에 서명을 한 사실은 인정한다.",
            "그러나 피고인은 각종 서류에 서명,날인을 한 외에 D, C 등의 범행에 추가로 관여한 부분이 없으므로 C 등의 편취 범행에 대하여 피고인은 공동정범의 기능적 행위지배가 없다.",
            "피고인은 피고인 딸의 남자친구였던 D로부터 '신규로 회사를 운영하려는데 이를 맡아 줄 믿을 만한 사람이 필요하다.실제 운영은 D이 할 것이니 D을 도와주면 승용차와 1억 원을 제공하겠다'는 취지의 제안을 받아 정상적인 회사의 업무를 수행할 의사로 G의 대표이사직을 수락하고, G의 재무제표 등이 허위라는 것을 알지 못한 00 등의 지시에 따라 대출 신청서 등 서류의 내용에 관하여 잘 알지 못한 채 서명·날인을 해 주었을 뿐이다.",
            "그러므로 사기의 범의가 없었다."
        ]
    },
    "facts": {
        "bsisFacts": [
            "피고인은 C, D, E, F 등과 함께 실 매출이 거의 없는 회사를 인수한 후, 매출규모를 100억 원대로 허위 작성한 재무제표를 금융기관에 제출하는 방법으로 법인카드, 법인 운영자금, 무역거래자금 등 명목의 대출금을 편취하기로 공모하였다.",
            "이에 따라 C은 2014.11.경 실 매출이 거의 없는 주식회사 G(이하 'G' 라 한다)를 1,800만 원 내지 2,000만원에 인수하기로 하였고, 피고인은 D의 소개로 C을 접촉한 후, 실제로는 G를 운영하지 않은데다가 G 자체도 아무런 활동을 하지 않았음에도, 건실한 업체인 것처럼 가장하며 G의 대표인 것처럼 행세하는 대가로 1억 5,000만원 및 O 승용차를 받기로 하였다",
            "그 무렵 F은 위와 같은 공모에 따라, G의 2011년도 매출이 3억 2,300만 원임에도 57억 6,100만 원으로, 2012년도 매출이 4억 4,000만 원임에도 92억 원으로, 2013년도 매출이 746만 원임에도 96억 5,700만 원으로, 2014년의 매출이 4억 9,000만 원임에도 106억 9,900만 원으로 각각 가공한 세무사 H 명의의 재무제표를 작성하여 피고인 등에게 제공하였다.",
            "피고인은 위와 같은 공모내용과 C의 지시에 따라, 2014.12, 초순경부터 2015.1.경까지 사이에 서울 이하 장소를 알 수 없는 곳에서, 피해자 OOO, OOO, OOO, OOO에 G 법인카드 발급을 신청하였다.",
            "F은 위와 같이 G의 허위 재무제표를 만들어주어 위 법인카드 발급신청 시 신용평가 증빙자료로 제출하도록 함으로써 G를 건실한 회사로 믿은 위 은행들로부터 법인카드를 발급받았다.",
            "D과 C, E은 2014.12.15.경부터 2015.5.8.경까지 위 각 법인카드를 사용한 후 피해자 OOO 법인카드 99,998,366원, OOO 법인카드 8,270,650원, OOO 법인카드 10,345,206원, OOO법인카드 7,982,859원, 합계 126,597,081원의 카드대금을 결제하지 않았다.",
            "피고인은 C, D, E 등과 함께 2014.12.9.경 고양시2)에 있는 피해자 OOO에서, 용도를 운영자금 으로 기재한 '중소기업자금대출'을 신청하면서 위와 같이 F이 만들어 준 G의 허위 재무제표를 피해은행에 제출하여, 이에 속은 피해자 OOO의 담당자로부터 2014.12.26.경 대출금 명목으로 G 법인계좌로 149,925,000원을 송금받았다.",
            "피고인은 C, D, E 등과 함께 2015.1.15.경 위 피해자 OOO에서, 용도를 '운영자금'이라고 기재한 '중소기업자금대출'을 신청하면서, F이 작성해 준 G의 허위 재무제표를 제출하여, 이에 속은 피해자 OOO의 담당자로부터 2015.1.15.경 대출금 명목으로 G 법인계좌로 149,925,000원을 송금받았다.",
            "피고인은 I, C, D, E, J 등과 함께 2015.1.경 OOOO G 사무실에서, 은행을 상대로 미화 50만 달러 상당의 알루미늄 수입에 관한 신용장을 개설하고, 은행 해외지점이 신용장의 지불보증 약정 사항에 따라 해외 수출업자에게 그 대금을 지급하더라도 자신들은 국내에서 수입물품만 취득하고 은행에는 대금을 변제하지 않기로 공모하였다.",
            "C은 G 사무실 내에 무역부를 설치하는 등 건실한 회사의 외관을 가장하였고, F은 위와 같이 G의 허위 재무제표를 증빙자료로 작성하여 D과 E 등에게 교부하였다.한편 C이 2015.2.5.경 별건으로 구속되었지만, 피고인, D, E, J 등은 위 계획을 속행하기로 결의하였다.",
            "피고인, D, E, J은 2015.2.19.경 피해자 OOO 담당자로 하여금 알루미늄 수출업체인 스위스 'O'에 미화 50만 달러를 수입대금 명목으로 지급하게 하고 그 대금을 피해자 OOO에 변제하지 않았다."
        ]
    },
    "dcss": {
        "courtDcss": [
            "범죄사실에 대한 해당법조 및 형의 선택: 구 특정경제범죄 가중처벌 등에 관한 법률(2016.1.6.법률 제13719호로 개정되기 전의 것, 이하 같다)제3조 제1항 제2호, 형법 제347조 제1항, 제30조(판시 제3의 점), 각 형법 제347조 제1항, 제30조(판시 제1, 2의 점, 판시 제2의 점은 포괄하여, 징역형 선택)",
            "피고인은 설령 C 등이 G 명의로 금융기관인 피해자들로부터 법인카드를 발급받고 대출금을 지급받기 위하여 재무제표를 허위로 작성하였다는 사실을 알지 못하였다고 하더라도, C 등이 법인카드를 발급받고 대출금을 지급받기 위하여 G의 변제자력에 관한 기망행위를 한다는 사실 자체는 미필적으로나마 인식한 상태에서 이를 용인하는 내심의 의사를 가지고 C 등과 암묵적으로 공모하여 C 등의 편취범행의 주요 부분을 분담하여 실행한 사실을 충분히 인정할 수 있다.",
            "피고인이 신용도가 좋은 여성인 점을 이용하여 G의 대표이사로 대출약정서 등에 서명하지 않았다면, C 등이 유령회사인 G의 명의로 법인카드를 발급받고 대출금을 지급받는 등의 사기 범행을 계획하여 실행할 수 없었을 것이다.",
            "따라서 피고인은 C 등의 사기 범행에 필수적인 행위를 분담하였다.",
            "피고인은 위와 같이 외관상으로도 비정상적인 절차에 의하여 G 대표이사로 취임하였으므로, 취임 당시부터 자신이 G의 정상적인 대표이사가 아니라는 것을 미필적으로나마 알았을 것으로 보인다.",
            "피고인은 같은 수법의 사기 범행에 반복하여 가담하였고, 그로 인한 피해 금액도 합계 9억 원을 초과하는 거액인 점 등 이 사건 각 범행 수법, 범행 횟수 및 피해의 정도 등에 비추어 피고인을 엄히 처벌함이 마땅하다.",
            "피고인이 G의 매출 가공에 관하여 구체적으로 인식하지는 못하였던 것으로 보이는 점, 피고인이 이 사건 범행에 관하여 C 등의 지시를 이행하는 실행행위자로서 범행 전체를 주도하는 정도에는 이르지 아니한 것으로 보이는 점, 피고인이 G의 연대보증인으로서 피해자 OOO, OOO, OOO에 대한 법인카드 사용대금 중 일부를 변제한 점 등을 참작한다.",
            "피고인이 G로부터 지급받은 금원 중 8,900만 원과 G로부터 제공받은 승용차를 반납하여 이 사건 범행의 피해금액에 비하여 피고인이 실질적으로 얻은 이익은 작은 것으로 보이는 점, 피고인은 형사처벌 전력이 없는 점 등을 참작한다."
        ]
    },
    "close": {
        "cnclsns": [
            "피고인을 징역 1년 6월에 처한다."
        ]
    }
}