{
    "info": {
        "caseField": "2",
        "detailField": "6",
        "trailField": "1",
        "caseNm": "살인, 도로교통법 위반",
        "courtNm": "서울중앙지법",
        "judmnAdjuDe": "2012. 07. 18.",
        "caseNo": "2012고합360",
        "relateLaword": [
            "형법 제250조",
            "형법 제307조",
            "형법 제308조",
            "형법 제310조의2",
            "형법 제316조"
        ],
        "qotatPrcdnt": [
            "대법원 2008. 3. 13. 선고 2007도10754 판결",
            "대법원 2011. 5. 26. 선고 2011도1902 판결"
        ]
    },
    "concerned": {
        "acusr": "4",
        "dedat": "1"
    },
    "org": {
        "orgJdgmnCourtNm": "",
        "orgJdgmnAdjuDe": "",
        "orgJdgmnCaseNo": ""
    },
    "disposal": {
        "disposalform": "6",
        "disposalcontent": [
            "피고인을 징역 13년에 처한다."
        ]
    },
    "mentionedItems": {
        "rqestObjet": [
            "피고인을 징역 13년에 처한다."
        ]
    },
    "assrs": {
        "acusrAssrs": [],
        "dedatAssrs": [
            "피고인은 간접증거만으로 유죄를 인정하기 위한 요건이 될 수 없으며, 시체가 발견되지 아니한 상황이기에 범행 전체를 부인한다."
        ]
    },
    "facts": {
        "bsisFacts": [
            "피고인은 동업관계에 있던 피해자로부터 투자금을 갚지 않으면 사기죄로 고소하겠다는 취지의 말을 듣고 격분하여 그의 급소를 가격하여 쓰러뜨린 후, 깊은 구덩이에 밀어 넣은 다음 굴착기를 이용하여 다량의 흙을 부어 묻음으로써 질식사하게 하였다.",
            "피해자의 시체가 발견되지 않았고, 피해자의 평소 생활태도, 가족 관계, 행적 등을 종합할 때 피해자는 일정 시점에 사망하였다고 볼 수 있다.",
            "피고인의 전 동거녀로서 피고인에게서 피해자를 살해하였다는 말을 들었다는 증인의 전문진술은 그 진술이 특히 신빙할 수 있는 상태하에서 행하여진 것으로서 증거능력이 인정된다.",
            "증인의 법정 진술 내용이나 태도, 증인이 피고인 범행을 신고한 경위, 피고인에게서 위와 같은 말을 들은 경위, 피고인에게서 들은 범행 동기 등 제반 사정에 비추어 증인의 진술은 신빙성이 있다.",
            "피고인이 피해자 실종 이후 그의 옷가지 등 소지품을 불태우고, 피고인이 거의 매일 만나는 사이였던 피해자를 실종 이후 전혀 찾지 않았으며, 피고인이 증인에게 범행 사실을 털어놓은 후 증인과 함께 급히 중국으로 떠난 사실을 종합하면 합리적 의심 없이 공소사실이 인정된다."
        ]
    },
    "dcss": {
        "courtDcss": [
            "살인죄 등과 같이 법정형이 무거운 범죄의 경우에도 직접증거 없이 간접증거만으로 유죄를 인정할 수 있다.",
            "피해자의 시체가 발견되지 아니하였더라도 간접증거를 상호 관련하에서 종합적으로 고찰하여 살인죄 공소사실을 인정할 수 있으나, 유죄를 인정할 때에는 공소사실에 대한 관련성이 깊은 간접증거들에 의하여 신중한 판단이 요구된다.",
            "시체가 발견되지 아니한 상황에서 범행 전체를 부인하는 피고인에게 살인죄의 죄책을 인정하기 위해서는 피해자의 사망사실이 추가적, 선결적으로 증명되어야 함은 물론, 그러한 피해자의 사망이 살해의사를 가진 피고인의 행위로 인한 것임이 합리적인 의심의 여지가 없을 정도로 증명되어야 한다."
        ]
    },
    "close": {
        "cnclsns": [
            "증인의 신빙성 있는 전문진술 및 이를 뒷받침하는 여러 간접사실을 종합할 때 공소사실이 합리적 의심 없이 인정된다는 이유로 유죄를 선고하고, 피고인을 징역 13년에 처한다."
        ]
    }
}