{
    "info": {
        "caseField": "2",
        "detailField": "6",
        "trailField": "1",
        "caseNm": "강간",
        "courtNm": "전주지방법원",
        "judmnAdjuDe": "2021. 08. 18.",
        "caseNo": "2021고합125",
        "relateLaword": [
            "형법 제297조",
            "형법 제53조",
            "형법 제55조",
            "형법 제62조",
            "성폭력범죄의 처벌 등에 관한 특례법 제16조",
            "성폭력범죄의 처벌 등에 관한 특례법 제47조",
            "성폭력범죄의 처벌 등에 관한 특례법 제49조",
            "구 아동,청소년의 성보호에 관한 법률(2020. 5. 19. 법률 제17282호로 개정되기 전의 것) 제49조",
            "구 아동,청소년의 성보호에 관한 법률(2020. 5. 19. 법률 제17282호로 개정되기 전의 것) 제50조",
            "구 아동,청소년의 성보호에 관한 법률(2020. 5. 19. 법률 제17282호로 개정되기 전의 것) 제56조",
            "구 장애인복지법(2020. 12. 29. 법률 제17791호로 개정되기 전의 것) 제59조의3",
            "성폭력범죄의 처벌 등에 관한 특례법 제42조",
            "성폭력범죄의 처벌 등에 관한 특례법 제43조"
        ],
        "qotatPrcdnt": []
    },
    "concerned": {
        "acusr": "4",
        "dedat": "1"
    },
    "org": {
        "orgJdgmnCourtNm": "",
        "orgJdgmnAdjuDe": "",
        "orgJdgmnCaseNo": ""
    },
    "disposal": {
        "disposalform": "6",
        "disposalcontent": [
            "피고인을 징역 1년 6월에 처한다.",
            "이 판결 확정일부터 2년간 위 형의 집행을 유예한다.",
            "피고인에게 40시간의 성폭력치료강의 수강을 명한다."
        ]
    },
    "mentionedItems": {
        "rqestObjet": [
            "피고인은 침대에 피해자의 눕히고 자신의 팔과 다리로 피해자의 몸을 누르는 등 반항하지 못하게 한 후 피해자를 1회 간음하여 강간하였다."
        ]
    },
    "assrs": {
        "acusrAssrs": [],
        "dedatAssrs": []
    },
    "facts": {
        "bsisFacts": [
            "피고인은 피해자 B(여, 가명, 20세)와 2016.7.경부터 알고 지내던 사이이다.",
            "피고인은 2020.5.28.15:00경 0000에서 피해자와 술을 마시던 중 피해자를 강간하기로 마음먹고, 그곳에 있는 침대에 피해자를 눕히고 자신의 팔과 다리로 피해자의 몸을 누르는 등 반항하지 못하게 한 후 피해자를 1회 간음하여 강간하였다."
        ]
    },
    "dcss": {
        "courtDcss": [
            "이 사건 범행은 피고인이 피해자와 술을 마시던 중 피해자가 성관계를 거부하는 의사를 명확히 밝혔음에도 불구하고 피해자의 반항을 억압하고 간음한 것으로, 범행 경위 및 방법 등에 비추어 그 죄질이 가볍지 않다.",
            "피고인이 이 사건 범행을 인정하며 잘못을 반성하는 점, 피고인이 피해자와 합의하였고, 이에 피해자가 피고인에 대한 처벌을 원하지 않고 있는 점, 피고인이 이 사건 이전에 형사처벌을 받은 전력이 없는 점 등을 피고인에게 유리한 정상으로 참작하고,  그밖에 피고인의 나이, 성행, 환경, 범행의 경위와 결과, 범행 후의 정황 등 이 사건 기록 및 변론에 나타난 제반 양형조건을 종합하여 주문과 같이 형을 정한다."
        ]
    },
    "close": {
        "cnclsns": [
            "피고인을 징역 1년 6월에 처한다.",
            "다만, 이 판결 확정일부터 2년간 위 형의 집행을 유예한다.",
            "피고인에게 40시간의 성폭력치료강의 수강을 명한다."
        ]
    }
}