{
    "info": {
        "caseField": "2",
        "detailField": "6",
        "trailField": "1",
        "caseNm": "사기, 배상명령",
        "courtNm": "부산지방법원",
        "judmnAdjuDe": "2017. 10. 24.",
        "caseNo": "2015고단4975",
        "relateLaword": [
            "형법 제347조",
            "형법 제30조",
            "형법 제37조",
            "형법 제38조",
            "형법 제50조",
            "형법 제62조",
            "형법 제62조의2",
            "소송촉진 등에 관한 특례법 제32조"
        ],
        "qotatPrcdnt": []
    },
    "concerned": {
        "acusr": "4",
        "dedat": "1"
    },
    "org": {
        "orgJdgmnCourtNm": "",
        "orgJdgmnAdjuDe": "",
        "orgJdgmnCaseNo": ""
    },
    "disposal": {
        "disposalform": "6",
        "disposalcontent": [
            "피고인 A을 징역 3년에 처한다.",
            "피고인 B을 징역 8월에 각 처한다.",
            "피고인 B에 대하여는 2년간 위 형의 집행을 유예한다.",
            "피고인 B에게 120시간의 사회봉사를 명한다.",
            "배상신청인의 배상신청을 각하한다."
        ]
    },
    "mentionedItems": {
        "rqestObjet": [
            "피고인 A은 고객인 I이 보험료를 낼 의사나 능력이 없음에도 보험계약을 정상적으로 체결한 것처럼 피해자를 속이는 등 모두 21회에 걸쳐 비정상적인 보험계약을 체결하고 피해자로부터 50,640,857원을 교부 받았다.",
            "피고인 A은 다른 사람들로부터 계금을 지급할 의사나 능력이 없었음에도 피해자 J를 속여 2회에 걸쳐 합계 275만 원을 송금받았다.",
            "피고인 A은 다른 사람들로부터 계금을 지급할 의사나 능력이 없었음에도 피해자 F를 속여 3회에 걸쳐 합계 975만 원을 송금받았다.",
            "피고인 A은 보험계약자 M가 보험료를 낼 의사나 능력이 없음에도 보험계약을 정상적으로 체결한 것처럼 피해자를 기망하여 총 20회에 걸쳐 합계 180,419,555원을 보험판매수당 명목으로 교부 받았다.",
            "피고인 A은 피해자를 기망하여 피해자로부터 재물을 교부 받았다.",
            "피고인 A은 계를 운영하고 있거나 운영할 계획이 없이 피해자 R를 기망하여 계불입금 명목으로 합계 1,250만 원을 교부 받았다.",
            "피고인 A은 보험계약자 Z 등 8명을 끌어들여 보험료를 낼 의사나 능력이 없음에도 보험계약을 정상적으로 체결한 것처럼 피해자 T, W를 기망하여 보험판매수당 명목으로 각각 재물을 교부 받았다.",
            "피고인 A은 스카우트비를 받더라도 X 사무실에서 3년 동안 보험설계사로 일하여 줄 의사나 능력이 없이 피해자 W를 기망하여 스카우트비 명목으로 32,000,000원을 교부 받았다.",
            "피고인 A은 피해자 W에게 피해자로부터 차용금 채무를 정상적으로 변제할 의사나 능력이 없이 차용금 명목으로 18,000,000원을 교부 받았다.",
            "피고인들은 공모하여 피해자 E를 기망하여 재산상 이익을 취득하였다.",
            "피고인 B은 변제할 의사나 능력이 없이 피해자 AJ에게 차용금 명목으로 1,500만 원을 송금받아 이를 편취하였다."
        ]
    },
    "assrs": {
        "acusrAssrs": [],
        "dedatAssrs": [
            "등기사항 전부증명서 (피고인 B 및 변호인은 L의 실제 운영자는 AE이고, 피고인은 000으로부터 담보제공을 요구받은 적이 없고 AE로부터 이를 전해들었을 뿐이며, A과 공모하여 판시 범죄사실 제8항 기재 범행을 저지르지 않았다고 주장한다.",
            "피고인 B 및 변호인은 피고인이 AI으로부터 500만 원을 빌린 것이지 피해자 AJ으로부터 500만 원을 빌린 것이 아니므로 500만 원 차용금 사기의 점은 사기죄를 구성하지 않는다고 주장한다.",
            "피고인 B 및 변호인은 피고인이 피해자 AJ으로부터 빌린 돈을 갚을 의사와 능력이 있었으므로 사기죄를 구성하지 않는다고 주장한다."
        ]
    },
    "facts": {
        "bsisFacts": [
            "피고인A은 2014.7.경부터 피해자 F 운영의 0000 소재 주식회사 H (이하 'H'이라 한다)보험대리점에서 보험설계사로 근무하던 사람이다.",
            "피고인은 신규보험계약을 유치하고 월보험료가 1회 납부되면 그 다음달에 월보험료의 500 ~ 600 % 를 보험판매수당으로 지급받는 점을 이용하여, 피고인이 보험료를 대납하거나 실적부진을 호소하면서 보험가입을 부탁하여 보험계약을 체결하고 월보험료를 1 ~ 3회 납부한 다음 이후 월보험료 미납 등으로 위 보험계약을 실효케 하는 방법으로 피해자 F를 속이고 보험판매수당을 받기로 마음먹었다.",
            "피고인은 2014.8.18.경 H 보험대리점 사무실에서, 사실 고객인 이 보험료를 낼 의사나 능력이 없어 피고인이 월보험료를 대납하기로 하였음에도, 이를 숨기고 마치 I과 '0 건강보험(월보험료 175, 710원, 000)'이라는 보험계약을 정상적으로 체결한 것처럼 피해자에게 보고하였다.",
            "피고인은 이에 속은 피해자로부터 보험판매수당 명목으로 877, 144원을 교부받은 것을 비롯하여, 2014.8.18.부터 2014.9.30.까지 사이에 별지 범죄일람표1 기재와 같이 모두 21회에 걸쳐 같은 방법으로 비정상적인 보험계약을 체결하고 피해자로부터 50, 640, 857원을 교부받았다.",
            "피고인은 2014.8.중순경 H 보험대리점 사무실에서, 사실은 다른 사람들로부터 계불입금을 납입 받더라도 계금을 지급할 의사나 능력이 없었음에도, 피해자 J, F에게 '매월 250만 원을 계불입금으로 납입하면 계금으로 5,000만 원을 지급하는 아는 사람들끼리 운영하는 계가 있는데, 계에 가입하면 J이 3번째, F가 4번째로 계금을 탈 수 있게 해 주겠다.'라고 거짓말하였다.",
            "피고인은 이에 속은 피해자 J으로부터 피고인 명의의 000 계좌로 2014.8.26.125만원, 2014.9.25.150만 원 등 2회에 걸쳐 합계 275만 원을 송금받고, 피해자 F로부터 같은 000 계좌로 2014.8.27.125만 원, 2014.10, 27.375만 원, 2014.10.28.475만원 등 3회에 걸쳐 합계 975만 원을 송금받았다.",
            "보험계약자 M가 보험료를 납부할 의사나 능력이 없어 피고인이 월 보험료를 대납하기로 했음에도 이를 숨기고 마치 M와 0 종신보험 1종 고급형(월 보험료 1, 264, 200원)을 정상적으로 체결한 것처럼 피해자의 본부장 N에게 보고하였다.",
            "피고인은 이와 같이 피해자를 기망하여 이에 속은 피해자로부터 2013.11.25.경 보험판매 선지급 수당 명목으로 8, 647, 128원을 교부받은 것을 비롯하여 그때부터 2014.4.25.경까지 별지 범죄일람표2 기재와 같이 총 20회에 걸쳐 합계 180, 419, 555원을 보험판매수당 명목으로 교부받았다.",
            "피고인은 2015.8.2.경 0000 소재 피해자 P의 사무실에서 M를 통하여 피해자에게 \"2, 000만 원을 보험회사에 납입하면 2015.8.30.이전에 1억 원 정도 수령할 수 있다.나한테 2, 000만 원을 빌려주면 2015.8.31.까지 이자 포함하여 2, 400만 원을 변제하겠다\" 라고 이야기하였다.",
            "피고인은 이를 믿은 피해자로부터 같은 달 3.경 피고인 명의로 된 000 예금계좌로 2, 000만 원을 송금받았다.그러나 사실은 당시 피고인은 피해자로부터 빌린 돈 중 1, 600만 원은 형사합의금으로, 400만 원은 자신의 어머니가 거주하는 집의 임대보증금으로 사용할 생각이었고, 가사 2, 000만 원을 보험회사에 납입한다고 가정하더라도 1억 원 상당을 수령할 수 없었다.",
            "이로써 피고인은 피해자를 기망하여 피해자로부터 재물을 교부 받았다.",
            "피고인은 2014.7.경 0000에 있는 종합보험대리점 사무실에서 피해자 R에게 1구좌당 250만 원을 불입하는 계모임을 하는데 높은 순번을 주겠으니 계에 가입하여 계불입금을 달라는 취지로 거짓말하였다.",
            "그러나 사실 피고인은 피해자에게 말한 내용의 계를 운영하고 있거나 운영할 계획이 없었고, 채무초과 상태에서 계불입금 명목의 피해금을 받아 개인채무 변제 등에 사용할 생각이었다.",
            "피고인은 이와 같이 피해자를 기망하여 이에 속은 피해자로부터 피고인 명의의 000 계좌를 통하여 계불입금 명목으로 2014.8.26.500만 원, 2014.9.25.500만 원, 2014.10.24.250만 원 합계 1, 250만 원을 교부받았다.",
            "피고인은 Z 등 별지 범죄일람표3에 기재된 보험 가입 명의자 8명을 끌어들여 그들의 명의로 보험계약을 체결하고 1~2회 보험료 납부 후 그 보험계약을 실효시킬 예정이었을 뿐 위 Z 등이 보험료를 정상적으로 납부할 의사나 능력이 없었다.",
            "이로써 피고인은 피해자 T, W을 기망하여 피해자들로부터 각각 재물을 교부 받았다.",
            "피고인은 2015.3.초순경 위 X 사무실에서 피해자 W에게 32,000,000원을 스카우트비로 지급하여 주면 3년 동안 보험설계사로 일을 하여 주겠다라는 취지로 이야기하였다.",
            "피고인은 이를 믿은 피해자로부터 같은 달 6.경 피해자 명의로 된 000 예금계좌로 스카우트비 명목으로 32, 000, 000원을 송금 받았다.",
            "그러나 사실은 당시 피고인은 피해자로부터 위와 같이 스카우트비를 받더라도 위 사무실에서 3년 동안 보험설계사로 일을 하여 줄 의사나 능력이 없었다.",
            "이로써 피고인은 피해자를 기망하여 피해자로부터 재물을 교부 받았다."
        ]
    },
    "dcss": {
        "courtDcss": [
            "피고인은 L의 실운영자로서 000으로부터 추가 담보제공을 요구받고 A과 공모하여 위 범행을 저질렀다고 봄이 타당하므로, 피고인 및 변호인의 위 주장은 받아들이지 아니한다.",
            "피해자가 AI에게 500만 원을 송금한 다음날 피고인은 위 500만 원의 출처가 피해자임을 알고 피해자로부터 1, 000만 원을 빌린 점, 피고인도 수사기관에서 및 제6회 공판기일에 피해자로부터 500만 원을 빌렀음을 인정한 점 등을 종합하면, 피고인이 피해자로부터 500만 원을 빌렸다고 봄이 타당하므로, 피고인 및 변호인의 위 주장도 받아들이지 아니한다.",
            "피고인이 피해자로부터 돈을 빌릴 당시 피고인의 채무액, 피고인이 신용불량자여서 타인 명의의 계좌로 위 각 돈을 송금받은 점 등을 종합하면, 피고인에게 변제의사 및 변제능력이 없었음을 넉넉히 인정할 수 있으므로, 피고인 및 변호인의 위 주장도 받아들이지 아니한다.",
            "피고인 A 잘못을 인정하고 반성하고 있으나, 보험설계사로 오랫동안 근무하면서 간파하게 된 보험금판매수당 지급구조를 악용하여 거액의 보험금판매수당을 편취함으로써 중소보험 회사의 재무구조를 취약하게 만들고, 다액의 계불입금, 차용금, 스카우트비를 편취하고서도 피해 회복이 제대로 이루어지지 않아 죄책이 결코 가볍지 아니하다.",
            "피고인의 연령, 성행, 환경, 범행에 이르게 된 경위, 범행 후의 정황, 범죄전력 등을 종합적으로 고려하여 주문과 같이 형을 정한다.",
            "피고인 B책임을 질 의사나 능력이 없음에도 타인의 재산을 담보제공하게 하고, 변제의사 및 변제능력 없이 금원을 차용하여 죄책이 결코 가볍지 아니하나, 피해자 E과 합의가 이루어져 처벌을 원하지 않고, 피해자 AJ에게 1, 000만 원을 변제한 점, 초범인 점, 그밖에 피고인의 연령, 성행, 환경, 범행에 이르게 된 경위, 범행 후의 정황 등을 종합적으로 고려하여 주문과 같이 형을 정한다."
        ]
    },
    "close": {
        "cnclsns": [
            "피고인 A을 징역 3년에, 피고인 B을 징역 8월에 각 처한다.",
            "다만, 피고인 B에 대하여는 2년간 위 형의 집행을 유예한다.",
            "피고인 B에게 120시간의 사회봉사를 명한다.",
            "배상신청인의 배상신청을 각하한다."
        ]
    }
}