{
    "info": {
        "caseField": "2",
        "detailField": "6",
        "trailField": "1",
        "caseNm": "사기",
        "courtNm": "광주지방법원",
        "judmnAdjuDe": "2014. 01. 28.",
        "caseNo": "2013고정1683",
        "relateLaword": [
            "형법 제347조",
            "형법 제30조",
            "형법 제70조",
            "형법 제69조",
            "형법 제59조"
        ],
        "qotatPrcdnt": []
    },
    "concerned": {
        "acusr": "4",
        "dedat": "1"
    },
    "org": {
        "orgJdgmnCourtNm": "",
        "orgJdgmnAdjuDe": "",
        "orgJdgmnCaseNo": ""
    },
    "disposal": {
        "disposalform": "10",
        "disposalcontent": [
            "피고인에 대한 형의 선고를 유예한다."
        ]
    },
    "mentionedItems": {
        "rqestObjet": [
            "피고인을 벌금 500,000원에 처한다."
        ]
    },
    "assrs": {
        "acusrAssrs": [],
        "dedatAssrs": [
            "피고인 및 변호인은 편취의사가 없다는 취지로 주장한다."
        ]
    },
    "facts": {
        "bsisFacts": [
            "피고인은 전남 C에 거주하며 농업에 종사하는 자, D은 1998. 2. 20.경부터 2010. 3.경까지 광주 서구 E에서 'F'이라는 상호로 저온저장고 설치업체를 운영하던 자이다. ",
            "피해자 장성군에서는 2007년 농산물의 출하시기 조절과 상품성 향상을 통해 농가수입증진이라는 목적으로 \"2007년 농산물 저온저장고사업\"을 시행하였는바, 위 \"2007년 농산물 저온저장고사업\"에서는 농민이 농업용 저온저장고 설치를 희망할 경우 피해자 장성군에서 비용의 40퍼센트를 부담하는 대신 농민은 비용의 60퍼센트의 범위 내에서 자부담금을 납부했다.",
            "보조금을 교부받기 위해서는 보조사업자가 공사업자에게 자부담금을 모두 지급하였다는 증빙서류를 제출하게 되어 있었다.",
            "그런데 보조금을 지원해 주는 피해자 장성군에서는 보조사업자인 농민이 저온저장고를 설치할 경우 농민 자신이 부담해야 할 몫의 돈(일명 '자부담금')을 저온저장고 공사업체에 지급하였다는 사실을 입증하는 자료만 제출받으면 그 자부담금의 출처가 어디인지 확인하지 않고 보조금을 지급해주는 운영상의 문제점이 있었다. ",
            "이러한 제도상의 문제점을 알고 있던 피고인과 D은 보조사업자인 농민이 부담해야할 자부담금 주1) 의 일부를 저온저장고 설치 업체에서 대납해주더라도 그러한 사정을 모르는 피해자 장성군에서 보조금을 지급해 준다는 것을 이용해 금원을 편취하기로 마음 먹었다.",
            "이에 따라 D은 2007. 6.경 5평형(16.53m2)저온저장고를 0000 G에 있는 피고인의 주거지에 설치하여 주고 피고인은 그 설치비용으로10,000,000원을 지급해 주기로 하면서 보조사업자인 피고인이 부담해야 할 금액 6,000,000원을 먼저 D이 대납하여 주고 사후적으로 D이 할인해 준 1,000,000원을 제외한 나머지 5,000,000원만 피고인이 D에게 정산을 해주기로 약정했다.",
            "2007. 10. 16. 0000에 있는 000에서 D은 자신의 000계좌로 6,000,000원을 송금하면서 그 입금자를 'A'이라고 표시하여 마치 피고인이 자부담금 전액을 입금해 준 것처럼 \"농산물소형 저온저장고 설치사업 자부담입금영수증\" 등을 작성하였다.",
            "그 후 D은 2007. 10. 17.경 피고인이 저온저장고 자부담금 6,000,000원을 전액 납부한 것처럼 보조금신청서를 작성해 이를 같은 날 피해자 0000의 담당자에 제출하여 피고인이 자부담금 전액을 납부한 것으로 믿은 피해자 장성군으로부터 2007. 11. 2.경 보조금 명목으로 4,000,000원을 위 한성농업기계의 농협계좌로 송금받았다.",
            "이로써 피고인과 D은 순차 공모하여 위와 같은 방법으로 피해자 0000을 기망하여 보조금 4,000,000원을 교부받아 이를 편취하였다."
        ]
    },
    "dcss": {
        "courtDcss": [
            "보조금을 교부받기 위해서는 보조사업자인 피고인이 공사업자인 D에게 자부담금을 모두 지급하였다는 증빙서류를 제출하게 되어 있는바, 0000 남면장이 2007. 10, 16. 피고인의 농산물저온저장고에 대하여 준공보고서를 작성한 사실(수사기록 379면), 피고인은 2007. 6. 26. D과 농산물저온저장고 설치 공사계약을 체결하고 계약금 90만 원을 지급하였을 뿐이다. ",
            "나머지 자부담금을 지급하지 않으면서 대납을 요청하자, D은 2007. 10. 16, 피고인의 이름으로 D의 계좌로 자부담금 600만 원을 입금한 사실(수사기록 567면, 383면), 피고인이 D에게 보조금 수령권한에 관한 위임장을 작성해 주어 D이 2007. 11. 2. 보조금을 수령한 사실(수사기록 377면)이 있다. ",
            "피고인은 D에게 공사대금과 관련하여 2007. 11. 30. 300만원, 2008. 1. 3. 100만 원을 송금한 사실(수사기록 493면), 피고인은 군청에 제출하는 계약금액 1,000만 원짜리 농산물 저온저장고 설치계약서(안)에 도장을 날인한 사실(수사기록 387면)을 인정할 수 있다.",
            "위 인정사실에 의하면 D은 피고인으로부터 자부담금 중 일부만 지급받았음에도 피고인의 허락 하에 피고인으로부터 자부담금 전액을 지급 받은 것처럼 피해자 0000을 기망하였다고 할 것이므로 피고인 및 변호인의 주장은 받아들이지 아니한다."
        ]
    },
    "close": {
        "cnclsns": [
            "피고인에 대한 형의 선고를 유예한다."
        ]
    }
}