{
    "info": {
        "caseField": "2",
        "detailField": "6",
        "trailField": "1",
        "caseNm": "특수공무집행방해치상, 공용물건손상, 도로교통법위반(음주측정거부)",
        "courtNm": "춘천지방법원",
        "judmnAdjuDe": "2013. 07. 18.",
        "caseNo": "2013고합58",
        "relateLaword": [
            "형법 제144조",
            "형법 제136조",
            "형법 제141조",
            "도로교통법 제148조의2",
            "도로교통법 제44조",
            "형법 제40조",
            "형법 제50조",
            "형법 제37조",
            "형법 제38조",
            "형법 제53조",
            "형법 제55조",
            "형법 제62조",
            "보호관찰 등에 관한 법률 제59조",
            "형법 제62조의2"
        ],
        "qotatPrcdnt": []
    },
    "concerned": {
        "acusr": "4",
        "dedat": "1"
    },
    "org": {
        "orgJdgmnCourtNm": "",
        "orgJdgmnAdjuDe": "",
        "orgJdgmnCaseNo": ""
    },
    "disposal": {
        "disposalform": "8",
        "disposalcontent": [
            "피고인을 징역 2년에 처한다.",
            "다만, 이 판결 확정일부터 3년간 위 형의 집행을 유예한다.",
            "피고인에 대하여 2년간 보호관찰을 받을 것과 80시간의 사회봉사를 각 명한다."
        ]
    },
    "mentionedItems": {
        "rqestObjet": [
            ".피고인을 징역 2년에 처한다. ",
            "다만, 이 판결 확정일부터 3년간 위 형의 집행을 유예한다. ",
            "피고인에 대하여 2년간 보호관찰을 받을 것과 80시간의 사회봉사를 각 명한다. "
        ]
    },
    "assrs": {
        "acusrAssrs": [],
        "dedatAssrs": []
    },
    "facts": {
        "bsisFacts": [
            "피고인은 2013.2.17.23:41경 0000에 있는 00000 정문 앞 도로에서 부친 소유의 C 0 승용차를 운전하다가 음주단속을 하고 있는 춘천경찰서 D지구 대 소속 E으로부터 정지명령을 받고도 이를 무시하고 같은 동에 있는 0 먹자골목 방향으로 진행했다.",
            "근방에서 이를 목격하고 뒤쫓아 온 같은 지구대 소속 경사 피해자 F(43세)로부터 같은 날 23:45경 같은 동에 있는 0 앞 도로에서 하차 요구를 받자, 음주단속을 피하고자 운전석 문이 열린 채로 차를 진행하다가 운전석 문으로 피해자의 왼쪽 팔 부분을 충격하여 피해자에게 약 2주간의 치료가 필요한 좌측 어깨관절의 염좌 및 긴장 등의 상해를 입게 하였다.",
            "이로써 피고인은 위험한 물건인 자동차를 휴대하여 경찰관의 음주단속에 관한 정당한 직무집행을 방해하여 공무원을 상해에 이르게 하였다.",
            "피고인은 위 제1항과 같이 음주단속을 피하기 위해 계속하여 도주하다가 같은 날 23:47경 같은 동에 있는 000 앞 사거리에서 G 순찰차를 타고 피고인의 차를 뒤 쫓아 온 춘천경찰서 D지구대 소속 경위 피해자 H(43세)에게 제지를 받았다.",
            "피고인은 좌회전을 기다리는 앞 차량들 때문에 더 이상 같은 방향으로 도주가 불가능한 상황에 이르자 위 순찰차의 뒤로 돌아 우측으로 도주하기 위하여 갑자기 핸들을 오른쪽으로 꺾어 진행하다가 피고인이 운전하는 승용차의 오른쪽 앞바퀴 부분으로 위 순찰차의 왼쪽 뒤 문짝과 펜더 부분을 충격하여 위 순찰차에 수리비 469,509원을 요하는 손상을 가했다.",
            "동시에 위 순찰차에 타고 있던 위 피해자에게 약 2주간의 치료가 필요한 목뼈의 염좌 및 긴장 등의 상해를 입게 하였다.",
            "이로써 피고인은 피고인이 운전하던 승용차로 공무소에서 사용하는 순찰차를 충격하여 공용물건을 손상하는 동시에 위험한 물건인 자동차를 휴대하여 경찰관의 음주단속에 관한 정당한 직무집행을 방해하여 공무원을 상해에 이르게 하였다.",
            "피고인은 2013.2.17.23:47 경 0000에 있는 000 앞 사거리에서 위 H로부터 단속을 당한 후 같은 동에 있는 0 화원 앞 도로에 이르기까지 임의동행에 응한뒤다.",
            "그 자리에서 같은 날 23:55경부터 다음 날 00:34경까지 약 39분여에 걸쳐 위 H, F로부터 피고인에게서 술 냄새가 나고 얼굴에 홍조를 띠는 등 술에 취한 상태에서 운전하였다고 인정할 만한 상당한 이유가 있어 4회에 걸쳐 음주측정기에 입김을 불어 넣는 방법으로 음주측정에 응할 것을 요구받았다.",
            "그럼에도 피고인은 음주측정기에 입김을 불어넣지 않고 이를 회피하여 정당한 사유 없이 경찰공무원의 음주측정 요구에 응하지 아니하였다."
        ]
    },
    "dcss": {
        "courtDcss": [
            "피고인은 도로교통법위반(음주운전)죄로 처벌받은 전력이 있음에도 재차 음주운전을 한 후 경찰관의 음주측정에 불응하고, 경찰관들의 음주측정 직무집행을 방해하여 경찰 관들에게 상해까지 입게 하였으므로 비난가능성이 적지 않다.",
            "다만, 피고인이 범행을 자백하고 반성하고 있는 점, 피고인이 2007년경 음주운전으로 벌금 150만원의 형사처벌을 받은 것 외에는 형사처벌을 받은 전력이 없는 점, 가해 차량이 자동차종합보험에 가입되어 있는 점, 피해자들의 피해 정도가 비교적 중하지 않은 점, 피고인이 피해자들을 위하여 각 50만원을 공탁한 점, 그밖에 피고인의 연령, 성행, 환경 등 양형의 조건이 되는 제반사정을 참작하여 주문과 같이 형을 정한다."
        ]
    },
    "close": {
        "cnclsns": [
            "피고인을 징역 2년에 처한다.",
            "다만, 이 판결 확정일부터 3년간 위 형의 집행을 유예한다.",
            "피고인에 대하여 2년간 보호관찰을 받을 것과 80시간의 사회봉사를 각 명한다."
        ]
    }
}