{
    "info": {
        "caseField": "2",
        "detailField": "6",
        "trailField": "1",
        "caseNm": " 특정경제범죄가중처벌등에관한법률위반(사기)",
        "courtNm": "서울중앙지방법원",
        "judmnAdjuDe": "2017. 07. 25.",
        "caseNo": "2017고합379",
        "relateLaword": [
            "형법 제347조",
            "형법 제37조",
            "형법 제39조",
            "형법 제38조",
            "형법 제50조"
        ],
        "qotatPrcdnt": []
    },
    "concerned": {
        "acusr": "4",
        "dedat": "1"
    },
    "org": {
        "orgJdgmnCourtNm": "",
        "orgJdgmnAdjuDe": "",
        "orgJdgmnCaseNo": ""
    },
    "disposal": {
        "disposalform": "6",
        "disposalcontent": [
            "피고인을 징역 2년에 처한다."
        ]
    },
    "mentionedItems": {
        "rqestObjet": [
            "피고인을 징역 2년에 처한다."
        ]
    },
    "assrs": {
        "acusrAssrs": [],
        "dedatAssrs": [
            "범죄사실 제1항에 관하여, 피고인은 피해자에게 C의 실제 운영자 E을 소개해준 것에 불과하고, E의 설명을 들은 피해자가 직접 C에 투자한 것이므로, 피고인이 피해자를 기망한 사실이 없다.",
            "범죄사실 제2항 중 범죄일람표 순번 1 내지 3번 기재 금원에 관하여, 피고인은 피해자에게 투자처에 관하여 설명을 한 다음 피해자의 동의를 얻어 투자한 것이므로, 피고인이 피해자를 기망한 사실이 없다.",
            "범죄사실 제2항 중 범죄일람표 순번 4번 기재 금원에 관하여, 피해자는 피고인의 설명을 듣고 C의 재정 상황을 잘 알면서 피고인에게 위 금원을 대여해 준 것이므로 피고인이 피해자를 기망하지 않았고, 피고인은 C를 운영하며 수익이 날 경우 차용금을 변제하려 하였으므로 피고인에게 편취의 범의가 없다."
        ]
    },
    "facts": {
        "bsisFacts": [
            "피고인은 2016. 11. 25. 의정부지방법원에서 근로기준법위반죄 등으로 징역 5개월, 집행유예 1년을 선고받고 2016. 12. 3. 그 판결이 확정되었다.",
            "피고인은 2012. 7.경부터 캠핑용 돔하우스 등을 시공하는 주식회사 C(대표이사 D, 이하 C라고 한다)의 실제 경영자인 E과 상의하여 피고인이 C의 운영자금 등을 부담하고 C의 경영에 참여하려고 하였으나, 자금을 확보하기 어려워지자 평소 알고 지내던 피해자 F을 기망하여 금원을 편취하기로 마음먹었다.",
            "피고인은 2012. 10. 16.경 0000에 있는 피해자의 집에서 피해자에게, 선생님이 1억 원을 C에 투자하시면 4개월 후에 수익금 2,000만 원과 원금 1억 원을 변제하겠다.라는 취지로 말하였다.",
            "피고인은 위와 같이 피해자를 기망하여 이에 속은 피해자로 하여금 같은 날 투자금 명목으로 C 명의의 000 계좌로 1억 원을 송금하게 함으로써 C가 1억 원을 교부받게 하였다.",
            "피고인은 2012. 11. 20.경 제1항 기재 장소에서 피해자에게, '선생님이 2억 원을 빌려주시면 월 이자 5%를 계산하여 지급하고, 차용일로부터 4개월 후에 원금을 변제하겠다.'라는 취지로 말하였다.",
            "피고인은 위와 같이 피해자를 기망하여 같은 날 이에 속은 피해자로부터 피고인이 관리하던 피고인의 처 H가 개설한 H I 명의의 000 계좌로 2억 원을 송금받아 편취한 것을 비롯하여, 별지 범죄일람표 기재와 같이 2013. 7. 1.경까지 총 4회에 걸쳐 합계 4억 4,000만 원을 편취하였다."
        ]
    },
    "dcss": {
        "courtDcss": [
            "범죄사실에 대한 해당법조 및 형의 선택: 형법 제347조 제2항, 제1항(제3자 재산상 이익 취득 사기의 점, 징역형 선택), 형법 제347조 제1항(사기의 점, 포괄하여, 징역형 선택)",
            "피해자로부터 투자금 내지 차용금을 송금받을 당시 피고인은 C 운영 및 다른 투자처에 대한 투자 수익으로는 피해자에게 투자금 내지 차용금을 반환하기 힘들다는 사정을 충분히 인식 또는 예견하였다고 봄이 상당하므로, 피고인이 편취 범의를 가지고 피해자를 기망한 사실이 넉넉히 인정된다.",
            "피고인의 주장과는 달리 피고인은 단순히 피해자에게 E을 소개시켜준 것에 불과한 것이 아니라, 피고인의 주도 하에 C와 피해자 사이의 위 투자계약이 체결된 것으로 봄이 타당하다.",
            "피고인이 피해자로부터 송금받은 범죄사실 제2항 중 범죄일람표 순번 1 내지 3번 기재 금원은 그 성격이 차용금이라고 봄이 타당하다.",
            "C의 재정 및 경영상태가 정상적인 수익을 기대하기 힘들 정도의 상태였음에도 불구하고 피고인은 피해자에게 이에 관하여 정확하게 고지하지 아니한 채 막연하게 C 운영을 통한 수익을 기대하고 피해자로부터 투자금 내지 차용금을 송금받았다.",
            "J이 추진하던 건해삼 사업의 경우도 피고인이 투자할 당시에는 사업을 추진하던 단계에 불과하였고, 이후 J 등은 피고인이 투자한 금원으로 필리핀에 방문하여 건해삼 샘플을 만드는 정도에 그쳤고 그로 인한 아무런 수익도 발생하지 아니하였으며 회수된 투자금 역시 없다.",
            "이 사건 범행은 피고인이 C의 재정적 기반이 매우 취약하다는 사정 등을 피해자에게 고지하지 아니한 채 확실한 수익 및 원금 반환을 보장할 것처럼 피해자를 기망하여 피해자로부터 투자금 내지 차용금 명목 등으로 총 5억 4,000만 원을 편취한 것으로 피해금액, 편취방법 등에 비추어 그 죄질이 매우 불량하다.",
            "그럼에도 피고인은 범행을 부인하며 자신의 잘못을 뉘우치는 태도를 보이지 않고 있고, 범행 후 4년이 지난 지금까지 피해자의 손해를 전혀 배상하지 못하고 있다.",
            "피고인은 이 사건 범행으로 인하여 취득한 금원을 C의 운영자금 및 다른 투자처의 투자에 사용하였고, 이를 개인적으로 유용한 것으로 보이지는 않는다.",
            "피고인에게 피해자로부터 투자금 내지 차용금을 확정적으로 편취할 의사가 있었다기 보다는 피고인 역시 C의 재정상황이 나아지리라는 막연한 기대를 가지고 미필적 고의로 이 사건 범행에 이르게 된 것으로 보인다.",
            "피고인이 동종범죄로 처벌받은 전력이 없고, 이 사건 범죄와 판결이 확정된 근로기준법 위반죄 등을 동시에 판결할 경우와의 형평을 고려해야 한다."
        ]
    },
    "close": {
        "cnclsns": [
            "피고인을 징역 2년에 처한다."
        ]
    }
}