{
    "info": {
        "caseField": "2",
        "detailField": "6",
        "trailField": "1",
        "caseNm": "자본시장과금융투자업에관한법률위반, 특정경제범죄가중처벌등에관한법률위반(사기)",
        "courtNm": "서울남부지방법원",
        "judmnAdjuDe": "2017. 11. 17.",
        "caseNo": "2015고합69,2015고합112(병합),2015고합113(병합),2015고합127(병합)",
        "relateLaword": [
            "구 자본시장과 금융투자업에 관한 법률(2013. 5. 28. 법률 제11845호로 개정되기 이전의 것, 이하 같다.) 제443조 제2항 제1호",
            "구 자본시장과 금융투자업에 관한 법률 제443조 제1항 제4호 ",
            "구 자본시장과 금융투자업에 관한 법률 제443조 제1항 제5호",
            "구 자본시장과 금융투자업에 관한 법률 제176조 제1항 제1호",
            "구 자본시장과 금융투자업에 관한 법률 제176조 제1항 제2호",
            "구 자본시장과 금융투자업에 관한 법률 제176조 제1항 제3호",
            "구 자본시장과 금융투자업에 관한 법률 제176조 제2항 제1호",
            "구 자본시장과 금융투자업에 관한 법률 제447조",
            "형법 제30조",
            "특정경제범죄 가중처벌 등에 관한 법률 제3조 제1항 제2호",
            "형법 제347조 제1항",
            "구 자본시장과 금융투자업에 관한 법률 제443조 제2항 제1호",
            "구 자본시장과 금융투자업에 관한 법률 제447조 1항",
            "형법 제37조",
            "형법 제39조 제1항",
            "형법 제38조 제1항 제2호",
            "형법 제50조",
            "형법 제53조",
            "형법 제55조 제1항 제3호",
            "형법 제55조 제1항 제6호"
        ],
        "qotatPrcdnt": [
            "대법원 2007. 6. 14. 선고 2007도2451 판결",
            "대법원 2002. 7. 26. 선고 2001도4947 판결",
            "대법원 2007. 11. 29. 선고 2007도7471 판결",
            "대법원 2002. 7. 26. 선고 2001도4947 판결",
            "대법원 2007. 11. 29. 선고 2007도7471 판결",
            "대법원 2015. 12. 23. 선고 2015도15699 판결",
            "대법원 2013. 2. 28. 선고 2011도15060 판결",
            "대법원 2009. 4. 9. 선고 2009도675 판결",
            "대법원 2009. 7. 9. 선고 2009도1374 판결\n\n",
            "대법원 2011. 10. 27. 선고 2011도8109 판결",
            "대법원 2017. 5. 17. 선고 2017도1616 판결",
            "대법원 2004. 9. 3. 선고 2004도1628 판결",
            "대법원 2011. 2. 24. 선고 2010도7404 판결",
            "대법원 2011. 7. 14. 선고 2011도3180 판결",
            "대법원 2011. 12. 22. 선고 2011도12041 판결",
            "대법원 2013. 7. 11. 선고 2011도15056 판결",
            "대법원 2007. 11. 29. 선고 2007도7471 판결",
            "대법원 2008. 2. 28. 선고 2007도10416 판결"
        ]
    },
    "concerned": {
        "acusr": "4",
        "dedat": "1"
    },
    "org": {
        "orgJdgmnCourtNm": "",
        "orgJdgmnAdjuDe": "",
        "orgJdgmnCaseNo": ""
    },
    "disposal": {
        "disposalform": "8",
        "disposalcontent": [
            "피고인 1을 징역 3년 및 벌금 300,000,000원, 피고인 2를 징역 4년, 피고인 3을 징역 1년 6월 및 벌금 300,000,000원, 피고인 4를 징역 1년에, 피고인 5를 징역 1년 6월에 각 처한다.",
            "피고인 1, 피고인 3이 위 벌금을 납입하지 않는 경우 300,000원을 각 1일로 환산한 기간 피고인들을 노역장에 유치한다.",
            "다만, 피고인 3, 피고인 5에 대하여 이 판결 확정일로부터 각 3년간 위 형의 집행을 유예한다.",
            "피고인 2로부터 1,642,672,541원을, 피고인 4로부터 159,230,996원을, 피고인 5로부터 1,000,000,000원을 각 추징한다.",
            "피고인들에 대하여 위 벌금 및 추징금 상당액의 가납을 각 명한다."
        ]
    },
    "mentionedItems": {
        "rqestObjet": [
            "피고인들은 주가를 조작하여 부당이득을 취득하는 등의 자본시장과 금융투자업에 관한 법률을 위반하였다. "
        ]
    },
    "assrs": {
        "acusrAssrs": [],
        "dedatAssrs": [
            "공소외 000 운영의 공소외 00 회사가 당시 공소외 00 회사의 대주주였던 공소외 00의 주식 및 경영권을 인수하는 것과 관련하여 컨설팅 업무를 담당하였을 뿐, 공소외 00 및 피고인 00에게 공소외 00 회사 주식의 시세조종을 지시하거나 시세조종에 가담한 사실이 없다.",
            "공소외 00로부터 공소외 00 회사를 소개받은 후 투자가치가 있다고 판단하여 계좌명의자들로부터 부탁을 받고 종목을 추천하거나 매수주문을 제출한 것일 뿐 피고인 00와 공모하여 시세조종 행위를 한 사실이 없으며, 피고인 및 관련 계좌들로 주문한 수량은 극히 일부여서 시세형성에 영향을 미치지도 못하였다."
        ]
    },
    "facts": {
        "bsisFacts": [
            "피고인 00는 2009. 5.경 공소외 00 회사의 당시 운영자인 공소외 00과 공소외 00 회사의 운영자인 공소외 000 사이에 체결된 공소외 00 회사의 경영권 양수도계약을 컨설팅 및 중개하게 되었다.",
            "피고인 00, 공소외 00 등과 공소외 00 회사의 주가를 인위적으로 상승시킨 후 사채 자금 등을 동원하여 공소외 00 회사에서 진행하는 대규모의 일반공모 유상증자를 성공시키고 그 과정에서 취득하게 된 공소외 00 회사의 주식을 고가에 처분하여 시세차익을 얻기로 순차 공모한 다음,피고인 00는 전체적인 계획을 세우고 주가부양 등의 역할을 담당하였다.",
            "피고인 00, 공소외 00 등은 차명계좌 등을 동원하여 직접 주가를 부양하기 위한 시세조종성 주문을 제출함과 동시에 투자자들을 모집하여 공소외 00 회사의 주식을 매수한 후 보유하도록 하여 매수세를 집중시키는 등의 방법으로 주가를 부양하기로 하였다.",
            "누구든지 상장증권 또는 장내파생상품의 매매에 관하여 그 매매가 성황을 이루고 있는 듯이 잘못 알게 하거나, 그 밖에 타인에게 그릇된 판단을 하게 할 목적으로 그 권리의 이전을 목적으로 하지 아니하는 거짓으로 꾸민 매매 등을 하여서는 아니 되고, 누구든지 상장증권 또는 장내파생상품의 매매를 유인할 목적으로 그 증권 또는 장내파생상품의 시세를 변동시키는 매매 또는 그 위탁이나 수탁을 하는 행위를 하여서는 아니 된다.",
            "피고인 00은 2011. 1. 5.경 공소외 00 회사를 통하여 50억 원의 자금을 조달하여 공소외 00 회사의 신주인수권부 사채(Bond with Warrant, 이하 'BW'이라고만 한다)를 인수하는 방법으로 공소외 00 회사에 투자를 하고, 그 무렵 약 10억 원의 자금을 추가로 조달하여 공소외 00 회사의 주식을 장내에서 매수하게 되었다.",
            "그러나 2011. 2.경 공소외1 회사의 주가가 급락하고, 그 무렵 공소외 00 회사에는 회사를 운영할 내부 자금 등이 거의 없는 등 재무상태가 매우 불량하다는 사실을 알게 되자 공소외 00 회사에 대한 투자금을 회수하지 못할 것을 우려하여 2011. 7.경 공소외1 회사의 재무구조를 개선한 후 경영권을 재매각하는 방법으로 투자금을 회수하기 위하여 공소외 00 회사를 통하여 추가로 70억 원을 조달하여 공소외 00 회사의 경영권을 인수하게 되었다.",
            "피고인은 공소외 00 회사를 운영하던 중 이를 통해 50억 원의 투자금을 모집하여 2011. 1. 5. 공소외 00 회사의 BW 50억 원 상당을 인수하였지만 2011. 2.경부터 공소외 00 회사의 주가 급락으로 투자금 손실이 우려되자, 추가자금을 투자해 공소외 00 회사를 인수하기로 마음먹었다.",
            "그리하여 2011. 7.경 공소외 00 회사는 투자자들로부터 70억 원의 초기 경영권 인수자금을 조달하였고, 피고인은 2011. 7. 25. 전임 경영진과 '재무구조개선자금 투자관련 협약서'를 작성하면서 공소외 1 회사의 1대 주주인 공소외 117을 인수한 후 2011. 10. 5. 공소외 1 회사의 대표이사에 취임하였다.",
            "피고인은 2011. 7. 25. 전임 경영진과 '재무구조개선자금 투자관련 협약서'를 작성하면서 공소외 1 회사의 1대 주주인 공소외 117을 인수한 후 2011. 10. 5. 공소외 1 회사의 대표이사에 취임하였다."
        ]
    },
    "dcss": {
        "courtDcss": [
            "살피건대 위 법리에 비추어 이 법원이 적법하게 채택하여 조사한 증거들에 의하여 인정되는 다음과 같은 사정들을 종합하면, 피고인 00는 공소외 00 회사의 유상증자 성공 등의 목적으로 유상증자 공시 전에 공소외 00 등에게 유상증자 사실을 알려 공소외 00 회사 주식을 매집하도록 하고, 피고인 00은 공소외 00을 통해 순차적이고 암묵적으로 판시 제1항 범죄사실 기재 시세조종을 공모하고 시세조종 행위에 가담하였다고 봄이 상당하다.",
            "앞서 본 법리에 비추어 위와 같이 인정한 기본적인 사실관계와 이 법원이 적법하게 채택하여 조사한 증거들에 의하여 인정되는 다음과 같은 사정들을 종합하면, 피고인은 공소외 00이 공소외 00 회사의 주가를 인위적으로 상승시키고 있고 이러한 용도로 사용하리라는 점을 알고있다.",
            "공소외 00에게 시세조종 자금을 지급하고 피고인 00 등이 물색해 온 투자자들에게 워런트를 제공하여 수익을 나눠가지는 등 상피고인들과 순차 공모하여 판시 제2항 범죄사실 기재 시세조종 행위에 가담하였다고 봄이 상당하다.",
            "앞서 본 법리에 비추어 위와 같이 인정한 기본적인 사실관계 및 이 법원이 적법하게 채택하여 조사한 증거들에 의하여 인정되는 다음과 같은 사정들을 종합하면, 피고인은 공소외 00에게 수익배분을 약속하면서 주식매수를 지시하는 등 공소외 00 및 상피고인들과 순차 공모하여 판시 제2항 범죄사실 기재 시세조종 행위에 가담하였다고 봄이 상당하다.",
            "앞서 본 법리에 비추어 위와 같이 인정한 기본적인 사실관계 및 이 법원이 적법하게 채택하여 조사한 증거들에 의하여 인정되는 다음과 같은 사정들을 종합할 수 있다.",
            "피고인은 피고인 00를 통한 공소외 00 회사 주식에 대한 시세조종 세력이 있음을 알고서 ◇◇클럽을 운영하는 피고인 00로 하여금 다수의 회원들에게 공소외 00 회사 주식을 추천하도록 하는 등 공소외 00 및 상피고인들과 순차 공모하여 판시 제2항 범죄사실 기재 시세조종 행위에 가담하였다고 봄이 상당하다.",
            "앞서 본 법리에 비추어 위와 같이 인정한 기본적인 사실관계 및 이 법원이 적법하게 채택하여 조사한 증거들에 의하여 인정되는 다음과 같은 사정들을 종합할 수 있다.",
            "피고인은 피고인 00을 통하여 공소외 00 회사 주식의 시세조종 세력이 있음을 인지하고서도 자신이 운영하는 증권카페인 ◇◇클럽 회원들로 하여금 공소외 00 회사 주식을 매수하도록 하고 매수한 주식을 보유하도록 하는 등 상피고인들과 순차 공모하여 판시 제2항 범죄사실 기재 시세조종 행위에 가담하였다고 봄이 상당하다."
        ]
    },
    "close": {
        "cnclsns": [
            "피고인 00을 징역 3년 및 벌금 300,000,000원, 피고인 00를 징역 4년, 피고인 00을 징역 1년 6월 및 벌금 300,000,000원, 피고인 00를 징역 1년에, 피고인 00를 징역 1년 6월에 각 처한다.",
            "피고인 00, 피고인 00이 위 벌금을 납입하지 않는 경우 300,000원을 각 1일로 환산한 기간 피고인들을 노역장에 유치한다.",
            "다만, 피고인 00, 피고인 00에 대하여 이 판결 확정일로부터 각 3년간 위 형의 집행을 유예한다.",
            "피고인 00로부터 1,642,672,541원을, 피고인 00로부터 159,230,996원을, 피고인 00로부터 1,000,000,000원을 각 추징한다.",
            "피고인들에 대하여 위 벌금 및 추징금 상당액의 가납을 각 명한다."
        ]
    }
}