{
    "info": {
        "caseField": "2",
        "detailField": "6",
        "trailField": "1",
        "caseNm": "특정경제범죄가중처벌등에관한법률위반(사기),사기,유사수신행위의규제에관한법률위반",
        "courtNm": "서울중앙지방법원",
        "judmnAdjuDe": "2018. 01. 03.",
        "caseNo": "2017고합695",
        "relateLaword": [
            "특정경제범죄 가중처벌 등에 관한 법률 제3조",
            "형법 제347조",
            "형법 제30조",
            "유사수신행위의 규제에 관한 법률 제6조",
            "유사수신행위의 규제에 관한 법률 제3조",
            "형법 제35조",
            "형법 제42조",
            "형법 제37조",
            "형법 제38조",
            "형법 제50조",
            "형법 제53조",
            "형법 제55조",
            "형법 제48조"
        ],
        "qotatPrcdnt": [
            "대법원 2000. 6. 27. 선고 2000도1155 판결",
            "대법원 2012. 3. 29. 선고 2011도14135 판결"
        ]
    },
    "concerned": {
        "acusr": "4",
        "dedat": "1"
    },
    "org": {
        "orgJdgmnCourtNm": "",
        "orgJdgmnAdjuDe": "",
        "orgJdgmnCaseNo": ""
    },
    "disposal": {
        "disposalform": "6",
        "disposalcontent": [
            "피고인 A을 징역 4년에, 피고인 B을 징역 2년 6월에, 피고인 C을 징역 2년 6월에 각 처한다."
        ]
    },
    "mentionedItems": {
        "rqestObjet": [
            "피고인들은 공모하여 피해자들을 기망하여 이에 속은 피해자들로부터 합계 2,636,378,140원을 송금받아 이를 편취하였다.",
            "피고인들은 공모하여 법령에 따른 인가,허가를 받지 아니하고 등록신고 등을 하지 아니한 채 투자자들로부터 합계 2,636,378,140원을 송금받아 불특정 다수인으로부터 자금을 조달하는 것을 업으로 하는 행위로서 장래에 출자금의 전액 또는 이를 초과하는 금액을 지급할 것을 약정하고 출자금을 받는 행위를 하였다.",
            "피고인 A은 피해자를 기망하여 이에 속은 피해자로부터 피고인의 지인 B 명의의 은행계좌로 1000만원을 송금받아 이를 편취하였다."
        ]
    },
    "assrs": {
        "acusrAssrs": [
            "피고인들은 공모하여 E 제품인 I를 제조, 판매하는(주)F의 사업에 필요한 자금의 투자 명목으로 피해자 L을 기망하여 이에 속은 피해자 L으로부터 피고인 B의 000계좌로 2016. 9. 2. 1,000만 원을, 2016. 9. 26. 50만 원을, 2016. 9. 30. 100만 원을 각각 송금받아 편취하였다.",
            "위와 같이 불특정 다수인으로부터 자금을 조달하는 것을 업으로 하는 행위로서 장래에 출자금의 전액 또는 이를 초과하는 금액을 지급할 것을 약정하고 출자금을 받는 행위를 하였다."
        ],
        "dedatAssrs": [
            "피고인 A은 F 대표이사 J으로부터 위 회사에서 개발한 E 제품을 양산하여 판매할 경우 막대한 수익을 얻을 수 있다는 설명을 듣고 이를 믿고서(주)F에 투자하였고 피고인 B과 함께 J의 지시에 따라 제품 양산에 필요한 자금을 조달하기 위하여 투자금을 유치하였으며, 피고인 C도 위와 같은 사업 추진 현황이나 전망을 믿고 J의 지시에 따라 투자금을 관리하였을 뿐이다.",
            "E 제품이 계획대로 제조, 판매되지 아니한 것은 J이 투자자들로부터 받은 돈을 제품 개발 등에 사용하지 아니한 채 이를 임의로 사용하였기 때문이고, 투자자들로부터 F의 사업자금 명목으로 투자받을 당시 위 사업이 정상적으로 진행되어 큰 수익을 얻을 것으로 믿었고 J의 지시에 전적으로 따른 것에 불과한 피고인들에게는 변제의사나 변제능력이 있었으므로 피고인들에 대하여 사기죄가 성립하지 아니한다.",
            "피고인이 피해자에게 U이 피고인으로부터 빌려간 돈을 대신하여 갚으면 곧바로 피해자의 차량을 돌려준다고 말한 후 피해자로부터 시계 2개와 1,000만 원을 송금받고서도 위 약속과 달리 위 차량을 곧바로 피해자에게 돌려주지 못하였다.",
            "그러나, 피고인은 위 차량을 U의 피고인에 대한 채무의 담보로 제공한 자로서 U을 대신하여 U이 빌린 돈을 갚을 의무가 있는 피해자로부터 U이 피고인으로부터 빌린 돈 중 일부를 상환받은 것이고, 위 차량을 곧바로 피해자에게 돌려주지 못한 것은 불가피한 사정에 기한 것이며, 이후에 피해자는 위 차량을 돌려받았으므로, 피해자에 대한 사기죄가 성립하지 아니한다."
        ]
    },
    "facts": {
        "bsisFacts": [
            "피고인 A은 2013. 4. 4. 청주지방법원에서 사기죄 등으로 징역 1년 6월을 선고받고 2013. 9. 17. 그 형의 집행을 종료하였다.",
            "피고인들은 태블릿 컴퓨터와 빔 프로젝터를 결합한 제품인 E I의 개발업체인 주식회사 F 이하(주)F라 한다의 대표이사 J에게 투자금을 유치해 주겠다고 한 후, 2016. 7. 말경 피고인 A, B은 투자설명회를 열어 J으로 하여금 제품 설명을 하도록 한 다음 참석자들을 상대로 마치 위 회사에 투자하면 단기간에 원금 및 고수익을 보장해 줄 것처럼 설명하여 투자금을 유치하기로 하고 피고인 C은 유치된 투자금을 관리하기로 공모하였다.",
            "2016. 8. 10.경 0000에 있는 F 사무실에서 피해자 L에게 E 제품을 개발, 생산하는(주)F에 투자하면 즉시 투자금의 25%를 수익금으로 지급하고, 3개월 후에 원금의 155%까지 수익금을 지급하겠다.라는 거짓말로 피해자 L을 기망하여 이에 속은 피해자 L으로부터 2016. 8. 20. 피고인 B의 000계좌(M)로 2,000만 원을 송금받아 이를 편취하였다.",
            "2016. 7. 22.부터 2017. 1. 19.까지 사이에 위 주F 사무실, 0000에 있는 N역 부근의 오피스텔, 빌딩 및 부근 횟집, P에 있는 Q 커피숍 등지에서 '투자 즉시 투자원금의 25%를 수익금으로 지급하고 매월 15%씩 2회 수익금을 지급한 후 3개월째에 원금을 반환하겠다.(이른바 3개월 플랜) 또는 투자 즉시 투자원금의 18%를 지급하는 등 6주 동안 78%의 수익금을 지급하고 7주째에 원금을 반환하겠다.'라고 기망하였다.",
            "이른바 월변 방식으로 3개월간 매월 10%의 수익금을 지급한다거나 1구좌당 1억 3,000만 원을 지급하면 제품 출시 전까지 매월 7%의 수익금을 지급하고 제품 출시 후 해당 지역에서 제품을 우선적으로 공급받도록 해 주겠다.'라고 하며 총판계약을 체결하는 방법으로 피해자들을 기망하였다.",
            "이에 속은 피해자들로부터 별지 범죄일람표 기재와 같이 피고인 B의 000계좌(M), 피고인 B의 000계좌(R), J의 000계좌(S), 피고인 C의 000계좌(T), 피고인 C의 000계좌(H)로 합계 2,636,378,140원을 송금받아 이를 편취하였다.",
            "투자자들로부터 합계 2,636,378,140원을 송금받아 불특정 다수인으로부터 자금을 조달하는 것을 업으로 하는 행위로서 장래에 출자금의 전액 또는 이를 초과하는 금액을 지급할 것을 약정하고 출자금을 받는 행위를 하였다.",
            "피고인은 2016. 3.경까지 평소 알고 지내던 U에게 합계 6,500만 원을 빌려주면서 U으로부터 그가 빌려 타고 다니는 피해자 V의 0차량을 담보로 제공받았으나 2016. 6.경까지 U이 차용금을 변제하지 못하자 위 차량 소유자인 피해자에게 U이 빌린 돈을 대신 갚아주면 위 차량을 곧바로 돌려주거나 피해자에게 10억 원을 투자할 것처럼 거짓말을 하여 피해자로부터 돈을 받아내기로 마음먹었다.",
            "2016. 6. 3.경 피해자에게 \"아우가 많지 않지만 10억여 원 정도 자금이 있습니다. 형수님 아우가 차까지 다 찾아드릴 테니 사업 많이 하신다고 들었는데 제 돈을 써 주십시오.\"라는 문자메시지를 보내어 마치 돈을 주면 차량을 찾아주고 피해자에게 투자할 것처럼 행세하였다.",
            "2016. 6. 13. 0000건물 1층에 있는 X 커피숍에서 피해자에게 \"함께 사업을 해야 차를 찾을 수 있다. 사업을 같이 하려면 가지고 있는 U의 시계를 달라. 시계를 주면 차를 바로 주겠다.\"라고 거짓말하였다.",
            "이에 속은 피해자로부터 2016. 6. 14. 0000 Y에 있는 커피하우스 Z에서 피해자가 U에게 돈을 빌려주면서 U으로부터 받아서 보관 중인 시가 합계 3,400만 원 상당의 피아제 시계 1개와 파미지아니 시계 1개를 각 교부받아 이를 편취하였다.",
            "2016. 6. 15. 피해자에게 \"선배분이 사업 같이 하기에 앞서 형수님 자금융통능력만 검증을 하고 싶어 하시네요. U 사장님 부분으로 1,000만 원만 입금하시고.\"라는 거짓 문자메시지를 보내는 방법으로 피해자를 기망하여 이에 속은 피해자로부터 같은 날 피고인의 지인 B 명의의 은행계좌로 1,000만 원을 송금받아 이를 편취하였다."
        ]
    },
    "dcss": {
        "courtDcss": [
            "범죄사실에 대한 해당법조 및 형의 선택 ㅇ 피고인들:특정경제범죄 가중처벌 등에 관한 법률 제3조 제1항 제2호, 형법 제347조 제1항, 제30조(피해자 AG에 대한 사기의 점을 포괄하여), 각 형법 제347조 제1항, 제30조 주)F 투자금 명목 사기 중 피해자 AG를 제외한 나머지 피해자들에 대한 각 사기의 점을 피해자별로 포괄하여, 징역형 선택, 유사수신행위의 규제에 관한 법률 제6조 제1항, 제3조, 형법 제30조(포괄하여, 징역형 선택)",
            "ㅇ 피고인 A:형법 제347조 제1항(피해자 V에 대한 사기의 점, 징역형 선택)",
            "(주)F의 사업에 투자하면, 단기간에 높은 수익을 얻을 수 있는 것처럼 피해자들을 기망하여 투자금 명목으로 돈을 송금받아 편취하였음을 충분히 인정할 수 있다.",
            "그 밖에 이 사건 기록에 나타난 사정들과 피고인들 및 변호인이 제출한 증거들만으로는 피고인들에게 범행 당시 변제의사와 변제능력이 있었음에도 단지 J의 거부하기 어려운 지시에 따라 F 사업의 투자설명회를 개최하고 피해자들로부터 투자금 명목의 금원을 송금받아 이를 J에게 전달한 것에 불과하다는 취지의 피고인들의 변소를 받아들이기 어렵다.",
            "(주)F의 대표이사인 J이 아닌 피고인 A, B이 ㈜F의 사업자금 명목의 투자금을 모집하게 된 경위에 비추어 보더라도, J이 피고인 A, B에게 어떠한 지시를 하거나 피고인 A, B이 J으로부터 어떠한 지시를 받고서 이를 거부하기 어려운 관계에 있다고 보기도 어렵다.",
            "피고인 C이 피고인 A, B을 알게 되어 주F 사업의 투자금 명목의 금원을 입금받는 은행계좌를 관리하게 된 경위에 비추어 보더라도 J이 피고인 C에게 어떠한 지시를 하거나 피고인 C이 J으로부터 어떠한 지시를 받고서 이를 거부하기 어려운 관계에 있다고 보기도 어렵다.",
            "피고인의 기망에 의하여 착오에 빠져 재산적 처분행위를 한 것으로 그 사이에는 인과관계도 인정된다고 할 것이므로, 피고인의 행위에 대하여는 사기죄가 성립한다. ",
            "피고인 A: 이 사건 범행은 피고인이 B, C과 공모하여 ㈜F에 거액을 투자한 실질적인 사장 또는 대표로 행세하면서 위 회사의 E 개발 사업에 투자하면 단기간 내에 고수익을 얻을 것처럼 피해자들을 기망하여 6개월여에 걸쳐 수십 명의 피해자들로부터 합계 26억여 원을 편취하고 유사수신행위를 하였다.",
            "차량을 곧바로 돌려줄 것처럼 피해자를 기망하여 고가의 시계 2개를 교부받고 1,000만 원을 송금받아 편취한 것인바(2017고합798), 피고인이 F의 투자금 명목의 사기범행을 주도한 점과 그 범행 내용 및 범행 결과에 비추어 볼 때 죄질이 나쁘다.",
            "(주)F 투자금 명목 사기범행의 피해자들에게 수익금 명목으로 상당한 금액이 지급되어 실제 피해액은 위 피해액의 합계액보다는 적다고 할 것이어서 피해액 전액이 피고인의 수익으로 귀속되는 것은 아닌 점, 특정경제범죄가중처벌등에관한법률위반(사기)죄의 피해자 AG를 비롯한 일부 피해자들이 피고인의 처벌을 원하지 않는 점7), 피해자 V이 차량을 돌려받은 점 등을 피고인에게 유리한 사정으로 참작한다.",
            "피고인 B: 이 사건 범행은 피고인이 A, C과 공모하여(주)F의 이사임을 내세우면서 위 회사의 E 개발 사업에 투자하면 단기간 내에 고수익을 얻을 것처럼 피해자들을 기망하여 6개월여에 걸쳐 수십 명의 피해자들로부터 합계 26억여 원을 편취하고 유사수신행위를 한 것으로 그 범행 내용 및 범행 결과에 비추어 볼 때 죄질이 나쁘다.",
            "피고인은 자신의 명의로 (주)F 발행주식의 48%에 해당하는 9,600주를 취득한 후 이를 활용하여 투자금을 모집하기로 하는 2016. 8. 9.자 주식 양도, 양수 및 활용 동의 계약서를 작성하였고 위 회사의 이사로 자신의 은행계좌로 투자금을 입금받아 관리하는 등 사기 범행에 적극 가담하였다.",
            "F 투자금 명목 사기범행의 피해자들에게 수익금 명목으로 상당한 금액이 지급되어 실제 피해액은 위 피해액의 합계액보다는 적다고 할 것이어서 피해액 전액이 피고인의 수익으로 귀속되는 것은 아닌 점, 피고인의 범행 가담 정도 및 죄책은 이 사건 범행을 주도한 A에 비하여 상대적으로 중하지 않은 점, 피고인이 동종 전과나 중하게 처벌받은 전력은 없는 점 등을 피고인에게 유리한 사정으로 참작한다.",
            "피고인 C: 이 사건 범행은 피고인이 A, B과 공모하여 ㈜F의 이사라는 명함을 만들기도 하면서 위 회사의 E 개발 사업에 투자하면 단기간 내에 고수익을 얻을 것처럼 피해자들을 기망하여 6개월여에 걸쳐 수십 명의 피해자들로부터 합계 26억여 원을 편취하고 유사수신행위를 한 것으로 그 범행 내용 및 범행 결과에 비추어 볼 때 죄질이 나쁘다.",
            "피고인은 피해자들로부터 5개 은행계좌로 입금받은 투자금을 전반적으로 관리하면서 현 금 인출, 계좌 이체 등 범행 수익의 관리에 깊이 가담하였다.",
            "F 투자금 명목 사기범행의 피해자들에게 수익금 명목으로 상당한 금액이 지급되어 실제 피해액은 위 피해액의 합계액보다는 적다고 할 것이어서 피해액 전액이 피고인의 수익으로 귀속되는 것은 아니고, 피고인의 범행 가담 정도 및 죄책은 이 사건 범행을 주도한 A에 비하여 상대적으로 중하지 않다.",
            "피해자 AR이 피고인의 선처를 바라고 있는 점, 피고인이 이 사건 재판 중 자녀를 출산하여 양육하고 있는 점, 피고인이 초범인 점 등을 피고인에게 유리한 사정으로 참작한다.",
            "피해자 L이 2016. 9. 2. 자신의 000계좌(CS)로부터 피고인 B의 000(R) 계좌에 1,000만 원을 송금한 사실(위 사건 수 14쪽), 피해자 L이 자신의 000계좌(CT)로부터 피고인 B의 000(R) 계좌에 2016. 9. 26. 50만 원을, 2016. 9. 30. 100만 원을 각각 송금한 사실(2017고합695 사건 수 11쪽)을 인정할 수 있다.",
            "별지 범죄일람표 순번 2-26, 2-39, 2-42 기재의 사기죄 및 유사수신행위의규제에관한법률위반죄에 대하여는 피해자 L의 투자금 송금 명목으로 이루어진 것으로 보기 어려워 범죄의 증명이 없다고 할 것이다.",
            "이 부분 공소사실에 대하여는 형사소송법 제325조 후단에 의하여 무죄를 선고하여야 할 것이나, 이와 포괄일죄의 관계에 있는 판시 피해자 L에 대한 사기죄 및 유사수신행위의 규제에관한법률위반죄를 유죄로 인정한 이상 주문에서 따로 무죄를 선고하지 아니한다.",
            "피고인들이 2016. 11. 17. 피해자 AD로부터 J의 000(S) 계좌로 2,000만 원을 송금받은 행위를 '별지 범죄일람표 순번 3-45 기재의 사기죄 및 유사수신행위의 규제에관한법률위반죄'로 인정하는 이상 별지 범죄일람표 순번 4-51 기재의 사기죄 및 유사수신행위의규제에관한법률위반죄에 대하여는 범죄의 증명이 없다고 할 것이다.",
            "따라서 이 부분 공소사실에 대하여는 형사소송법 제325조 후단에 의하여 무죄를 선고하여야 할 것이나, 이와 포괄일죄의 관계에 있는 판시 피해자 AD에 대한 사기죄 및 유사수신행위의 규제에관한법률위반죄를 유죄로 인정한 이상 주문에서 따로 무죄를 선고하지 아니한다.",
            "별지 범죄일람표 순번 4-56 기재와 같이 피해자 BG가 2016. 11. 23.10) 피고인 C의 000(T) 계좌에 900만 원을 송금하였음을 인정할 만한 어떠한 증거도 없으므로, 별지 범죄일람표 순번 4-56 기재의 사기죄 및 유사수신행위의규제에관한법률위반죄에 대하여는 범죄의 증명이 없다고 할 것이다.",
            "따라서 이 부분 공소사실에 대하여는 형사소송법 제325조 후단에 의하여 무죄를 선고하여야 할 것이나, 이와 포괄일죄의 관계에 있는 판시 피해자 BG에 대한 사기죄 및 유사수신행위의 규제에관한법률위반죄를 유죄로 인정한 이상 주문에서 따로 무죄를 선고하지 아니한다."
        ]
    },
    "close": {
        "cnclsns": [
            "피고인 A을 징역 4년에, 피고인 B을 징역 2년 6월에, 피고인 C을 징역 2년 6월에 각 처한다.",
            "압수된 E 1개(증 제1호), 사업설명서 22장(증 제2호), 명함(A) 119장(증 제26호), F봉투 25장(증 제27호), 차용증(G) 1장(증 제44호), 투자계약서 2장(증 제47호), A의 0에 저장된 전자정보 1개(증 제51호), A의 0, 0에 저장된 전자정보 1개(증 제52호), A의 0, USIM(7Mobile)에 저장된 전자정보 1개(증 제53호),",
            "A의 0, 0에 저장된 전자정보 2개(증 제55호)를 피고인 A으로부터 각 몰수하고, 압수된 000 통장(H) 1개(증 제11호), 명함(C) 263장(증 제24호), C의 0, USIM(0)에 저장된 전자정보 2개(증 제54호), C의 0, USIM(0), 0에 저장된 전자정보 3개(증 제56호)를 피고인 C으로부터 각 몰수한다."
        ]
    }
}