{
    "info": {
        "caseField": "2",
        "detailField": "6",
        "trailField": "1",
        "caseNm": "강제추행, 공무집행방해, 상해",
        "courtNm": "대구지방법원",
        "judmnAdjuDe": "2017. 12. 28.",
        "caseNo": "2017고단6116",
        "relateLaword": [
            "형법 제298조",
            "형법 제136조",
            "형법 제257조",
            "형법 제50조",
            "형법 제37조",
            "형법 제38조",
            "형법 제62조",
            "성폭력범죄의 처벌 등에 관한 특례법 제16조",
            "성폭력범죄의 처벌 등에 관한 특례법 제47조",
            "성폭력범죄의 처벌 등에 관한 특례법 제49조",
            "아동,소년의 성보호에 관한 법률 제49조",
            "아동,소년의 성보호에 관한 법률 제50조",
            "성폭력범죄의 처벌 등에 관한 특례법 제42조",
            "성폭력범죄의 처벌 등에 관한 특례법 제43조"
        ],
        "qotatPrcdnt": []
    },
    "concerned": {
        "acusr": "4",
        "dedat": "1"
    },
    "org": {
        "orgJdgmnCourtNm": "",
        "orgJdgmnAdjuDe": "",
        "orgJdgmnCaseNo": ""
    },
    "disposal": {
        "disposalform": "8",
        "disposalcontent": [
            "피고인을 징역 10월에 처한다.",
            "다만 이 판결 확정일부터 2년간 위 형의 집행을 유예한다.",
            "피고인에게 120시간의 사회봉사 및 40시간의 성폭력치료강의 수강을 명한다."
        ]
    },
    "mentionedItems": {
        "rqestObjet": [
            "피고인을 징역 10월에 처한다. ",
            "다만 이 판결 확정일부터 2년간 위 형의 집행을 유예한다. ",
            "피고인에게 120시간의 사회봉사 및 40시간의 성폭력치료강의 수강을 명한다. "
        ]
    },
    "assrs": {
        "acusrAssrs": [],
        "dedatAssrs": [
            "피고인은 이 사건 각 범행 당시 술과 약물에 취하여 기억이 없다고 진술하여 심신상실 또는 심신미약의 상태에 있었다는 취지로 주장한다."
        ]
    },
    "facts": {
        "bsisFacts": [
            "피고인은 2017.10.10.00:03 경 0000에 있는 'C' 한의원 앞에서, 길을 걷다가 차량이 지나가기를 기다리며 서 있는 피해자 D (여, 20세)을 보고 피해자에게 다가가 갑자기 손으로 피해자의 엉덩이를 만져 피해자를 강제로 추행하였다.",
            "피고인은 제 1항 기재 일자 00:10 경 0000 상가의 F 편의점 앞에서, '술 취한 아저씨가 엉덩이를 만졌다'라는 112 신고를 받고 출동한 중부 경찰서 G 지구대 소속 경찰관 H로부터 신고경위에 대한 확인을 요구받자 H에게 \"영장 가지고 와, 새끼야\" 라고 말하며 손으로 H의 멱살을 잡으려 하였다.",
            "다시 H로부터 신원확인을 요구받자 주먹으로 H의 가슴과 손목을 때리고, 손으로 그 옆에 있는 같은 지구대 소속 경찰관 I의 오른손을 잡아당겨 폭행하였다.",
            "이로써 피고인은 112 신고 사건 처리 및 범죄수사에 관한 경찰관의 정당한 직무집행을 방해함과 동시에, 피해자 H에게 약 2주간의 치료가 필요한 손목의 상세불명 염좌 및 긴장 등의 상해, 피해자 I에게 약 2주간의 치료가 필요한 제2수지의 다발성 찰과상을 각각 가하였다."
        ]
    },
    "dcss": {
        "courtDcss": [
            "범죄사실에 대한 해당 법조: 형법 제298조(강제 추행의 점), 각 형법 제136조 제1항(공무집행 방해의 점), 각 형법 제257조 제1 항(상해의 점)",
            "피고인이 이 사건 범행 당시 술을 마신 상태였던 사실은 인정되나 그로 인하여 사물을 변별할 능력이나 의사를 결정할 능력이 없었다거나 미약한 상태에 이르렀다고는 보이지 아니하므로 피고인의 위 주장은 받아들이지 아니한다.",
            "이 사건 범행은 피고인이 지나가던 생면부지의 피해자 D의 엉덩이를 만져 추행하고, 112 신고를 받고 출동한 경찰관들을 폭행하여 경찰관의 정당한 직무집행을 방해함과 동시에 상해까지 가한 것으로서 그 죄질이 불량하다.",
            "피고인은 폭력 전력이 다수 있고, 강제추행 피해자와 합의하지 못하였다.",
            "피고인이 이 사건 각 범행을 시인하고 있는 점, 피고인이 경찰관들과 원만히 합의한 점, 벌금형을 넘어서는 범죄 전력은 없는 점 등을 피고인에게 유리한 정상으로 참작한다."
        ]
    },
    "close": {
        "cnclsns": [
            "피고인을 징역 10월에 처한다.",
            "다만 이 판결 확정일부터 2년 간 위 형의 집행을 유예한다.",
            "피고인에게 120시간의 사회봉사 및 40시간의 성폭력치료강의 수강을 명한다."
        ]
    }
}