{
    "info": {
        "caseField": "2",
        "detailField": "6",
        "trailField": "1",
        "caseNm": "공무집행방해, 상해",
        "courtNm": "수원지방법원 성남지원",
        "judmnAdjuDe": "2013. 12. 11.",
        "caseNo": "2013고정1046",
        "relateLaword": [
            "형법 제257조",
            "형법 제37조",
            "형법 제38조",
            "형법 제50조",
            "형법 제70조",
            "형법 제69조",
            "형사소송법 제325조"
        ],
        "qotatPrcdnt": []
    },
    "concerned": {
        "acusr": "4",
        "dedat": "1"
    },
    "org": {
        "orgJdgmnCourtNm": "",
        "orgJdgmnAdjuDe": "",
        "orgJdgmnCaseNo": ""
    },
    "disposal": {
        "disposalform": "7",
        "disposalcontent": [
            "피고인을 벌금 2,000,000원에 처한다.",
            "피고인이 위 벌금을 납입하지 아니하는 경우 50,000원을 1일로 환산한 기간 피고인을 노역장에 유치한다."
        ]
    },
    "mentionedItems": {
        "rqestObjet": [
            "피고인은 공소외 1에게 약 3주간의 치료를 요하는 경추의 염좌 및 긴장 등의 상해를, 공소외 2에게 약 3주간의 치료를 요하는 귀의 표재성 손상 등의 상해를, 공소외 3에게 약 3주간의 치료를 요하는 경추의 염좌 및 긴장 등의 상해를 가하였다."
        ]
    },
    "assrs": {
        "acusrAssrs": [],
        "dedatAssrs": [
            "카페에서의 피고인의 행위는 경찰들에 의하여 체포 내지 감금된 것에 저항하는 정당행위이고, 수내파출소에서의 피고인의 행위는 불법체포로 인한 신체에 대한 현재의 부당한 침해에서 벗어나기 위한 행위로 정당방위에 해당하므로, 피고인은 무죄라고 주장한다.",
            "공무집행방해죄는 공무원의 직무집행이 적법한 경우에 한하여 성립하는 것인데, 이 사건에서 경찰공무원인 공소외 1, 공소외 2, 공소외 3의 직무집행이 적법하지 않았으므로, 피고인은 무죄라고 주장한다."
        ]
    },
    "facts": {
        "bsisFacts": [
            "피고인은 2013.2.21.03:10경 0000에 있는 '0' 카페에서, 술값 문제로 시비가 있다는 경비업체의 지원요청 신고를 받고 출동한 피해자인 수내파출소 소속 경찰공무원 순경 공소외 1(31세)과 경사 공소외 2(39세)가 그곳 여종업원과 여사장으로부터 피고인이 술값을 내지 않고 가려다 여종업원과 실랑이가 있었다는 경위를 듣고, 위 공소외 1 순경이 음식점 밖으로 나가려는 피고인의 앞을 막으며 \"상황을 설명해 주십시오\" 라고 말하였다.",
            "그러자 피고인은 소리를 지르며 공소외 1의 멱살을 잡아 흔들고, 경사 공소외 2가 피고인을 제지하기 위해 뒤쪽에서 피고인의 어깨를 잡자 \"넌 뭐야\" 라고 말하고 머리와 몸을 돌리면서 오른쪽 팔꿈치로 공소외 2의 턱을 1회 때렸다.",
            "계속하여 피고인은 같은 날 04:10경 0000에 있는 경기분당경찰서 수내파출소에서, 피해자인 수내파출소 소속 경찰공무원 경위 공소외 3(55세)가 피고인의 손목에 채워진 수갑을 풀어주자 자신을 체포한 경사 공소외 2의 가슴을 주먹으로 2회 때리고, 공소외 2의 멱살을 잡아 끌고 가고, 이를 제지하는 경위 공소외 3의 멱살을 잡아 당겨 흔들고, 주먹으로 입부위를 1회 때리고, 얼굴을 2회 때렸다.",
            "피고인은 위와 같은 방법으로 공소외 1에게 약 3주간의 치료를 요하는 경추의 염좌 및 긴장 등의 상해를, 공소외 2에게 약 3주간의 치료를 요하는 귀의 표재성 손상 등의 상해를, 공소외 3에게 약 3주간의 치료를 요하는 경추의 염좌 및 긴장 등의 상해를 가하였다."
        ]
    },
    "dcss": {
        "courtDcss": [
            "피고인의 진로를 가로막은 것만으로 피고인이 체포 내지 감금당하였다고 할 수 없고, 이러한 상황에서 술에 취하여 피해자들에게 범죄사실 기재와 같이 말을 하며 폭력을 행사한 것을 사회상규에 위배되지 아니하는 행위라고 보기 어렵다.",
            "파출소 내에서 공소외 3이 피고인의 수갑을 풀어주자 자신을 체포하였던 공소외 2를 폭행하고, 이를 제지하는 공소외 3을 연속적으로 폭행한 피고인의 행위는 불법한 체포로 인한 부당한 법익침해를 방지하기 위하여 상당한 이유가 있는 행위라고 볼 수 없다.",
            "경찰관이 규정에 의하여 질문을 하고자 할 때에는 경찰관은 당해인에게 자신의 신분을 표시하는 증표를 제시하면서 소속과 성명을 밝히고 그 목적과 이유를 설명하여야 한다고 규정하고 있다.",
            "그러므로 카페에서의 공소외 1과 공소외 2의 직무집행은 불심검문에 관한 경찰관직무집행법 제3조 제4항을 어긴 것으로 부적법하고, 수내파출소에서의 공소외 3와 공소외 2의 직무집행도 이러한 위법한 직무집행의 연속이라고 할 것이므로 역시 부적법하다."
        ]
    },
    "close": {
        "cnclsns": [
            "피고인을 벌금 2,000,000원에 처한다.",
            "피고인이 위 벌금을 납입하지 아니하는 경우 50,000원을 1일로 환산한 기간 피고인을 노역장에 유치한다."
        ]
    }
}