{
    "info": {
        "caseField": "2",
        "detailField": "6",
        "trailField": "1",
        "caseNm": "직권남용권리행사방해",
        "courtNm": "전주지법",
        "judmnAdjuDe": "2016. 08. 19.",
        "caseNo": "2015고단2235",
        "relateLaword": [
            "헌법 제13조",
            "헌법 제37조",
            "형법 제123조",
            "학교폭력예방 및 대책에 관한 법률 제17조",
            "학교폭력예방 및 대책에 관한 법률 제21조",
            "구 초,중등교육법(2013. 3. 23. 법률 제11690호로 개정되기 전의 것) 제6조",
            "구 초,중등교육법(2013. 3. 23. 법률 제11690호로 개정되기 전의 것) 제25조",
            "구 초,중등교육법(2013. 3. 23. 법률 제11690호로 개정되기 전의 것) 제30조의6",
            "구 초,중등교육법(2013. 3. 23. 법률 제11690호로 개정되기 전의 것) 제30조의7",
            "국가공무원법 제56조, 구 지방교육자치에 관한 법률(2013. 3. 23. 법률 제11690호로 개정되기 전의 것) 제3조",
            "국가공무원법 제56조, 구 지방교육자치에 관한 법률(2013. 3. 23. 법률 제11690호로 개정되기 전의 것) 제27조",
            "구 지방자치법(2013. 3. 23.법률 제11690호로 개정되기 전의 것) 제167조",
            "구 지방자치법(2013. 3. 23.법률 제11690호로 개정되기 전의 것) 제171조",
            "구 지방자치법(2013. 3. 23.법률 제11690호로 개정되기 전의 것) 제171조의2",
            "구 지방자치단체에 대한 행정감사규정(2013. 3.23. 대통령령 제24425호로 개정되기 전의 것) 제11조",
            "구 지방자치단체에 대한 행정감사규정(2013. 3.23. 대통령령 제24425호로 개정되기 전의 것) 제12조",
            "소년법 제30조의2",
            "소년법 제70조\n",
            "개인정보 보호법 제15조\n",
            "개인정보 보호법제18조"
        ],
        "qotatPrcdnt": [
            "대법원 2015. 10.29. 선고 2015도5355 판결",
            "대법원 2011. 2. 10. 선고 2010도13766 판결",
            "대법원 2015. 3. 26. 선고 2013도2444 판결",
            "대법원 1991. 12. 27. 선고 90도2800 판결",
            "대법원 1978. 10. 10. 선고 75도2665 판결",
            "대법원 1993. 7. 26.자 92모29 결정",
            "대법원 2015. 9. 10. 선고 2012추220 판결 ",
            "대법원 2012추190 판결",
            "헌법재판소 2012헌마630 전원재판부 결정"
        ]
    },
    "concerned": {
        "acusr": "4",
        "dedat": "1"
    },
    "org": {
        "orgJdgmnCourtNm": "",
        "orgJdgmnAdjuDe": "",
        "orgJdgmnCaseNo": ""
    },
    "disposal": {
        "disposalform": "10",
        "disposalcontent": [
            "피고인은 무죄이다.",
            "이 판결의 요지를 공시한다.",
            "피고인의 직무행위의 목적, 필요성 및 상당성 등을 앞서 본 법리, 특히 피고인과 같이 지방교육자치선거를 통해 주민 직선으로 선출된 공무원의 직무행위가 추후에 위법하다고 평가되는 경우 이에 대한 직권남용권리행사방해죄의 인정 여부는 신중하게 판단할 필요가 있다는 점에 비추어 보면, 피고인의 이 사건 감사자료 제출 거부 지시행위가 직권남용에 해당한다거나 피고인에게 당시 직권을 남용한다는 인식이 있었다고 단정할 수 없다."
        ]
    },
    "mentionedItems": {
        "rqestObjet": [
            "교육감인 피고인이, 교육과학기술부에서 소속 교육청과 고등학교 등에 대하여 학교생활기록부 작성 실태와 현황을 점검하기 위한특정감사를 실시하자, 관내 고등학교 등에 학교폭력 사항과 관련된 감사자료 제출을 거부하도록 지시하는 내용의 공문을 발령하여 소속 교육청 공무원들 및 고등학교 학교장들이 교육과학기술부의 자료제출, 답변서,확인서 등 요구에 협력하지 않도록 하였다고 하여 직권남용권리행사방해로 기소된 사안이다."
        ]
    },
    "assrs": {
        "acusrAssrs": [
            "피고인은 학교생활기록부에 학교폭력예방 및 대책에 관한 법률 제17조 제1항 각 호에 규정된 학교폭력대책자치위원회의 학교폭력 가해학생에 대한 조치사항을 기록하도록 한 이 사건 훈령에 반발하여 관내 학교에 위 훈령의 적용을 축소하는 자체 수정방침을 하달하고, 이에 관한 교과부의 특정감사에 대하여 관내 고등학교 등에 학교폭력 사항과 관련한 일체의 감사자료 제출을 거부하도록 하는 지시를 하였다.",
            "학교의 장이 행하는 학교생활기록의 작성에 관한 사무는 국민 전체의 이익을 위하여 통일적으로 처리되어야 할 성격의 사무라고 할 것이므로 국립·공립·사립학교의 장이 행하는 학교생활기록부 작성에 관한 교육감의 지도·감독 사무는 국가사무로서 시,도교육감에 위임된 사무에 해당한다.",
            "교과부장관의 시·도교육청에 대한 감사는 자치사무의 법령위반 사항에 대하여도 가능하므로, 교과부의 전라북도 교육청과 관내 단위 고등학교 등의 학교생활기록부 작성 실태와 현황을 점검하기 위한 추가 특정감사(제2차 특정감사)는 적법하다.",
            "따라서 전라북도 교육청 소속 공무원들 및 산하 학교는 구 지방자치법 제171조의2 제3항 및 구 지방자치단체에 대한 행정감사 규정에 따라 교과부의 감사자료 제출 요구에 따라야 할 의무가 있음에도, 피고인이 이를 거부하도록 지시한 것은 직권을 남용하여 위 공무원들에 대하여 의무 없는 일을 강요한 것이다.",
            "피고인은 소년법, 개인정보 보호법, 학교폭력예방 및 대책에 관한 법률 등에 의하여 교과부의 감사자료 제출 요구에 불응하는 것이 적법하다고 주장하나, 교과부를 개인정보 보호법상의 제3자로 보기 어려운 점, 감사자료가 소년법상의 소년보호사건의 사건내용으로 보기 어렵다.",
            "감사자료 제출을 학교폭력예방 및 대책에 관한 법률상 누설행위로 보기 어려운 점 등에 비추어 보면, 감사자료 제출을 위 법률들에서 금지하고 있는 경우에 해당한다고 보기 어려우므로, 피고인의 감사자료 제출 거부 지시는 위법하다."
        ],
        "dedatAssrs": [
            "피고인 및 변호인은 위 공소사실 중 이 사건의 배경과 경과 부분을 불필요하게 장황하게 기재함으로써 마치 피고인이 징계권한을 이용하여 전라북도 교육청 소속 공무원에게 특정감사 기간 중 모든 감사자료 제출 거부를 지시한 것처럼 여길 수 있는 예단을 갖도록 하고, 피고인의 감사자료 제출 거부 지시의 위법,부당성 부분은 법관에게 유죄의 심증을 불러일으키게 하는 사실로, 이 사건 공소장 기재 방식이 공소장일본주의에 위반된다고 주장한다.",
            "피고인은 소년법, 개인정보 보호법, 학교폭력예방 및 대책에 관한 법률 등에 의하여 교과부의 감사자료 제출 요구에 불응하는 것이 적법하다고 주장한다.",
            "피고인의 지시행위가 위법할 경우 이는 상관의 위법한 명령에 해당하여 교육청 소속 공무원들과 일선 고등학교 교장들은이에 복종할 의무가 없으므로, 직권남용죄를 구성하지 않는다.",
            "구 지방자치법 제171조의2 제3항 및 구 지방자치단체에 대한 행정감사규정에 의하면 정당한 사유가 있는 경우 감사자료 요구에 불응할 수 있다.",
            "초,중등교육법 제30조의6에 의하면 학교의 장은 학교생활기록부를 학생과 학생 부모의 동의 없이 제3자에게 제공할 수 없고, 제공하더라도 사용방법 등 필요한 제한을 할 수 있도록 규정하고 있어 학교생활기록부 제출 요구에 대하여 제한을 할 수 있는 재량권이 있고, 같은 법 제30조의7에 의하면 교육감은 이에 관한 사항을 지도·감독할 수 있도록 규정하고 있다.",
            "교과부의 감사자료 제출 요구는 소년법 제70조 제1항, 제30조의2에 의한 열람 등의 제한 규정, 개인정보 보호법상의개인정보보호 규정, 학교폭력예방 및 대책에 관한 법률 제21조 제1항의 누설금지 의무규정 등과 충돌하는 점 등에 비추어 보면, 피고인의 감사자료 제출 거부 지시가 위법하다고 볼 수 없다.",
            "전라북도 교육청 소속 공무원들과 소속 학교장들은 피고인의 지시에 의한 것이 아니라 이 사건 훈령이 부당하다는 교육적소신에 의하여 스스로 감사자료 제출을 거부한 것이기 때문에 현실적이고 구체적인 권리행사방해나 의무 없는 일을 하게 한 결과가 발생하지 않았다.",
            "피고인은 이 사건 훈령이 헌법상 법률유보 원칙의 위반, 법률우위 원칙의 위반, 이중처벌금지 원칙의 위반, 과잉금지 원칙의위반, 체계정당성 원칙에 위반되어 위헌이라고 인식하였다.",
            "피고인은 위와 같이 교과부의 감사자료 제출 요구에 대하여 거부할 재량이 있다고 생각하였다.",
            "피고인은 교과부의 감사자료 제출 요구가 위와 같이 관련 법 규정과 충돌된다고 인식한 점, 피고인은 자신의 지시로 인하여 부당한 이익을 얻으려는 것이 아니라 학생들의 인권을 보장하기 위한 조치라고 생각한 점, 피고인의 지시를 따르지 아니한 교장들에게 불이익을 주지 않았고, 추후에 감사자료 제출을 거부한 교장들을 징계하도록 한 조치를 수용한 점 등에 비추어 보면, 피고인에게 직권남용권리행사방해의 범의가 있었다고 보기 어렵다.",
            "피고인 및 변호인들은 교과부의 감사자료 제출 요구가 학교폭력 사항에 관한 것으로서 관련 법령과 충돌하여 위법하다고 주장한다."
        ]
    },
    "facts": {
        "bsisFacts": [
            "피고인은 2010.7.1.전라북도 교육감에 취임하였고, 2014.6.4.교육감선거에서 재차 당선되어 2014.7.1.부터 현재까지 전라북도의 교육, 학예에 관한 사무의 집행기관인 교육감으로서, 전라북도 교육청 및 관내 초·중·고등학교 및 특수학교 등에 소속된 공무원을 지휘, 감독하는 등 교육 및 학예에 관한 사무를 총괄하여 왔다.",
            "교육과학기술부(2013.3.23.교육부로 명칭 변경, 이하 '교과부'라고 한다)는 2012.1.27.학교생활기록부에 학교폭력예방 및대책에 관한 법률 제17조 제1항 각 호에 규정된 학교폭력대책자치위원회의 학교폭력 가해학생에 대한 조치사항을 기록하여 생활지도 및 상급학교 진학 자료로 활용하도록 하기 위하여 교과부 훈령 제239호로 학교생활기록 작성 및 관리지침 을 개정하였는데, 그 주요 내용은 다음과 같다.",
            "학교생활기록부 기재방법 '학적사항'의 특기사항란에 전학, 퇴학처분을, '출결상황'의 특기사항란에 사회봉사, 특별교육이수 또는 심리치료, 10일 이내의 출석정지를, '행동특성 및 종합의견'에 서면사과, 접촉·협박 및 보복행위의 금지, 학교에서의 봉사, 학급교체를 각 기재한다.",
            "학교생활기록부 보존기간학교생활기록부에 기록된 가해학생에 대한 자료를 초등학교와 중학교는 졸업 후 5년간 보존하고, 고등학교는 10년간 보존한다.",
            "교과부는 2012.6.29.교과부 훈령 제257호로 「학교생활기록 작성 및 관리지침」을 다시 개정하여, 고등학교의 경우에도 학교생활기록부 보존기간을 초등학교, 중학교와 마찬가지로 '졸업 후 10년'에서 '졸업 후 5년'으로 변경하였다(이하 '이 사건 훈령'이라 한다).",
            "이에 피고인은 이 사건 훈령은 '헌법 제13조 이중처벌금지 원칙에 위반되고, 가해학생들의 헌법상 기본권인 정보자기결정권을 헌법제37조에 위반하여 법률에 근거 없이 교과부의 훈령으로 제한하는 것이며 기본권의 최소침해 원칙에도 반할 뿐만 아니라 교육정책적으로 바람직하지 않다.'는 이유로 반발하였다.",
            "2012.3.26.경 전라북도 교육청 확대간부회의에서 학생부에 기재할 가해학생의 학교폭력 조치 기재사항을 법원에서 형사범죄로 확정 판결된 사항에 한정 하는 등으로 교과부의 학생부 지침을 수정한 전라북도 교육청 기본방침을 마련하였다.",
            "피고인은 2012.8.20.경 대학입시 수시전형을 앞두고 전라북도 교육청 명의로 학교폭력 가해학생에 대한 학교생활기록부 기재요령 안내 라는 제목의 공문을 통해 관내 초,중,고등학교 및 특수학교에 학교생활기록부 작성 및 관리에 관한 자체 수정방침을 하달하였다.",
            "교과부는 2012.8.21.경 피고인과 전라북도 교육청을 상대로 \"① 귀 교육청에서 학교에 안내한 학교생활기록부 기재 관련 대상과방법 등을 즉시 취소하고, ② 법령에 따라 학교폭력 가해학생 조치사항을 학교생활기록부에 기재하도록 관내 학교 및 교육지원청에 2012.8.22.까지 안내 공문 시행 후, 이를 2012.8.23.까지 교육과학기술부에 제출하라.\" 라는 내용의 시정명령을 발령하였다.",
            "피고인이 이에 불응하자, 2012.8.24.경 전라북도 교육청에서 하달한 위 '기재요령 안내'가 초·중등교육법 제25조, 「학교생활기록의 작성 및 관리에 관한 규칙」, 「학교생활기록 작성 및 관리지침」을 위반하였다는 등의 이유로 이를 직권취소하는 한편, 2012.8.23.경부터 2012.9.13.경까지 전라북도 교육청에 대한 특정감사(이하 '제1차 특정감사'라 한다)를 실시하였다",
            "피고인은 위와 같은 교과부의 제1차 특정감사가 진행되는 기간 중인 2012.9.3.경 「학교생활기록부 기재 관련 전라북도 교육감전달사항 알림」이라는 제목으로 \"교과부 감사자료 제출 요구와 관련하여서는 전라북도 교육감의 지시사항으로 제출하지 않아도 되며, 교원의 징계권한은 교육감에게 있음을 다시 한번 강조하여 알려드립니다.\" 라는 내용의 지시 공문을 관내 모든 학교에 시행하였다.",
            "2012.9.5.경 일선 단위 학교장들로부터 교과부의 특정감사 자료 제출거부등으로 인한 징계책임 등에 대한 문의가 빗발치자 학교생활기록부 기재 관련 전라북도 교육감 전달사항 재안내 라는 제목으로, \"교육과학기술부의 감사자료 제출 요구와 관련하여서는 전라북도 교육감의 지시사항으로 제출하지 않아도 되며, 교원의 징계권한은 교육감에게 있음을 다시 한번 강조하여 알려드립니다.\" 라는 내용의 공문을 재차 시달하였다.",
            "교과부는 2012.10.16.경 제1차 특정감사 결과, ① 학교폭력 가해학생 학교생활기록부 기재 관련 업무 처리 부당, ② 학교폭력가해학생 조치사항 학교생활기록부 기재 관련 공문서 처리 부당, ③ 학교폭력 가해학생 조치사항 학교생활기록부 기재 거부, ④ 감사자료 제출 거부 등 감사 방해를 지적하고, 피고인에게 특정감사 결과에 따라 관계 공무원들에 대하여 징계의결요구 또는 징계의결요구신청 등의 처분을 할 것을 요구하였다.",
            "교과부가 대학입시 정시모집 전형을 앞두고, 2012.12.5.경부터 2012.12.14.경까지 전라북도 교육청과 관내 단위 고등학교 등의 학교생활기록부 작성 실태와 현황을 점검하기 위한 추가 특정감사(이하 '제2차 특정감사'라 한다)실시 계획을 통보하였다.",
            "피고인은 2012.12.5.11:00경 0000 (주소 생략)에 있는 전라북도 교육청 홍보실에서, \"지난 감사 때와 마찬가지로 오늘부터 시작되는 감사에서도 감사대응과 관련해 발생하는 모든 책임은 교육감이 부담하며, 교육감 직을 걸고 이번 감사사태의 모든 책임을 지겠다.\" 라는 내용의 성명서를 발표하였다.",
            "2012.12.5.경 관내 일선 고교 등에 교과부 감사와 관련하여 학교폭력 사항과 관련된 일체의 감사자료 제출을 거부하도록 하는 내용의 학교생활기록부 감사와 관련한 교육감 지시사항 안내 (학교교육과 23462, 2012.12.5.)공문에 위 교육감 명의 성명서를 첨부하여 관내 고교 등 모든 단위 학교에 시행하였다.",
            "피고인이 직무상 발령한 위 지시 공문에 따라, 전라북도 교육청 교육국장 장학관 공소외 1을 비롯한 학교교육과장, 인성건강과장, 학교교육과 중등교육담당 장학관 등 교육청 소속 공무원들은 2012.12.4.교과부로부터 학교별 폭력대책자치위원회 회의결과 등 감사자료의 제출을 요구(감사총괄담당관,6152)받고도 이를 제출하지 아니하였으며, 2012.12.5.교과부 특정감사단으로부터 감사자료의 제출을 요구(특정감사단,1)받고도 이를 거부하였다.",
            "2012.12.12.교과부 특정감사단으로부터 관내 고등학교가 교육청에 보고한 3학년 학교폭력 관련 자료 등 감사자료를 지참하여 출석할 것을 요구(특정감사단,13)받고도 이에 응하지 아니하였으며, 교과부 특정감사단이 2012.12.14.교육국장 등 7명에게 발부한 질문서에 대한 답변서를 제출하지 않는 등 특정감사 자료제출 요구, 확인서, 답변서 등의 작성 및 제출 요구를 거부하였다.",
            "관내 000, 000, 000, 000, 000, 000 등을 비롯한 전라북도 교육청 관내 27개 고등학교 전·현직 학교장 30명 등도 별지 1 특정감사 자료제출 거부 현황에 기재된 바와 같이, 학교폭력대책자치위원회 회의결과, 학교생활기록부 등 자료제출 요구를 거부하였다.",
            "교과부 특정감사단에서 각 학교에서 학교폭력이 발생하였는지 여부, 가해학생 인원, 학교폭력 조치사항의 학생부에 기재 여부 등에 대해 작성을 요구한 현장방문확인서, 확인서 등의 제출 및 서명,날인을 각각 거부하였다."
        ]
    },
    "dcss": {
        "courtDcss": [
            "피고인은 전라북도 교육감의 일반적 직무사항에 속하는 직권의 행사에 가탁하여 위법·부당한 직무상 지시를 발령함으로써 직권을 남용하여 전라북도 교육청 소속 공무원들 및 산하 27개 고교 학교장들로 하여금 특정감사 자료제출, 답변서, 확인서 등의 요구에 협력하지 않도록 하게 함으로써 의무 없는 일을 하게 하거나 권리행사를 방해하였다.",
            "공소장일본주의의 위배 여부는 공소사실로 기재된 범죄의 유형과 내용 등에 비추어 볼 때에 공소장에 첨부 또는 인용된 서류 기타 물건의 내용, 그리고 법령이 요구하는 사항 이외에 공소장에 기재된 사실이 법관 또는 배심원에게 예단을 생기게 하여 법관 또는 배심원이 범죄사실의 실체를 파악하는 데 장애가 될 수 있는지 여부를 기준으로 당해 사건에서 구체적으로 판단하여야 한다.",
            "이 사건 공소사실의 요지는 피고인이 전라북도 교육감으로서 교과부의 전라북도 교육청과 관내 단위 고등학교 등의 학교생활기록부 작성 실태와 현황을 점검하기 위한 제2차 특정감사에 관하여 관내 일선 고교 등에 학교폭력 사항과 관련된 일체의 감사자료 제출을 거부하도록 하는 내용의 공문을 발송하였다는 것이다.",
            "전라북도 교육청 소속 공무원들 및 산하 27개 고교 학교장들로 하여금 특정감사 자료제출, 답변서, 확인서 등의 요구에 협력하지 않도록 하게 함으로써 의무 없는 일을 하게 하거나 권리행사를 방해하였다는 것이다.",
            "이와 같이 공소사실로 기재된 직권남용권리행사방해죄는 피고인이 직권을 남용하였음을 구성요건으로 하고 있다.",
            "피고인의 지시행위가 위법한지 여부에 관한 판단을 기재할 수밖에 없고, 피고인의 지시행위가 위법한지 여부를 기재하기 위하여는 교과부의 학교생활기록 작성 및 관리지침 개정 경위와 이에 대한 피고인과 전라북도 교육청의 입장, 교과부의 특정감사가 이루어지게 된 경위 등의 배경사실 및 이 사건 학교생활기록부 작성 및 관리 사무의 성질, 특정감사 자료 제출에관한 법령상 협조의무 등 피고인의 지시행위가 위법하다는 검찰의 근거를 기재할 필요가 있다.",
            "이 사건 공소사실의 기재에 관하여 장황하거나 불필요한 부분이 포함되어 있다고 하더라도, 법관에게 예단을 생기게 하여 범죄사실의 실체를 파악하는 데 장애가 될 정도에 이르렀다고 보기 어렵다.",
            "따라서 이 사건 공소사실의 기재가 공소장일본주의를 위반하였다는 피고인 및 변호인들의 이 부분 주장은 받아들이지 아니한다.",
            "이 사건 공소사실과 양측의 주장을 통해 쟁점을 정리하면 다음과 같다.",
            "즉 피고인이 소속 교육청 공무원들과 학교 교장들에게 교과부의 특정감사에 대하여 학교폭력 사항에 관한 감사자료 제출을 거부하도록 한 지시가 직권을 행사한 것인지 여부, 피고인의 위 지시행위가 위법한지 여부이다.",
            "피고인의 위 지시행위로 인하여전라북도 교육청 소속 공무원들과 27개 교장들의 권리행사를 방해하였거나 의무 없는 일을 하도록 하는 결과가 발생하였는지 여부, 피고인의 위 지시행위가 직권남용에 해당하고, 피고인에게 위 지시행위 당시 직권남용권리행사방해의 범의가 있었는지 여부이다.",
            "피고인은 전라북도 교육감으로서 지방교육자치에 관한 법률 제27조에 따라 소속 공무원들에 대한 일반적인 지휘,감독권을 가지고있고, 초·중등교육법 제6조에 따라 공립,사립학교에 대하여 지휘·감독권을 가지고 있다.",
            "따라서 피고인이 교육감으로서 소속 공무원들과 관내 학교장들에게 교과부의 특정감사에 대하여 학교폭력 사항에 관한 감사자료를 제출하지 말도록 한 지시행위는 피고인의 일반적 직무권한에 속하는 것으로서 직권의 행사로 봄이 타당하다.",
            "한편 피고인 및 변호인들은 피고인의 지시행위가 위법한 경우 이는 상관의 위법한 명령에 해당하여 교육청 소속 공무원들과 일선 고등학교 교장들은 이에 복종할 의무가 없으므로 직권남용죄를 구성하지 않는다고 주장하나, 직권남용권리행사방해죄에 있어서 '직권의 남용'이란 공무원이 일반적 직무권한에 속하는 사항을 불법하게 행사하는 것, 즉 형식적, 외형적으로는 직무집행으로 보이나 그 실질은 정당한 권한 이외의 행위를 하는 경우를 의미하는 것이다.",
            "피고인의 지시행위는 교육감의 지시사항으로공문의 형태로 행사되어 형식적, 외형적으로 직무집행의 모습을 갖추고 있으므로, 복종의무가 없어 직권남용죄를 구성하지 않는다는 피고인 및 변호인들의 이 부분 주장은 받아들이지 않는다.",
            "국가공무원법 제56조는 \"모든 공무원은 법령을 준수하며 성실히 직무를 수행하여야 한다.\" 라고 규정하여 공무원에게 법령을 준수하여 직무를 수행할 의무를 부여하고 있다.",
            "그리고 구 지방교육자치에 관한 법률(2013.3.23.법률 제11690호로 개정되기 전의 것, 이하 같다)제3조에 의하여 준용되는 구지방자치법 제167조, 제171조, 제171조의2 규정에 따르면, 교육부장관의 시·도교육청에 대한 감사는 기관위임사무에 대해서만 가능한 것이 아니라 자치사무의 법령위반 사항에 대해서도 허용된다.",
            "또한 구 지방자치법 제171조의2 제3항의 위임에 따라 마련된 구 지방자치단체에 대한 행정감사규정은 감사제도의 실효성을 제고하기 위하여 ① 교육부장관의 '출석·답변의 요구, 관계 서류·장부 및 물품 등의 제출 요구'에 관한 조치권한(제11조 제1항 제1호, 제2호), ② 감사활동 수행자의 확인서 징구 권한, 문답서 작성 권한(제12조 제1항, 제2항), ③ 교육부장관의 질문서에 기초한 답변서 징구 권한(제12조 제3항)을 각각 규정하고 있다.",
            "교육부장관으로부터 '출석·답변의 요구, 관계 서류·장부 및 물품등의 제출 요구'를 받은 자는 정당한 사유가 없으면 그 요구에 따라야 할 의무를 규정하고 있다(제11조 제3항).",
            "이러한 감사절차에 관한 관계 법령의 규정 내용, 형식 및 입법 취지 등을 고려할 때, 감사대상 시·교육청 소속 공무원은 교육부장관이나 감사활동 수행자의 감사활동에 협조할 의무를 부담한다고 해석함이 타당하고, 이러한 법령상 의무에 반하여 감사자료 제출을 거부하도록 한 피고인의 이 사건 지시행위는 위법하다고 할 것이다.",
            "초,중등교육법 제30조의6 제1항 제1호에서는 학교생활기록부를 제공할 수 있는 경우로 학교에 대한 감독·감사의 권한을 가진 행정기관이 그 업무를 처리하기 위하여 필요한 경우 를 명시하고 있는 점, 소년법 제30조의2, 제70조는 소년 보호사건의 기록 및 내용의 공개에 관한 것으로 학교생활기록부의 제출을 요구하는 이 사건 교과부의 감사자료 제출 요구에 직접 적용될 수 없는 점을 규정하고 있다.",
            "개인정보 보호법 제15조 제1항 제3호에서는 개인정보를 수집할 수 있는 경우로서 \"공공기관이 법령 등에서 정하는 소관 업무의 수행을 위하여 불가피한 경우\"를 규정하고 있고, 같은 법 제18조 제2항 제2호는 개인정보를 제공할 수있는 경우로서 \"다른 법률에 특별한 규정이 있는 경우\"를 규정하고 있으므로, 교과부의 감사자료 제출 요구가 개인정보 보호법에 위반된다고 보기 어렵다.",
            "학교폭력예방 및 대책에 관한 법률 제21조의 비밀누설금지의무는 학교폭력에 관한 업무를수행하면서 알게 된 비밀을 타인에게 누설하는 것을 금지하고 있으나, 앞서 본 바와 같이 공무원에게는 감사활동에 협조할 의무가 있다.",
            "교과부의 감사자료 제출 요구가 기관위임사무인 학교생활기록부의 작성에 관하여 학교폭력예방 및 대책에 관한 법률에 의한 처분 사항이 충실히 기재되고 있는지를 감사하기 위한 목적인 점에 비추어 보면, 교과부의 감사담당자를 타인 에 해당한다거나 감사자료의 제출을 누설 에 해당한다고 보기 어려운 점 등을 종합하여 보면, 교과부의 감사자료 제출 요구가 관련 법령과 충돌하여 위법하다고 볼 수 없다.",
            "앞서 본 전라북도 교육청 교육과장 공소외 1 및 각 고등학교장(별지 1 기재 순번 1 내지 9번, 11번)을 제외한 나머지 교육청 소속 공무원들 및 각 고등학교장(별지 1 기재 순번 10번, 12 내지 27번)의 감사자료 제출 거부행위가 피고인의 지시행위로 인한 것이 아니라 이 사건 훈령이 부당하다는 각자의 소신에 의한 것일 가능성이 있다.",
            "이 사건 공소사실인 직권남용권리행사방해의 인과관계나 의무 없는 일을 하게 한 결과가 발생하였는지 여부에 관하여 합리적 의심의 여지가 있고, 검사가 제출한 증거만으로는 이를 인정하기에 부족하다.",
            "전라북도 교육청 교육과장 공소외 1 및 각 고등학교장(별지 1 기재 순번 1 내지 9번, 11번)을 제외한 나머지 교육청 소속 공무원들 및 각 고등학교장(별지 1 기재 순번 10번, 12 내지 27번)에 대한 직권남용권리행사방해의 공소사실은 그 증명이 없는 때에 해당한다.",
            "피고인은 교육감의 학교생활기록의 작성에 관한 사무에 대한 지도,감독 사무의 법적 성질, 교과부의 이 사건 훈령이 법규적 효력이 있는지 여부 또는 헌법상 과잉금지원칙 등을 위반하여 무효인지 여부 등이 불명확한 상황에서, 학생의 인권을 보호한다는 명목으로 이 사건 훈령을 축소하여 집행하는 수정지침을 하달하였다.",
            "이에 대한 교과부의 특정감사를 위법한 것으로 판단하여 교과부의 감사자료 제출 요구 중 학교폭력 사항에 관한 일부 자료에 대하여만 그 제출을 거부하도록 지시한 것이다.",
            "피고인의 직무행위의 목적, 필요성 및 상당성 등을 앞서 본 법리, 특히 피고인과 같이 지방교육자치선거를 통해 주민 직선으로 선출된 공무원의 직무행위가 추후에 위법하다고 평가되는 경우 이에 대한 직권남용권리행사방해죄의 인정 여부는 신중하게 판단할 필요가 있다는 점에 비추어 보면, 피고인의 이 사건 감사자료 제출 거부 지시행위가 직권남용에 해당한다거나 피고인에게 당시 직권을 남용한다는 인식이 있었다고 단정할 수 없다."
        ]
    },
    "close": {
        "cnclsns": [
            "피고인은 무죄.",
            "이 판결의 요지를 공시한다."
        ]
    }
}