{
    "info": {
        "caseField": "2",
        "detailField": "6",
        "trailField": "1",
        "caseNm": "공갈미수",
        "courtNm": "서울동부지방법원",
        "judmnAdjuDe": "2014. 05. 15.",
        "caseNo": "2013고단1578",
        "relateLaword": [
            "형법 제352조 ",
            "형법 제350조 제1항",
            "형법 제62조 제1항",
            "형법 제62조의2"
        ],
        "qotatPrcdnt": [
            "대법원 1991. 12. 13. 선고 91도2127 판결",
            "대법원 1995, 3.10. 선고 94도2422 판결 참조"
        ]
    },
    "concerned": {
        "acusr": "4",
        "dedat": "1"
    },
    "org": {
        "orgJdgmnCourtNm": "",
        "orgJdgmnAdjuDe": "",
        "orgJdgmnCaseNo": ""
    },
    "disposal": {
        "disposalform": "6",
        "disposalcontent": [
            "피고인을 징역 8월에 처한다.",
            "이 판결확정일로부터 2년간 위 형의 집행을 유예한다.",
            "피고인에게 120시간의 사회봉사를 명한다."
        ]
    },
    "mentionedItems": {
        "rqestObjet": [
            "피고인을 공갈미수로 징역에 처한다."
        ]
    },
    "assrs": {
        "acusrAssrs": [],
        "dedatAssrs": [
            "판시 범죄사실 기재와 같은 내용으로 피해자에게 전달한 의사표시는 피해자의 위법한 권리행사에 대한 시정을 요구하는 정당한 권리행사의 일환으로서 위법하지 않다."
        ]
    },
    "facts": {
        "bsisFacts": [
            "피고인은 경매브로커로서 피고인이 지분의 2분의 1을 보유한 0000 E, F, G, H, I 토지에 대하여 피해자 J의 장모 K이 임의경매신청을 하여 토지를 낙찰받자 피해자가 은행지점장인 사실을 이용하여 피해자를 협박하여 위 토지 지분 또는 그에 상당한 돈을 교부받기로 마음먹었다.",
            "피고인은 2013. 2. 24. 09:52경 피해자의 휴대전화에 \"현직 지점장이 장모 명의로 고리사채업을 해도 되는지 모르겠다. 나도 알아 볼 만큼 알아 봤다. 금감원 등에 알아본 바로는 금융인이 하면 안 되는 것으로 알고 있다. 투자원금을 주지 않으면 내일부터는 할 수 있는 모든 행동을 법적으로 민원으로 모든 수단을 동원해서 권리를 찾겠다.\"라는 내용의 문자메시지를 보내어 겁을 주었다.",
            "피고인은 2013. 2. 27경 피해자의 집으로 \"지점장님께 문자메시지를 보냈지만 아무런 연락을 주지 않아 안타깝다. 지점장님이 낙찰을 받았지만 실질적으로 지점장님이 하실 일이 적지 않다. 어떤 전문가에게 맡기더라도 처리하는 시간과 방법은 지점장님이 생각하는 것보다 쉽지 않을 것이다. 대부분 이런 경우 낙찰을 받게 되면 처음에는 즐겁지만 나중에는 기대만큼 행복하지 않은 경우가 많다. 지점장님께 말씀드린다.\"",
            "\"첫째 낙찰받은 물건의 지분 50%를 완전하게 달라. 그러면 배당되는 50%지분을 포기하겠다. 지점장님이 처리해야 할 일이 아주 많다. 절대 과장이 아니다(서류상으로는 아무 것도 아니고 시간이 지나면 해결될 것으로 믿고 있을 것이다). 둘째 제가 투자한 원금 2억 4,200만원을 달라. 그러면 지점장님이 일을 처리하는데 최대한 협조하겠다. 둘 중 하나를 선택해 달라.\"",
            "\"응답이 없으면 나름대로 최대한 권리를 찾기 위해 모든 힘을 다 하겠다. 답변기한은 2013. 3. 2. 오전8시까지다. 어제 금융감독원 은행감독국에 지인이 있어서 상담했는데, 상담결과 이런 문제는 당사자들끼리 조용히 해결하는 것이 최선의 방법이고 만약에 해결이 안 되면 그때 정식으로 여러 기관에 민원을 제기해도 늦지 않다. 물론 금융위원회와 우리은행 지점장들도 알고 있지만 일단 금융감독원만 다녀왔다.\"",
            "\"지점장님께 묻겠다. 금융기간 종사자가 사적금전대차나 알선행위를 할 수 없다는 유권해석이 있는데 어떻게 생각하느냐, 지점장님이 자신이 있다면 정식으로 수사의뢰 하겠다. 지점장님이 장모님명의로 대여한 2억 3,000만 원은 지점장님 돈으로 생각이 되는데, 자신이 있다면 은행감독국에 민원을 제기하여 2억 3,000만원에 대해 자금추적을 의뢰하겠다.\"",
            "\"마지막으로 이자제한법을 위반하였다. 대부업 면허가있느냐, 지점장님께서 괜찮으시다면 검찰에 고발하겠다. 지점장님이 현직에 계시면서 불법사채놀이와 대부업법위반 등 실정법을 위반하여 손실을 입혔으니 지점장님의 결정에 따라 모든 힘을 쏟아서 투자금 전액을 찾고자 최선의 노력을 다하겠다.\"라는 내용의 편지를 보내어 겁을 주었다.",
            "피고인은 이와 같이 2회에 걸쳐 피해자를 공갈하여 피해자로부터 위 부동산의 지분의 2분의1 또는 2억 4,200만 원을 갈취하려 하였으나 피해자가 이에 응하지 않아 미수에 그쳤다."
        ]
    },
    "dcss": {
        "courtDcss": [
            "아무리 자신에게 정당한 권리가 있다고 하더라도 그 권리의 행사를 빙자하여 사회통념상 허용되는 정도나 범위를 넘어서는 협박을 수단으로 상대방을 겁주어 재물을 교부받거나 재산상의 이익을 받으려고 하였다면 이는 공갈죄의 실행에 착수한 것이라고 보아야 한다.",
            "이 경우 구체적으로 어떠한 행위가 사회통념상 허용되는 정도나 범위를 넘는 것인지 여부는 추구된 목적과 선택된 수단을 전체적으로 종합하여 판단하여야 한다(대법원 1991. 12. 13. 선고 91도2127 판결, 1995, 3. 10. 선고 94도2422 판결 등 참조).",
            "피고인은 0000 E 외 4필지 토지의 경락인인 K이나 피해자로부터 2억 4,200만 원을 지급받거나 위 토지들에 대하여 2분의 1 지분을 받을 사법상의 권리가 없었을 뿐만 아니라, 은행지점장인 피해자를 감찰기관에 진정하여 신분상의 불이익을 주겠다고 협박하였고, 실제 금융감독원에 진정을 하여 피해자가 소속 은행으로부터 감찰을 받게 하였다.",
            "피고인의 위와 같은 행위는 정당한 권리행사에 해당하지 않으므로, 피고인의 위 주장은 더 나아가 살필 필요 없이 이유 없다.",
            "피해자의 신분상의 약점을 노려 재산상의 이익을 취하려한 이 사건 범행의 죄질이 불량한 점, 피해자가 피고인의 엄벌을 탄원하고 있는 점, 동종범죄로 처벌받은 전력이 있는 점 등을 고려하면 피고인을 엄히 처벌함이 마땅하다.",
            "이 사건 범행이 미수에 그쳐 피해자에게 직접적인 재산상의 피해가 발생한 것은 아닌 점, 동종범죄로 벌금형을 넘는 처벌을 받은 전력이 없는 점 및 형법 제51조에서 정한 양형의 조건들을 참작하여 형을 정한다."
        ]
    },
    "close": {
        "cnclsns": [
            "피고인을 징역 8월에 처한다.",
            "다만, 이 판결 확정일로부터 2년간 위 형의 집행을 유예한다.",
            "피고인에게 120시간의 사회봉사를 명한다."
        ]
    }
}