{
    "info": {
        "caseField": "2",
        "detailField": "6",
        "trailField": "1",
        "caseNm": "공무집행방해",
        "courtNm": "대전지방법원 천안지원",
        "judmnAdjuDe": "2017. 12. 22.",
        "caseNo": "2017고단2102",
        "relateLaword": [
            "형법 제136조",
            "형법 제37조",
            "형법 제38조",
            "형법 제50조",
            "형법 제70조",
            "형법 제69조",
            "형사소송법 제334조"
        ],
        "qotatPrcdnt": []
    },
    "concerned": {
        "acusr": "4",
        "dedat": "1"
    },
    "org": {
        "orgJdgmnCourtNm": "",
        "orgJdgmnAdjuDe": "",
        "orgJdgmnCaseNo": ""
    },
    "disposal": {
        "disposalform": "9",
        "disposalcontent": [
            "피고인을 벌금 700만 원에 처한다.",
            "피고인이 위 벌금을 납입하지 아니하는 경우 10만 원을 1일로 환산한 기간 피고인을 노역장에 유치한다.",
            "위 벌금에 상당한 금액의 가납을 명한다."
        ]
    },
    "mentionedItems": {
        "rqestObjet": [
            "피고인을 벌금 700만 원에 처한다.",
            "피고인이 위 벌금을 납입하지 아니하는 경우 10만 원을 1일로 환산한 기간 피고인을 노역장에 유치한다.",
            "위 벌금에 상당한 금액의 가납을 명한다."
        ]
    },
    "assrs": {
        "acusrAssrs": [],
        "dedatAssrs": []
    },
    "facts": {
        "bsisFacts": [
            "피고인은 2017.8.7.22:40경 0000에 있는 00000 413동 앞길에서, 피고인 소유인 0 승용차가 시동이 켜진 채로 편도 1차로에 주차되어 있어 통행이 불가능하다는 112신고를 받고 현장에 줄동한 0000 서북경찰서 C지구대 소속 경위 D로부터 차량을 이동시켜줄 것을 요구받았다.",
            "그러자, \"씨발, 담배 좀 피고하자, 내가 경찰발전위원회인데 이 씨발 새끼들아, 니 좆까는 대로 하고 나는 집에 가서 자야겠다.\" 라고 욕설을 하면서 양손으로 위 D의 가슴을 2회 밀치고, 옆에서 그 장면을 촬영하려던 같은 지구대 소속 순경 E의 오른손을 주먹으로 내리치는 등 폭행하였다.",
            "이로써 피고인은 위 경찰공무원들의 112 신고처리에 관한 정당한 직무집행을 방해하였다."
        ]
    },
    "dcss": {
        "courtDcss": [
            "동종 범행으로 형사처벌을 받은 전력이 없고 1998.이후 벌금형 보다 무거운 형사처벌을 받은 적이 없는 점, 반성하고 있는 점, 공무방해 및 유형력 행사의 정도 등 참작한다."
        ]
    },
    "close": {
        "cnclsns": [
            "피고인을 벌금 700만 원에 처한다.",
            "피고인이 위 벌금을 납입하지 아니하는 경우 10만 원을 1일로 환산한 기간 피고인을 노역장에 유치한다.",
            "위 벌금에 상당한 금액의 가납을 명한다."
        ]
    }
}