{
    "info": {
        "caseField": "2",
        "detailField": "6",
        "trailField": "1",
        "caseNm": "특정경제범죄가중처벌등에관한법률위반(사기),사기,의료법위반,소비자생활협동조합법위반",
        "courtNm": "인천지방법원",
        "judmnAdjuDe": "2016. 05. 25.",
        "caseNo": "2015고합770",
        "relateLaword": [
            "구 소비자생활협동조합법(2014. 10. 15. 법률 제12833호로 개정되기 전의 것) 제85조",
            "의료법 제87조",
            "의료법 제33조",
            "형법 제347조",
            "특정경제범죄 가중처벌 등에 관한 법률 제3조",
            "형법 제38조",
            "형법 제50조",
            "생협법 제15조\n",
            "생협법 시행령 제8조",
            "생협법 시행령 제4조",
            "생협법 시행령 제6조\n",
            "생협법 제1조",
            "생협법 제6조",
            "생협법 제16조",
            "생협법 제85조\n",
            "생협법 제88조",
            "생협법 제2조",
            "생협법 제22조",
            "구 소비자생활협동조합법 시행령 제8조",
            "생협법 제7조"
        ],
        "qotatPrcdnt": [
            "대법원 2006. 5. 12. 선고 2005도6525 판결 ",
            "대법원 1982. 12. 14. 선고 81도3227 판결 ",
            " 대법원 2014. 8. 20. 선고 2012도14360 판결",
            "대법원 2015. 7. 9. 선고 2014도11843 판결 "
        ]
    },
    "concerned": {
        "acusr": "4",
        "dedat": "1"
    },
    "org": {
        "orgJdgmnCourtNm": "",
        "orgJdgmnAdjuDe": "",
        "orgJdgmnCaseNo": ""
    },
    "disposal": {
        "disposalform": "6",
        "disposalcontent": [
            "피고인 1을 징역 4년에 처한다.",
            "이 사건 공소사실 중 피고인 1의 피해자 공소외 6에 대한 사기의 점과 피고인 2는 각 무죄로 판결한다.",
            "피고인들에 대한 판결 중 각 무죄 부분의 요지를 공시한다.\n\n"
        ]
    },
    "mentionedItems": {
        "rqestObjet": [
            "피고인 1의 소비자생활협동조합법위반\n피고인은 거짓 또는 부정한 방법으로 공소외 5 조합 설립등기를 하였다.",
            "피고인 1의 의료법위반, 사기, 특정경제범죄가중처벌등에관한법률위반(사기)\n의사 등, 의료법인, 비영리법인이 아니면 의료기관을 개설하여서는 아니 되고, 의료기관을 개설할 수 없는 자가 의료인의 면허나 의료법인 등의 명의를 대여받아 개설·운영하는 의료기관은 국민건강보험공단에 요양급여비용을 청구할 수 없다."
        ]
    },
    "assrs": {
        "acusrAssrs": [],
        "dedatAssrs": [
            "생협법 및 생협법 시행령은 조합의 설립인가 기준으로 납입한 출자금의 총액이 3,000만 원 이상일 것을 요구할 뿐인 점, 생협법 제15조 제2항에 규정된 조합원 1인의 출자좌수 한도 위반행위는 생협법 제88조 제2항 제1호에 따른 과태료 부과대상에 불과한 점, 조합원은 출자좌수에 관계없이 1개의 의결권 및 선거권을 가지고 그 대리행사도 1인으로 한정된 점을 종합할 수 있다.",
            "그리고 생협법은 일부 조합원이 다른 조합원의 명의를 빌려 출자금을 납입하는 것을 명시적으로 금지하고 있지 아니한 점 등을 종합하면, 일부 조합원이 다른 조합원의 명의를 빌려 출자금을 납입하고 조합의 설립등기를 하였다고 하여 이를 거짓 또는 부정한 방법으로 조합의 설립등기를 한 것이라 할 수 없다.",
            "그러므로 피고인이 인천광역시장으로부터 공소외 00 조합(이하 이 사건 조합 이라고 한다)의 설립인가를 받을 당시 공소외 00, 공소외 00, 공소외 00(이하 공소외 00 등 이라 한다)의 출자금 합계 900만 원(각 300만 원)을 대납한 것을 두고 피고인이 거짓 또는 부정한 방법으로 이 사건 조합의 설립등기를 한 것이라 할 수 없다.",
            "따라서 피고인에 대한 생협법위반의 점은 무죄이며, 이를 바탕으로 한 의료법위반, 사기, 특정경제범죄가중처벌등에관한법률위반(사기)의 점 역시 당연히 무죄이다."
        ]
    },
    "facts": {
        "bsisFacts": [
            "소비자생활협동조합을 설립하기 위하여 조합원은 정관으로 정하는 바에 따라 1좌 이상을 출자하여야 하고, 조합원 1인의 출자좌수는 총 출자좌수의 100분의 20을 넘어서는 아니 되며, 조합원 자격이 있는 설립동의자가 300명 이상이어야 하고, 설립동의자의 출자금 납입총액이 3,000만 원 이상이어야 한다.",
            "피고인은 2011. 5. 18.경 사실은 공소외 00, 공소외 00, 공소외 00으로부터 출자금 각 300만 원을 납입받지 아니하고 피고인이 900만 원을 출자하였음에도, 위 사람들이 각 300만 원을 출자한 것처럼 허위로 출자금 납입증명서를 작성하였다.",
            "피고인은 2011. 6. 3.경 0000 소재 인천시청 사회적경제과 사무실에서, 위와 같이 허위로 작성한 출자금 납입증명서를 첨부하여 공소외 00 조합 설립인가 신청서를 제출하여 같은 달 24. 조합설립인가를 받았다.",
            "피고인은 2011. 6. 30.경 0000 소재 인천지방법원 등기과 사무실에서, 위와 같이 거짓으로 발부받은 설립인가서에 따라 공소외 00 조합 설립등기 신청서에 출자금 총액 30,610,000원, 출자1좌의 금액 1,000원, 출자총좌수 30,610좌라고 허위로 기재하여 같은 날 설립등기가 경료되게 하였다.",
            "이로써 피고인은 거짓 또는 부정한 방법으로 공소외 00 조합 설립등기를 하였다.",
            "의사 등, 의료법인, 비영리법인이 아니면 의료기관을 개설하여서는 아니 되고, 의료기관을 개설할 수 없는 자가 의료인의 면허나 의료법인 등의 명의를 대여받아 개설,운영하는 의료기관은 국민건강보험공단에 요양급여비용을 청구할 수 없다.",
            "피고인은 2011. 7. 15.경 0000 (주소 1 생략)에서, 한의사 1명, 간호사 3명, 행정직원 1명을 고용하여 진료실, 침구실, 물리치료실, 탕제실 등을 갖춘 다음, 위 공소외 00 조합의 명의를 빌려 공소외 00 조합 부속 000한의원 이라는 상호로 의료기관을 개설하였다.",
            "피고인은 2011. 9.경부터 2014. 2.경까지 위 ㅇㅇㅇ한의원에서, 사실은 속칭 사무장병원으로 운영하였음에도, 건강보험심사평가원에 요양급여비용명세서를 제출하여 심사를 의뢰하고, 그 심사결과를 통보받아 이를 진실로 믿은 피해자 국민건강보험공단으로부터 별지 범죄일람표(1) 기재와 같이 2011. 10.경부터 2014. 3. 경까지 총 30회에 걸쳐 요양급여비 명목으로 합계 250,217,940원을 지급받아 편취하였다.",
            "피고인은 2012. 2. 12.경 0000 (주소 2 생략)에서, 의사 1명, 간호조무사 3명, 행정직원 1명을 고용하고, 진료실, 물리치료실, 엑스레이실 등을 갖춘 다음, 위 공소외 00 조합의 명의를 빌려 공소외 00 조합 0000지부 00의원 이라는 상호로 의료기관을 개설하였다.",
            "피고인은 2012. 3.경부터 2013. 12.경까지 위 0000지부00의원에서, 사실은 속칭 사무장병원으로 운영하였음에도, 건강보험심사평가원에 요양급여비용명세서를 제출하여 심사를 의뢰하고, 그 심사결과를 통보받아 이를 진실로 믿은 피해자 국민건강보험공단으로부터 별지 범죄일람표(2) 기재와 같이 2012. 4.경부터 2014. 1.경까지 총 22회에 걸쳐 요양급여비 명목으로 합계 392,246,840원을 지급받아 편취하였다.",
            "피고인은 2013. 9. 26.경 0000 (주소 3 생략)에서, 의사 1명, 간호사 5명, 물리치료사 2명, 엑스레이 기사 1명을 고용하고, 진료실, 물리치료실, 입원실, 엑스레이실 등을 갖춘 다음, 위 공소외 00 조합의 명의를 빌려 공소외 00 조합 0000의원 이라는 상호로 의료기관을 개설하였다.",
            "피고인은 2013. 10.경부터 2015. 6.경까지 위 0000의원에서, 사실은 속칭 사무장병원으로 운영하였음에도, 건강보험심사평가원에 요양급여비용명세서를 제출하여 심사를 의뢰하고, 그 심사결과를 통보받아 이를 진실로 믿은 피해자 국민건강보험공단으로부터 별지 범죄일람표(3) 기재와 같이 2013. 11.경부터 2015. 7.경까지 총 21회에 걸쳐 요양급여비 명목으로 합계 2,396,558,820원을 지급받아 편취하였다.",
            "피고인은 2013. 11. 15.경 0000 (주소 3 생략)에서, 의사 2명, 한의사 1명, 간호사 5명, 간호조무사 30명, 물리치료사 1명, 행정직원 5명을 고용하고 진료실, 입원실, 물리치료실 등을 갖춘 다음, 위 공소외 00 조합의 명의를 빌려 공소외 00 조합 0000병원 이라는 상호로 의료기관을 개설하였다.",
            "피고인은 2014. 1.경부터 2015. 9.경까지 위 0000병원에서, 사실은 속칭 사무장병원으로 운영하였음에도, 건강보험심사평가원에 요양급여비용명세서를 제출하여 심사를 의뢰하고, 그 심사결과를 통보받아 이를 진실로 믿은 피해자 국민건강보험공단으로부터 별지 범죄일람표(4) 기재와 같이 2014. 2.경부터 2015. 10.경까지 총 21회에 걸쳐 요양급여비 명목으로 합계 2,467,074,140원을 지급받아 편취하였다."
        ]
    },
    "dcss": {
        "courtDcss": [
            "형벌법규는 문언에 따라 엄격하게 해석,적용하여야 하고 피고인에게 불리한 방향으로 지나치게 확장해석하거나 유추해석하여서는 아니 되지만, 형벌법규의 해석에서도 법률문언의 통상적인 의미를 벗어나지 않는 한 그 법률의 입법 취지와 목적, 입법 연혁 등을 고려한 목적론적 해석이 배제되는 것은 아니라고 할 것이다(대법원 2006. 5. 12. 선고 2005도6525 판결 등).",
            "생협법은 조합의 임직원이 거짓 또는 부정한 방법으로 등기를 한 때 이를 처벌하도록 규정하고 있다(생협법 제85조 제2항 제3호).",
            "조합의 설립등기는 설립인가를 받은 날로부터 3월 내에 하되 설립등기에 관하여 필요한 사항은 대통령령으로 정하도록 하고 있는데(생협법 제22조 제2항), 생협법 시행령에 따르면 설립등기 신청인은 신청서에 조합의 목적, 명칭, 사업구역 및 주된사무소의 소재지, 출자 총좌수와 납입한 출자금의 총액, 설립인가 연원일, 임원에 관련된 사항 등을 기재하여야 하고(시행령 제8조 제3항), 설립인가서 등을 첨부하여야 한다(시행령 제8조 제4항).",
            "따라서 이러한 생협법 및 그 시행령의 규정을 종합하여 보면 생협법 제85조 제2항 제3호의 거짓 또는 부정한 방법으로 설립등기를 한 때 란, 정상적인 방법으로는 설립등기의 전제가 되는 설립인가를 받을 수 없음에도 이를 가능하게 하는 위계 기타 사회통념상 부정한 행위를 통하여 시,도지사로부터 조합의 설립인가를 받아 설립등기를 마친 것을 뜻한다.",
            "설립인가에 관하여는 생협법 제21조 및 시행령 제4조 내지 제7조에서 규정하고 있는데, 조합원 자격이 있는 설립동의자가 300명 이상, 그 출자금 납입총액이 3,000만 원 이상이어야 하며(시행령 제4조), 신청인은 설립인가 신청 시 정관 사본, 창립총회 의사록 사본, 사업계획서 등과 함께 '출자금 납입증명서'를 반드시 첨부하여야 한다(시행령 제6조 제2항).",
            "한편 생협법은 조합원의 소비생활 향상과 국민의 복지 및 생활문화 향상에 이바지함을 목적으로 한다고 정하고 있고(생협법 제1조), 이러한 목적을 달성하기 위하여 생협법에 따라 설립된 조합은 영리를 목적으로 하지 아니할 것을 그 기본적 요건으로 한다(생협법 제2조, 제6조 제1항 제1호).",
            "따라서 조합이 특정한 조합원의 이익만을 목적으로 사업을 하는 것은 금지되고(생협법 제6조 제2항), 조합원은 1좌 이상을 출자하되 조합원 1인의 출자좌수는 총 출자좌수의 100분의 20을 초과할 수 없으며(생협법 제15조 제1항, 제2항), 출자좌수에 관계없이 조합원은 1개의 의결권과 선거권을 가지게 된다(생협법 제16조).",
            "위와 같은 생협법의 입법 취지 및 생협법에 따라 설립된 조합의 요건과 성격, 출자좌수 한도 제한 규정의 취지 등을 종합하면, 조합의 설립인가 신청 시 '출자금 납입증명서'를 첨부하도록 한 것은 생협법 시행령 제4조 제3호 소정의 3천만 원 이상의 출자금이 실제로 납입되었는지 여부 이외에도 조합 설립 당시 조합원 1인의 출자좌수에 관한 한도위반이 있는지 여부도 인가신청에 관한 심사대상으로 삼기 위한 것으로 보아야 한다.",
            "그러므로 출자금 납입증명서를 통해 조합원 1인의 출자좌수 한도 위반이 확인된 경우 관할관청은 생협법 제15조 등을 근거로 설립인가 신청을 반려하여야 하고, 사후적으로 이러한 위반 사항이 발견된 경우 생협법 제88조 제2항 제1호에서 과태료를 부과한다고 규정되어 있더라도 달리 볼 바 아니다.",
            "그렇다면 조합의 임원이 조합 설립인가 신청 시 출자금을 납부한 사실이 없는 타인 명의로 출자금을 납부하고 타인이 직접 출자금을 납부한 것처럼 허위로 출자금 납입증명서를 작성하여 제출하는 것은 생협법 제1조, 제6조, 제15조 등의 취지에 위반되는 행위이다.",
            "그로 인하여 조합이 설립인가를 받아 설립등기를 하게 된다면 이는 생협법 제88조 제2항 제1호에도 불구하고 생협법 제85조 제2항 제3호에 규정된 거짓 또는 부정한 방법으로 설립등기를 한 때'에 해당한다고 봄이 상당하다.",
            "이러한 법리를 전제로 이 사건에 관하여 보건대, 이 법원이 적법하게 채택하여 조사한 증거들에 의하면, 이 사건 조합의 설립인가 신청 당시 공소외 00 등이 합계 900만 원의 출자금을 실제 납부하지 않았다.",
            "그럼에도, 피고인은 공소외 00 등의 명의로 900만 원의 출자금을 대납한 다음 공소외 00 등이 출자금을 납부한 것처럼 허위로 출자금 납입증명서를 작성하여 인천광역시에 제출하는 방법으로 이 사건 조합의 설립인가를 받고 그에 따른 설립등기를 하였음이 인정된다.",
            "결국 피고인의 이러한 행위는 거짓 또는 부정한 방법으로 설립등기를 한 때에 해당하여 생협법위반죄를 구성하며, 이러한 법해석이 법률문언의 통상적인 의미를 벗어난 확장해석이라 할 수 없다.",
            "의료인의 자격이 없는 일반인(이하 '비의료인'이라 한다)이 필요한 자금을 투자하여 시설을 갖추고 유자격 의료인을 고용하여 그 명의로 의료기관 개설신고를 한 행위는 형식적으로만 적법한 의료기관의 개설로 가장한 것일 뿐 실질적으로는 비의료인이 의료기관을 개설한 것으로서 위 의료법 제33조 제2항 본문에 위반된다고 봄이 타당하다.",
            "개설신고가 의료인 명의로 되었다거나 개설신고명의인인 의료인이 직접 의료행위를 하였다 하여 달리 볼 이유가 되지 못한다(대법원 1982. 12. 14. 선고 81도3227 판결 참조).",
            "그리고 이러한 법리는 의료사업을 명시적으로 허용하고 있는 생협법에 의하여 설립된 소비자생활협동조합 명의로 의료기관 개설신고가 된 경우에도 마찬가지로 적용된다고 할 것이다(대법원 2014. 8. 20. 선고 2012도14360 판결 등 참조).",
            "이 법원이 적법하게 조사한 증거들에 의하여 인정되는 다음과 같은 사정들 즉, 피고인은 한의사를 고용하여 병원을 운영하려다 사무장 병원으로 처벌받을 수 있다는 사실을 알게 된 후 합법적으로 의사를 고용하여 병원을 운영하려는 목적으로 이 사건 조합을 설립하게 된 점, 피고인이 이 사건 조합을 운영하며 조합원들을 위한 특별한 조합 활동이나, 지역주민을 대상으로 한 건강증진사업 등을 수행하였는지 여부가 확인되지 않는 점을 인정할 수 있다.",
            "이 사건 조합의 총 출자금 중 1,300만 원이 피고인의 개인자금에서 출연된 점, 이 사건 조합의 설립 절차에서부터 이 사건 조합 명의로 설립된 000한의원 등 4개의 의료기관(이하 이 사건 각 의료기관 이라 한다)의 폐업에 이르기까지 주요 의사결정은 모두 피고인에 의해 이루어진 점 등에다가 앞서 본 바와 같이 피고인이 거짓 또는 부정한 방법으로 이 사건 조합의 설립등기를 한 점을 종합할 수 있다.",
            "피고인은 형식적으로 이 사건 조합이 의료기관을 개설하는 것처럼 외관을 만든 뒤 실질적으로는 비의료인인 피고인 자신의 비용과 책임으로 이 사건 조합의 명의를 이용하여 이 사건 각 의료기관을 개설하였음이 넉넉히 인정된다.",
            "피고인이 이 사건 각 의료기관을 개설한 행위는 의료법위반죄를 구성하며, 이 사건 각 의료기관이 마치 의료법에 의하여 적법하게 개설된 요양기관인 것처럼 국민건강보험공단으로부터 요양급여비용을 지급받은 것은 사기죄를 구성한다(대법원 2015. 7. 9. 선고 2014도11843 판결 등 참조).",
            "따라서 피고인 00 및 그 변호인의 주장은 받아들이지 아니한다.",
            "이 법원이 적법하게 채택하여 조사한 증거들에 의하면, 이 사건 조합과 피해자 공소외 00 사이에 0000병원 구내식당운영권 위탁에 관한 계약(이하 이 사건 위탁계약 이라 한다)을 체결할 당시, 0000병원은 이 사건 조합의 명의를 빌려 개설된 이른바 사무장병원이었던 사실, 손익계산서에 따르면 0000병원 운영으로 인한 2014년 손실금이 618,837,777원인 사실을 인정할 수 있다.",
            "2014. 12. 31. 기준으로 재무상태표에 따른 0000병원의 부채가 878,641,194원인 사실, 피고인 00이 0000병원을 공소외 00에게 양도하여 2015. 8. 12.자로 공소외 00 명의의 병원이 개설되었는데 공소외 00과 피고인 00 사이에 피해자 공소외 00에 대한 보증금반환채무를 공소외 00이 승계하기로 하는 별도의 약정이 체결되지 아니한 사실을 인정할 수 있다.",
            "현재까지 피고인 00이 피해자 공소외 00에게 보증금 3억 원을 반환하지 못하고 있는 사실을 인정할 수 있기는 하다.",
            "그러나 위 법리에 비추어 이 사건에 관하여 보건대, 같은 증거들에 의하여 인정되는 다음과 같은 사정들에 비추어 보면, 검사가 제출한 증거만으로는 피고인들이 이 사건 위탁계약을 체결할 당시 피해자 공소외 00에게 보증금 3억 원을 반환해 줄 의사나 능력이 없었음에도 피해자 공소외 00을 기망하여 보증금 명목으로 3억 원을 편취하였다고 단정하기 어렵고, 달리 이를 인정할 증거가 없다."
        ]
    },
    "close": {
        "cnclsns": [
            "피고인 00을 징역 4년에 처한다.",
            "이 사건 공소사실 중 피고인 00의 피해자 공소외 00에 대한 사기의 점과 피고인 00는 각 무죄이다.",
            "피고인들에 대한 판결 중 각 무죄 부분의 요지를 공시한다."
        ]
    }
}