{
    "info": {
        "caseField": "2",
        "detailField": "6",
        "trailField": "1",
        "caseNm": "존속상해,폭행(공소취소),현주건조물방화미수",
        "courtNm": "서울중앙지방법원",
        "judmnAdjuDe": "2014. 06. 26.",
        "caseNo": "2014고합415",
        "relateLaword": [
            "형법 제257조",
            "형법 제174조",
            "형법 제164조",
            "형법 제37조",
            "형법 제38조",
            "형법 제50조",
            "형법 제53조",
            "형법 제55조",
            "형법 제62조"
        ],
        "qotatPrcdnt": []
    },
    "concerned": {
        "acusr": "4",
        "dedat": "1"
    },
    "org": {
        "orgJdgmnCourtNm": "",
        "orgJdgmnAdjuDe": "",
        "orgJdgmnCaseNo": ""
    },
    "disposal": {
        "disposalform": "8",
        "disposalcontent": [
            "피고인을 징역 1년 6개월에 처한다.",
            "다만, 이 판결 확정일부터 2년간 위 형의 집행을 유예한다."
        ]
    },
    "mentionedItems": {
        "rqestObjet": [
            "피고인을 징역 1년 6개월에 처한다."
        ]
    },
    "assrs": {
        "acusrAssrs": [],
        "dedatAssrs": []
    },
    "facts": {
        "bsisFacts": [
            "피고인은 친동생인 피해자 C의 집에서 거동이 불편한 어머니 피해자 D을 간병하면서 C로부터 월급을 받고 있던 중, 피고인이 술을 마시고 제대로 간병하지 않거나 행패를 부려 C가 새로 간병인을 두어 감정이 좋지 않은 상태였다.",
            "피고인은 2014. 2. 10. 00:10경 00000에 있는 C의 집에서 술에 취한 상태로 안방 침대에 누워 있는 피해자 D(여, 74세)의 목 부위 등을 홍두깨 방망이로 눌러 목 부위에 멍이 들고 입술이 터지게 하여 치료일수를 알 수 없는 상해를 가하였다. ",
            "피고인은 위 일시, 장소에서 간병인 F가 전화하여 피해자 C가 집에 들어오자 자신의 화를 이기지 못하고 방안에 있던 곽티슈통을 가스레인지 위에 놓고 불을 붙인 다음 D이 누워 있는 침대 방향으로 던져 방안을 소훼하려 하였으나, 이를 목격한 C의 성명을 알 수 없는 친구가 불이 붙은 곽티슈통을 화장실에 던져 샤워기 물로 불을 꺼버리는 바람에 그 뜻을 이루지 못하였다. ",
            "피고인은 피해자 C 등이 주거로 사용하는 건조물을 방화하려다가 미수에 그쳤다. "
        ]
    },
    "dcss": {
        "courtDcss": [
            "피고인은 동생인 C의집에서 거동이 불편한 어머니 D을 간병해오다가 C와 재산문제로 다툼이있고 C가 별도로 간병인을 구하여 화가 난다는 이유로 D에게 상해를 가하였다.",
            "또한 D의간 병인과 C가 피고인을 말렸음에도 이에 그치지않고 곽티슈통에 불을 붙여 D이 누워있는 침대쪽으로던졌다.",
            "이로써 D을 비롯한 현장에 있는 사람들뿐만 아니라 다수의 아파트 거주자들의 생명과 재산에 심각한 위해를 초래할수 도있었다.",
            "피고인은 폭력과 관련한 범죄로 7회에 걸쳐 집행유예 1회포함 처벌을 받았음에도 자신의화를 누르지 못하고 이 사건 범행을 저질렀다.",
            "방화범행이 미수에 그쳐 인명피해가 없고 재산상 피해규모도 크지않다.",
            "피고인은 자신의 잘못을 인정하며 깊이 반성하고 있고, 피해자들과 원만히 합의하여 피해자들이 피고인에 대한 처벌을 원하지 않고 있다.",
            "위와 같은 사정에 피고인의 나이, 성행, 가족관계, 범행 후의 정황등 제반 양형조건을 종합하여 주문과 같이 형을 정한다."
        ]
    },
    "close": {
        "cnclsns": [
            "피고인을 징역1년6개월에 처한다.",
            "이 판결 확정일부터 2년간 위 형의 집행을 유예한다."
        ]
    }
}