{
    "info": {
        "caseField": "2",
        "detailField": "6",
        "trailField": "1",
        "caseNm": "공갈,공갈미수",
        "courtNm": "부산지방법원",
        "judmnAdjuDe": "2018. 01. 10.",
        "caseNo": "2017고단5384",
        "relateLaword": [
            "형법 제350조",
            "형법 제62조",
            "형법 제62조의2"
        ],
        "qotatPrcdnt": []
    },
    "concerned": {
        "acusr": "4",
        "dedat": "1"
    },
    "org": {
        "orgJdgmnCourtNm": "",
        "orgJdgmnAdjuDe": "",
        "orgJdgmnCaseNo": ""
    },
    "disposal": {
        "disposalform": "6",
        "disposalcontent": [
            "피고인을 징역 1년에 처한다.",
            "다만 이 판결확정일로부터 2년간 위 형의 집행을 유예한다. 피고인에게 160시간의 사회봉사를 명한다."
        ]
    },
    "mentionedItems": {
        "rqestObjet": [
            "피고인은 피해자를 공갈하여 현금 700만원을 갈취하려다 현금 100만원만 갈취하였다."
        ]
    },
    "assrs": {
        "acusrAssrs": [],
        "dedatAssrs": []
    },
    "facts": {
        "bsisFacts": [
            "피고인은 0000 시내 일원의 모텔을 출입하는 사람들 중 불륜관계로 의심되는 남녀가 발견되면, 그 남녀가 모텔에서 함께 나오는 모습 등을 사진 촬영한 후, 그 중 여성을 뒤쫓아 주소지와 연락처 등을 알아낸 다음, 공중전화로 전화하여 돈을 주지 않으면 불륜 사실을 가족들에게 알리겠다고 협박하는 방법으로 금품을 갈취할 것을 마음먹었다.",
            "피고인은 2017. 9. 22.경 0000에 있는 D 모텔 주변에서 E 0 차량에 탑승한 채, 위 모텔에 출입하는 사람들을 지켜보다가 피해자 F이 불상의 남자와 위 모텔에 들어가는 것을 보고 피해자가 타고 온 G 0 차량의 사진을 촬영하고, 약 2시간 후 피해자가 불상의 남자와 함께 위 모텔에서 나와 다시 위 0 차량을 타고 이동하자, 이를 몰래 뒤따라가 피해자가 0000앞에 주차를 하고 아파트로 들어가는 것을 확인하였다.",
            "피고인은 2017. 9. 25. 12:00경 다시 위 0000주차장에서 위 0 차량에서 내리는 피해자에게 다가가, '아줌마 며칠 전에 0000에 있는 모텔 간 적 있지요?', '그 남자가 아저씨 아니지요?'라고 말하며 피해자의 반응을 살펴본 다음, 2017. 9. 26. 15:00경 0000인근 공중전화로 피해자에게 전화하여 '아줌마하고 상대 남자하고 사진을 집으로 보낼까요. 가정 파탄 안 나겠습니까.'라고 위협하기 시작하였다. ",
            "위 일시경부터 2017. 9. 29. 12:22경까지 수회에 걸쳐 피해자에게 전화하여 '사진 택배로 보내 드릴까요. 저녁에? 서비스로?', '우리는 수고비만 받으면 된다니까. 이걸 가져가고', '내가 갖다 주는 수밖에 없지, 사진을 갖다가. 서로가 할 수 없는 거지 뭐', '수고비 700만원 주이소'. '일단 그럼 100만원만 봉투에 넣어가지고 2017. 9. 29. 14:00경까지 아파트 경비실에 맡겨 두이소'라고 하였다.",
            "내가 택배 시켜서 찾아 확인하고 난 다음에 사진을 줄 테니까.'라는 등으로 돈을 주지 않으면 피해자가 불상의 남자와 함께 모텔에 출입하는 사진을 집으로 보내 남편이 불륜사실을 알게 하겠다고 협박하고, 이에 겁을 먹은 피해자가 2017. 9. 29. 14:00경 피고인이 시키는 대로 위 H 아파트 경비실에 100만원을 담은 초록색 봉투를 맡겨두자, 같은 날 14:30경 위 경비실에 찾아가 위 봉투를 가지고 갔다.",
            "계속하여 피고인은 2017, 10. 10.경 위 0000주차장에 주차되어 있던 피해자의 위 그랜저 차량 앞 유리창에 '4명이 2주일동안 당신의 뒷조사를 하면서 1,400만원의 비용이 들었으니 그 절반인 700만원은 받아야 겠다. 나머지 600만원을 12일 오후 4시까지 경비실에 맡겨 두어라. 만약 돈을 주지 않으면 불륜사실을 남편에게 알리겠다.'는 취지의 협박편지를 끼워두고, 같은 날 16:44경 공중전화로 피해자에게 전화하였다.",
            "피해자가 위 일시경 경비실에 돈을 맡겨두지 않자 2017. 10. 12. 16:09경 및 2017. 10. 17. 13:13경 계속해서 피해자에게 전화하여 '2017. 10. 20. 오후 4시까지 경비실에 현금 600만원을 맡겨두지 않으면 불륜사진을 남편에게 보내고 모든 사실을 알리겠다'.는 취지로 협박하여 피해자로부터 현금 600만원을 갈취하려 하였다.",
            "2017. 10. 20. 16:00경 위 아파트 경비실 인근에서 피해자의 신고로 잠복 중이던 경찰에 체포되는 바람에 그 뜻을 이루지 못하였다.",
            "이로써 피고인은 피해자를 공갈하여 현금 700만원을 갈취하려다 현금 100만원만 갈취하였다."
        ]
    },
    "dcss": {
        "courtDcss": [
            "범죄사실에 대한 해당법조 및 형의 선택: 형법 제350조 제1항{포괄하여, 징역형 선택, 판시 범죄사실에 나타난 공갈죄와 공갈미수죄의 방법과 태양, 동기, 각 범행 사이의 시간적 간격 등에다, 위에서 본 사정에 비주어 본다.",
            "판시 100만원에 대한 공갈죄 범행 당시 피고인이 피해자에게 100만원을 주면 절대 전화하지 않겠다고 한 사정만으로 범의의 단절이나 추가적인 공갈미수죄 범행의 갱신이 있었다고는 보이지는 않는 점을 보태어 보면, 공갈죄와 공갈미수죄는 동일한 피해자에 대하여 단일하고 계속된 범의 하에 공갈죄 범행을 일정기간 반복하여 행한 경우에 해당하여 위 각 범행은 통틀어 포괄일죄 관계에 있다고 봄이 상당하다.",
            "이 사건 범행은 피고인이 위와 같이 계획적으로 피해자의 불륜현장을 촬영하고 이를 이용하여 피해자로부터 700만원 상당을 갈취하려다 100만원만 갈취한 것으로, 죄책이 중하다. ",
            "그러나 피고인이 반성하고 있는 점, 피해자와 원만히 합의한 점, 사회적 유대관계가 분명한 점, 그 밖에 피고인의 나이, 성행, 환경, 가족관계, 범행의 동기와 결과, 범행 후의 정황 등을 참작한다."
        ]
    },
    "close": {
        "cnclsns": [
            "피고인을 징역1년에 처한다.",
            "다만 이 판결 확정일로부터 2년간 위 형의 집행을 유예한다.",
            "피고인에게 160시간의 사회봉사를 명한다."
        ]
    }
}