{
    "info": {
        "caseField": "2",
        "detailField": "6",
        "trailField": "1",
        "caseNm": "사기, 배상명령신청, 배상명령신청",
        "courtNm": "의정부지방법원",
        "judmnAdjuDe": "2018. 01. 04.",
        "caseNo": "2017고단1328",
        "relateLaword": [
            "형법 제347조",
            "형법 제37조",
            "형법 제39조",
            "형법 제38조",
            "형법 제50조",
            "소송촉진 등에 관한 특례법 제32조"
        ],
        "qotatPrcdnt": []
    },
    "concerned": {
        "acusr": "4",
        "dedat": "1"
    },
    "org": {
        "orgJdgmnCourtNm": "",
        "orgJdgmnAdjuDe": "",
        "orgJdgmnCaseNo": ""
    },
    "disposal": {
        "disposalform": "6",
        "disposalcontent": [
            "피고인을 징역 4월에 처한다.",
            "배상신청인들의 배상신청을 모두 각하한다."
        ]
    },
    "mentionedItems": {
        "rqestObjet": [
            "피고인을 징역 4월에 처한다.",
            "배상명령을 신청한다."
        ]
    },
    "assrs": {
        "acusrAssrs": [],
        "dedatAssrs": []
    },
    "facts": {
        "bsisFacts": [
            "피고인은 2017. 5. 19. 의정부지방법원에서 사기죄 등으로 징역 5년을 선고받고 2017. 8. 23. 그 판결이 확정되었다.",
            "피고인은 2014. 4. 1.경 0000 E 빌딩 603호에 있는 사무실에서 피해자에게 \"내가 운영하는 계에 가입하면 사채업이나 건강보조식품사업에 투자하여 원금을 보장하고 수익금도 지급하겠다. 일주일에 350만 원씩 한 달에 총 1,050만 원을 입금하면 1,200만 원을 지급하겠다.\"는 취지로 거짓말하였다. ",
            "그러나 사실 피고인은 불특정 다수의 회원을 모집하여 그로부터 계불입금 명목으로 돈을 받아 다른 회원들의 계불입 원금과 수익금을 지급하는 소위 '돌려막기' 방식으로 계를 운영하여 왔고, 회원들의 불입액 외에는 별다른 수익이 없어 계를 계속 운영할수록 수익금을 지급할 자원이 고갈되어 결국 원금과 수익금을 지급할 수 없는 구조였기 때문에 피해자에게 원금을 보장하고 수익금을 지급할 의사나 능력이 없었다.",
            " 피고인은 위와 같이 피해자를 기망하여 이에 속은 피해자로부터 2014. 4. 2.경부터 2014. 5. 8.경까지 사이에 계불입금 명목으로 합계 2,800만 원을 피고인 명의 계좌로 송금 받거나 현금으로 교부받고 계금명목으로 1,700만 원만을 지급하고 나머지 1,100만 원을 지급하지 않아 같은 금액 상당의 재산상의 이익을 취득하였다.",
            "피고인은 2014. 4. 8.경 0000 E 빌딩 603호에 있는 사무실에서 피해자에게 \"내가 운영하는 계에 가입하면 사채업이나 건강보조식품사업에 투자하여 원금을 보장 하고 수익금도 지급하겠다. 일주일에 350만 원씩 한 달에 총 1,050만 원을 입금하면 1,200만 원을 지급하겠다.\"는 취지로 거짓말하였다.",
            "그러나 사실 피고인은 불특정 다수의 회원을 모집하여 그로부터 계불입금 명목으로 돈을 받아 다른 회원들의 계불입 원금과 수익금을 지급하는 소위 '돌려막기' 방식으로 계를 운영하여 왔고, 회원들의 불입액 외에는 별다른 수익이 없어 계를 계속 운영할수록 수익금을 지급할 자원이 고갈되어 결국 원금과 수익금을 지급할 수 없는 구조였기 때문에 피해자에게 원금을 보장하고 수익금을 지급할 의사나 능력이 없었다.",
            "피고인은 위와 같이 피해자를 기망하여 이에 속은 피해자로부터 2014. 4. 23.경부터 2014. 5. 13.경까지 사이에 계불입금 명목으로 합계 1,050만 원을 피고인 명의 계좌로 송금 받거나 현금으로 교부받아 계금명목으로 300만 원만을 지급하고 나머지 700만 원을 지급하지 않아 같은 금액 상당의 재산상의 이익을 취득하였다."
        ]
    },
    "dcss": {
        "courtDcss": [
            "피고인이 범행을 부인하고 있는 점, 피해 회복이 이루어지지 않았고 피해자들이 피고인의 처벌을 원하고 있는 점 등은 피고인에게 불리한 사정이나, 판결이 확정된 판시 사기죄 등 사건과 동시에 재판받을 수 있었던 점, 피고인이 심장장애 3급의 장애인인 점 등을 참작한다."
        ]
    },
    "close": {
        "cnclsns": [
            "피고인을 징역 4월에 처한다.",
            "배상신청인들의 배상신청을 모두 각하한다."
        ]
    }
}