{
    "info": {
        "caseField": "2",
        "detailField": "6",
        "trailField": "1",
        "caseNm": "사기",
        "courtNm": "서울서부지방법원",
        "judmnAdjuDe": "2018. 01. 09.",
        "caseNo": "2016고단3731",
        "relateLaword": [
            "형법 제347조",
            "형법 제62조"
        ],
        "qotatPrcdnt": []
    },
    "concerned": {
        "acusr": "4",
        "dedat": "1"
    },
    "org": {
        "orgJdgmnCourtNm": "",
        "orgJdgmnAdjuDe": "",
        "orgJdgmnCaseNo": ""
    },
    "disposal": {
        "disposalform": "8",
        "disposalcontent": [
            "피고인을 징역 6월에 처한다.",
            "다만, 이 판결 확정일로부터 2년간 위 형의 집행을 유예한다."
        ]
    },
    "mentionedItems": {
        "rqestObjet": [
            "피고인을 징역 6월에 처한다.",
            "다만, 이 판결 확정일로부터 2년간 위 형의 집행을 유예한다."
        ]
    },
    "assrs": {
        "acusrAssrs": [],
        "dedatAssrs": []
    },
    "facts": {
        "bsisFacts": [
            "피고인은 2009. 9.경부터 0000 C, 3층에 있는 'D'라는 업체를 관련 세금 및 모든 업무를 책임지기로 하고 친구인 피해자 E의 명의를 빌려 운영하여 왔다. ",
            "그러나 사실 피고인은 당시 신용불량상태로 약 3,600만 상당의 부채도 상환하지 못하고 있던 상황에서 피해자가 피해자 명의로 은행 등으로부터 대출받더라도 이를 상환할 의사나 능력이 없었다. ",
            "그러던 중 피고인은 2010. 2.경 위 D 사무실에서, 피해자에게 \"대신 대출을 받아 주면 대출금은 1년 안에 갚겠다\"고 말하였다.",
            "피고인은 위와 같은 피해자를 기망하여 이에 속은 피해자가 000에서 500만 원을 대출받도록 하여 2010. 2. 3.경 피고인이 사용하는 피해자 명의 000로 4,850,000원을 입금받고, 추가로 피해자가 000에서 1,000만 원을 대출받도록 하여 2010. 4. 6.경 피고인이 사용하는 피해자 명의의 000 계좌로 9,900,280원을 입금받았다."
        ]
    },
    "dcss": {
        "courtDcss": [
            "피고인은, 피해자에게 그 명의로 금융기관 대출을 받도록 부탁할 무렵 3,600만 원의 금융권 부채가 누적되어 있었고, 신용불량자 상태였으므로 비록 당시 종사하는 운송업에서 일부 수익이 나고 있는 상황이라 하여도 결코 사업이 안정적인 단계가 아니어서 피해자에게 1년 내에 위 대출금을 상환하지 못할 가능성이 충분하였는데도 이러한 점을 피해자에게 고지하지 않았는 바가 있다.",
            "기망행위와 편취의사가 모두 인정됨에도 그다지 반성하지 않는 점, 사기죄로 징역형의 집행유예를 선고받은 전력이 있는 점, 피해자와 합의하지 못한 점은 불리한 정상이다.",
            "다만, 피해자가 그동안 피고인의 운송업체를 사실상 경영하면서 발생하는 일부 수익을 본인의 이익으로 취한 것으로 보이는 점, 피고인이 피해자에게 일부 생활상의 도움이나 경제적 이득을 일부 제공한 정황도 엿보이는 점을 유리한 정상으로 보고, 이 사건 편취금액의 규모, 범행에 이른 경위, 피고인의 연령, 성행, 환경 등 제반 양형요소를 두루 고려하여 주문과 같이 형을 정한다."
        ]
    },
    "close": {
        "cnclsns": [
            "피고인을 징역 6월에 처한다.",
            "다만, 이 판결 확정일로부터 2년간 위 형의 집행을 유예한다."
        ]
    }
}