{
    "info": {
        "caseField": "2",
        "detailField": "6",
        "trailField": "1",
        "caseNm": "상해",
        "courtNm": "서울동부지방법원",
        "judmnAdjuDe": "2018. 11. 30.",
        "caseNo": "2018고정808",
        "relateLaword": [
            "형법 제257조",
            "형법 제70조",
            "형법 제69조",
            "형사소송법 제334조"
        ],
        "qotatPrcdnt": []
    },
    "concerned": {
        "acusr": "4",
        "dedat": "1"
    },
    "org": {
        "orgJdgmnCourtNm": "",
        "orgJdgmnAdjuDe": "",
        "orgJdgmnCaseNo": ""
    },
    "disposal": {
        "disposalform": "9",
        "disposalcontent": [
            "피고인을 벌금 100만 원에 처한다.",
            "피고인이 위 벌금을 납입하지 아니하는 경우 10만 원을 1일로 환산한 기간 피고인을 노역장에 유치한다.",
            "위 벌금 상당액의 가납을 명한다."
        ]
    },
    "mentionedItems": {
        "rqestObjet": [
            "피고인을 벌금 100만 원에 처한다.",
            "피고인이 위 벌금을 납입하지 아니하는 경우 10만 원을 1일로 환산한 기간 피고인을 노역장에 유치한다."
        ]
    },
    "assrs": {
        "acusrAssrs": [],
        "dedatAssrs": []
    },
    "facts": {
        "bsisFacts": [
            "피고인은 2018. 5. 6. 13:05경 0000에 있는 C 마을버스 종점에서 동료 운전기사인 피해자 D(59세)이 운전석 방석을 깔끔하게 정리하지 않았다는 이유로 손으로 피해자의 왼쪽 손목을 비틀고, 주먹으로 머리 등을 수회 때려 피해자에게 약 14일간의 치료가 필요한 경추의 염좌 및 긴장 등의 상해를 가하였다."
        ]
    },
    "dcss": {
        "courtDcss": [
            "형법 제257조 제1항, 벌금형을 선택한다."
        ]
    },
    "close": {
        "cnclsns": [
            "피고인을 벌금 100만 원에 처한다.",
            "피고인이 위 벌금을 납입하지 아니하는 경우 10만 원을 1일로 환산한 기간 피고인을 노역장에 유치한다.",
            "위 벌금 상당액의 가납을 명한다."
        ]
    }
}