{
    "info": {
        "caseField": "2",
        "detailField": "6",
        "trailField": "1",
        "caseNm": "절도",
        "courtNm": "창원지방법원",
        "judmnAdjuDe": "2013. 10. 08.",
        "caseNo": "2013고정361",
        "relateLaword": [
            "형사소송법 제325조"
        ],
        "qotatPrcdnt": [
            "대법원 2007. 5. 10. 선고 2007도1375 판결",
            "대법원 1996. 9. 20. 선고 95도1728 판결"
        ]
    },
    "concerned": {
        "acusr": "4",
        "dedat": "1"
    },
    "org": {
        "orgJdgmnCourtNm": "",
        "orgJdgmnAdjuDe": "",
        "orgJdgmnCaseNo": ""
    },
    "disposal": {
        "disposalform": "10",
        "disposalcontent": [
            "피고인은 무죄이다.",
            "검사가 제출한 증거만으로는 피고인이 공소사실 기재 현금카드를 사용할 권한이 없었다거나 현금인출기 관리자의 의사에 반하여 그가 점유하고 있는 현금(예금)을 인출하였다는 점을 인정하기에 부족하고, 달리 이를 인정할 증거가 없다."
        ]
    },
    "mentionedItems": {
        "rqestObjet": [
            "피고인은 무죄이다."
        ]
    },
    "assrs": {
        "acusrAssrs": [],
        "dedatAssrs": []
    },
    "facts": {
        "bsisFacts": [
            "피고인은 2010.10.11.17:43경 0000 소재 피해자 00 000의 현금지급기 내에서 예전에 00으로부터 빌려서 소지하고 있던 00 명의의 000 C계좌의 현금카드로 00 명의 통장에 89,000원이 입금된 것을 확인, 1,000원을 더 입금하여 90,000원을 00 몰래 마음대로 인출하여 피해자의 재물을 절취하였다."
        ]
    },
    "dcss": {
        "courtDcss": [
            "절도죄에 있어서 절취란 재물의 점유자의 의사에 반하여 그 점유자의 지배를 배제하고 자신의 지배로 옮겨놓는 행위를 의미하는 것으로 현금인출기에 있는 현금의 경우 그 점유자는 현금인출기의 관리자라고 할 것이다.",
            "현금카드 등을 절취한 때와 같이 카드 자체를 사용할 권한이 아예 없는 경우와 달리 인출자가 예금명의인의 승낙에 의하여 카드를 사용할 권한을 일단 부여받은 이상 예금명의인이 그 승낙의 의사표시를 취소하기까지는 현금카드를 적법, 유효하게 사용할 수 있다.",
            "은행의 경우에도 예금명의인의 지급정지 신청이 없는 한 예금명의인의 의사에 따라 그의 계산으로 적법하게 예금을 지급할 수밖에 없다.대법원 2007.5.10.선고 2007도1375 판결, 대법원 1996.9.20.선고 95도1728 판결 등 참조).",
            "위 법리에 비추어 이 사건에 관하여 살피건대, 기록에 의하여 인정되는 다음과 같은 사정, 즉 ① 피고인은 예금명의인인 00과 동거하면서 00으로부터 공소사실 기재 계좌의 통장 및 현금카드를 받아 00의 승낙에 따라 사용하여왔던 점이 있다.",
            "② 00은 피고인과 헤어지면서 위 계좌에 대하여 지급정지 신청을 하거나 통장및 현금카드 등에 대하여 별도로 분실신고를 하지 않았고, 피고인에게 통장 및 현금카드를 돌려달라고 하거나 이를 사용하지 말 것을 따로 요청한 적도 없었던 점이 있다.",
            "③ 피고인은 00과 헤어진 후에도 위 통장 및 현금카드를 계속 보유하여왔고, 그외에도 00 명의의 다른 계좌에 대한 통장 및 현금카드도 피고인이 현재까지 보유하여왔던 점이있다.",
            "④ 00은 피고인과 헤어질 당시 피고인에게 갚아야 될 돈이 있어 피고인에게 여유가 되는 대로 주겠다고 하였음에도 피고인에게 알리지 않고 전화번호를 변경하는 등 연락을 끊었고, 이에 피고인은 본인이 가지고 있는 00 명의의 통장 및 현금카드를 통해 계좌에 돈이 입금 되었는지 확인해왔던 점이있다.",
            "검사가 제출한 증거만으로는 피고인이 공소사실 기재 현금카드를 사용할 권한이 없었다거나 현금인출기 관리자의 의사에 반하여 그가 점유하고 있는 현금(예금)을 인출하였다는 점을 인정하기에 부족하고, 달리 이를 인정할 증거가 없다"
        ]
    },
    "close": {
        "cnclsns": [
            "따라서 이 사건 공소사실은 범죄의 증명이 없는 때에 해당하므로 형사소송법 제325조 후단에 의하여 무죄를 선고한다."
        ]
    }
}