{
    "info": {
        "caseField": "2",
        "detailField": "6",
        "trailField": "1",
        "caseNm": "성폭력범죄의처벌등에관한특례법위반(장애인에대한중강간등), 성폭력범죄의처벌들에관한특례법위반(장애인준강간등), 성폭력범죄의처벌등에관한특례법위반(장애인위계등간음), 성폭력범죄의처벌등에관한특례법위반(장애인위계등추행), 성폭력범죄의처벌및피해자보호등에관한법률위반(장애인에대한준강간등), 부착명령, 배상명령신청",
        "courtNm": "제주지방법원",
        "judmnAdjuDe": "2014. 08. 28.",
        "caseNo": "2013고합171,2014고합26(병합),2013전고33,2014전고3(병합),2013초기426,2013초기427,2013초기495",
        "relateLaword": [
            "구 성폭력범죄의 처벌 등에 관한 특례법(2011. 11. 17. 법률 제11088호로 개정되기 전의 것) 제6조, 구 형법(2012. 12. 18. 법률 11574호로 개정되기 전의 것) 제297조, 구 형법(2010. 4. 15. 법률 제10259호로 개정되기 전의 것) 제42조 본문",
            "성폭력범죄의 처벌 등에 관한 특례법 부칙(2012. 12. 18.) 제8조, 구 성폭력범죄의 처벌 등에 관한 특례법(2012. 12. 18. 법률 제11556호로 개정되기 전의 것) 제6조 제4항, 제1항, 구 형법(2012. 12. 18. 법률 11574호로 개정되기 전의 것) 제299조, 제297조",
            "성폭력범죄의 처벌 등에 관한 특례법 제6조 제5항",
            "각 성폭력범죄의 처벌 등에 관한 특례법 제6조 제6항",
            "성폭력범죄의 처벌 등에 관한 특례법 부칙 제4조, 구 성폭력범죄의 처벌 및 피해자보호 등에 관한 법률(위 부칙 제5조 제10항에 의하여 2010. 4. 15. 법률 제10258호 성폭력범죄의 피해자보호 등에 관한 법률로 제명 개정되기 전의 것) 제8조, 구 형법(2012. 12. 18. 법률 11574호로 개정되기 전의 것) 제297조, 구 형법(2010. 4. 15. 법률 제10259호로 개정되기 전의 것) 제42조 본문",
            "형법 제37조 전단, 제38조 제1항 제2호, 제50조",
            "구 성폭력범죄의 처벌 등에 관한 특례법(2012. 12. 18. 법률 제11556호로 개정되기 전의 것) 제37조, 구 성폭력범죄의 처벌 등에 관한 특례법(2012. 1. 17. 법률 제11162호로 개정되기 전의 것) 제41조",
            "위치추적 전자장치 부착명령 및 준수사항 부과특정 범죄자에 대한 보호관찰 및 전자장치 부착 등에 관한 법률 제5조 제1항 제5호, 제9조 제1항 제1호, 제9조의2 제1항 제3호, 제4호"
        ],
        "qotatPrcdnt": [
            "헌법재판소 1996. 2. 16. 선고 96헌가2, 96헌바7, 96헌바13 전원재판부 결정, 대법원 1997. 4. 17. 선고 96도3376 전원합의체 판결"
        ]
    },
    "concerned": {
        "acusr": "4",
        "dedat": "1"
    },
    "org": {
        "orgJdgmnCourtNm": "",
        "orgJdgmnAdjuDe": "",
        "orgJdgmnCaseNo": ""
    },
    "disposal": {
        "disposalform": "6",
        "disposalcontent": [
            "피고인을 징역 18년에 처한다.",
            "피고인에 대한 정보를 10년간 정보통신망을 이용하여 공개하고, 고지한다.\n",
            "피부착명령청구인에 대하여 20년간 위치추적 전자장치의 부착을 명한다.",
            "피부착명령청구인에 대하여 별지 기재 준수사항을 부과한다."
        ]
    },
    "mentionedItems": {
        "rqestObjet": [
            "3개 이상의 다수범이므로, 기본범죄의 형량범위 상한인 18년에 경합범죄1의 형량범위 상한의 1÷2인 9년과 경합범죄2의 형량범위 상한의 1÷3인 6년을 합산하여 형량범위를 정한다.",
            "유리한 정상으로는 피고인에게 별다른 처벌 전력이 없는 점이다.\n",
            "불리한 정상으로는 장기간 수회에 걸쳐 장애인인 4명의 피해자들을 간음 및 추행하는 등 범행의 태양, 횟수 등에 비추어 사회적 비난가능성이 매우 높은 점, 이로 인하여 피해자들이 자살시도를 하는 등 정신적 충격 및 후유증이 상당한 점, 그럼에도 피해자들을 위로하기 위한 노력을 전혀 하지 않을 뿐 아니라 이 법정에 이르기까지 이 사건 모든 범행을 부인하며 반성하지 않는 점이다."
        ]
    },
    "assrs": {
        "acusrAssrs": [],
        "dedatAssrs": [
            "피고인은 판시 범죄사실 제1항, 제2항 기재와 같이 피해자 00, 00을 강간한 사실이 없고, 판시 범죄사실 제3항 내지 5항 기재와 같은 행위를 한 사실은 있으나 피해자 00, 00과의 합의 하에 한 것이다.",
            "판시 제5항 기재 범죄사실 중 별지 범죄일람표 1번(2006. 5. 일자불상경) 범행의 경우 2013. 5.경 이미 공소시효 7년이 완성되었다.",
            "신체적 또는 정신적 장애가 있는 여자에 대한 성범죄에 대하여 공소시효를 적용하지 아니한다고 규정한 구 성폭력범죄의 처벌 등에 관한 특례법(2011. 11. 17. 법률 제11088호로 개정되기 전의 것) 제20조 제3항은 경과규정이 없어 형벌불소급의 원칙 등에 따라 이 부분 범행에 적용되지 않으므로, 피고인에게 이 부분 범행에 대하여 면소를 선고하여야 한다."
        ]
    },
    "facts": {
        "bsisFacts": [
            "피고인 겸 피부착명령청구인(이하 '피고인'이라 한다)은 장애인 및 영세민들이 영구 임대하여 거주하는 제주시에 있는 ○○○○아파트 입주자대표로 일하는 사람이다.",
            "피고인은 2010. 6. 초순 11:00경 피해자 00(여, 58세)에게 5,000원을 빌려주었는데, 피해자가 2010. 6. 하순 14:00경 자신의 거주지인 위 0000에 찾아와 다시 5,000원을 빌려달라고 하자, 지적장애 3급의 장애인인 피해자를 간음하기로 마음먹었다.",
            "\"5,000원을 줄 테니 방안으로 들어오라\"라고 말하고 방에 눕게 한 후, 피해자가 정신적인 장애로 인하여 항거불능인 상태를 이용하여 피해자의 몸 위에 올라타 성관계를 함으로써, 장애인인 피해자를 간음하였다.",
            "피고인은 2013. 2. 중순 12:00경 ○○○○아파트 관리사무소 커피 자판기 앞에서 만난 지적장애 1급의 장애인인 피해자 00(여, 64세)를 간음하기로 마음먹고 \"집에 가서 커피 한잔 마시자\"라고 말하여 피해자를 자신의 위 거주지로 데리고 가 안방에 눕게 한 뒤, 피해자가 정신적인 장애로 인하여 항거불능인 상태를 이용하여 피해자의 몸 위에 올라타 성관계를 함으로써, 장애인인 피해자를 간음하였다.",
            "피고인은 2013. 3. 중순 12:00경 피해자를 간음하기로 마음먹고, 위 가.항과 같은 방법으로 피해자를 자신의 위 거주지로 데리고 가 안방에 눕게 한 뒤, 피해자가 정신적인 장애로 인하여 항거불능인 상태를 이용하여 피해자의 몸 위에 올라타 성관계를 함으로써, 장애인인 피해자를 간음하였다.",
            "피고인은 지적장애 3급에 상당하는 정신장애가 있는 피해자 00(여, 당시 29세)를 간음하기로 마음먹고, 2012. 7. 중순 12:00경 0000에 있는\"△△△ 정식집\"에서 피해자 및 00과 점심을 먹은 후, 같은 날 13:00경 피해자를 \"0\" 로 데리고 갔다.",
            "\"빌린 200만 원을 한꺼번에 갚던지, 애인이 되어 천천히 갚던지 선택해라\"라고 말하고, \"하지 말라\"라고 하는 피해자에게 \"가만히 있으라\"고 하면서 위력으로 침대 위에서 피해자의 옷을 강제로 벗겨 2회 간음하고, 피해자를 침대 모서리로 끌고 가서 1회 간음하였다.",
            "피고인은 2013. 5. 초순 22:00경 피해자 00(여, 당시 30세)의 거주지인 위 0000 안방에 들어 가, 하지 말라고 반항하는 피해자에게 가만히 있으라고 한 후, 위력으로 피해자의 가슴과 음부를 손으로 만지고, 피해자의 입술에 입을 맞추어 피해자를 추행하였다.",
            "피고인은 2013. 6. 초순 21:00경 피해자 00의 거주지 현관에서, 창문으로 밖을 보고 있던 피해자에게 \"한번 만지자\"라고 말하면서 이를 거부하는 피해자에게 다가가, 위력으로 오른손으로 피해자의 가슴과 음부를 만지고, 피해자 손을 잡아 자신의 성기를 만지게 하여 피해자를 추행하였다.",
            "피고인은 피해자 00(여, 1981. 10. 29.생)이 지적장애 3급 상당으로 지능지수는 51, 사회지수는 31이고, 사회연령은 10세 1개월(세부 영역별 사회연령: 이동 능력 11세, 작업 능력 8세, 의사소통 능력 9세 상당)에 불과하여 인지 및 판단능력이 현저하게 지체되어 있는 등 정신상의 장애로 항거불능인 상태에 있음을 이용하여 피해자를 간음하기로 마음먹었다.",
            "이에 피고인은 2006년 초순경 이웃 주민으로 알게 된 피해자가 고령의 모친과 단 둘이 생활하면서 한글과 산수도 제대로 알지 못하고, 피고인보다 21세가 어린 나이로 평소 조금만 큰소리를 쳐도 떨면서 겁을 먹을 정도의 상태임을 알게 되자, 피해자에게 공부를 가르쳐 준다는 등의 명목으로 피해자를 자주 불러내어 피해자와 만남을 유지했다.",
            "2006. 5. 일자불상 저녁 무렵 위 0000 뒤편으로 피해자(당시 24세)를 불러내어 피해자에게 산책을 하러 가자고 하면서 피해자를 같은 동에 있는 0000 부근 과수원으로 데리고 간 후, 갑자기 피해자를 바닥에 눕힌 다음 피해자의 옷을 모두 벗기고, 그 과정에서 옷을 벗지 않으려는 피해자의 뺨을 손으로 때리는 등으로 피해자에게 겁을 주었다.",
            "계속하여 피고인의 성기를 피해자의 음부에 삽입함으로써 피해자를 간음한 것을 비롯하여, 그 무렵부터 2007. 10.경까지 사이에 별지 범죄일람표 기재와 같이 총 4회에 걸쳐 피해자를 간음하였다."
        ]
    },
    "dcss": {
        "courtDcss": [
            "앞서 든 증거들에 의하여 인정되는 다음의 각 사정 즉, 피해자들의 장애등급, 피해자들에 대한 심리평가결과(피해자 00 : 사회연령 7.08세, 사회지수 44, 피해자 00 : 사회연령 7.6세, 사회지수 42, 피해자 00 : 지능지수 61, 피해자 00 : 지능지수 51, 사회지수 31) 및 피해진술의 내용·진술태도 등에 비추어 볼 때 피해자들이 피고인을 상대로 허위진술을 꾸며낼 만한 지적능력을 갖추었다고 보기도 어려운 점이 있다. ",
            "전문가들 역시 피해자들이 비교적 구체적이고 상세하게 진술하고 있어 거짓을 말한다고 보기 어렵다는 취지의 의견을 밝혔다.",
            "피고인과 친한 사이였던 00은 피고인이 자주 피해자 00와 한번 잠자리를 하고 싶은데 어떻게 하면 좋겠냐며 자신에게 도움을 요청하였고, 이 사건 당일 자신이 피해자 00에게 \"몸 아껴서 뭐 할거냐? 몸 그냥 줘라, 그러면 돈 빌리는 거는 내가 알아서 해 준다\"고 말하였던 것으로 둘이 연인사이는 아니라는 취지로 진술하였는바, 이는 피해자 00의 진술과도 부합하는 점이 있다.",
            "같은 아파트 주민인 00, 00은 피고인과 피해자 00이 정상적인 연인관계로는 보이지 않았고 피고인이 피해자 00이 장애인임을 이용하여 데리고 다닌 것으로 보였다고 진술한 점이 있다.",
            "피해자들은 피고인과 같은 아파트에 거주하는 지적장애인들로서 달리 피고인을 상대로 허위진술을 할 만한 특별한 이유나 동기를 찾아보기 어려운 점 등을 종합하면, 피고인이 판시 각 범죄사실 기재와 같이 피해자들을 준강간, 위력 간음, 위력 추행한 사실을 넉넉히 인정할 수 있다",
            "따라서 피고인 및 변호인의 이 부분 주장은 받아들이지 아니한다.",
            "이 부분 범행의 공소시효는 그 실행행위 종료일인 2006. 5. 일자불상경부터 7년이고[형사소송법 부칙(2007. 12. 21.) 제3조, 구 형사소송법(2007. 12. 21. 법률 제8730호로 개정되기 전의 것) 제249조 제1항 제3호], 이 부분 공소제기일은 2014. 2. 12.이다.",
            "성폭력범죄의 처벌 등에 관한 특례법(2010. 4. 15. 법률 제10258호로 제정되어 같은 날 시행된 것)은 제20조(공소시효 기산에 관한 특례) 제1항에서 \"미성년자에 대한 성폭력범죄의 공소시효는 형사소송법 제252조 제1항에도 불구하고 해당 성폭력범죄로 피해를 당한 미성년자가 성년에 달한 날부터 진행한다\"고 한다.",
            "제2항에서 \"제2조 제3호 및 제4호의 죄와 제3조부터 제9조까지의 죄는 디엔에이(DNA)증거 등 그 죄를 증명할 수 있는 과학적인 증거가 있는 때에는 공소시효가 10년 연장된다고 규정함과 아울러, 같은 법 부칙(2010. 4. 15.) 제3조(공소시효 진행에 관한 적용례)에서 \"이 법 시행 전 행하여진 성폭력범죄로 아직 공소시효가 완성되지 아니한 것에 대하여도 제20조를 적용한다\"는 경과규정을 두고 있다.",
            "[아동·청소년의 성보호에 관한 법률(2010. 4. 15. 법률 제10261호로 개정되어 2011. 1. 1. 시행된 것) 제7조의3도 이와 같은 취지의 규정을 두고 있고 같은 법 부칙(2010. 4. 15., 제10260호) 제6조도 같은 취지의 경과규정을 두고 있다]",
            "한편, 성폭력범죄의 처벌 등에 관한 특례법(2011. 11. 17. 법률 제11088호로 개정되어 같은 날 시행된 것) 제20조 제3항은",
            "“13세 미만의 여자 및 신체적인 또는 정신적인 장애가 있는 여자에 대하여 형법 제297조(강간) 또는 제299조(준강간, 준강제추행)(준강간에 한정한다)의 죄를 범한 경우에는 제1항과 제2항에도 불구하고 형사소송법 제249조부터 제253조까지 및 군사법원법 제291조부터 제295조까지에 규정된 공소시효를 적용하지 아니한다.”고 규정한다.",
            "그 부칙에 위 ① 및 아래 ③에서 보는 바와 같은 경과규정은 두고 있지 않다[이하 '이 사건 공소시효 배제 규정'이라고만 한다. 아동·청소년의 성보호에 관한 법률(2012. 2. 1. 법률 제11287호로 개정되어 2012. 8. 2. 시행된 것) 제7조의3 제3항도 같은 취지의 규정을 두고 있으나 역시 별도의 경과규정은 두고 있지 않다].",
            "그 후 성폭력범죄의 처벌 등에 관한 특례법(2012. 12. 18. 법률 제11556호로 개정된 것) 제21조는 공소시효 적용배제의 대상범죄를 확대하면서 같은 법 부칙(2012. 12. 18.) 제3조(공소시효 진행에 관한 적용례)에서\"이 법 시행 전 행하여진 성폭력범죄로 아직 공소시효가 완성되지 아니한 것에 대하여도 제21조의 개정규정을 적용한다\"는 경과규정을 두고 있다.",
            "[이하 '이 사건 공소시효 적용배제 확대 규정'이라고만 한다. 아동·청소년의 성보호에 관한 법률(2012. 12. 18. 법률 제11572호로 개정되어 2013. 6. 19. 시행된 것) 제20조도 같은 취지로 규정하면서 같은 법 부칙(2012. 12. 18., 제11572호) 제3조에서 같은 취지의 경과규정을 두고 있다].",
            "살피건대, 이 사건 범행의 공소시효 만료일(2013. 5.경) 전에 이 사건 공소시효 배제 규정이 시행되었는데, 이 사건 공소시효 배제 규정에는 앞서 본 바와 같이 다른 연장·배제규정들과 달리 명시적인 경과규정이 없다.",
            "그러나 앞서 본 법리와 같이 공소시효가 완성되지 아니한 상태에서의 공소시효 배제 등의 부진정 소급효는 일정한 요건 하에 형법불소급의 원칙에 반하지 않고 허용되며, 이 사건 공소시효 배제규정을 제외하고는 위 각 공소시효 연장 등의 규정들은 모두 동일하게 부진정 소급효를 허용하는 경과 규정을 두고 있다.",
            "앞서 본 법리 및 위와 같은 법령의 개정 추이를 종합하여 보면, 공소시효 배제 등 특례규정들과 그 부칙상의 경과규정들은 특정한 성폭력범죄에서 공소시효가 완성되지 않은 상태인 경우 진행 중인 공소시효를 연장 또는 배제하는 부진정 소급효에 관한 규정이다.",
            "13세 미만 또는 장애인 여성 등에 대한 특정한 성폭력범죄의 경우 공소시효가 완성되지 아니한 상태라면 공소시효 제도에 근거한 범죄자 개인의 신뢰보다 공소시효 연장, 배제 등을 통하여 달성하려는 공익이 우선하는 경우로 입법적으로 결단한 것으로서 위와 같은 장애여성 등 취약여성들에 대한 성폭력범죄의 처벌 필요성 등 공익적 특수성에 비추어 정당화된다고 봄이 상당한 점이 있다.",
            "이러한 사정은 같은 맥락의 이 사건 공소시효 배제 규정에서도 달리 볼합리적인 근거를 찾아볼 수 없고, 즉 이 사건 공소시효 배제규정과 그 전후에 이루어진 앞서 본 바와 같은 법령 개정은 그 제·개정 추이, 내용 및 입법취지에서 같거나 유사한 점이 있다.",
            "특히 이 사건 공소시효 적용배제 확대 규정은 공소시효의 적용을 배제하는 대상범죄를 이 사건 공소시효 배제규정의 대상인 기본범죄, 즉 강간죄, 준강간죄를 포함하여 이에서 더 확대하면서도 부진정소급효를 인정하는 경과규정을 두고 있다.",
            "그럼에도 기본범죄에 관한 이 사건 공소시효 배제규정에 부진정 소급효를 인정하지 않는다면 그 대상범죄인 기본범죄의 공소시효 배제 적용 범위는 이 사건 공소시효 배제규정 시행일인 2011. 11. 17. 이후부터 저질러진 범행에만 한정되는바, 결국 추후 2013. 6. 19. 이 사건 공소시효 적용배제 확대 규정의 시행으로 그 적용 범위에 포함되어 사실상 사문화된다.",
            "이는 속칭 '도가니법'으로 불리는 이 사건 공소시효 배제규정의 입법경위, 당시 입법에 관한 사회적 합의·파장 등에 반하는 점 등에 비추어 보면, 이 사건 공소시효 배제규정에서도 공소시효가 완성되지 아니한 상태에서의 부진정 소급효는 인정된다고 할 것이다(위와 같은 부진정 소급효에 관한 경과규정의 입법상 단순 착오·누락이라고 봄이 상당하다).",
            "따라서 피고인 및 변호인의 이 부분 주장 역시 받아들이지 아니한다(그리고 별지 범죄일람표 2번 범행은 공소시효 만료일이 2013. 12.경이나, 이 사건 공소시효 적용배제 확대 규정에 의하여 공소시효 적용이 적법하게 배제된다).",
            "아동·청소년의 성보호에 관한 법률(2012. 12. 18. 법률 제11572호로 개정되어 2013. 6. 19. 시행된 것) 제20조도 같은 취지로 규정하면서 같은 법 부칙(2012. 12. 18., 제11572호) 제3조에서 같은 취지의 경과규정을 두고 있다."
        ]
    },
    "close": {
        "cnclsns": [
            "피고인을 징역 18년에 처한다.",
            "피고인에 대한 정보를 10년간 정보통신망을 이용하여 공개하고, 고지한다.",
            "피부착명령청구인에 대하여 20년간 위치추적 전자장치의 부착을 명한다.",
            "피부착명령청구인에 대하여 별지 기재 준수사항을 부과한다.",
            "이 사건 배상신청을 모두 각하한다."
        ]
    }
}