{
    "info": {
        "caseField": "2",
        "detailField": "6",
        "trailField": "1",
        "caseNm": "사기",
        "courtNm": "전주지방법원",
        "judmnAdjuDe": "2018. 11. 30.",
        "caseNo": "2018고정367",
        "relateLaword": [
            "형법 제347조",
            "형법 제37조",
            "형법 제39조",
            "형법 제70조",
            "형법 제69조",
            "형사소송법 제334조"
        ],
        "qotatPrcdnt": []
    },
    "concerned": {
        "acusr": "4",
        "dedat": "1"
    },
    "org": {
        "orgJdgmnCourtNm": "",
        "orgJdgmnAdjuDe": "",
        "orgJdgmnCaseNo": ""
    },
    "disposal": {
        "disposalform": "9",
        "disposalcontent": [
            "피고인을 벌금 2,000,000원에 처한다.",
            "피고인이 위 벌금을 납입하지 아니하는 경우 100,000원을 1일로 환산한 기간 피고인을 노역장에 유치한다.",
            "위 벌금에 상당한 금액의 가납을 명한다."
        ]
    },
    "mentionedItems": {
        "rqestObjet": [
            "피고인을 벌금 2,000,000원에 처한다.",
            "피고인이 위 벌금을 납입하지 아니하는 경우 100,000원을 1일로 환산한 기간 피고인을 노역장에 유치한다."
        ]
    },
    "assrs": {
        "acusrAssrs": [],
        "dedatAssrs": []
    },
    "facts": {
        "bsisFacts": [
            "피고인은 2018. 2. 21. 전주지방법원에서 사기죄로 징역 1년에 집행유예 2년을 선고받아 2018. 3. 1. 그 판결이 확정되었다.",
            "피고인은 인터넷 사이트 '0'에 '게임머니를 판매한다'는 글을 게시하고 이를 보고 주문한 피해자들에게 입금하면 물건을 보내주겠다고 거짓말하였다.",
            "그러나 사실 피고인은 돈을 입금받더라도 위 물건을 보내줄 의사나 능력이 없었다.",
            "그럼에도 불구하고 피고인은 2017. 7. 10. 16:20경 피고인이 게시한 글을 보고 이를 진정으로 믿은 피해자 B으로부터 000 C A 계좌로 255,000원을 송금받아 편취하였다."
        ]
    },
    "dcss": {
        "courtDcss": [
            "형법 제347조 제1항, 벌금형을 선택하여 적용한다.",
            "피고인이 같은 수법으로 범행을 저질러 처벌받은 전력이 있고, 이 사건은 선행 사건으로 인한 조사를 받고도 계속하여 범행을 저지른 것이다.",
            "다만 판결이 확정된 죄와 동시에 판결할 경우와의 형평 및 공소 제기 이후 피해금을 변제한 점 등 제반 사정을 참작하여 주문과 같이 형을 정한다."
        ]
    },
    "close": {
        "cnclsns": [
            "피고인을 벌금 2,000,000원에 처한다.",
            "피고인이 위 벌금을 납입하지 아니하는 경우 100,000원을 1일로 환산한 기간 피고인을 노역장에 유치한다.",
            "위 벌금에 상당한 금액의 가납을 명한다."
        ]
    }
}