{
    "info": {
        "caseField": "2",
        "detailField": "6",
        "trailField": "1",
        "caseNm": "성폭력범죄의처벌및피해자보호등에관한법률위반(주거침입강간등) 일부인정된죄명성폭력범죄의처벌및피해자보호등에관한법률위반(특수강간등) ,치료감호,부착명령,치료명령",
        "courtNm": "부산지방법원",
        "judmnAdjuDe": "2013. 09. 13.",
        "caseNo": "2013고합127,2013감고6(병합),2013전고4(병합),2013치고2(병합)",
        "relateLaword": [
            "형법 제39조",
            "형법 제37조",
            "구 성폭력범죄의 처벌 및 피해자보호 등에 관한 법률 제6조",
            "구 성폭력범죄의 처벌 및 피해자보호 등에 관한 법률 제5조",
            "구 형사소송법 제249조",
            "형사소송법 제252조",
            "형사소송법 제253조",
            "치료감호법 제12조, 제2조 제1항 제3호"
        ],
        "qotatPrcdnt": [
            "대법원 2007. 9. 20. 선고 2007도5888 판결",
            "대법원 1998. 7. 10. 선고 98도1273 판결"
        ]
    },
    "concerned": {
        "acusr": "4",
        "dedat": "1"
    },
    "org": {
        "orgJdgmnCourtNm": "",
        "orgJdgmnAdjuDe": "",
        "orgJdgmnCaseNo": ""
    },
    "disposal": {
        "disposalform": "6",
        "disposalcontent": [
            "피고인을 징역 7년에 처한다.",
            "피치료감호청구인을 치료감호에 처한다.",
            "피부착명령청구자에 대하여 20년간 위치추적 전자장치의 부착을 명하고, 별지 기재와 같은 준수사항을 부과한다.",
            "치료명령피청구자에 대하여 5년간 성충동 약물치료를 명한다."
        ]
    },
    "mentionedItems": {
        "rqestObjet": [
            "피고인을 거침입강간, 특수강간으로 징역에 처한다.",
            "피고인의 치료감호, 부착명령, 치료명령을 신청한다."
        ]
    },
    "assrs": {
        "acusrAssrs": [],
        "dedatAssrs": [
            "피고인은 피해자를 강간한 사실은 있으나, 당시 판시 범죄사실 제1항 기재와 같이 식칼을 휴대하여 피해자를 강간한 것은 아니다.",
            "피고인은 판시 범죄사실 제2항 기재 일시에 군산시 소재 친척 집에 있었고, 판시 범죄사실 제2항 기재 강간 범행(이하 '이 사건 제2 범행'이라고 한다)을 저지른 사실이 없다.",
            "예비적으로, 수사기관은 2003년경 피고인에 대하여 판결이 확정된 성폭력범죄의처벌및피해자보호등에관한법률위반(강간등치상) 등 사건의 수사 시에 이 사건 제2 범행을 이미 파악하고 있었음에도 위 사건의 기소대상에서 누락시켰다가 뒤늦게 피고인의 형기가 종료할 시점에 다시 이 사건 제2 범행에 대하여 공소를 제기하였고, 이는 피고인으로 하여금 동시에 재판을 받지 못하게 하는 불이익을 받게 한 것으로 공소권을 남용한 경우에 해당한다."
        ]
    },
    "facts": {
        "bsisFacts": [
            "피고인은 2003. 7. 11. 16:20경 0000 (주소 1 생략)에 있는 피해자 공소외 00(여, 14세)의 집에서, 피해자가 하교하는 것을 보고 피해자를 강간할 것을 마음먹고 피해자를 뒤따라가 피해자의 집에 이르러 그곳 현관문을 두드리며 피해자에게 \"집 보러 왔어요, 어른 안 계세요.\"라고 말을 해 피해자로 하여금 현관문을 열도록 하였다.",
            "피고인은 피해자가 문을 열자 한 손으로 피해자의 얼굴을 가리고 밀치면서 피해자의 집안으로 침입하여 피해자를 방안으로 끌고 가 방바닥에 넘어뜨린 다음 그곳 옷장에 있던 넥타이로 피해자의 양손을 뒤로 묶어 피해자의 반항을 억압한 후 주방에서 위험한 물건인 식칼(길이 미상)을 가져와 피해자의 등 부위에 들이대며 피해자의 집 옆에 있는 빈집으로 피해자를 끌고 갔다.",
            "계속하여 피고인은 그곳 방안에 피해자를 넘어뜨린 후 피해자에게 \"네가 어느 학교에 다니는지 알고, 네 동생도 알고 있고, 학교가 몇 시에 끝나는지도 알고 있어! 그러니깐 신고하면 네 가족을 싹 다 죽여 버릴 거 야! 신고 하지마! 소리 지르지마!\"라고 협박한 후 피해자가 입고 있던 반바지와 팬티를 모두 벗기고 피해자의 위로 올라타 피해자를 1회 간음하였다. ",
            "이로써 피고인은 위험한 물건을 휴대하여 피해자를 강간하였다.",
            "피고인은 2003. 9. 23. 15:30경 0000 (주소 2 생략)에 있는 피해자 공소외 00(여, 11세)의 집에 이르러, 피해자를 강간할 것을 마음먹고 피해자의 집안으로 침입하여 피해자의 가족이 있는지 확인한 후 그곳 옷장에 있던 넥타이로 피해자의 손과 발을 묶어 피해자의 반항을 억압한 후 피해자가 입고 있던 바지와 팬티를 모두 벗기고 피해자의 위에 올라타 피해자를 1회 간음하여 강간하였다.",
            "피고인은 성적가학증 등 성적 성벽이 있는 정신성적 장애자로서 판시 범죄사실 기재와 같이 아동·청소년을 상대로 성폭력범죄를 저질러 치료감호시설에서 치료를 받을 필요가 있고 재범의 위험성이 있다.",
            "피고인은 판시 범죄사실 기재와 같이 성폭력범죄로 징역형의 실형을 선고받아 그 집행을 종료한 후 10년 이내에 다시 성폭력범죄를 저질렀고, 성폭력범죄를 2회 이상 범하여 그 습벽이 인정되며, 16세 미만의 사람에 대하여 성폭력범죄를 저지른 사람으로서, 성폭력범죄를 다시 범할 위험성이 있다.",
            "피고인은 성적가학증 등 성적 성벽이 있는 정신성적 장애자에 해당하고, 정신건강의학과 전문의의 감정에 의하여 성적 이상 습벽으로 인하여 자신의 행위를 통제할 수 없다고 판명된 성도착증 환자로서, 판시 범죄사실 기재와 같이 아동·청소년을 상대로 성폭력범죄를 저질렀고, 성폭력범죄를 다시 범할 위험성이 있다.",
            "피고인 겸 피치료감호청구인, 피부착명령청구자, 치료명령피청구자(이하 '피고인'이라고 한다)는 1994. 2. 24. 창원지방법원에서 강간치상죄 등으로 징역 4년을 선고받아 1997. 12. 13. 부산교도소에서 그 형의 집행을 종료하였다.",
            "2004. 3. 18. 부산고등법원에서 성폭력범죄의처벌및피해자보호등에관한법률위반(강간등치상)죄 등으로 징역 10년을 선고받아 2004. 5. 28. 위 판결이 확정되었다."
        ]
    },
    "dcss": {
        "courtDcss": [
            "피해자 공소외 00는 수사기관에서부터 이 법정에 이르기까지 일관하여, \"범행 당시 피고인이 피해자의 집 안으로 침입하여 피해자를 방안으로 끌고 가 넥타이로 양 손목을 뒤로 묶은 다음 바로 부엌으로 가서 식칼을 가지고 와 피해자를 협박하였다.\"",
            "\"당시 피고인이 넥타이로 손을 묶고 이불로 얼굴을 감쌌던 것 같으나, 피해자는 피고인이 피해자의 손을 넥타이로 묶은 후 부엌으로 가는 것을 보았고 부엌 싱크대 문이 열리는 소리를 들었으며 그 후 피고인이 피해자 옆으로 와 직접 식칼을 보여주었기 때문에 범행 당시 사용된 식칼이 피해자의 집에 있던 식칼인 것을 알았다.\"",
            "\"피고인은 한 손에 식칼을 들고 피해자에게 와서 피해자를 끌고 부엌 쪽으로 갔는데 그때 피해자의 동생이 현관문을 두드리며 피해자를 부르자 피고인이 식칼을 피해자의 옆구리 쪽에 갖다 대면서 조용히 하고 만약 소리를 지르면 피해자와 동생을 다 죽여버리겠다고 협박하였다.\"",
            "\"그 후 피고인은 식칼을 피해자의 등 쪽에 대고 부엌문을 통해 피해자의 집 옆에 있는 빈집으로 피해자를 끌고 갔다. 피고인은 빈집에서 피해자 옆에 식칼을 두고 성폭행을 하였고, 당시 식칼은 피고인이 언제든지 손으로 잡을 수 있도록 피해자의 왼편 옆구리 부위 바닥에 놓아두었다\"라고 진술했다.",
            "피해자가 식칼을 보게 된 경위, 피고인이 식칼로 위협한 부위와 협박 내용, 강간 당시의 상황에 대한 중요 부분을 구체적이고 일관되게 진술하고 있고, 위 진술 내용은 실제로 발생한 사실이 아니거나 경험해보지 않았다면 진술할 수 없는 매우 상세한 내용으로서 피해자의 진술 경위, 진술 태도, 내용 등에 비추어 신빙성이 높다.",
            "이러한 피해자의 진술과 그 밖의 증거들에 의하여 인정되는 사건 당시의 정황에 비추어 보면, 피고인이 판시 범죄사실 제1항 기재와 같이 위험한 물건인 식칼로 피해자를 협박하고 위 식칼을 지닌 채 피해자를 강간한 사실을 인정할 수 있다. ",
            "따라서 피고인 및 변호인의 이 부분 주장은 받아들이지 않는다.",
            "이 법원이 채택하여 조사한 증거들에 의하여 인정되는 다음과 같은 피해자의 질 내용물에서 검출된 유전자형이 피고인의 DNA와 일치한다는 유전자감정 결과, 이러한 유전자감정 결과의 신뢰성, 이 사건 피해 신고 경위, 피해자의 치료 내역, 목격자 공소외 00의 진술 등을 종합하여 보면, 피고인이 이 사건 제2 범행을 저질렀음을 충분히 인정할 수 있다. ",
            "공소가 종전 사건의 판결 선고 전에 제기되지 아니하여 피고인이 관련사건과 병합하여 재판을 받지 못하게 된 불이익을 받게 되었다고 하더라도 그것이 검사가 자의적으로 공소권을 행사하여 소추재량권을 현저히 일탈한 위법으로 인한 것으로 볼 수 없다면, 그 공소가 공소권을 남용하여 제기된 것이라고는 볼 수 없다(대법원 1998. 7. 10. 선고 98도1273 판결 등 참조).",
            "기록에 의하면, 마산동부경찰서는 2003년경 이 사건 제2 범행을 수사할 당시 피해자 공소외 00의 질 내용물에서 검출된 남성의 유전자형이 창원서부경찰서, 부산북부경찰서에서 수사 중인 강간 사건(위 확정판결의 일부 범행)에서 검출된 남성의 유전자형과 동일하다는 국립과학수사연구소의 유전자감정결과를 회신받은 사실은 인정된다.",
            "위 유전자감정결과 회신에는 위와 같은 내용만 기재되어 있었을 뿐 피해자 공소외 00의 질 내용물에서 검출된 남성의 유전자형이 피고인의 DNA와 일치한다거나 다른 수사기관에서 수사 중인 각 강간 사건의 범인이 피고인이라고 특정되지 않은 상태였던 점이 있다.",
            "당시에는 각 수사기관과 국립과학수사연구소가 각자의 관할 구역 내 정보만 가지고 있을 뿐 수사기관 간, 수사기관과 국립과학수사연구소 사이의 DNA 신원확인정보 공유 등 업무협조 체계가 제대로 이루어지지 않아, 각 수사기관에서 피해자별로 별도로 수사를 진행하였던 점이 있다.",
            "이 사건 제2 범행을 수사하던 수사기관은 2012년 9월경 피해자 공소외 00의 질 내용물에서 검출된 범인의 유전자형이 피고인의 유전자형과 일치한다는 회신을 받고 그 무렵 수사를 개시하여 이 사건 제2 범행에 대한 추가조사를 거친 후 2013. 2. 20. 이를 기소하게 된 점이 있다.",
            "피고인은 위 확정판결의 각 범행에 대한 수사 당시에 위 확정판결의 다른 범행과는 달리 이 사건 제2 범행에 대하여는 언급한 적이 없었던 것으로 보인다.",
            "피고인이 위 수사 당시에 수사기관에 이 사건 제2 범행을 스스로 밝히고 함께 수사하여 줄 것을 요청하였음에도 검사가 자의적으로 이 사건 제2 범행에 대한 수사를 회피하고 공소를 제기하지 아니하였다가 뒤늦게 이 사건 제2 범행에 대한 수사를 개시하고 기소를 하였다고 인정할 만한 자료가 없는 점이 있다.",
            "형법은 제39조 제1항에서 판결을 받지 아니한 죄에 대하여 판결이 확정된 죄와 동시에 판결할 경우와의 형평을 고려하여 형을 선고하고 이 경우 그 형을 감경 또는 면제할 수 있다고 규정하고 있다.",
            "검찰도 이를 감안하여 형법 제37조 후단의 경합범으로 이 부분 공소를 제기하였던 점 등에 비추어 보면, 이 사건 공소제기가 검사가 어떠한 의도를 가지고 자의적으로 공소권을 행사하여 소추재량권을 현저히 일탈한 것으로는 볼 수 없으므로, 피고인 및 변호인의 이 부분 주장은 받아들이지 아니한다.",
            "판시 범죄사실 제1항 기재 범행(이하 '이 사건 제1 범행'이라고 한다)은 구 성폭력범죄의 처벌 및 피해자보호 등에 관한 법률 제6조 제1항에 따라, 이 사건 제2 범행은 구 성폭력범죄의 처벌 및 피해자보호 등에 관한 법률 제5조 제1항에 따라 각 그 법정형이 무기 또는 5년 이상의 징역이다.",
            "그 공소시효의 기간은 형사소송법 부칙(2007. 12. 21.) 제3조, 구 형사소송법(2007. 12. 21. 법률 제8730호로 개정되기 전의 것) 제249조 제1항 제2호에 의하여 10년이다.",
            "그런데 2012. 12. 18. 법률 제11556호로 전부 개정되어 시행된 성폭력범죄의 처벌 등에 관한 특례법은 공소시효 혹은 그 기산일에 관한 특례조항을 두어, '미성년자에 대한 성폭력범죄의 공소시효는 형사소송법 제252조 제1항에도 불구하고 해당 성폭력범죄로 피해를 당한 미성년자가 성년에 달한 날부터 진행한다(제21조 제1항)'",
            "디엔에이(DNA)증거 등 그 죄를 증명할 수 있는 과학적인 증거가 있는 때에는 공소시효가 10년 연장되고(같은 조 제2항), 13세 미만의 사람에 대하여 강간죄 등을 범한 경우에는 제1항과 제2항에도 불구하고 형사소송법 제249조부터 제253조까지에 규정된 공소시효를 적용하지 아니한다(같은 조 제3항)'고 규정하고 있다.",
            "위 법률 부칙(2012. 12. 18.) 제3조는 '이 법 시행 전 행하여진 성폭력범죄로 아직 공소시효가 완성되지 아니한 것에 대하여도 제21조의 개정규정을 적용한다'고 규정하고 있다.",
            "이 사건 각 공소사실에 대하여는 위 법이 시행된 2013. 6. 19. 당시 위 각 범행행위가 종료된 때부터 10년의 공소시효가 경과하지 않았음이 역수상 명백하므로, 이 사건 제2 범행의 경우 위 법률 부칙 제3조 및 위 법 제21조 제3항에 의하여 공소시효의 적용 자체가 배제된다.",
            "이 사건 제1 범행의 경우 위 법 부칙 제3조 및 위 법 제21조 제2항에 의하여 공소시효가 10년 연장되고 위 법 부칙 제3조 및 위 법 제21조 제1항에 의하여 피해자 공소외 00가 성년에 달한 날인 2008. 8. 15.부터 20년의 공소시효가 진행되므로, 이 사건 공소제기일인 2013. 2. 20.에는 아직 공소시효가 완성되지 않았다 할 것이다.",
            "따라서 피고인의 이 부분 주장은 받아들이지 않는다."
        ]
    },
    "close": {
        "cnclsns": [
            "피고인을 징역 7년에 처한다.",
            "피치료감호청구인을 치료감호에 처한다.",
            "피부착명령청구자에 대하여 20년간 위치추적 전자장치의 부착을 명한다.",
            "피부착명령청구자에 대하여 별지 기재와 같은 준수사항을 부과한다.",
            "치료명령피청구자에 대하여 5년간 성충동 약물치료를 명한다."
        ]
    }
}