{
    "info": {
        "caseField": "2",
        "detailField": "6",
        "trailField": "1",
        "caseNm": "강제추행",
        "courtNm": "대구지방법원",
        "judmnAdjuDe": "2013. 11. 14.",
        "caseNo": "2013고단4628",
        "relateLaword": [
            "형법 제298조",
            "형법 제37조",
            "형법 제38조",
            "형법 제50조",
            "형법 제70조",
            "형법 제69조",
            "성폭력범죄의 처벌 등에 관한 특례법 제16조",
            "형사소송법 제334조",
            "성폭력범죄의 처벌 등에 관한 특례법 제42조",
            "성폭력범죄의 처벌 등에 관한 특례법 제43조",
            "성폭력범죄의 처벌 등에 관한 특례법 제47조",
            "아동,청소년의 성보호에 관한 법률 제49조"
        ],
        "qotatPrcdnt": []
    },
    "concerned": {
        "acusr": "4",
        "dedat": "1"
    },
    "org": {
        "orgJdgmnCourtNm": "",
        "orgJdgmnAdjuDe": "",
        "orgJdgmnCaseNo": ""
    },
    "disposal": {
        "disposalform": "9",
        "disposalcontent": [
            "피고인을 벌금 5,000,000원에 처한다.",
            "피고인이 위 벌금을 납입하지 아니하는 경우 50,000원을 1일로 환산한 기간 피고인을 노역장에 유치한다.",
            "피고인에 대하여 8시간의 성폭력치료프로그램 이수를 명한다. ",
            "위 벌금에 상당한 금액의 가납을 명한다."
        ]
    },
    "mentionedItems": {
        "rqestObjet": [
            "피고인을 벌금 5,000,000원에 처한다.",
            "피고인이 위 벌금을 납입하지 아니하는 경우 50,000원을 1일로 환산한 기간 피고인을 노역장에 유치한다.",
            "피고인에 대하여 8시간의 성폭력치료프로그램 이수를 명한다. "
        ]
    },
    "assrs": {
        "acusrAssrs": [],
        "dedatAssrs": []
    },
    "facts": {
        "bsisFacts": [
            "피고인은 지역 케이블 방송국의 프로듀서로, 2013.5.13.19:00경 0000에 있는 시민운동장 인근의 상호 불상 식당에서 방송국 리포터 면접을 본 피해자 00(여, 23세), 다른 여성 면접 응시자 1명, 피고인의 지인 1명과 함께 술을 마신 후 같은 날 21:40경 식당에서 나와 피고인 소유의 0 차량을 대리운전 기사에게 운전토록 하고 피해자를 집까지 데려다 주게 되었다.",
            "피해자가 위 차량의 뒷자리 가운데, 피고인이 조수석 뒷자리에 나란히 탑승하여 가던 중 피고인은 피해자의 허벅지를 손으로 잡고, 팔을 잡아 쓰다듬고, 손을 잡으며 깍지를 껴 피해자를 강제로 추행하였다.",
            "피고인은 같은 날 22:30경 피해자의 집 부근인 0000에 있는 몰마트 앞에 도착한 후 피해자가 내려 집으로 가려고 하자 대리기사를 돌려보낸 후 피해자에게 이야기 좀 하자고 하며 피해자를 조수석에 탑승케 하고 피고인은 운전석에 앉아 피해자의 집 앞까지 운전하여 가 주차하였다.",
            "그 후 피해자에게 \"목요일부터 일을 한번 해 보자, 너로 가기로 결정했다, 포옹 한번 하자\" 라고 말하여 피해자를 방송국 리포터로 채용하겠다는 태도를 보이면서 피해자를 끌어안고, 이에 피해자가 밀치자 피해자의 오른쪽 볼에 뽀뽀를 하여 피해자를 강제로 추행하였다"
        ]
    },
    "dcss": {
        "courtDcss": [
            "피고인이 면접을 보러 온 피해자를 추행하여 피해자로 하여금 성적 수치심과 정신적 고통을 겪게 한 점에 대해서는 엄한 책임을 물어야 하는 것이 마땅하다.",
            "다만, 피고인에게 아무런 형사처벌 전력이 없고, 피고인이 이 법정에 이르러 범행을 모두 자백하면서 잘못을 인정하였으며, 피해자 앞으로 500만 원을 공탁한 점, 그밖에 이 사건 범행경위, 추행의 정도, 피고인의 성향, 가정환경 등을 참작하여 판결을 내린다."
        ]
    },
    "close": {
        "cnclsns": [
            "피고인을 벌금 5,000,000원에 처한다.",
            "피고인이 위 벌금을 납입하지 아니하는 경우 50,000원을 1일로 환산한 기간 피고인을 노역장에 유치한다.",
            "피고인에 대하여 8시간의 성폭력치료프로그램 이수를 명한다.",
            "위 벌금에 상당한 금액의 가납을 명한다."
        ]
    }
}