{
    "info": {
        "caseField": "2",
        "detailField": "6",
        "trailField": "1",
        "caseNm": "준강간",
        "courtNm": "서울중앙지방법원",
        "judmnAdjuDe": "2017. 12. 22.",
        "caseNo": "2017고합905",
        "relateLaword": [
            "형사소송법 제325조"
        ],
        "qotatPrcdnt": []
    },
    "concerned": {
        "acusr": "4",
        "dedat": "1"
    },
    "org": {
        "orgJdgmnCourtNm": "",
        "orgJdgmnAdjuDe": "",
        "orgJdgmnCaseNo": ""
    },
    "disposal": {
        "disposalform": "10",
        "disposalcontent": [
            "피고인은 무죄이다."
        ]
    },
    "mentionedItems": {
        "rqestObjet": [
            "피고인은 피해자의 심신상실 상태를 이용하여 피해자를 간음하였으므로 처벌받아야 한다."
        ]
    },
    "assrs": {
        "acusrAssrs": [
            "피고인은 피해자의 심신상실 상태를 이용하여 피해자를 간음하였다."
        ],
        "dedatAssrs": []
    },
    "facts": {
        "bsisFacts": [
            "피고인은 군 복무 중 휴가를 나와 2015.3.12.22:00경 서울 동작구 C에 있는 'D' 주점에서 OOO XX학과 후배인 피해자 E(여, 20세)을 비롯한 같은 학교 동기 및 후배들과 같이 보드카를 마시다가 술자리를 파하고 술자리에 동석했던 사람들과 헤어져 혼자 집으로 향하던 중 피고인의 뒤쪽에서 피해자가 술에 만취하여 바닥에 주저앉아 있는 것을 발견하였다.",
            "피고인은 2015.3.13.02:00경 몸을 가누지 못할 정도로 만취한 피해자를 부축한 채 서울 동작구 F에 있는 G 여관의 호수를 알 수 없는 호실로 들어가 피해자가 구토를 하자 토사물이 묻은 피해자의 옷을 벗기고 욕실로 데리고 가 씻기고 침대에 눕힌 다음 입으로 피해자의 음부를 빨고 성기를 피해자의 음부에 삽입하였다."
        ]
    },
    "dcss": {
        "courtDcss": [
            "① 당시 피해자는 피고인 등과 함께 있던 술자리에 헤어진 남자친구 H이 나타나자 갑자기 술을 많이 마셔 술에 상당히 취해 있었던 사실, ②  피고인이 피해자를 근처의 여관으로 데려갔고, 그 곳에서 피해자와 성관계를 시도하였으며, 술에 취해 구토를 하는 피해자의 토사물을 씻겨주기도 한 사실 등이 인정된다.",
            "검사가 제출한 증거들만으로는 피해자가 사건 당시 항거불능 상태에 있었다거나 피고인이 이를 인식하면서 준강간의 범의를 가지고 피해자를 간음하였다는 점이 합리적인 의심을 할 여지가 없을 정도로 증명되었다고 인정하기에 부족하다.",
            "술자리가 파할 무렵부터 정신을 잃었고 잠이 들어 있었기 때문에 피고인의 행위에 저항하지 못하였다는 피해자의 진술을 그대로 받아들이기 어렵다.",
            "당시 술자리에서 피해자가 H에게 소리를 지르고 울어서 분위기가 어색해지자 H이 먼저 자리를 떠났고, 함께 있던 선배 J가 피해자를 달래기도 하였지만, 술자리가 파했을 때 함께 술을 마셨던 선배들은 피해자를 택시에 태워 보내거나 집으로 데려다 주는 등의 조치를 취하지는 않았다(당시 피고인은 계산을 하느라 가장 나중에 주점에서, 나온 것으로 보인다).",
            "피해자는 피고인과 모텔에 도착한 후 화장실에서 H에게 전화를 걸어 상당한 시간 동안 통화하기도 하였다.",
            "이에 비추어 보면 피해자가 상당히 술에 취하였고 H으로 인해 감정이 격해져 있었던 것으로 보이기는 하지만, 거동과 의사결정이 어려울 정도로 정신을 잃은 상태였는지는 의심이 든다.",
            "피해자의 사건 직후 언행, 임신한 사실을 알게 된 경위와 그 시기, 임신중절수술 당시의 상황 및 피고인을 고소하게 된 경위는 피고인의 범행으로 인하여 원치 않는 신체적 변화까지 겪게 되었던 피해자의 행동으로 보기에 쉽게 수긍이 가지 않는 점이 있다.",
            "피고인의 행위에 비추어 보면 피고인에게 피해자가 술에 취해 항거불능 상태에 있음을 이용하여 간음하려는 준강간의 고의가 있었다고 보기도 어렵다."
        ]
    },
    "close": {
        "cnclsns": [
            "피고인은 무죄이다."
        ]
    }
}