{
    "info": {
        "caseField": "2",
        "detailField": "6",
        "trailField": "1",
        "caseNm": "상해치사",
        "courtNm": "청주지방법원",
        "judmnAdjuDe": "2013. 05. 30.",
        "caseNo": "2013고합59",
        "relateLaword": [
            "형법 제259조",
            "형법 제53조",
            "형법 제55조",
            "형법 제62조"
        ],
        "qotatPrcdnt": []
    },
    "concerned": {
        "acusr": "4",
        "dedat": "1"
    },
    "org": {
        "orgJdgmnCourtNm": "",
        "orgJdgmnAdjuDe": "",
        "orgJdgmnCaseNo": ""
    },
    "disposal": {
        "disposalform": "8",
        "disposalcontent": [
            "피고인을 징역 2년에 처한다.",
            "다만 이 판결 확정일부터 3년간 위 형의 집행을 유예한다."
        ]
    },
    "mentionedItems": {
        "rqestObjet": [
            "피고인을 징역 2년에 처한다.",
            "다만 이 판결 확정일부터 3년간 위 형의 집행을 유예한다."
        ]
    },
    "assrs": {
        "acusrAssrs": [],
        "dedatAssrs": []
    },
    "facts": {
        "bsisFacts": [
            "피고인은 2013.4.9.18:00경 0000 C에 있는 피고인의 집 방에서 처인 피해자 D(여, 73세)이 피고인과 대화 중 머리를 좌우로 흔든다는 이유로 누워 있는 피해자의 머리와 얼굴 부위를 발로 수회 차고 손으로 목을 수회 할퀴었다.",
            "2013.4.10.07:30경부터 08:00경 사이에 피고인의 집 마루에서 같은 이유로 누워 있는 피해자의 머리와 얼굴 부위를 발로 수회 차 피해자에게 두경부손상 등을 가하여, 그로 인하여 피해자로 하여금 같은 날 08:00경에서 12:40경 사이 불상경 위 피고인의 집 마루에서 두경부손상 및 실혈로 사망에 이르게 하였다."
        ]
    },
    "dcss": {
        "courtDcss": [
            "이 사건 범행이 피고인이 수십 년간 고락을 함께해 온 배우자인 피해자를 때려 사망이라는 결과에 이르게 한 것으로, 파킨슨병을 앓고 있어 거동조차 자유롭지 않아 아무런 방어도 할 수 없는 피해자에 대하여 머리를 흔드는 버릇을 고친다는 이유로 폭력을 행사한 피고인의 행위에 대하여는 엄중한 처벌이 필요하다.",
            "다만, 피고인이 이 사건 범행을 인정하고 있는 점, 피고인이 이 사건 범행 전까지 파킨슨병을 앓고 있는 피해자의 수발을 도맡아 피해자를 돌보아 오던 중 뇌종양을 앓고 있어 정상적인 사리판단능력이 사실상 상실된 상태에서 피해자의 파킨슨병증을 제대로 이해하지 못하는 바람에 우발적으로 이 사건 범행을 저지른 것으로 보인다.",
            "피고인이 77세의 고령으로 거동이 불편한데다 뇌종양을 앓고 있는 등 건강이 매우 좋지 않아 수감생활이 사실상 불가능한 것으로 보이는 점, 유족인 피고인과 피해자의 자녀들이 피고인에 대한 선처를 간곡히 탄원하고 있는 점 등을 피고인에게 유리한 정상으로 고려한다.",
            "그밖에 피고인의 나이, 성행, 환경, 가족관계, 범행의 동기와 경위, 범행의 수단과 결과, 범행 후의 정황 등 기록 및 변론에 나타난 여러 양형조건을 모두 고려하여, 양형기준에 따른 권고형보다 낮은 형을 선택하고 피고인에 대한 형의 집행을 유예하기로 하여 주문과 같이 형을 정한다."
        ]
    },
    "close": {
        "cnclsns": [
            "피고인을 징역 2년에 처한다.",
            "다만 이 판결 확정일부터 3년간 위 형의 집행을 유예한다."
        ]
    }
}