{
    "info": {
        "caseField": "2",
        "detailField": "6",
        "trailField": "1",
        "caseNm": "상해",
        "courtNm": "대전지방법원",
        "judmnAdjuDe": "2017. 02. 10.",
        "caseNo": "2016고정1059",
        "relateLaword": [
            "형법 제257조",
            "형법 제70조",
            "형법 제69조",
            "형사소송법 제334조"
        ],
        "qotatPrcdnt": []
    },
    "concerned": {
        "acusr": "4",
        "dedat": "1"
    },
    "org": {
        "orgJdgmnCourtNm": "",
        "orgJdgmnAdjuDe": "",
        "orgJdgmnCaseNo": ""
    },
    "disposal": {
        "disposalform": "9",
        "disposalcontent": [
            "피고인을 벌금 80만 원에 처한다.",
            "피고인이 위 벌금을 납입하지 아니하는 경우 10만 원을 1일로 환산한 기간 피고인을 노역장에 유치한다.",
            "위 벌금에 상당한 금액의 가납을 명한다."
        ]
    },
    "mentionedItems": {
        "rqestObjet": [
            "피고인을 벌금 80만 원에 처한다.",
            "피고인이 위 벌금을 납입하지 아니하는 경우 10만 원을 1일로 환산한 기간 피고인을 노역장에 유치한다.",
            "위 벌금에 상당한 금액의 가납을 명한다."
        ]
    },
    "assrs": {
        "acusrAssrs": [],
        "dedatAssrs": []
    },
    "facts": {
        "bsisFacts": [
            "피해자 B(남, 46세)는 0000 C에 있는 'D'라는 동물병원 원장이고, 피고인은 2015.12.26.경 자신의 사냥개에 대한 수술을 피해자에게 맡겼으나 같은 달 27.이 사냥개가 죽게 된 자이다.",
            "피고인은 2015.12.28.02:00경부터 03:00경 사이에 위 동물병원에서, 위와 같이 사냥개가 죽은 사건에 대해 피해자와 다투는 도중에 피해자가 법대로 해결하자고 자리를 피하려 하자 '어디를 가냐, 이 일이 해결되기 전까지는 아무 데도 못 간다'며 피해자의 허리띠를 손으로 잡아 들어 올렸다.",
            "잠시 후 피해자의 멱살을 잡고 흔들어 카운터에 피해자의 오른쪽 발가락을 부딪치게 하는 등 방법으로 피해자에게 약 2주간의 치료를 요하는 목뼈의 염좌 및 긴장, 요추의 염좌 및 긴장, 우 제2족지 찰과상 등 상해를 가하였다."
        ]
    },
    "dcss": {
        "courtDcss": [
            "피고인이 피해자에 대해 행사한 유형력의 정도가 가볍지 않은 것으로 보이고, 피해자의 피해가 회복되지 않은 점 등은 피고인에게 불리한 정상이다.",
            "반면 피고인과 피해자가 피해자의 사냥개의 죽음에 대한 원인에 관하여 서로 다른 의견을 가지고 다투다가 피고인이 우발적으로 이 사건 범행에 이르게 된 것으로 보이는 점, 피해자로서도 사냥개의 죽음으로 상실감을 느끼고 있었을 것으로 보이는 점, 피해자의 상해 정도가 비교적 가벼운 점 등은 피고인에게 유리한 정상이다.",
            "이러한 정상 및 그밖에 피고인의 나이, 성행, 가족관계, 환경, 직업 등 기록과 변론레 나타난 양형의 조건이 되는 제반 사정을 종합하여 주문과 같이 형을 정한다."
        ]
    },
    "close": {
        "cnclsns": [
            "피고인을 벌금 80만 원에 처한다.",
            "피고인이 위 벌금을 납입하지 아니하는 경우 10만 원을 1일로 환산한 기간 피고인을 노역장에 유치한다.",
            "위 벌금에 상당한 금액의 가납을 명한다."
        ]
    }
}