{
    "info": {
        "caseField": "2",
        "detailField": "6",
        "trailField": "1",
        "caseNm": "상해,재물손괴,모욕",
        "courtNm": "서울북부지방법원",
        "judmnAdjuDe": "2018. 08. 10.",
        "caseNo": "2017고단5701",
        "relateLaword": [
            "형법 제257조",
            "형법 제366조",
            "형법 제311조",
            "형법 제37조",
            "형법 제38조",
            "형법 제50조",
            "형법 제62조",
            "형법 제62조의2"
        ],
        "qotatPrcdnt": []
    },
    "concerned": {
        "acusr": "4",
        "dedat": "1"
    },
    "org": {
        "orgJdgmnCourtNm": "",
        "orgJdgmnAdjuDe": "",
        "orgJdgmnCaseNo": ""
    },
    "disposal": {
        "disposalform": "6",
        "disposalcontent": [
            "피고인을 징역 6월에 처한다."
        ]
    },
    "mentionedItems": {
        "rqestObjet": [
            "피고인은 피해자에게 3주간의 치료를 요하는 고막의 중심천공 등의 상해를 가하고, 수리비 합계 395,000원 상당의 피해자 소유의 물품을 부수어 손괴하였다.",
            "피고인은 욕설을 하여 공연히 피해자를 모욕하였다."
        ]
    },
    "assrs": {
        "acusrAssrs": [
            "수리비 합계 395,000원 상당의 물품을 부수어 손괴하였다.",
            "큰소리로 욕설을 하여 공연히 피해자를 모욕하였다."
        ],
        "dedatAssrs": []
    },
    "facts": {
        "bsisFacts": [
            "피고인은 2017. 9. 14. 03:50 경 0000 C 앞길에서, 피해자 D가 운전하는 택시에 앞서 걸어가던 중 피해자가 경적을 울렸다는 이유로 화가 나 택시 운전석 열린 창문 안으로 주먹을 집어넣어 피해자의 얼굴, 목 등을 수회 때리고, 조수석 문을 열고 차 안으로 들어가 피해자의 얼굴과 목을 수회 때려 3주간의 치료를 요하는 고막의 중심 천공 등의 상해를 가하였다.",
            "이후 피고인은 계속하여 피해자 소유의 택시 블랙 박스를 뜯어 밖으로 던지고, 실내 빈 차표시 등의 선을 잡아 뜯고, 피해자가 착용하고 있던 블루투스 이어폰의 선을 끊어 버려 수리비 합계 395,000원 상당의 물품을 부수어 손괴하였다.",
            "피고인은 2017. 9. 14. 04:00 경 0000에 있는 'F 슈퍼' 앞에서, D 등 수인의 행인이 보고 있는 가운데 피고인이 제 1 항과 같이 폭력을 행사한다는 112 신고를 받고 출동한 서울 강북경찰서 소속 경찰관인 피해자 G에게 \"야 이 꼰대새끼야.\"",
            "꼰대가 하는 일이 그렇지 뭐. 야 이 새끼야 배만 나오고 개새끼가 말이야. 네가 경찰이 맞냐. 너 이 새끼 조심해라 다음에 죽인다\"라는 등으로 큰소리로 욕설을 하여 공연히 피해자를 모욕하였다."
        ]
    },
    "dcss": {
        "courtDcss": [
            "이 사건 범행은 택시 경적을 울렸다는 이유로 피고인이 운전석에 앉아 있던 택시기사를 폭행하고 차량 블랙박스등을 손괴한 후 출동한 경찰관에게 욕설을 하면서 조롱한 것으로 그 죄질이 매우 좋지 않은점, 피고인이 이전에도경찰관을 모욕하여 벌금형을 1회 선고받은 적이 있는 점은 불리한 정상이다.",
            "반면 피고인이 자신의 잘못을 반성하고 있는 점, 상해와 재물손괴 피해자와 합의 한 점, 피고인에게 위 벌금형 전과 이외에는 다른 범죄전력이 없는 점은 유리한 정상이다."
        ]
    },
    "close": {
        "cnclsns": [
            "피고인을 징역 6월에 처한다.",
            "다만, 이 판결 확정일부터 2년 간 위 형의 집행을 유예한다.",
            "피고인에게 120시간의 사회봉사를 명한다."
        ]
    }
}