{
    "info": {
        "caseField": "2",
        "detailField": "6",
        "trailField": "1",
        "caseNm": "특정경제범죄가중처벌등에관한법률위반(횡령)\n",
        "courtNm": "서울중앙지방법원",
        "judmnAdjuDe": "2018. 02. 09.",
        "caseNo": "2018고합16",
        "relateLaword": [
            "특정경제범죄 가중처벌 등에 관한 법률 제3조",
            "형법 제356조",
            "형법 제355조"
        ],
        "qotatPrcdnt": []
    },
    "concerned": {
        "acusr": "4",
        "dedat": "1"
    },
    "org": {
        "orgJdgmnCourtNm": "",
        "orgJdgmnAdjuDe": "",
        "orgJdgmnCaseNo": ""
    },
    "disposal": {
        "disposalform": "6",
        "disposalcontent": [
            "피고인을 징역 3년에 처한다."
        ]
    },
    "mentionedItems": {
        "rqestObjet": [
            "피고인을 징역 3년에 처한다."
        ]
    },
    "assrs": {
        "acusrAssrs": [],
        "dedatAssrs": []
    },
    "facts": {
        "bsisFacts": [
            "피고인은 2008.5.경부터 2017. 8.경까지 콩고공화국 C 소재 피해자 0001)의 재무이사(CFO)로 근무하면서 자금 관리 업무를 담당하였다.",
            "피고인은 2008.8.28.경 위 피해자 회사의 사무실 내 금고에 업무상 보관하고 있던 미화 10,000달러(한화 10,729,632원)를 꺼내어 가 인근 은행에서 자신 명의 000 계좌(000) 로 송금한 후 주식투자 등의 개인적인 용도로 소비하였다.",
            "피고인은 이를 포함하여 그 무렵부터 2017. 7.26.경까지 위와 같은 방법으로 별지 범죄일람표 기재와 같이 99회에 걸쳐 피고인이 업무상 보관하던 피해자 회사 소유의 합계 미화 1,014,500달러(한화 1,161,186,342원)를 개인적인 용도로 임의 소비하여 이를 횡령하였다."
        ]
    },
    "dcss": {
        "courtDcss": [
            "이 사건 범행은 피고인이 피해자 회사의 재무이사로서 자금 관리업무를 총괄하면서 현금을 보관하게 된 것을 기화로 약 9년간 총 99회에 걸쳐 약 11억 6000만 원의 현금을 주식투자, 채무변제 등 개인적인 용도로 사용하여 횡령한 것으로, 그 범행경위와 수법, 피해 규모 등에 비추어 죄질이 좋지 아니하다.",
            "또한 이 사건 범행으로 인한 피해액 중 대부분이 회복되지 않았고, 피해자와 합의에 이르지도 못하였다. 이러한 사정은 피고인에게 불리한 정상이다.",
            "다만, 피고인이 이 사건 범행을 모두 인정하고 반성하고 있는 점, 피고인이 형사처벌을 받은 전력이 없는 점, 피고인이 현재까지 이 사건 범행으로 인한 피해액 중 약 1억 4000만 원 가량을 변제하였으며, 추가로 피해를 변제하기 위하여 노력하고 있는 점 등을 피고인에게 유리한 정상으로 참작한다.",
            "또한 그 밖에 피고인의 연령과 성행, 가족관계, 생활환경, 범행의 동기, 수단과 결과, 범행 후 정황 등 이 사건 공판과정에 나타난 모든 양형요소를 종합적으로 고려하여 주문과 같이 형을 정한다."
        ]
    },
    "close": {
        "cnclsns": [
            "피고인을 징역 3년에 처한다."
        ]
    }
}