{
    "info": {
        "caseField": "2",
        "detailField": "6",
        "trailField": "1",
        "caseNm": "폭력행위등처벌에관한법률위반,공동상해,특수폭행,폭행,중감금,특수감금,사기,상법위반,아동복지법위반,아동유기,방임교사,아동복지법위반,아동학대,폭행교사",
        "courtNm": "수원지방법원 안양지원",
        "judmnAdjuDe": "2019. 07. 29.",
        "caseNo": "2018고단1316",
        "relateLaword": [
            "형법 제260조",
            "폭력행위 등 처벌에 관한 법률 제2조",
            "형법 제257조",
            "형법 제261조",
            "형법 제30조",
            "형법 제278조",
            "형법 제276조",
            "형법 제277조",
            "형법 제347조",
            "상법 제628조",
            "상법 제622조",
            "구 아동복지법(2017 10. 24. 법률 제 14925호로 개정되기 전의 것) 제71조",
            "구 아동복지법(2017 10. 24. 법률 제 14925호로 개정되기 전의 것) 제17조",
            "형사소송법 제 325조",
            "형법 제58조"
        ],
        "qotatPrcdnt": [
            "대법원 2016. 4. 29. 선고 2016도2696 판결",
            "대법원 2007. 6. 14. 선고 2004도5561 판결",
            "대법원 2008. 9. 11. 선고 2007도6706 판결",
            "대법원 2006. 12. 22. 선고 2006도1623 판결",
            "대법원 2011. 12. 22. 선고 2011도9721 판결",
            "대법원 2012. 8. 30. 선고 2012도5220 판결",
            "대법원 1985.12. 10. 선고 85도1892 판결 ",
            "대법원 2008. 8. 21. 선고 2008도2695 판결",
            "대법원 2001. 6. 12. 선고2001도1910 판결",
            "대법원 1984. 5. 15. 선고 84도655 판결",
            "대법원 2000. 3. 24. 선고2000도102 판결",
            "대법원 2000. 2. 25. 선고 99도1252 판결",
            "대법원 2014. 1. 23. 선고 2011도636 판결",
            "대법원 1991. 5.14. 선고 91도542 판결",
            "대법원 2007. 10. 11. 선고 2007도3468 판결",
            "대법원 1989. 5. 9. 선고 87도1801 판결",
            "대법원 1984. 10. 23. 선고 8451803 판결",
            "대법원 1998. 4. 14. 선고 98도231 판결"
        ]
    },
    "concerned": {
        "acusr": "4",
        "dedat": "1"
    },
    "org": {
        "orgJdgmnCourtNm": "",
        "orgJdgmnAdjuDe": "",
        "orgJdgmnCaseNo": ""
    },
    "disposal": {
        "disposalform": "6",
        "disposalcontent": [
            "피고인 A를 징역 6년, 피고인 B을 징역 3년 6월, 피고인 C를 징역 2년 6월, 피고인 D를 징역 1년, 피고인 E을 징역 6월, 피고인 F을 징역 10월에 각 처한다."
        ]
    },
    "mentionedItems": {
        "rqestObjet": [
            "피고인 A는 피해자 V를 폭행하였다.",
            "피고인들은 AB, T, AC, Z과 공동으로 피해자AA에게 치료일수 불상의 경막하출혈 및 눈에 멍이 들고 몸의 중심을 잡지 못하게 되는 등의 상해를 가하였다.",
            "피고인들은 공모하여 단체의 위력으로 피해자를 폭행하였다.",
            "피고인은 AN로 하여금 피해자를 폭행하도록 교사하였다.",
            "피고인들은 T, U과 공모하여 단체의 위력을 보여 피해자들을 감금하고, 피고인 A는 피해자를 감금한 상태에서 가혹한 행위를 하였다,",
            "피고인들은 공모하여 피해자 S를 기망하고 피해자로부터 1억 2,000만원을 편취하였다.",
            "피고인 A은 BF와 공모하여 주식회사 00000의 주금납입을 가장하였다.",
            "피고인들은 공모하여 아동인 피해자들의 신체에 손상을 주는 신체적 학대행위, 아동의정신건강 및 발달에 해를 끼치는 정서적 학대행위를 하였다.",
            "피고인은 R 등 보호자들로 하여금 피해아동의 기본적 교육을 소홀히 하는 방임행위를 하도록 교사하였다."
        ]
    },
    "assrs": {
        "acusrAssrs": [],
        "dedatAssrs": [
            "2018고단1316호 공소사실 제1의 나, 다, 라, 마항(피고인 00), 공소사실 제2항(피고인 00, 00), 공소사실 제4항(피고인 00), 2018고단 1472호 공소사실 제1항(피고인 00, 00, 00), 공소사실 제2항(피고인 00, 00)에 관하여, 피고인들의 공모 일시, 장소, 지시 또는 공모내용이 구체적으로 적시되어 있지 아니하였으므로, 이 부분 각 공소사실이 특정되지 아니하였다.",
            "피고인 00, 00은 타인에게 성도들을 폭행하라고 지시한 사실이 없고, 위 피고인들이 현장에 존재하지 않았던 사건들에 대해 보고를 받은 사실도 없다. ",
            "피고인 00은 피고인00의 지시에 따라 타작마당을 촬영한 데 불과하다. ",
            "피고인들이 이 사건 각 범행에 대하여 공모나 기능적 행위지배를 한 사실이 없다.",
            "위와 같은 법리와 이 법원이 적법하게 채택하여 조사한 증거들에 의하여 인정되는 피고인들의 지위, 권한, 이 사건 각 범행의 전반적인 과정, 그 과정에서의 피고인들의 각 역할 등에 관한 다음과 같은 사정들에 비추어 보면, 피고인들이 공소사실 기재의 각 범행을 공모하였음을 충분히 인정할 수 있고, 피고인들이 분담한 행위는 전체 범행의 실현에 본질적으로 중요한 부분을 차지하는 것으로 그 기능적 행위지배 역시 인정된다.",
            "공소사실 기재와 같은 정도의 각 폭행행위, 가혹행위가 없었음에도 피해자들이 이를 과장해서 진술하고 있다.",
            "타작마당은 피해자들이 원하는 경우에 동의를 받고 진행되었다. ",
            "타작이 있었다고 하더라도 이는 피해자의 승낙에 의한 행위 또는 사회상규에 반하지 않는 정당행위로서 위법성이 조각된다. ",
            "피고인들 및 일부 행위자만으로는 단체라고 하기 어렵고, 0000 000 성도 전체 또는 피지로 이주한 성도 전체를 범죄집단으로서 단체라고 보기도 어려우므로, 피고인들이 단체의 위력으로 피해자들을 폭행, 감금하였다고 볼 수 없다.",
            "이 사건 당시 피해자 00을 주로 말로 훈계하였고, 수회 타작하였을 뿐, 공소사실 기재와 같은 정도로 타작을 한 사실이 없고, 타작과 위 피해자의 '경막하출혈 등'의 상해와 사이에 인과관계가 인정되지 않는다.",
            "000 컴퍼니는 성도들의 비자 발급 및 연장업무, 도난 문제로 여권을 교부받아 한곳에서 보관하면서 행정적인 차원에서 관리하였고, 성도들이 원하는 경우 언제든지 여권을 돌려주었다. ",
            "피해자들을 비롯한 성도들은 자유롭게 출국을 할 수 있었고, 피지 내 000 관리구역 외의 장소에도 자유롭게 나갈 수 있었으므로, 피해자들을 감금하지 아니하였다.",
            "피고인 00가 비자비용으로 3,000만 원이 필요하다는 설교를 하였더라도 실제로 피지에서 워킹비자를 받기 위해서는 3,000만 원 정도의 금원이 필요하므로 이는 거짓말이 아니다.",
            "또한 피고인 00가 성도들에게 피지 이주를 조건으로 3,000만 원을 헌금하라고 설교한 사실이 없고, 피고인 00이 피해자 00에게 피지에 가고 싶으면 3억 원을 헌금하라고 말한 사실도 없으며, 피고인들이 피해자로 하여금 피지 비자를 취득하게 할 의사가 없거나 피해자를 즉시 한국으로 귀국시킬 의사가 있었던 것도 아니었으므로 피해자 00를 기망하여 금원을 교부받았다고 할 수 없다.",
            "또한 피해자 00가 헌금한 금원은 교회의 '총유'로 귀속되었으므로, 피고인들이 금원을 취득한 것도 아니다.",
            "피고인 00는 00와 가장납입을 공모한 사실이 없다. ",
            "또한 00는 주식회사 설립을 위하여 납입하였던 주금을 인출한 다음, 발기인이 회사설립 전 회사를 위해 지출하였던 임대차보증금 등 비용에 충당하였다. ",
            "회사의 자본 충실성을 해하지 아니하였으므로 납입가장죄는 성립하지 아니한다.",
            "피해아동들을 학교에 보내지 않는 행위만으로는 아동을 유기하거나 방임하였다고 하기 어려우므로, 피고인 00에게 아동방임의 고의가 없다. ",
            "피고인 00는 설교를 통하여 교회 생활의 우월성 강조하였을 뿐, 보호자들로 하여금 피해아동을 학교에 보내지 말라고 지시하는 등으로 교사한 사실은 없다. ",
            "피고인 00의 설교와 보호자들의 결정 사이에 인과관계도 인정하기 어렵다.",
            "피고인 00는 2016. 12. 14자 설교영상 등을 제출하며 피고인 00가 오히려 피고인 00에게 성도들을 폭행하지 말 것을 경고하고 피고인 00 등에게 폭행을 지시하지 않았다고 주장하기도한다."
        ]
    },
    "facts": {
        "bsisFacts": [
            "피고인 00는 0000에 있는 '000'의 담임목사로, 2014년경 위 000 등지에서, 종말론을 주장하면서 성도들을 상대로 설교할 때 전 세계적으로 발생하는 지진, 기근 등의 동영상을 상영하는 등의 방법으로 보여주었다.",
            "2014년 말경부터는 위 설교내용에 더하여 '피지에서 거주하려면 비자가 필요한데 비용이 한 사람당 3,000만 원이 필요하다, 헌금을 할 때에는 전 재산을 처분하여야 한다'는 취지로 반복적으로 설교하여, 피해자 00를 포함한 성도들로 하여금 모든 재산을 처분하고서라도 반드시 낙토인 피지로 가야 한다는 생각을 주입시켜 결국 400여 명의 성도들을 피지 공화국으로 이주하게 한 사람이다.",
            "000에서는 피고인 00가 성경 구절을 인용하여 만들어낸 '타작마당'이라는 행위의식을 진행하는데, 이는 추수한 곡식을 타작하여 알곡과 쭉정이를 구별해 내는 것에 비유하여, 인간이 죄를 범하는 이유는 귀신에 들렸기 때문으로, 마치 곡식을 타작하여 쭉정이를 골라내듯이 신체와 정신을 타작하여 귀신을 떠나가게 해야 한다는 의미를 담고 있다.",
            "타작마당은 성도들이 원 모양으로 둥글게 둘러 앉아 있는 상태에서 진행자들이 가운데에서 마이크를 들고 서서, 성도를 한 명씩 지목하고, 지목한 성도와 그 가족들은 원 한가운데로 나가서 의자에 앉고, 마이크를 잡은 채 스스로 죄를 고백하면, 가족끼리 손바닥으로 얼굴을 때리거나, 진행자 혹은 그 이외의 성도가 합세하여 타작하는 형식으로 진행된다.",
            "피고인들은 00, 00, 00, 00과 공동으로 별지 범죄일람표 I의 8항 기재와 같이 치료일수 불상의 경막하출혈 및 눈에 멍이 들고, 몸의 중심을 잡지 못하게 되는 등의)상해를 가하였다.",
            "피고인 00는 이에 따라 \"목사님의 지시이다. 00 성도를 타작하라고 했다. 잘 받아라\"라고 말하며 피해자에게 남편인 00을 때리도록 지시하였으나, 피해자가 00을 살살 때렸다는 이유로, 피해자의 뺨을 10회 정도 때리고, 00도 피해자의 뺨을 10회 가량 때린 후 이발기로 피해자의 머리카락을 삭발하는 등 00과 공모하여 단체의 위력으로 별지 범죄일람표 I의 6항 기재와 같이 피해자를 폭행하였다.",
            "피고인들은 00, 00, 00, 00, 00, 00과 공모하여 단체의 위력으로 별지 범죄일람표 I의 7항 기재와 같이 피해자 00(55세)을 폭행하고, 00과 공모하여 단체의 위력으로 별지 범죄일람표 I의 9항 기재와 같이 피해자 00(55세)을 폭행하였다.",
            "00과 공모하여 단체의 위력으로 별지 범죄일람표 I의 27항 기재와 같이 피해자 00(여, 72세)를 폭행하고, 00, 00, 00와 공모하여 단체의 위력으로 별지 범죄일람표 I의 28항 기재와 같이 피해자 00(여, 59세)을 폭행하고, 00, 00와 공모하여 단체의 위력으로 별지 범죄일람표 I의 29항 기재와 같이 피해자 00(여, 59세)을 폭행하였다.",
            "피고인들은 2016. 4.~5. 일자불상 22:00경 위 나부아농장 예배당에서, 피고인 00는 피해자 00(58세)이 '0000 성도가 장모의 얼굴을 타작한 것을 이해하기 어렵다'는 말을 하였다는 이유로 피해자를 타작할 것을 00에게 지시하고, 이에 따라 00이 타작마당을 진행하였다.",
            "이를 비롯하여 피고인들은 00, 00, 00, 00과 공모하여 단체의 위력으로 별지 범죄일람표 I의 18항 기재와 같이 피해자 00을 폭행하고, 00, 00과 공모하여 단체의 위력으로 별지 범죄일람표 I의 26항 기재와 같이 피해자 00(55세)를 폭행하였다.",
            "이에 따라 같은 날 14:00경 00, 00, 00, 00, 00 등은 0000에 있는 000로 피해자를 불러 내 각자 손바닥으로 피해자의 뺨을 수회 때려 00, 00, 00, 00, 00과 공모 하여 단체의 위력을 보여 별지 범죄일람표 I의 4항 기재와 같이 피해자를 폭행하였다.",
            "피고인 00은 00, 00과 공모하여 단체의 위력으로 별지 범죄일람표 I의 12항 기재와 같이 피해자 00(55세)을 폭행하고, 00과 공모하여 단체의 위력으로 별지 범죄일람표 I의 16항 기재와 같이 피해자 00(57세)을 폭행하고, 00, 00, 00와 공모하여 단체의 위력을 보여 별지 범죄일람표 I의 23항 기재와 같이 피해자 00(58세)을 폭행하였다.",
            "피고인 00, 00은 2016. 9. 18. 19:00경 0000에 있는 000에서, 타작마당을 진행하기 위하여 피지로의 출국이 예정되어 있던 피해자 00(57세)등의 성도를 불러모은 후, 피고인 00는 타작마당을 진행하고 그 과정에서 00가 피해자는 타작하지 말 것을 지시하였음에도 불구하고 이에 반하여 피해자의 처인 00으로 하여 금 남편인 피해자의 뺨을 10회가량 때리게 하였다.",
            "피고인 00는 피해자의 뺨을 때리고 그 충격으로 바닥으로 넘어진 피해자에게 \"회개해라! 뭐가 잘났다고 아내를 괴롭히냐\"라고 소리를 지르며, 피해자의 몸통을 발로 걷어차는 방법으로 단체의 위력을 보여 별지 범죄일람표 I의 13항 기재와 같이 피해자를 폭행하였다.",
            "피고인 00은 2017. 1. 말경 18:00경 위 나부아농장에서, 피해자 00(55세)가 지정된 농장에서 일하지 않고 도망하여 나부아농장으로 왔다는 이유로 피해자의 처인 00에게 \"부부끼리 타작하고 회개하라\"고 말하여 00로 하여금 피해자를 폭행할 것을 마음먹게 하고, 00가 위 무렵 이에 따라 같은 농장에 있는 RRC(Rice Processing Complex)사무실에서 피해자의 뺨을 10회 때려 피해자를 폭행하였다. ",
            "피고인 00, 00은 00, 00과 공모하여 2015. 9. 29.경부터 피해자에게 여권을 돌려준 2016. 11. 2.경까지 사이에 피해자를 단체의 위력을 보여 감금하고, 피고인 00는 피해자를 감금한 상태에서 범죄일람표 I의 5항 기재와 같이 피해자에게 가혹한 행위를 하고, 00과 공모하여 범죄일람표 I의 14항, 15항 각 기재와 같이 피해자에게 가혹한 행위를 하였다.",
            "피고인들은 00, 00과 공모하여 2016. 12. 4.경부터 피해자 스스로 탈출한 2016. 12. 18.경까지 단체의 위력을 보여 피해자를 감금하고, 피고인 00는 피해자를 감금한 상태에서 범죄일람표 I의 19항, 20항과 같이 가혹한 행위를 하였다.",
            "피고인들은 공모하여 피해자를 기망하고, 피해자로부터 1억 2,000만 원을 편취하였다.",
            "피고인 00은 00 등 별지 범죄일람표Ⅱ 각항의 보호자들로 하여금 피해아동의 기본적 교육을 소홀히 하는 방임행위를 하도록 교사하였다.",
            "피고인들은 공모하여 아동인 피해자들의 정신건강 및 발달에 해를 끼치는 정서적 학대행위를 하였다."
        ]
    },
    "dcss": {
        "courtDcss": [
            "이 사건 각 공소사실은 공모한 시간,장소나 내용 등이 구체적으로 명시되지 않은 측면이 있다. ",
            "그러나 이 사건 공소사실은 구체적인 공모 시간, 장소, 내용을 특정하는 것이 곤란한 측면이 있는 범죄이고, 이 사건 각 공소장에는 각 범행의 공통된 사실관계로서 피고인 00, 00, 00, 00을 비롯한 공범들의 공동체 내의 지위, 피지와 000에서 수행했던 역할이 구체적으로 기재되어 있다.",
            "피고인들의 지위와 역할에 공동체의 구조 등의 내용을 보태어 보면, 피고인 00, 00이 어떠한 방법으로 각 성도들에게 지시를 하였고, 피고인 00, 00은 어떠한 방법으로 지시를 받음으로써 공모를 하였는지, 공모의 내용이 어떠한 것인지 알 수 있다.",
            "그렇다면 이 사건 공소사실은 피고인들의 방어권 행사에 지장이 없을 정도로 특정되었다고 봄이 타당하다.",
            "다음과 같은 사정들을 종합하여 보면, 피고인 00는 000 성도들로 이루어진 공동체를 통솔하는 지위에 있었고, 00, 피고인 00, 00, 00 등에게 피지에서 성도들을 통제할 권한을, 이들을 비롯한 피고인 00, 00, 피고인 00, 00, 00, 00 등에게 다른 성도들을 타작할 권한을 부여하였고, 이들은 그 권한에 따라 피해자들을 폭행하거나 감시하는 등으로 통제하면서 각자의 역할을 수행하였다고 판단된다.",
            "비록 타작마당을 진행한 피고인 00, 00, 00, 00 등이 피고인 00가 구체적으로 어떠한 말로 권한을 부여하였는지를 명확히 기억하여 특정하지 못한다고 하더라도, 피고인 00는 이들에게 직접적인 지시를 하거나 암시하는 말을 함으로써 타작마당이 이루어지도록 하고, 다른 성도들에게도 이들에게 타작마당 진행 및 집행 권한이 있고, 그 지시에 따라야하는 것처럼 표현하였다고 보인다.",
            "보고체계 방장, 팀장, 부장, 지역 책임자, 총무와 같은 직책 등을 가진 성도가 존재하고, 이들은 일반 성도들의 생활까지 관리하면서 타작마당을 비롯한 000 공동체 내에서의 중요한 사항들은 순차로 또는 피고인 00에게 직접 보고하는 등 모든 주요 사항이 피고인 00에게 보고되거나 보고될 수 있는 체계를 갖추고 있어, 폭행 현장 존재 여부와 관계없이 피고인 00, 피고인 00 등은 타작마당의 진행을 잘 알고 있었다고 판단된다.",
            "피고인 00가 설교 당시 타작 마당 진행에 관하여 타박을 하거나 비난을 한 사실이 있다는 사정만으로는 공소사실 기재 각 행위가 피고인 00의 지시없이 이루어졌거나 피고인 00 모르게 벌어진 일이라고 볼 수는 없다.",
            "살피건대, 이 법원이 적법하게 채택하여 조사한 증거들에 의하여 인정되는 다음과 같은 사정에 의하면 피해자들이 허위의 진술을 하고 있다고 보기 어렵고, 이들의 진술은 모두 신빙성이 인정된다.",
            "이 법원이 적법하게 채택하여 조사한 증거들에 의하여 알 수 있는 다음과 같은 사정들에 비추어 볼 때, 피고인들이 주장하는 내용의 '타작'의 방식과 정도를 벗어나 피해자들에게 행한 유형력의 행사는 비록 성경에 기재된 '타작'이라는 명목으로 이루어졌다.고 하더라도 사회상규상 용인되는 정당한 행위로 보기 어렵다.",
            "또한 피해자의 자유로운 의사에 의한 유효한 승낙이 있다고 보기 어려울 뿐만 아니라 그 승낙이 사회상규에 반하지 않는다고 보기 어렵다.",
            "피해자들을 폭행한 행위가 피해자의 승낙에 의한 행위 또는 사회상규에 반하지 않는정당행위로서 위법성이 조각된다고 볼 수는 없다.",
            "살피건대, 앞서 본 바와 같이 000 공동체는 목사인 피고인 00의 설교에 따라 신앙생활이라는 공동의 목적을 가지고 있으며, 000 근처 또는 피지에서 집단생활을 하는 계속적, 조직적 결합체이다.",
            "또한 어떤 집단이나 조직의 힘을 배경으로 하는 경우 불과 수명만이 모인 경우라도 구체적 상황에서 사람의 의사를 제압하기에 족할 때에는 단체 또는 다중의 위력을 보여 사람을 폭행하거나 감금하는 특수폭행, 특수감금죄가 성립할 수 있다(대법원 2001. 6. 12. 선고 2001도1910 판결 취지 참조).",
            "성도들은 집행부의 지시에 따라 행동하였고, 서로의 잘못을 방장, 팀장 등에게 고발하는 체계를 갖추고 있었다.",
            "피해자들은 주변의 성도가 피해자들의 잘못을 고발하거나 출국 의사를 집행부에 전달하는 경우 타작을 당하였기 때문에 보고가 될까 두려워 배우자, 부모, 자녀에게도 쉽게 속마음을 털어놓을 수 없었다고 진술하고 있다.",
            "일반 성도들도 타작마당의 구성원이 되어 집행부의 지시에 따라 피해자들을 때리는 역할을 담당하기도 하였던 점 등을 종합적으로 고려하면, 피고인들이 위와 같은 공동체로서의 '단체'의 위력을 인식시켜 피해자의 의사를 제압하는 폭행, 감금행위를 하였다고 인정된다.",
            "살피건대, 다음과 같은 사정들에 비추어 보면, 피해자 00은 공소사실 기재와 같이 폭행을 당하였고, 그로 인하여 상해가 발생하였다고 판단된다.",
            "살피건대, 다음과 같은 사정들을 종합하여 보면, 피해자들은 피지에서 출국하겠다는 의사를 자유롭게 표현할 수 있거나, 아무런 제지 없이 피지에서 출국할 수 있는 상태였다고 보기 어렵고, 피지 내에서 감금되어 있었다고 봄이 상당하다.",
            "이 법원이 적법하게 채택하여 조사한 증거들에 의하여 인정되는 다음과 같은 사실과 사정들에 의하면, 피고인 00, 00은 피해자 00를 피지로 이주시킬 마음이 없었음에도 헌금을 하면 피지로 이주시켜 줄 것처럼 기망하여 피해자로부터 1억 2,000만 원을 지급받은 사실이 인정되고, 그것이 헌금이라는 자발적인 기부 형식으로 지급된 것인지 여부를 불문하고 사기죄가 성립한다고 보아야 한다.",
            "살피건대, 이 법원이 적법하게 채택하여 조사한 증거들에 의하여 인정되는 아래와 같은 사정에 비추어 보면, 피고인 00는 00와 공모하여 000(이하 '이 사건 회사'라 한다)의 주금납입을 가장하였다고 판단된다. ",
            "피해아동들의 보호자들이 피해아동들을 초·중학교에 보내지 않는 방법으로 기본적 의무교육을 받지 못하게 하는 행위는 교육을 소홀히 하는 방임행위에 해당한다.",
            "살피건대, 이 법원이 적법하게 채택하여 조사한 증거들에 의하여 알 수 있는 다음과 같은 사정들에 의하면 피고인 00는 설교 등을 통하여 보호자들로 하여금 피해아동들을 학교에 보내지 않을 것을 마음먹게 하였고, 그로 인하여 피해아동들이 교육을 받지 못하게 되었음을 인정할 수 있다.",
            "피고인들은 신앙생활을 하기 위하여 교회에 모인 피해자들에게 종교적 권위를 앞세워 폭행행위, 가혹행위 등 을 하였다. ",
            "특히 사건의 다수가 피해자들이 쉽게 공권력의 도움을 청할 수 없는 국외에서 단체의 위력을 위시하여 행하여졌다.",
            "사법기관이 종교활동에 관여함에는 신중을 기하여야 하지만, 종교활동의 자유를 넘어서 종교라는 명목으로 위법행위를 범한 경우에 대해서는 엄중한 처벌이 불가피하다.",
            "증거들에 의하여 인정되는 다음과 같은 사정들을 종합하면, 검사가 제출한 증거들만으로는 피고인들이 2017. 6. 중순경부터 피해자를 감금한 사실을 인정하기 부족하고, 달리 이를 인정할 증거가 없다.",
            "이 부분 공소사실에서 기망행위로 특정된 부분은 '피지 비자를 취득하는 데에 3,000만 원의 비용이 들지 아니하며, 위 3,000만 원은 피고인 00가 임의로 정해둔 금액에 불과하였고, 피고인 00는 피해자 00로 하여금 피지 비자를 발급받게 할 의사가 없었음에도 피지 비자를 취득하는 데에 3,000만 원이 필요하다고 거짓말하였다는 내용이다.",
            "살피건대, 증거에 의하여 인정되는 다음과 같은 사정들에 의하면, 검사가 제출한 증거들만으로는 피해자 00가 비자를 발급받기 위하여 피고인 00에게 8,000만 원을 지급하는 처분행위를 하였다고 단정하기 어렵고, 달리 이를 인정할 증거가 없다."
        ]
    },
    "close": {
        "cnclsns": [
            "따라서 피고인 00, 피고인 00의 피해자 00에 대한 특수감금의 점, 피고인 00의 피해자 00에 대한 사기의 점은 범죄의 증명이 없는 경우에 해당하여 형사소송법 제325조 후단에 의하여 무죄를 선고하고, 형법 제58조 제2항에 따라 이 부분 판결의 요지를 공시한다."
        ]
    }
}