{
    "info": {
        "caseField": "2",
        "detailField": "6",
        "trailField": "1",
        "caseNm": "사기, 배상명령신청",
        "courtNm": "광주지방법원",
        "judmnAdjuDe": "2018. 08. 31.",
        "caseNo": "2018고단2442",
        "relateLaword": [
            "형법 제347조",
            "형법 제37조",
            "형법 제39조",
            "형법 제38조",
            "형법 제50조"
        ],
        "qotatPrcdnt": []
    },
    "concerned": {
        "acusr": "4",
        "dedat": "1"
    },
    "org": {
        "orgJdgmnCourtNm": "",
        "orgJdgmnAdjuDe": "",
        "orgJdgmnCaseNo": ""
    },
    "disposal": {
        "disposalform": "6",
        "disposalcontent": [
            "피고인을 징역 8월에 처한다.",
            "피고인은 배상신청인 C에게 4만 원을 지급한다.",
            "위 배상명령은 가집행할 수 있다."
        ]
    },
    "mentionedItems": {
        "rqestObjet": [
            "피고인을 징역 8월에 처한다.",
            "피고인은 배상신청인 C에게 4만 원을 지급한다."
        ]
    },
    "assrs": {
        "acusrAssrs": [],
        "dedatAssrs": []
    },
    "facts": {
        "bsisFacts": [
            "피고인은 2017. 7. 27. 광주지방법원에서 사기죄로 징역 10월에 집행유예 2년을 선고받아 2018. 7. 31. 그 판결이 확정되었다.",
            "피고인은 2018. 3. 13. 0000에서 000 '0' 카페 게시판에 피해자 E이 게시한 \"0 기본서, 입문서를 삽니다\"라는 구매글을 읽고 피해자에게 연락하여 \"30,000원을 입금해 주면 0 기본서, 입문서를 보내 주겠다\"고 말하였다.",
            "그러나 사실 피고인은 위 교재를 가지고 있지 않았고 피해자로부터 돈을 받아 이를 000 도박자금으로 사용하려고 하였을 뿐 피해자에게 위 교재를 보내줄 의사나 능력이 없었다.",
            "그럼에도 불구하고, 피고인은 위와 같이 피해자를 기망하여 이에 속은 피해자로부터 같은 날 피고인 명의의 000 계좌(계좌번호 바로 30,000원을 송금받은 것을 비롯하여, 그때부터 2018. 5. 26.까지 별지 범죄일람표 기재와 같이 총 40회에 걸쳐 합계 1,759,000원을 송금받아 이를 편취하였다."
        ]
    },
    "dcss": {
        "courtDcss": [
            "동종 범죄로 여러 차례 처벌받은 전력이 있을 뿐만 아니라, 위 범죄전력 기재와 같이 동종 범죄로 집행유예 선고를 받고도 항소심 계속 중에 또 다시 이 사건 각 범행에 이른 점, 피해자들에게 피해변제가 이루어지지 않은 점 등에 비추어 엄한 처벌이 불가피하므로 실형을 선고한다.",
            "그 형량은 범행 인정하고 있는 점 등의 유리한 정상을 참작하고, 판결이 확정된 사기죄와 동시에 판결할 경우와의 형평을 고려하여야 하는 점, 그밖에 피고인의 연령, 성행, 가정환경, 범행의 동기와 경위, 범행 후의 정황 등 변론에 나타난 양형조건들을 모두 종합하여 주문과 같이 정한다."
        ]
    },
    "close": {
        "cnclsns": [
            "피고인을 징역 8월에 처한다.",
            "피고인은 배상신청인 C에게 4만 원을 지급하라.",
            "위 배상명령은 가집행할 수 있다."
        ]
    }
}