{
    "info": {
        "caseField": "2",
        "detailField": "6",
        "trailField": "1",
        "caseNm": "특정경제범죄가중처벌등에관한법률위반(사기),방문판매등에관한법률위반",
        "courtNm": "서울중앙지방법원",
        "judmnAdjuDe": "2017. 02. 03.",
        "caseNo": "2016고합932",
        "relateLaword": [
            "특정경제범죄 가중처벌 등에 관한 법률 제3조",
            "형법 제351조",
            "형법 제347조",
            "방문판매 등에 관한 법률 제58조",
            "방문판매 등에 관한 법률 제24조",
            "형법 제37조",
            "형법 제38조",
            "형법 제50조",
            "구 방문판매 등에 관한 법률(2012. 2. 17. 법률 제11324호로 개정되기 전의 것) 제2조",
            "구 방문판매 등에 관한 법률(2012. 2. 17. 법률 제11324호로 개정되기 전의 것) 제23조",
            "구 방문판매 등에 관한 법률(2012. 2. 17. 법률 제11324호로 개정되기 전의 것) 제52조",
            "형사소송법 제325조"
        ],
        "qotatPrcdnt": [
            "대법원 2011. 6. 30. 선고 2010도14257 판결",
            "대법원 2005. 9. 15. 선고 2003도5382 판결",
            "대법원 2014. 11. 27. 선고 2014도3775 판결",
            "대법원 2007. 10. 11. 선고 2007도6012 판결",
            "대법원 2001. 1. 19. 선고 2000도4870 판결 ",
            "대법원 2006. 9. 8. 선고 2006도2860 판결",
            "대법원 2012. 1. 12. 선고 2011도11965 판결",
            "대법원 2009. 9. 10. 선고 2009도5075 판결",
            "대법원 2016. 8. 24. 선고 2016도5871 판결"
        ]
    },
    "concerned": {
        "acusr": "4",
        "dedat": "1"
    },
    "org": {
        "orgJdgmnCourtNm": "",
        "orgJdgmnAdjuDe": "",
        "orgJdgmnCaseNo": ""
    },
    "disposal": {
        "disposalform": "6",
        "disposalcontent": [
            "피고인을 징역 12년에 처한다."
        ]
    },
    "mentionedItems": {
        "rqestObjet": [
            "피고인을 징역 12년에 처한다."
        ]
    },
    "assrs": {
        "acusrAssrs": [],
        "dedatAssrs": [
            "FX 마진거래 중개사업(이하 'FX 마진거래 사업'이라고 한다)에 있어서 2014. 8. 28.까지 '금전소비대차계약서'를 작성하고 피해자들로부터 모집한 차용금에 관하여, 피고인은 차용 원리금 전액을 피해자들에게 변제하였고 차용금을 개인적인 용도로 유용하지 않고 FX 마진거래 사업자금으로 사용하였기에, 피고인에게 위 차용금에 대한 편취의 범의가 없었다.",
            "FX 마진거래 사업에 있어서 2014. 8. 29. 이후 '투자약정서'를 작성하고 피해자들로부터 모집한 투자금에 관하여, 피고인은 투자금 중 상당부분을 실제로 사업자금으로 사용하였고, 일부 투자금이 선순위 투자자들의 원금 상환 및 수익금 지급이나 투자유치수수료로 사용되었다고 하더라도 이는 사업유지를 위한 금융비용에 해당할 뿐 이른바 '돌려막기' 방식으로 투자금이 운용된 것이라고 볼 수 없다.",
            "피고인은 투자약정서에 기재된 사용처에 투자금을 사용하였으므로 피해자들에게 투자금의 용도를 기망하였다고 볼 수 없다.",
            "피고인이 운용하는 해외 사업으로 인한 수익은 점차 증가하는 추세에 있었으므로 사업의 성공가능성이 없거나 희박하였다고 단정할 수 없고, 피고인은 약속한 수익금을 지급하기 위하여 사업 진행 과정에서의 난관을 극복하며 사업을 정상궤도에 올려놓는 과정에 있었으므로 피고인이 투자금 모집 당시 피해자들에게 자신의 변제의 사나 능력을 기망하였다고 볼 수 없으며, 피고인에게 위 투자금에 대한 편취의 범의 역시 없었다.",
            "셰일가스 사업이나 '오퍼튠 사업' 6)에 투자된 투자금의 경우, 투자한 사업의 내용이나 투자의 방식 및 투자자들의 의사가 FX 마진거래 사업과는 구별됨에도 이 부분 공소사실에는 피해자들이 FX 마진거래 사업에 일괄하여 투자한 것처럼 기재되어 있다.",
            "따라서 이 부분 공소사실의 기재는 셰일가스 사업 이나 오퍼튠 사업에 관하여는 구체적인 범죄사실의 기재가 없어 공소제기의 절차가 법률의 규정에 위반하여 무효인 때에 해당하고, 그렇지 않다 하더라도 FX 마진거래 사업과는 별개로 기망행위가 있었는지에 대하여 구체적인 입증이 전혀 이루어지지 않았다.",
            "공소사실의 별지 범죄일람표 기재 차용금 및 투자금 중 피해자로부터 현실적으로 자금을 수수하지 않고 기존의 소비대차 또는 투자가 연장된 것에 불과함에도 새로이 차용하거나 투자받은 것으로 기재된 금액 부분은 편취금액에서 제외되어야 한다.",
            "원금과 이자(또는 수익금)를 모두 상환받아 대여 내지는 투자가 종료된 피해자들에 대하여는 변제의사나 변제능력에 관한 기망행위가 있었다고 볼 수 없으므로, 위 피해자들에 대한 차용금 내지는 투자금 부분은 편취금액 또는 피해금액에서 제외되어야 한다.",
            "공소사실의 별지 범죄일람표 중 '고객명'란에 기재된 피해자들 중에는 지점장 등으로 투자자를 모집한 자들도 포함되어 있는데, 이들의 사업 내용에 대한 인식 정도나 관여 정도 등에 비추어 피고인으로부터 기망을 당하였다거나 이들에 대하여도 피고인에게 편취의 범의가 있었다고 보기 어렵다.",
            "피고인에게 사기의 습벽이 인정된다고 보기 어렵다."
        ]
    },
    "facts": {
        "bsisFacts": [
            "피고인은 2016. 1. 29. 서울고등법원에서 특정경제범죄가중처벌등에관한법률위반(사기) 등으로 징역 2년, 집행유예 3년을 선고받고 2016. 8. 29. 위 판결이 확정되었다.",
            "피고인은 2008. 2.경 I 주식회사(이하 'I'라고 한다), 2014. 10.경 J 주식회사(이하 'J'라고 한다)를 설립하고 2010. 9.경부터 해외 법인들을 설립하여 FX 마진거래 중개사업 등 해외 사업을 진행한 이후 2016. 9. 2.경까지 해외 법인으로부터 국내 계좌로 입금된 사업 수익금이 전혀 없었다.",
            "피고인이 추진하는 해외 사업은 피해자들에게 고율의 수익금을 지급할 정도의 자산이나 수익사업체가 없고, 성공가능성이 희박하여 단기간 내 상당한 수익의 실현가능성이 없을 뿐만 아니라, 2011. 12.경 이후 이른바 자금 돌려막 기 방법으로 총 4,843억 원 상당을 대여자 내지 투자자들의 원금 및 이자(수익금) 상환에 사용하고, 총 2,562억 원 상당을 대여자 내지 투자자들을 모집한 다단계 영업 모집책들의 수수료 지급에 사용해버렸다.",
            "이와 같이 피해자들로부터 FX 마진거래 중개사업 등 피고인이 운영하는 해외 사업의 투자 명목으로 금원을 교부받더라도 이를 그 용도로 사용하거나 피고인이 운영하는 사업수익으로 원금과 이자를 상환할 의사나 능력이 없었다.",
            "피고인은 2014. 10. 22.경 0000 K, 23층에 있는 J 사무실에서 피해자 L에게 \"FX 마진거래 중개사업 등 피고인이 운영하는 해외 사업이 큰 수익을 올리고 있고, 피고인의 사업에 투자하면 그 수익금으로 월 1%의 이익 배당을 보장하고, 1년 후에 원금을 돌려주겠다\"는 취지의 거짓말을 하였다.",
            "이에 속은 위 피해자로 하여금 피고인과 위와 같은 내용으로 투자약정을 체결하게 하고, 위 피해자로부터 피고인 명의의 000 계좌(M)로 20,000,000원을 입금받은 것을 비롯하여 그 무렵부터 2015. 4. 18.경까지 9회에 걸쳐 490,000,000원을 FX 마진거래 중개사업 등 투자 명목으로 교부받았다.",
            "피고인은 상습으로, 위와 같이 FX 마진거래 중개사업 등 피고인이 운영하는 해외 사업에 투자하면 그 수익금으로 원금과 이자를 지급하여줄 것처럼 행세하여, 별지1. 범죄일람표1) 기재와 같이 2011. 11. 21.경부터 2016. 8. 26.경까지 이에 속은 피해자들 12,178명으로부터 35,283회에 걸쳐 총 1,085,575,294,950원을 교부받아 이를 편취하였다.",
            "누구든지 다단계조직 또는 이와 비슷하게 단계적으로 가입한 자로 구성된 조직을 이용하여 재화 등의 거래 없이 금전거래를 하거나 재화 등의 거래를 가장하여 사실상 금전거래만을 하는 행위를 하여서는 아니된다.",
            "그럼에도 피고인은 0000 N빌딩 9층에 있는 I 사무실, 위 J 사무실 및 서울지역 18개 지점 등지에서, 각 지점별로 투자 유치실적에 따라 지점장은 자신이 유치한 사람 일부를 팀장으로 임명하는 등 지점장, 본부장, 팀장으로 이루어지는 다단계 영업 조직을 갖췄다.",
            "그리고 피고인이 각 지점에 매달 투자 유치금의 5~7%를 지급하면 각 지점장이 투자자에게 지급할 이익 배당금을 공제한 나머지를 지점장, 본부장, 팀장 및 해당 투자자 모집책들에게로 할당된 일정 비율에 따른 수수료를 지급하도록 하였다.",
            "피고인은 위와 같은 다단계 조직을 이용하여, 전항과 같이 \"FX 마진거래 중개사업 등 피고인이 운영하는 해외 사업이 큰 수익을 올리고 있다. 피고인의 사업에 투자하면 그 수익금으로 매월 1~10%의 이익 배당을 보장하고, 1년 후에 원금을 돌려주겠다\"라고 투자자들을 끌어들였다.",
            "이에 별지1. 범죄일람표 및 별지2. 범죄일람표 각 기재와 같이 2011. 11. 21.경부터 2016. 8. 26.경까지 35,422회에 걸쳐 총 1,096,996,544,950원을 교부받았고, 이로써 피고인은 다단계 유사조직을 이용하여 재화 등의 거래 없이 금전거래를 하거나 재화 등의 거래를 가장하여 사실상 금전거래만을 하는 행위를 하였다."
        ]
    },
    "dcss": {
        "courtDcss": [
            "피고인이 아래에서 보는 BK의 설립 전까지 BN의 FX 마진거래 사업 명목으로 차용하거나 투자받은 돈의 대부분은 2013년 초순경 FX 마진거래 자금의 해외 송금이 어려워졌는지 여부를 불문하고 BN 명의의 홍콩 계좌에 송금되거나 BN의 FX 마진거래 사업에 사용되었다고 보기 어렵다.",
            "그리고 피고인은 2013년 초순경 금융당국의 규제로 인하여 비로소 BN의 홍콩 계좌에 송금을 못하게 된 것이 아니라 처음부터 위와 같은 명목으로 송금할 의사가 없었던 것으로 보인다.",
            "위 셰일가스, 오퍼튠 사업에 투자한 피해자들은 FX 마진거래 사업의 투자자들과 대부분 중복되는데, FX 마진거래 사업에 관하여 고율의 수익금을 꼬박꼬박 지급받고 있었고 그 수익금이 피고인이 FX 마진거래 사업을 성공적으로 수행하여 발생한 이익을 재원으로 지급되고 있다고 믿었던 피해자들로서는 셰일가스, 오퍼튠 사업에 관하여 후순위 투자자의 투자금으로 수익금 배당이 이루어질 것이라는 사실을 알지 못하였던 것으로 보인다.",
            "피고인이 원금 상환이나 수익금 지급을 위하여 이른바 '돌려막기'에 사용한 금액이 위 투자약정서 제1조 제3항의 '사업유지를 위하여 지출되는 직·간접적인 일체의 비용'에 해당하는 정상적인 금융비용의 지출로서 투자자들로부터 투자받은 금원의 사용용도의 범위 내에 있다고 보기 어렵다.",
            "피고인의 전체적인 사업설명 내용과 이에 대한 피해자들의 인식에다가 피해자들에 대한 수익금의 지급이 한 번도 연체되지 않고 계속 이루어졌던 사정 등에 비추어 보면, 피해자들은 FX 마진거래 사업에 관하여 원금손실의 가능성이 사실상 없다는 전제에서, 이것이 주요한 동기가 되어 투자금을 교부하였던 것으로 보인다.",
            "피고인은 FX사업, 셰일가스 사업, 오퍼튠 사업 등 자신이 수행하는 해외 사업만으로는 피해자들에게 약속한 고율의 수익률을 보장할 만한 의사나 능력이 없음에도 불구하고, 피해자들에게 매월 지급되는 이자 또는 수익금의 재원이 사실은 사업이익이 아닌 후순위 피해자들로부터의 차용금 또는 투자금에서 지급된다는 사정 등을 고지하지 아니하거나 사실과 다르게 고지하였다.",
            "그러한 사정을 알지 못한 피해자들은 자신들이 대여하거나 투자한 자금이 FX 마진거래 사업 등 피고인이 수행하는 해외 사업의 운영에 필요한 비용으로 사용될 것이라 믿고 차용금 또는 투자금을 교부한 것으로 판단된다.",
            "피고인의 위와 같은 행위는 사기죄에서 말하는 기망행위에 해당하고 피해자들은 그로 인한 착오에 빠져 재산적 처분행위를 하였다고 봄이 상당하다.",
            "피해자들에게 지급하는 이자 내지는 수익금의 재원이 후순위 차용금 및 투자금이라는 사실을 말하지 않고 오히려 사업을 통한 수익에서 지급된다고 설명하는 등으로 피해자들을 기망하여 돈을 교부받았던 것이므로 피고인에게 편취의 범의도 충분히 인정된다고 할 것이다.",
            "피고인이 설립하여 운영한 I, J는 3단계 이상의 단계로 가입된 조직원으로 구성되어 차용금이나 투자금의 모집활동을 하였고, 차용금이나 투자금의 모집활동에 대한 후원수당에 상응하는 유치수수료의 지급 또한 모집단계에 따라 단계적으로 이루어졌다.",
            "그러므로, 위와 같은 단계적인 영업조직과 후원수당 지급방식을 통하여 피해자들로부터 FX 마진거래 사업과 같은 금융투자상품 판매 등의 명목으로 차용금 내지 투자금을 교부받은 것은 유사 다단계 조직을 이용하여 재화 등의 거래 없이 금전거래만을 하거나 재화 등의 거래를 가장하여 사실상 금전거래만을 한 행위에 해당한다고 충분히 인정할 수 있다."
        ]
    },
    "close": {
        "cnclsns": [
            "피고인을 징역 12년에 처한다. "
        ]
    }
}