{
    "info": {
        "caseField": "2",
        "detailField": "6",
        "trailField": "1",
        "caseNm": "공무집행방해",
        "courtNm": "수원지방법원",
        "judmnAdjuDe": "2013. 01. 23.",
        "caseNo": "2012고단4762",
        "relateLaword": [
            "형법 제136조",
            "형법 제35조",
            "형법 제37조",
            "형법 제38조",
            "형법 제50조"
        ],
        "qotatPrcdnt": []
    },
    "concerned": {
        "acusr": "4",
        "dedat": "1"
    },
    "org": {
        "orgJdgmnCourtNm": "",
        "orgJdgmnAdjuDe": "",
        "orgJdgmnCaseNo": ""
    },
    "disposal": {
        "disposalform": "6",
        "disposalcontent": [
            "피고인을 징역 8월에 처한다."
        ]
    },
    "mentionedItems": {
        "rqestObjet": [
            "피고인을 징역 8월에 처한다."
        ]
    },
    "assrs": {
        "acusrAssrs": [],
        "dedatAssrs": []
    },
    "facts": {
        "bsisFacts": [
            "피고인은 2011.10.28.부산지방법원 동부지원에서 일반물건방화죄로 징역 1년을 선고받아 2012.5.30.그 형의 집행을 종료하였다.",
            "피고인은 2012.10.17.17:50경 0000에 있는 인천경기지방병무청 경비실에 찾아가 병역면제요청을 하였으나 방호원 00으로부터 피고인이 병역면제 대상자가 아니라는 설명을 듣고 00에게 \"병역면제처분을 해주지 않으면 한 발짝도 못나간다\"고 말하며 경비실 앞 땅바닥에 드러누웠다.",
            "이에 00으로부터 귀가할 것을 요구받자 00에게 \"나는 여기에서 병역면제처분을 받지 않으면 이곳에 휘발유를 뿌려 버리고 불을 확 질러버리고 나도 몸에 휘발유를 뿌려 자살하겠다. 너는 그 죗값으로 교도소에 갈 것이다.너 씹할 나하고 싸워볼래?\" 라고 말하여 00을 협박하였다.",
            "피고인은 같은 날 23:00경 위 경기지방병무청 경비실에 다시 찾아가 00에게 병역면제처분을 해달라고 하였으나 00으로부터 피고인이 병역면제대상자가 아니라는 설명을 듣고도 퇴거하지 아니하였다.",
            "그 후 피고인은 00과 함께 위 병무청 당직실로 가 그 곳에서 00의 신고를 받고 출동한 경찰로부터 귀가할 것을 요구받자 00에게 \"난 못 간다. 그럼 휘발유를 뿌려 불을 질러 버리겠다\" 고 말하여 00을 협박하였다.",
            "이로써 피고인은 00의 청사 방호경비에 관한 정당한 직무집행을 방해하였다."
        ]
    },
    "dcss": {
        "courtDcss": [
            "피고인이 누범기간 중 다시 이 사건 각 범행을 반복적으로 저질렀는바, 누범전과의 범죄사실(병무청의 처분에 불만을 품고 방화)에 비추어 피고인의 협박내용이 실현가능성이 희박한 감정적 표현에 불과하다고 보기 어렵고, 그 재범의 가능성 및 사회적 위험성이 큰 점을 고려하면, 피고인의 책임에 상응한 실형의 선고가 불가피하다.",
            "다만, 피고인이 실제로 방화목적으로 휘발유를 휴대하는 등의 구체적 행동에 나아가 지는 않은 점, 공무원에 대한 직접적 폭력행사나 공무원의 상해 등 중한 결과는 발생하지 않은 점을 고려한다."
        ]
    },
    "close": {
        "cnclsns": [
            "피고인을 징역 8월에 처한다."
        ]
    }
}