{
    "info": {
        "caseField": "2",
        "detailField": "6",
        "trailField": "1",
        "caseNm": "특수상해,특수폭행치상",
        "courtNm": "서울남부지법",
        "judmnAdjuDe": "2019. 09. 23.",
        "caseNo": "2019고합127",
        "relateLaword": [
            "형법 제21조",
            "형법 제257조",
            "형법 제258조의2",
            "형법 제260조",
            "형법 제261조",
            "형법 제262조",
            "형사소송법 제325조",
            "형법 제58조"
        ],
        "qotatPrcdnt": [
            "대법원 2017. 3. 15. 선고 2013도2168 판결",
            "대법원 2008. 2. 14. 선고 2007도10006 판결"
        ]
    },
    "concerned": {
        "acusr": "4",
        "dedat": "1"
    },
    "org": {
        "orgJdgmnCourtNm": "",
        "orgJdgmnAdjuDe": "",
        "orgJdgmnCaseNo": ""
    },
    "disposal": {
        "disposalform": "10",
        "disposalcontent": [
            "피고인에 무죄를 선고한다.",
            "피고인에 대한 무죄판결의 요지를 공시한다."
        ]
    },
    "mentionedItems": {
        "rqestObjet": [
            " 피고인은 위험한 물건으로 피해자에게 폭행을 가하여 피해자로 하여금 상해를 입게 하였다.",
            "피고인은 제1항 기재 일시, 장소에서 피고인을 말리는 공소외 1의 모친 피해자 공소외 2(여, 64세)의 팔을 위험한 물건인 위 죽도로 수회 내리쳐 피해자에게 약 3주간의 치료가 필요한 좌측 전완부의 염좌 및 타박 등의 상해를 가하였다. 이로써 피고인은 위험한 물건으로 피해자에게 상해를 가하였다.",
            "피고인은 죽도로 피해자 공소외 1의 머리를 1회 가격하고, 피해자 공소외 2의 팔을 1회 때린 사실은 인정한다. 그러나 피고인은 피해자들을 피고인이 인정하는 1회를 초과하여 수회 때린 사실은 없고, 피고인의 행동으로 인하여 피해자 공소외1이 두 개의 늑골을 침범한 다발골절, 폐쇄성 등의 상해를 입지 않았다."
        ]
    },
    "assrs": {
        "acusrAssrs": [],
        "dedatAssrs": [
            "피고인은 죽도로 피해자 공소외 00의 머리를 1회 가격하고, 피해자 공소외 00의 팔을 1회 때린 사실은 인정한다.",
            "그러나 피고인은 피해자들을 피고인이 인정하는 1회를 초과하여 수회 때린 사실은 없고, 피고인의 행동으로 인하여 피해자 공소외1이 두 개의 늑골을 침범한 다발골절, 폐쇄성 등의 상해를 입지 않았다.",
            "피고인은 당시 피해자 공소외 00이 피고인의 딸에게 욕설을 하면서 때리려고 하는 모습을 보고 이를 막기 위해 위와 같은 행동을 하였으므로 이는 정당방위 내지 과잉방위에 해당한다."
        ]
    },
    "facts": {
        "bsisFacts": [
            "피고인은 2018. 9. 24. 20:45경 서울 (주소 생략)에 있는 피고인의 집 마당에서, 그 집 세입자로 살던 피해자 공소외 00(38세)과 피고인의 딸이 말다툼하는 모습을 보고 화가 나 집 안에 있던 위험한 물건인 죽도(길이 1m 50cm)를 들고 피해자의 머리를 수회 때려 피해자를 바닥에 넘어지게 하여 피해자로 하여금 약 6주간의 치료가 필요한 두 개의 늑골을 침범한 다발골절, 폐쇄성 등의 상해를 입게 하였다.",
            "이로써 피고인은 위험한 물건으로 피해자에게 폭행을 가하여 피해자로 하여금 상해를 입게 하였다.",
            "피고인은 제1항 기재 일시, 장소에서 피고인을 말리는 공소외 00의 모친 피해자 공소외 00(여, 64세)의 팔을 위험한 물건인 위 죽도로 수회 내리쳐 피해자에게 약 3주간의 치료가 필요한 좌측 전완부의 염좌 및 타박 등의 상해를 가하였다.",
            "이로써 피고인은 위험한 물건으로 피해자에게 상해를 가하였다."
        ]
    },
    "dcss": {
        "courtDcss": [
            "이 법원이 적법하게 채택하여 조사한 증거에 의하여 인정되는 다음과 같은 사실 내지 사정들을 종합하여 보면, 검사가 제출한 증거만으로는 피고인이 피해자 공소외 00의 머리를 1회 가격한 것을 초과하여 수회 가격하였다거나, 이로 인하여 피해자 공소외 00이 넘어지면서 두 개의 늑골을 침범한 다발골절, 폐쇄성 등의 상해를 입었다는 점이 합리적 의심의 여지가 없을 정도로 증명되었다고 할 수 없다.",
            "피고인은 이 사건 범행 장소 1층에서 아내, 딸과 함께 거주하고 있었다.",
            "피해자 공소외 00은 그 2층에서 아버지와 함께 사는 세입자이고, 피해자 공소외 00는 피해자 공소외 00의 어머니로서 추석인 이 사건당일 아들의 집에 와 있었다.",
            "피고인과 피해자 공소외 00이 사는 집은 차들이 주차되어 있는 골목에서 집 마당으로 들어가는 여닫이 대문(골목에서 집 마당 쪽으로 밀어서 여는 형태)이 있고, 대문에서 집 건물로 들어가는 방향으로 맨홀뚜껑이 매립되어 있는 약간의 공간이 있으며, 마당을 지나면 집 건물로 들어갈 수 있는 돌계단이 3~4개 있고, 위 계단 옆으로 빨래를 널 수 있는 마당이 있다.",
            "위 돌계단으로 올라가면 집 건물로 들어갈 수 있는 철문이 있고, 돌계단과 철문 사이에 있는 약간의 공간을 지나 위 철문을 열면 왼쪽으로 피해자 공소외 00이 거주하는 2층으로 올라가는 계단이 있으며, 위 철문 정면 앞으로 피고인이 거주하는 집 안으로 들어가는 여닫이 중문(집 안에서 바깥을 향하여 밀어서 여는 형태)이 있다.",
            "피해자 공소외 00이 거주하는 2층으로 올라가는 위 계단과 중문 사이에는 사람이 1, 2명 정도 서 있을 수 있는 작은 공간이 있다.",
            "이 사건을 목격한 공소외 00과 피고인의 딸 공소외 00는 이 법정에서 다음과 같이 진술하였고, 공소외 00과 공소외 00의 진술은 충분히 신빙할 수 있다.",
            "공소외 00은 \"2018. 9. 24. 20:00경 밖에서 남자가 소리치는 소리가 들려 2층 창밖으로 주변을 보았다. 당시 말다툼을 하고 있었다. 피해자 공소외 00은 큰 소리로 피고인의 딸에게 '싸가지가 없는 게 인사도 안 한다'고 하였고, 피고인의 딸이 마당 빨래 건조대 쪽에서 집으로 올라가려고 하였다.\"",
            "피해자 공소외 00은 피고인의 딸을 뒤에서 쫓아가서 어깨를 잡았고 피고인의 딸이 이를 뿌리치면서 '아저씨 집에 들어가게 놔주세요. 아빠 도와주세요'라고 소리를 질렀다.\"",
            "그리고 피고인의 딸이 피해자 공소외 00을 피해 집 현관문으로 다가가자 피해자 공소외 00의 어머니 되는 사람이 위에서 나와 피고인의 딸을 집 안으로 들어가지 못하게 입구를 막아서서 피고인의 딸을 못 들어가게 잡았다.\"",
            "\"그리고 피고인의 딸 바로 뒤로 피해자 공소외 00이 와서 피고인의 딸을 잡았다. 중문 입구를 막은 피해자 공소외 00는 피고인의 딸에게 큰 소리로 '너 들어가면 우리 아들 죽어. 우리 아들 정신병 있어. 술이 취했어. 미안해'라고 소리쳤고, 피고인의 딸은 '아빠 도와주세요, 아줌마 제발 집에 들어가게 해 주세요'라고 울면서 이야기하였다.\"",
            "\"10분 이상 그런 상황이 이어졌다. 그 후 피고인이 문을 열고 한 손에는 죽도를 들고 나와 죽도를 휘둘러 남자를 1회 가격하였고, 2회 가격할 때 피해자 공소외 00가 팔로 막았다.\"",
            "\"이에 피해자 공소외 00가 팔이 부러졌다고 소리치기 시작했고, 피해자 공소외 00은 뒤로 물러났다가 다 죽여 버린다고 막 덤비려고 하였다.\"",
            "\"피고인은 죽도를 버리고 피해자 공소외 00에게 내려가려고 하는데 피고인의 딸이 피고인을 못 움직이게 계속 말렸다.\"라는 취지로 진술하였다.",
            "피고인의 딸인 공소외 00는 이 법정에서 \"이 사건 당시 마당에서 빨래를 걷고 있었는데 피해자 공소외 00이 2층에서 내려와 대문앞 맨홀뚜껑이 있는 곳에서 '야'라고 불렀으나 대답하지 않았다.\"",
            "\"그런 뒤 피해자 공소외 00이 빨래를 걷고 있던 내 팔 아랫부분과 옆 가슴 부분을 스치듯 쳤다.\"",
            "\"놀라서 뒤돌아봤더니 피해자 공소외 00이 '어른을 보면 인사를 해야지 왜 인사를 하지 않냐'고 화난 듯이 말했다. 너무 당황하여 '네? 네?'라고 했고, 피해자 공소외 00이 '씨발년아'라면서 욕을 하고 때리려고 손을 들었다.\"",
            "\"그래서 순간적으로 너무 무서워 울음이 터졌고, 아빠를 불렀다.\"",
            "\"아빠가 중문을 열고서 무슨 일이냐고 했고, 피해자 공소외 00이 나와 보라고 아빠한테 손짓을 하자 아빠가 나오려고 하였다.\"",
            "\"그때 피해자 공소외 00가 2층 계단에서 나와서 중문을 닫아 막고, '우리 아들이 잘못했다, 술을 먹고 실수한 거다, 우리 아들 공황장애가 있다'고 말했고, 피해자 공소외 00은 내 팔을 잡고 집으로 들어가지 못하게 하였다. \"",
            "\"아빠가 죽도를 들고 나와 피해자 공소외 00의 머리 부분을 1번 때렸고, 또 때리려고 하는데 피해자 공소외 00가 이를 막았다.\"라고 진술하였다.",
            "이러한 공소외 00, 공소외 00의 진술은 대체로 일치하고, 불합리하거나 모순되는 부분이 없다.",
            "특히 공소외 00은 위증의 벌을 감수하면서까지 국민참여재판으로 진행되는 이 법정에 출석하여 허위 진술을 할 만한 특별한 사정이나 이유가 보이지 않는다.",
            "위와 같이 신빙성이 있는 공소외 00, 공소외 00의 진술 등에 비추어 보면, 피고인은 다음과 같은 경위로 공소사실 기재 각 행위를하였다고 보인다.",
            "38세의 건장한 체격의 성인 남성인 공소외 00은 이 사건 당시 술을 마신 상태에서 대문과 돌계단 사이의 공간에서 집 마당에 서 있던 20세의 왜소한 체격의 여성인 피고인의 딸에게 큰 소리로 욕설을 하면서 때리려고 하는 등 위협을 가하였고, 피고인의 딸은 울면서 다급하게 피고인에게 도움을 요청하였다.",
            "피해자 공소외 00이 피고인의 딸에게 욕설을 하면서 때리려는 행동과 피해자 공소외 00가 딸을 보호하려는 피고인이 밖으로 나오는것을 막으면서 피고인의 딸을 집 안으로 들어가지 못하게 하는 행동은 모두 피고인의 딸에 대한 위협적인 행동이라고 봄이 상당하다.",
            "이러한 피고인의 행동은 피고인의 딸에 대한 현재의 부당한 침해를 방위하기 위한 행위에 해당한다고 봄이 상당하다.",
            "그러나 모자관계에 있는 피해자들이 피고인의 딸에 대하여 위와 같은 위협적인 행동을 하고 있었고, 평소 당뇨와 간경화 증상으로 몸이 좋지 않은 반면, 자신보다 강해 보이는 피해자 공소외 00이 술에 취하였고, 정신질환도 있다는 말까지 들은 피고인으로서는 딸을 보호해야 한다는 생각에 죽도를 들고 방위행위에 나아가게 된 것으로 보인다.",
            "피고인의 희망에 따라 국민참여재판으로 진행된 이 사건에서 7명의 배심원들은 오랜 시간 논의를 거쳐 피고인의 공소사실 기재행위는 무죄라고 평결하였다(배심원들은 만장일치하여 피고인의 행위가 면책적 과잉방위에 해당한다는 의견을 제시하였고, 7명의 배심원들 중 다수에 해당하는 4명의 배심원들은 피고인의 행위가 정당방위에 해당한다는 의견을 제시하였다).",
            "국민참여재판 제도의 입법 취지 등에 비추어 이러한 배심원들의 만장일치 의견은 최대한 존중하는 것이 옳다고 본다.",
            "배심원들의 이와 같은 사실관계에 대한 판단은 정당하다."
        ]
    },
    "close": {
        "cnclsns": [
            "피고인은 무죄.",
            "피고인에 대한 무죄판결의 요지를 공시한다."
        ]
    }
}