{
    "info": {
        "caseField": "2",
        "detailField": "6",
        "trailField": "1",
        "caseNm": "저작권법위반,업무방해,위계공무집행방해",
        "courtNm": "의정부지방법원",
        "judmnAdjuDe": "2017. 04. 28.",
        "caseNo": "2015고단4722",
        "relateLaword": [
            "저작권법 제137조",
            "형법 제30조",
            "형법 314조\n",
            "제313조",
            "형법 제137조",
            "형법 제37조",
            "형법 제38조",
            "형법 제50조",
            "형법 제70조",
            "형법 제69조",
            "형사소송법 제334조"
        ],
        "qotatPrcdnt": [
            "대법원 2010. 9. 9. 선고 2010도6924 판결",
            "대법원 2009. 10. 29. 선고 2008도4400 판결 등 참조 ",
            "대법원 2008. 1. 17. 선고 2006도1721 판결 등 참조"
        ]
    },
    "concerned": {
        "acusr": "4",
        "dedat": "1"
    },
    "org": {
        "orgJdgmnCourtNm": "",
        "orgJdgmnAdjuDe": "",
        "orgJdgmnCaseNo": ""
    },
    "disposal": {
        "disposalform": "9",
        "disposalcontent": [
            "피고인 1을 벌금 1,200만원에 처한다.",
            "피고인 2를 벌금 1,200만원에 처한다.",
            "피고인 3을 벌금 1,200만원에 처한다.",
            "피고인 8(원심:피고인 7) 벌금 1,200만원에 처한다.",
            "피고인 4를 벌금 1,500만원에 처한다.",
            "피고인 6(원심: 피고인 5)을 벌금 1,500만원에 처한다.",
            "피고인 7(원심: 피고인6)을 벌금 1,500만원에 처한다.",
            "피고인 5를 벌금 1,000만원에 처한다.",
            "피고인들이 위 각 벌금을 납입하지 아니하는 경우 각 10만 원을 1일로 환산한 기간 피고인들을 노역장에 유치한다.",
            "피고인들에게 위 각 벌금에 상당한 금액의 가납을 명한다.",
            "피고인들에 대한 이 사건 공소사실 중 2015. 9. 20.경 ㅇㅇㅇㅇㅇㅇㅇ 서적의 발행으로 인한 저작권법위반의 점은 각 무죄이다."
        ]
    },
    "mentionedItems": {
        "rqestObjet": [
            "피고인 1을 벌금 1,200만원에 처한다.",
            "피고인 2를 벌금 1,200만원에 처한다.",
            "피고인 3을 벌금 1,200만원에 처한다.",
            "피고인 8(원심:피고인 7) 벌금 1,200만원에 처한다.",
            "피고인 4를 벌금 1,500만원에 처한다.",
            "피고인 6(원심: 피고인 5)을 벌금 1,500만원에 처한다.",
            "피고인 7(원심: 피고인6)을 벌금 1,500만원에 처한다.",
            "피고인 5를 벌금 1,000만원에 처한다.",
            "피고인들이 위 각 벌금을 납입하지 아니하는 경우 각 10만 원을 1일로 환산한 기간 피고인들을 노역장에 유치한다.",
            "피고인들에게 위 각 벌금에 상당한 금액의 가납을 명한다.",
            "피고인들에 대한 이 사건 공소사실 중 2015. 9. 20.경 ㅇㅇㅇㅇㅇㅇㅇ 서적의 발행으로 인한 저작권법위반의 점은 각 무죄이다."
        ]
    },
    "assrs": {
        "acusrAssrs": [],
        "dedatAssrs": [
            "피고인 00, 00, 00, 00은 2009.3.경 공소외 00 등으로부터 공소외 00의 저작물인 '0' 서적(이하, '이 사건 서적'이라 한다)에 피고인들을 공저자로 추가하여 등재하자는 요청을 받고 이에 승낙한 적은 있지만, 그 후 2012.3.10.경 및 2013.9.10.경 발행된 이 사건 서적의 각 개정판에는 피고인들을 공저자로 추가하여 등재할 것을 승낙하는 등으로 공소외 00 등과 공모한 사실이 없다.",
            "피고인 00, 피고인 00은 2009.3.경 공소외 00 등으로부터 이 사건 서적의 공저자로 추가하여 등재하자는 요청을 받았지만, 이 사건 서적의 초판 및 각 개정판에 위 피고인들의 이름을 공저자로 등재하는 것을 승낙한 적이 없다.",
            "피고인 00은 공소외 00 등으로부터 이 사건 서적의 각 개정판은 물론, 이 사건 서적의 초판에 대하여도 공저자로 추가하여 등재하자는 요청을 받거나 이에 승낙한 적이 없으므로, 위 피고인들은 모두 공소외 00 등과 공모한 사실이 없다.",
            "이 사건 서적은 이미 2009.3.2.경 초판 발행되었으므로, 검사가 기소하는 부분으로 특정한, 2012.3.10.경 및 2013.9.10.경 이루어진 이 사건 서적의 각 개정판 발행은 위 공표에 해당하지 않아 이 사건 처벌조항 위반죄의 구성요건해당성이 없다.",
            "피고인 00가 제출한 이 사건 서적이 업적평가 자료로 활용된 것은 위 피고인이 소속된 대학교에 업적평가 제출자료에 대한 심사권이 있었음에도, 위 대학교가 불충분한 심사를 한 결과이며, 피고인들의 행위로 인하여 공무집행방해의 결과 내지는 공무집행방해의 구체적 위험성이 발생하지 않았다.",
            "피고인 00의 행위로 인하여 피고인이 소속된 대학교의 교원업적평가 업무가 방해될 위험성이 없었다."
        ]
    },
    "facts": {
        "bsisFacts": [
            "피고인 00은 ◇◇◇◇대학교☆☆☆☆과 교수, 피고인 00는 ▽▽▽▽대학교◎◎◎◎과 교수, 피고인 00은 ◁◁대학교▷▷▷▷과 교수, 피고인 00는 □□대학교♤♤♤♤♤♤♤♤과 교수, 피고인 00는 ♡♡♡♡대학교▷▷▷▷과 교수, 피고인 00은 ●●대학교▷▷▷▷과 교수, 피고인 00은 ▲▲대학교▷▷▷▷과 교수, 피고인 00은 ■■대학교◆◆◆◆◆과 교수이다.",
            "피고인들은 위 공소외 00, 공소외 00, 공소외 00, 공소외 00 등과 순차 공모하여 저작자 아닌 자를 저작자로 하여 실명을 표시하여 저작물을 공표하였다.",
            "피고인 00은 위계로써 000 교원업적평가(재임용, 승진, 정년보장, 연구비지급, 연구년 교원 선정, 연구업적 우수교원 선정, 포상 등 위 업적평가가 활용되는 일체의 평가 및 심사를 포함한다)심사위원 등 담당자들의 교원업적평가 업무를 방해하였다.",
            "피고인 00은 위계로써 000 교원업적평가(재임용, 승진, 정년보장, 연구비지급, 연구년 교원 선정, 연구업적 우수교원 선정, 포상 등 위 업적평가가 활용되는 일체의 평가 및 심사를 포함한다)심사위원 등 담당자들의 교원업적평가 업무를 방해하였다.",
            "피고인 00은 위계로써 국립대학교인 000 교원업적평가(재임용, 승진, 포상, 연구년 부여 등 위 업적평가가 활용되는 일체의 평가 및 심사를 포함한다)심사위원 등 담당 공무원들의 교원업적평가 직무집행을 방해하였다.",
            "피고인 00은 위계로써 국립대학교인 000 교원업적평가(재임용, 승진, 포상, 연구년 부여 등 위 업적평가가 활용되는 일체의 평가 및 심사를 포함한다)심사위원 등 담당 공무원들의 교원업적평가 직무집행을 방해하였다.",
            "피고인 00은 위계로써 국립대학교인 000 교원업적평가(재임용, 승진, 포상, 연구년 부여 등 위 업적평가가 활용되는 일체의 평가 및 심사를 포함한다)심사위원 등 담당 공무원들의 교원업적평가 직무집행을 방해하였다.",
            "피고인 00은 위계로써 국립대학교인 000 교원업적평가(재임용, 승진, 포상, 연구년 부여 등 위 업적평가가 활용되는 일체의 평가 및 심사를 포함한다)심사위원 등 담당 공무원들의 교원업적평가 직무집행을 방해하였다.",
            "피고인 00은 위계로써 000 교원업적평가(재임용, 승진, 정년보장, 연구비지급, 연구년 교원 선정, 연구업적 우수교원 선정, 포상 등 위 업적평가가 활용되는 일체의 평가 및 심사를 포함한다)심사위원 등 담당자들의 교원업적평가 업무를 방해하였다.",
            "피고인 00은 위계로써 000 교원업적평가(재임용, 승진, 정년보장, 연구비지급, 연구년 교원 선정, 연구업적 우수교원 선정, 포상 등 위 업적평가가 활용되는 일체의 평가 및 심사를 포함한다)심사위원 등 담당자들의 교원업적평가 업무를 방해하였다."
        ]
    },
    "dcss": {
        "courtDcss": [
            "0의 영업직원 공소외 00은 수사기관에서부터 이 법정에 이르기까지 일관하여, 피고인 00, 피고인 00, 피고인 00, 피고인 00, 피고인 00에 대하여는 자신이 직접 이 사건 서적에 위 피고인들을 공저자로 추가하여 등재하자는 요청을 하였고, 위 피고인들로부터 이에 대한 승낙을 받았으며, 이 사건 각 개정판을 피고인들에게 보내준 사실도 있었다고 진술하였다.",
            "피고인 00도 검찰에서, 공소외 00으로부터 이 사건 서적에 위 피고인을 공저자로 등재하자는 요청을 받아 이에 대한 승낙을 하였는데, 그 시기는 이 사건 서적의 초판 발행 이전이었다고 진술하였다(수사기록 294면 참조).",
            "검찰에서, 피고인 00, 피고인 00, 피고인 00는 2012.3.10.경 및 2013.9.10.경 발행된 이 사건 서적의 각 개정판을 0로부터 모두 배송 받아보았고, 피고인 00, 피고인 00은 2012.3.10.경 발행된 이 사건 서적의 개정판을 0로부터 배송 받아보았으며, 피고인 00은 2013.9.10.경 발행된 이 사건 서적의 개정판을 0로부터 배송 받아보았다고 각 진술하였다.",
            "더욱이 피고인 00, 피고인 00은 검찰에서, 자신들이 받아 본 이 사건 서적의 개정판으로 강의도 진행하였다고 진술하였다.",
            "한편, 피고인 00은 2009.3.2.경 초판 발행된 이 사건 서적을 받아보아 자신의 이름이 공저자로 등재되었음을 알게 되었음에도, 이에 관하여 0 측에 특별히 이의를 제기하지는 않았던 것으로 보이고, 그 후 심지어는 이 사건 서적을 자신이 근무하는 학교에 연구실적으로 제출하기까지 하였다.",
            "피고인들 중 피고인 00을 제외한 나머지 피고인들은 모두 이 사건 서적의 초판 발행 전 공소외 00 등으로부터 공저자로 등재하자는 요청을 받은 사실 자체는 인정하고 있는 바, 이러한 사정 등에 비추어 보면, 피고인 00 역시 공소외 00 등으로부터 이 사건 서적의 공저자로 등재하자는 요청을 받았을 것으로 보인다.",
            "한편, 이 사건 서적은 대학교재로 사용되는 책인 바, 이 사건 서적의 재고가 모두 소진되거나 이 사건 서적이 절판되지 않고 개정판이 발행된다면 계속적으로 피고인들의 이름을 공저자로 한 이 사건 서적이 발행될 수 있음을 피고인들도 예상할 수 있었다.",
            "피고인들이 자신들의 이름을 공동저작자로 등재하도록 허락하는 행위는 이 사건 처벌조항의 구성요건과 밀접한 관련성이 있을 뿐만 아니라 전체범행 계획에 본질적으로 기여하는 행위이기도 하므로, 피고인들과 공소외 00 등과의 공모관계를 인정할 수 있다.",
            "그런데, 피고인들은 2012.3.10.경 및 2013.9.10.경 이루어진 이 사건 서적의 각 개정판 발행 당시까지 미리 0 측에 공저자 등재의 철회를 요청하며 공모자인 공소외 00 등의 범행을 저지하기 위하여 적극적으로 노력하는 방법으로 공모자인 공소외 00 등의 실행에 미친 영향력을 제거하지 아니하였다.",
            "피고인들은 공소외 00 등에게 이 사건 서적의 초판에 자신들의 이름을 공저자로 등재하도록 승낙하는 등의 방법으로 공소외 00 등과 공모하였고, 이러한 공모관계는 이 사건 서적의 각 개정판 발행 당시까지 계속 유지되었다고 볼 수 있으므로 피고인 00, 피고인 00, 피고인 00, 피고인 00, 피고인 00, 피고인 00, 피고인 00 및 그 변호인들의 이 부분 주장은 받아들이지 아니한다.",
            "이 사건 서적이 이미 공표된 저작물과 실질적으로 동일한 저작물이어서 공표에 해당하지 아니한다는 주장에 대한 판단 현행 저작권법상 공표권에 대한 침해행위의 규제는 저작인격권 보호에 관한 저작권법 제136조 제2항 제1호를 통하여 이루어지고 있으므로, 이 사건 처벌조항의 주된 보호법익은 공표권 그 자체가 아닌, 저작자 표시에 대한 사회적 신뢰라는 사회적 법익으로 봄이 상당하다.",
            "이 사건 처벌조항과 가장 밀접하게 관련된 개인적 법익을 굳이 생각한다고 하더라도, 저작자에 대한 허위의 표시행위를 규제하는 이 사건 처벌조항의 내용에 비추어 볼 때, 공표권이 아닌 저작인격권 중 성명표시권이 이에 해당한다고 볼 수 있다.",
            "현행 저작권법이 공표의 개념을 저작물을 공연, 방송 또는 전시 그밖의 방법으로 일반 공중에게 공개하는 경우와 저작물을 발행하는 경우로 정의하여 저작물의 종류에 따른 공표의 방법을 구분하고 있을 뿐, 최초의 공개 내지 발행 행위로만 제한하고 있지 아니하고, 최초의 저작물 공표행위 이후 저작자 사칭 등의 방법으로 행해지는 저작권 침해행위에 대하여도 규제할 필요성이 있다.",
            "이 사건 처벌조항 위반으로 인한 저작권법위반죄는, 저작자 아닌 자를 저작자로 표시하여 저작물을 공중에 공개하거나 발행하는 행위를 할 때마다 범죄가 성립한다고 해석하여야 하고, 이를 최초로 공중에 공개하거나 발행하는 경우로만 국한하여 해석할 수는 없으므로, 피고인 00, 피고인 00, 피고인 00 및 그 변호인들의 이 부분 주장도 받아들이지 아니한다.",
            "교원업적 평가결과는 교원의 승진임용, 재임용 등 기타 필요한 사항에 대한 기초자료로 활용되는 바, 이러한 승진임용이나 재임용 등은 교원업적 평가결과를 활용하여 사후적으로 이루어지는 별도의 과정일 뿐이고, 교원업적 평가업무의 핵심은 교원들의 업적평가 결과를 산정하는 업무 그 자체이다.",
            "그런데 앞서 본 바와 같이, 위 피고인들이 사실은 저작자가 아님에도 자신들의 이름을 공저자로서 허위로 등재한, 2009.3.2.경 발행된 이 사건 서적을 000 또는 000의 교원업적 평가자료로 제출하여, 위 서적이 위 피고인들에 대한 2009년도 교원업적 평가자료로 활용된 이상 000 또는 000의 교원업적 평가업무는 이미 그 방해의 결과가 발생하였다고 볼 수 있다.",
            "대학교수가 자신의 업적으로서 제출하는 결과물은 진실할 것이라는 신뢰를 갖게 되는 것이 통상적이고, 특히 교원업적 평가와 관련하여 비교적 많은 자료가 제출되는 현실을 감안할 때, 교원업적 평가업무 담당자들이 정상적으로 업무를 처리하는 과정에서 위 피고인들이 제출한 2009.3.2.경 발행된 이 사건 서적의 저작권법위반 여부를 밝혀내는 것이 현실적으로 거의 불가능해 보였다.",
            "피고인 00, 피고인 00이 위 서적을 000 또는 000의 교원업적 평가자료로 제출한 행위는 국립대학교인 위 각 대학교의 공무집행을 위계로써 방해한 행위로 볼 수 있다.",
            "따라서 피고인 00, 피고인 00 및 그 변호인들의 이 부분 주장 역시 받아들이지 아니한다.",
            "교원업적 평가결과는 교원의 승진임용, 재임용 등 기타 필요한 사항에 대한 기초자료로 활용되는 바, 이러한 승진임용이나 재임용 등은 교원업적 평가결과를 활용하여 사후적으로 이루어지는 별도의 과정일 뿐, 교원업적 평가업무의 핵심은 교원들의 업적평가 결과를 산정하는 업무 그 자체이다.",
            "그런데 이 사건 서적은 앞서 본 바와 같이 피고인 00이 저작자가 아님에도 자신의 이름을 공저자로 허위로 등재한 서적에 불과한데, 피고인 00은 2009.3.2.발행된 이 사건 서적을 000의 연구실적물로 제출하였고, 위 서적은 피고인 00에 대한 2009년도 교원업적 평가자료로 활용되었다.",
            "그렇다면, 피고인 00의 이 사건 업무방해 범행 관련 행위로 인하여 000의 교원업적 평가업무 담당자의 평가결과 산정업무의 적정성이나 공정성이 저해되었다고 봄이 상당한 점 등을 종합하여 보면, 피고인 00이 2009.3.2.경 발행된 이 사건 서적을 교원업적 평가자료로 제출한 행위는 교원업적 평가업무 담당자의 업무를 방해한 행위임이 분명하다.",
            "따라서 피고인 00 및 변호인의 이 부분 주장도 받아들이지 아니한다.",
            "피고인들은 우리 사회의 대표적인 지성인이면서, 교육자로서 고도의 윤리의식을 갖추어야 할 대학교수인 사람들이다.",
            "그럼에도 불구하고, 피고인들은 저작자도 아닌 자신들의 이름을 공저자로 추가하여 이 사건 서적을 발행함으로써, 누구보다 피고인들이 앞장서 모범적인 모습을 보여 주어야 할 학생들 및 그밖의 일반 대중들을 기망하며 부정한 사익을 추구하는 모습을 보여 주었으므로, 그 죄책이 결코 가볍지 아니하다",
            "더욱이 그동안 일부 대학교수들 사이에는 이 사건의 경우처럼 실제로는 공저자가 아님에도 부정한 사익을 추구하고자 타인의 저서에 자신들의 이름을 공저자로 추가하는 잘못된 관행이 존재하였던 것이 사실인바, 이러한 관행을 근절하기 위하여도 피고인들을 엄히 처벌할 필요가 충분하다.",
            "피고인 00, 피고인 00, 피고인 00, 피고인 00, 피고인 00은 이 사건 각 범행 중 일부를 자백하는 점, 피고인 00, 피고인 00, 피고인 00, 피고인 00, 피고인 00, 피고인 00은 초범이고, 피고인 00은 이종 범죄로 1회 벌금형의 처벌을 받은 것 이외에는 형사처벌을 받은 전력이 없다.",
            "이 사건과 동일한 유형의 사건들로서 이미 확정된 다른 사건들과의 형평성을 고려해야 하는 점, 현재 대학교수로서 재직 중인 피고인들에게 이 사건 각 범행으로 교수직을 영구히 상실시키게 하는 것은 다소 가혹해 보이는 점, 그밖에 피고인들의 연령, 성행, 이 사건 범행에 이르게 된 경위와 동기, 범행 전후의 정황 등 이 사건 기록과 변론에 나타난 양형의 조건이 되는 여러 가지 사정들을 종합하여 주문과 같이 형을 정한다."
        ]
    },
    "close": {
        "cnclsns": [
            "피고인 00, 피고인 00, 피고인 00, 피고인 00(원심: 피고인 00)을 각 벌금 1,200만 원에, 피고인 00, 피고인 00(원심: 피고인 00), 피고인 00(원심: 피고인 00)을 각 벌금 1,500만 원에, 피고인 00를 벌금 1,000만 원에 각 처한다.",
            "피고인들이 위 각 벌금을 납입하지 아니하는 경우 각 10만 원을 1일로 환산한 기간 피고인들을 노역장에 유치한다.",
            "피고인들에게 위 각 벌금에 상당한 금액의 가납을 명한다.",
            "피고인들에 대한 이 사건 공소사실 중 2015.9.20.경 '0' 서적의 발행으로 인한 저작권법 위반의 점은 각 무죄이다."
        ]
    }
}