{
    "info": {
        "caseField": "2",
        "detailField": "6",
        "trailField": "1",
        "caseNm": "가.특정범죄가중처벌등에관한법률위반(통화위조)(인정된죄명위조통화지정행사),나.위조통화행사미수(공소취소),다.사기,라.사기미수,마.사행행위등규제및처벌특례법위반(인정된죄명사행행위등규제및처벌특례법위반방조),바.위조통화지정행사,자동차관리법위반",
        "courtNm": "대전지방법원",
        "judmnAdjuDe": "2013. 05. 02.",
        "caseNo": "2012고합208",
        "relateLaword": [
            "형법 제210조",
            "형법 제207조",
            "형법 제30조",
            "형법 제347조",
            "형법 제352조",
            "사행행위 등 규제 및 처벌 특례법 제30조",
            "형법 제201조",
            "형법 제207조",
            "형법 제35조",
            "형법 제32조",
            "형법 제55조",
            "형법 제37조",
            "형법 제38조",
            "형법 제50조",
            "형법 제48조",
            "자동차관리법 제10조",
            "자동차관리법 제81조",
            "자동차관리법 제84조",
            "형사소송법 제325조"
        ],
        "qotatPrcdnt": [
            "대법원 2011.12.22. 선고 2011도9721 판결",
            "대법원 2012.4.26. 선고 2010도2905 판결"
        ]
    },
    "concerned": {
        "acusr": "4",
        "dedat": "1"
    },
    "org": {
        "orgJdgmnCourtNm": "",
        "orgJdgmnAdjuDe": "",
        "orgJdgmnCaseNo": ""
    },
    "disposal": {
        "disposalform": "6",
        "disposalcontent": [
            "피고인 00을 징역 3년 , 피고인 00 , 00 , 00 을 각 징역 2년에 처한다.",
            "압수된 별지1 목록 기재 각 압수물을 피고인 00으로부터 각 몰수한다.",
            "이 사건 공소사실 중 피고인 00에 대한 자동차관리법 위반의 점 , 2012 . 3 . 14 . 자 사기의 점은 각 무죄이다."
        ]
    },
    "mentionedItems": {
        "rqestObjet": [
            "피고인 00을 징역 3년 , 피고인 00 , 00 , 00 을 각 징역 2년에 처한다."
        ]
    },
    "assrs": {
        "acusrAssrs": [],
        "dedatAssrs": [
            "판시 제1항의 각 범행에 관하여, 피고인들은 00과 함께 차량을 타고 돌아다닌 사실은 있지만, 00과 위 각 범행을 공모한 사실이 없으며, 이는 모두 00의 단독범행이다.",
            "피고인들은 당시 0000시 성정동에 있는 0 인근에 차량을 주차하면 서 주차단속카메라에 걸리지 않기 위해서 차량 번호판을 가렸다고 주장한다.",
            "피고인들의 변호인은, 피고인들과 00의 공모사실을 자백하는 취지가 기재된 00에 대한 검찰 피의자신문조서는 00이 강압수사로 인하여 외포된 상태에서 이루어진 자백이므로 임의성이 없어 증거능력이 없다고 주장한다.",
            "피고인들은 00이 휴대폰 채팅으로 알게 된 0000 편의점에서 일하는 00이 라는 여자를 같이 만나러 가자고 했기 때문에, 함께 00을 찾으러 0000 일대의 편의점을 돌아다녔다고 주장한다.",
            "피고인들은 차량 번호판에 숫자 스티커와 반사 스티커를 붙인 이유에 관하여, 과속카메라에 단속되는 것을 피하기 위해서였다고 주장한다.",
            "피고인들은 렌트한 차량의 네비게이션 장치가 정상적으로 작동되지 않았다고 주장한다.",
            "00이 경찰에서 폭행 등의 강압수사를 당했다고 주장하고 있다.",
            "피고인은 00이 담배 등을 구입한 뒤 편의점에 들어가 00의 부탁을 받고 계산대 위에 놓인 담배 등을 가지고 갔을 뿐, 00이 거짓말한 것을 알면서 묵시적으로 00과 사기범행을 공모한 사실이 없다."
        ]
    },
    "facts": {
        "bsisFacts": [
            "피고인 00, 00는 각 2008. 9. 5. 수원지방법원 0000지원에서 강도상해죄 등으로 징역 3년 6월을 선고받아 안양교도소에서 그 형의 집행 중 2010. 10. 28. 가석방되어 2011. 3. 21. 그 가석방 기간을 경과하였다.",
            "피고인 00은 2004. 12. 8. 0000지방법원 서산지원에서 폭력행위 등 처벌에 관한 법률 위반 (야간집단·흉기등공갈)죄 등으로 징역 1년 6월에 집행유예 3년을 선고받고, 그 집행유예기간 중인 2006. 4. 13. 0000지방법원 서산지원에서 특정범죄가중처벌등에관 한법률위반(절도)죄로 징역 장기 3년, 단기 2년을 선고받았다.",
            "2006. 9. 14. 그 판결이 확정됨으로써 위 집행유예가 실효되어 위 각 형의 집행 중 2010. 2. 26. 가석방되어 2010. 8. 22. 가석방기간을 경과하였다.",
            "피고인 전 은 2004. 12. 8. 0000지방법원 서산지원에서 폭력행위 등 처벌에 관한 법률 위반(야간집단·흉기 등 공갈)죄로 징역 1년 3월에 집행유예 3년을 선고받았다.",
            "그 집행 유예기간 중인 2006. 4. 13. 0000지방법원 서산지원에서 특정범죄 가중처벌 등에 관한 법률 위반(절도)죄로 징역 장기 2년 6월, 단기 2년을 선고받아 2006. 7. 8. 그 판결이 확 정됨으로써 위 집행유예가 실효되어 위 각 형의 집행 중 2009. 6. 30. 가석방되어 2009. 11. 7. 가석방기간을 경과하였다.",
            "피고인들은 피고인 00이 성인오락실 종업원으로 근무하면서 취득한 5만 원권 지폐 20장이 위조된 것임을 알면서 이를 사용하기로 마음먹고, 피고인 00은 손님을 가장하여 편의점에 들어가 담배를 구입한 후 거스름돈을 받아 나오는 역할을 하기로 하였다.",
            "피고인 00은 그 소유인 (차량번호)0 승용차를 운전하여 피고인 00이 편의점에서 물건을 구입하는 동안 인근에서 대기하고 있다가 피고인 00이 밖으로 나오면 위 차량에 태워 현장을 벗어나는 역할을, 피고인 00, 00 위 차량 안에 대기 하면서 만일의 상황에 대비하는 역할을 하기로 하면서, 취득한 위 위조지폐를 행사하기로 공모하였다.",
            "피고인들은 2012. 04. 20. 01 : 52경 0000에 있는 0에서 시가 2,700원 상당의 0 담배 1갑을 구입하면서 위조된 화폐번호 BLO132276L 5만원권 지폐 1장을 그 정을 모르는 편의점 종업원 00에게 그 대금 명목으로 지급하고 거스름돈 47, 300원을 교부받아 이를 행사하였다.",
            "피고인들은 위와 같이 공모하여, 전항과 같은 일시, 장소에서 담배를 구입하면서 위 와 같이 위조된 5만 원권 지폐를 진정한 지폐인 것처럼 지급하여 이에 속은 위 00로부터 피해자 00 소유인 시가 2,700원 상당의 0 담배 1갑과 거스름돈 47,300 원을 교부받았다.",
            "피고인들은 2012. 4. 21. 23 : 38경 0000에 있는 0 0000점에서 0 담배 1갑을 2,500원에 구입하면서 위조된 화폐번호 DL0039073K 5만 원권 지폐 1장을 그 정을 모르는 종업원인 00에게 그 대금으로 지급하고 거스름돈을 교부받았다.",
            "그때부터 2012. 4. 22. 02 : 18경까지 사이에 같은 방법으로 별지2 범죄일람표 순번 제1 내지 5, 7내지 9항 각 기재와 같이 8회에 걸쳐 위조지폐 8장을 각 행사하였다.",
            "2012. 4. 22. 02 : 18경까지 사이에 같은 방법으로 별지 2 범죄일람표 순번 제1 내지 5, 7 내지 9항 각 기재와 같이 8회에 걸쳐 합계 40만 원 상당의 금품을 교부받았고, 같은 표 순번 제6항 기재와 같이 5만 원 상당의 금품을 교부받으려다 편의점 종업원이 위조지폐라는 것을 알아채는 바람에 그 뜻을 이루지 못하고 미수에 그쳤다.",
            "피고인 00은 2012. 3. 14. 01 : 50경 0000에 있는 피해자 00이 운 영하는 000에서 그곳 종업원인 00에게, 거래가 정지된 신용카드를 제시하는 등물품대금을 지급할 의사와 능력이 있는 것처럼 행세하면서, \"내 이름은 이고 전화번호는 (전화번호)인데, 근처에서 카드도박장을 한다. 금팔찌를 맡겨 놓고 잠시 후 다시 와서 결제할 테니 일단 물건을 외상으로 달라.\"고 거짓말하였다.",
            "그러나 위 금팔찌는 시가 2만 원 상당의 도금팔찌였고, 피고인은 편의점으로 돌아와서 물건대금을 결제할 의사가 전혀 없었다.",
            "피고인은 위와 같이 강을 기망하여 이에 속은 강으로부터 즉석에서 피해자 소유인 0 등 담배 49보루, 0 카드 1개, 0카드 1개, 칼라 쇼핑백 3개 등 시가 합계 1, 359, 400원 상당의 물품을 교부받았다.",
            "피고인은 2012. 2. 중순경부터 2012. 3. 9. 17 : 55경까지 00이 운영하는 0000 터미널 건물 2층에 있는 상호를 알 수 없는 게임장에서, 사행성 유기기구인 0 게임이 실행되도록 개조된 0 게임기 40대가 그 곳에 설치된 사실을 알면서도 그곳을 찾은 불특정 다수의 손님들에게 위 게임기의 이용을 안내하였다.",
            "손님들이 획득한 상품권 숫자가 화면에 나타나면 상품권 숫자 1 당 10 %를 공제하여 4,500원에 환전해 주었다.",
            "이로써 피고인은 00의 사행성 유기기구를 이용한 사행행위 영업을 방조하였다.",
            "피고인은, 판시 제2. 가. 3)항과 같은 일시, 장소에서 00이 위와 같이 거짓말하는 것을 알면서도 묵시적으로 00과 공모하여 00의 거짓말에 속은 편의점 종업 원인 강으로부터 판시 물품을 교부받았다."
        ]
    },
    "dcss": {
        "courtDcss": [
            "이 법원이 적법하게 채택하여 조사 한 증거들을 종합하여 알 수 있는 아래와 같은 사정들을 종합하면, 피고인들은 판시 제1의 가항 범행을 공동으로 실현하려는 의사로 00과 공모하여 위 범행에 가담하였던 것으로 판단된다.",
            "피고인들과 그 변호인의 이 부분 주장은 받아들이지 아니한다.",
            "피고인들과 00이 이 사건 범행에 앞서 청색테이프로 차량 번호판을 가렸던 것과 편의점 부근이 한산하였음에도 불구하고 피고인들의 차량이 편의점으로부터 떨어 진 곳에서 00을 하차시키고 그곳에서 대기하고 있다가 00이 범행을 마치자마자 편의점앞으로 급히 이동하여 00을 태우고 그곳을 떠난 것은, 모두 피고인들이 이 사건 범행의 발각을 피하기 위한 일련의 행동으로 판단된다.",
            "늦은 밤 사람의 왕래가 많은(피고인들도 당시 금요일 저녁이어서 나이트클럽에 사람이 많았다고 진술하였다.)나이트클럽 인근에서 차량 번호판의 일부에 청색테이프를 붙이 는 것은 다른 사람들의 눈에 쉽게 띄는 행동인데다가 그것이 오히려 사람들로 하여금 더 큰 범죄의 의심을 불러일으킬 수 있는 점 등에 비추어 볼 때, 피고인들의 주장은 쉽게 납득하기 어렵다.",
            "00이 하차하기 전 피고인 00으로부터 모자를 빌려 쓰고 안경을 써서 (00은 평소 안경을 쓰지 않는다.)변장하였던 점에 비추어 볼 때, 차량 안에 있으면서 이러한 상황을 알았을 피고인들은 00이 위조지폐 사용 등의 범행을 저지를 것을 예상하면서 대기하고 있었던 것으로 판단된다.",
            "피고인들은 00과 000 동창생들로서 오랜 기간 같은 동네에서 친구 사이로 지냈고, 판시 전과사실 등을 포함하여 여러 차례 함께 범죄행위를 저질러 형사처벌을 받기도 하였다.",
            "이러한 관계에 비추어 피고인들은 이 사건 범행 당시 00과 함께 차량에탑승하면서 00이 범죄의 실행을 결행하는데 기여했던 것으로 판단된다.",
            "구체적으로 피고인 00은 차량을 운전하여 범행장소로 이동하거나, 범행도구인 모자를 빌려주었고, 피고인 00, 피고인 전은 차량 안에 대기하면서 만일의 상 황에 대비하는 역할을 함으로써 각각 00의 범죄실행에 결정적으로 기여하였다.",
            "00이 이 법정에서 자신에 대한 검찰 피의자신문조서의 진정성립을 인정하였고, 그밖에 위 피의자신문조서의 내용, 자백에 이르게 된 경위, 00의 지능 정도, 범죄전력 등을 종합하면, 00이 검찰에서 강압수사를 받았거나, 경찰에서 강압수사를 받아 사실과 다르게 자백하였고 그러한 심리상태가 검찰까지 지속되었다는 등의 자백의 임의성을 부정할 만한 사정이 없다고 판단된다.",
            "00에 대한 검찰 피의자신문조서는 증거능력이 인정된다.",
            "위 인정사실과 이 법원이 적법하게 채택하여 조사한 증거들을 종합하여 알 수 있는 아래와 같은 사정들을 종합하면, 피고인들은 판시 제1의 가항 범행과 마찬가지로 판시 제1의 나항 범행도 공동실현의 의사로 00과 공모하여 위 범행에 가담하였던 것으로 판단된다.",
            "피고인들과 그 변호인의 이 부분 주 장도 받아들일 수 없다.",
            "피고인들과 00이 함께 차를 타고서 한밤중에 약 2시간 40분 동안 0000 일대에서 불특정 다수의 편의점을 돌아다니면서 00이 위조지폐로 담배 1갑씩을 사가지고 나오거나 사려고 했던 행동은, 피고인들과 00이 위조지폐를 사용하여 금품을 편취하기 위한 목적에서만 자연스럽게 이해될 수 있다.",
            "그러나 4명의 남성이 면식도 없는데다가 0000의 어느 편의점에서 일하는지조차 모르는 여성을, 아무런 약속도 없이 한밤중에 만나기 위하여 0000 일대의 편의점을 돌아다녔다는 주장은 상식적으로 이해하기 어렵다.",
            "피고인들과 00이 이 사건 범행에 앞서 차량을 렌트하고, 렌트한 차량 번호판에 숫자 스티커와 반사 스티커를 붙였으며, 0000으로 내려갈 때 톨게이트가 없는 국도를 이용한 것 등은 모두 피고인들과 00이 이 사건 범행의 적발을 피하기 위하여 사전에 계획했다는 것을 단적으로 보여준다.",
            "이처럼 범행수법을 강화함으로써 피고인들과 00은 판시 제1의 가항 범행에 비하여 보다 긴 시간 동안 광범위한 지역에서 여러 차례 범행을 저지를 수 있었던 것으로 보인다.",
            "피고인 00에게 (차량번호)0 승용차가, 피고인 00에게 판시 제1의 가항의 0 승용차가, 피고인 00에게(차량번호)0 승용차가 있었음 에도 불구하고 피고인들이 10만 원 가량의 렌트비를 들여 별도의 차량을 렌트한 이유에 관하여는, 이 사건 범행을 용이하게 하기 위한 목적 외에 달리 합리적인 설명이 곤란하다.",
            "일반적으로 차량 렌트시 네비게이션 장치가 정상적으로 작동하는지 여부는 렌트하는 사람의 입장에서 주요 관심사인데, 피고인들이 렌트 당시 네비게이션 옵션비를 추가로 지출하였을 뿐만 아니라, 렌트계약서 점검사항에도 별다른 이상이 나타나 있지 않은 점 등에 비추어 보면, 당시 네비게이션 장치에 문제가 있었다고 보이지도 않는다.(2012년 형제16074호의 증거기록 323쪽).",
            "피고인들이 당진으로 올라 올 때는 번호판에서 스티커를 떼어내고 고속도로로 이동하였던 점 등에 비추어 보면, 피고인들의 주장은 믿기 어렵다.",
            "이러한 00의 계속적으로 반복되는의 심스러운 행동에 비추어 볼 때, 함께 차량에 탑승했던 피고인들이 00의 위조지폐 사용 등의범행을 몰랐다는 것은 상식적으로 납득할 수 없다.",
            "한편 반납된 렌트카의 조수석 손잡이 부근에서 위조지폐가 발견되었는데, 00 은 이 사건 범행 당시 뒷좌석에만 타고 있었고 조수석에 탄 적이 없으므로, 이는 피고 인들 중 누군가가 위조지폐를 그곳에 집어넣었다고 보는 것이 자연스럽다.",
            "과거의 범행 전력, 이 사건 범행을 위해 준비된 위조지폐의 수량 및 실제 취득 액수(유흥비로 쓰기에 적지않은 돈이다.), 이 사건 범행의 난이도(컬러프린트 된 위조지폐를 편의점 종업원에게 제시하고 거스름돈을 받는 정도에 불과하다.), 이 사건 범행은 모두 가족이나 직장이 없는 00이 직접 실행한 점 등에 비추어 볼 때, 피고인들에게 이 사건 범행의 동기도 충분히 존재한다.",
            "피고인들은 00과 000 동창생들로서 오랜 기간 같은 동네에서 친구 사이로 지냈고, 판시 전과사실 등을 포함하여 여러차례 함께 범죄행위를 저질러 형사처벌을 받기도 하였다.",
            "구체적으로 피고인 00는 차량을 렌트하여 범행장소까지 운전하였고, 피고 인 00은 범행 후 차량을 운전하여 범행 장소인 0000을 벗어나게 하였으며, 피고인 전은 차량 안에 대기하면서 만일의 상황에 대비하는 역할을 함으로써 각각 00 의 범죄실행에 결정적으로 기여하였다.",
            "00이 이 법정에서 자신에 대한 각 검찰 피의자신문조서의 진정성립을 인정하면서, \"검찰에서 강압수사는 없었지만, 조사가 빨리 끝나기 원했기 때문에 거짓말을 했다.\" 고 진술하고 있는 점(제3회 공판조서 중 증인 00의 진술기재)을 알 수 있다.",
            "00이 검찰에서 조사받을 때 피고인들과 공모한 사실을 모두 인정하면서도 그 경위에 관하여는 진술을 바꾸기도 하였는데, 그 내용에 비추어 볼 때 이는 00이 이 사건 피고인들 중 유일하게 구속된 상태에서 조사를 받으면서 심경의 변화를 일으켜 자발적으로 진술을 바꾼 것으로 보이는 점을 알 수 있다.",
            "이 법원의 대전둔산경찰서에 대한 사실조회결과(00은 유치인주의사항 및 인권침해 면담서에서 폭행 및 가혹행위 등 행위를 받은 사실이 없으므로 청문감사관의 인권침해 면담을 원하지 않는다고 표시하였다.) 및 증인 00의 증언 등에 비추어 볼 때 00의 주장은 믿을 수 없고 그밖에 경찰에서 강압수사가 이루어졌다고 볼 자료도 없는 점을 알 수 있다.",
            "위 각 피의자신문조서의 내용, 자백에 이르게 된 경위, 00의 지능 정도, 범죄전력 등을 종합하면, 00이 검찰에서 강압수사를 받았거나, 경찰에서 강압수사를 받아 사실과 다르게 자백을 하였고 그러한 심리상태가 검찰까지 지속되었다는 등 자백의 임의성을 부정할 만한 사정이 없다고 판단된다.",
            "00에 대한 각 검찰 피의자신문조서는 증거능력이 인정된다.",
            "먼저 사법경찰관 작성의 피고인 00에 대한 피의자신문조서는 피고인이 이 법정에서 그 내용을 부인하고 있고, 사법경찰관 작성의 00에 대한 피의자신문조서는 피고인이 이 법정에서 그 내용을 부인하는 취지로 증거로 함에 부동의하고 있으므로 각각 증거 능력이 없다."
        ]
    },
    "close": {
        "cnclsns": [
            "피고인 00을 징역 3년, 피고인 00, 00, 00 을 각 징역 2년에 처한다. ",
            "압수된 별지1 목록 기재 각 압수물을 피고인 00으로부터 각 몰수한다. ",
            "이 사건 공소사실 중 피고인 00에 대한 자동차관리법위반의 점, 2012. 3. 14. 자 사기의 점은 각 무죄"
        ]
    }
}