{
    "info": {
        "caseField": "2",
        "detailField": "6",
        "trailField": "1",
        "caseNm": "상습사기,전자금융거래법위반,전기통신사업법위반,배상명령신청",
        "courtNm": "인천지방법원 부천지원",
        "judmnAdjuDe": "2019. 06. 13.",
        "caseNo": "2019고단1169,2019초기261,2019초기298,2019초기393",
        "relateLaword": [
            "전기통신사업법 제95조",
            "형법 제351조",
            "형법 제347조",
            "전자금융거래법 제49조 ",
            "전자금융거래법 제6조",
            "전기통신사업법 제32조",
            "형법 제35조",
            "형법 제37조 ",
            "형법 제38조 ",
            "형법 제50조",
            "형법 제48조",
            "소송촉진 등에 관한 특례법 제25조",
            "소송촉진 등에 관한 특례법 제31조"
        ],
        "qotatPrcdnt": []
    },
    "concerned": {
        "acusr": "4",
        "dedat": "1"
    },
    "org": {
        "orgJdgmnCourtNm": "",
        "orgJdgmnAdjuDe": "",
        "orgJdgmnCaseNo": ""
    },
    "disposal": {
        "disposalform": "6",
        "disposalcontent": [
            "피고인을 징역 2년 6월에 처한다.\n\n",
            "압수된 증 제1 내지 11호를 몰수한다.\n\n",
            "피고인은 배상신청인 2에게 사기 피해금 35만 원을, 배상신청인 1에게 사기 피해금 30만 원, 배상신청인 배상신청인 3에게 사기 피해금 60만 원을 각 지급한다.",
            "위 배상명령은 각 가집행할 수 있다."
        ]
    },
    "mentionedItems": {
        "rqestObjet": [
            "피고인은 상습으로 피해자들을 기망하여 재물을 교부받고 전자금융거래의 접근매체를 양도하거나 양수하는 것이 금지되었음에도 공소외 44명의 000계좌 통장 및 체크카드를 양수하였으며 자금을 제공하는 것을 조건으로 타인 명의로 전기통신역무의 제공에 관한 계약을 체결하는 이동통신단말장치를 개통하여 그 이동통신단말장치에 제공되는 전기통신역무를 이용하였다."
        ]
    },
    "assrs": {
        "acusrAssrs": [],
        "dedatAssrs": []
    },
    "facts": {
        "bsisFacts": [
            "피고인은 2019.1.14.경 인터넷 포털 사이트 000에서 제공하는 '0' 카페에 접속하여 \"공소외 42 콘서트 입장권을 판매합니다\" 라는 글을 작성하여 이를 보고 연락한 피해자 공소외 43에게 그림판 프로그램을 이용하여 허위로 작성한 콘서트 입장권 주문내역을 전송해주고 위 입장권을 판매하겠다고 거짓말을 하였다.",
            "그러나 사실 피고인은 위 콘서트 입장권을 가지고 있지 않았기 때문에 위 피해자로부터 돈을 송금 받더라도 이를 판매할 의사나 능력이 없었다.",
            "피고인은 이와 같이 피해자를 기망하여 이에 속은 피해자로부터 피고인 명의의 000계좌(계좌번호 1 생략)으로 판매대금 명목으로 240,000원을 송금 받은 것을 비롯하여 그 무렵부터 2019.3.30.경까지 별지 범죄일람표 기재와 같이 총 74회에 걸쳐 피해자들로부터 콘서트 입장권 판매대금 명목으로 합계 23,123,500원을 송금 받았다.",
            "이로써 피고인은 상습으로 피해자들을 기망하여 재물을 교부받았다.",
            "누구든지 전자금융거래의 접근매체를 양도하거나 양수하는 행위를 하여서는 아니 된다.",
            "피고인은 2019.3.경 0000 이하 주소불상의 주택가에서 위 1항의 범행에 이용할 목적으로 000 메신저를 이용하여 성명불상자에게 대포통장 구매의사를 밝히고 800,000원을 입금한 후 공소외 44 명의 000계좌(계좌번호 2 생략)의 통장 및 체크카드를 택배로 수령하였다.",
            "이로써 피고인은 전자금융거래 접근매체인 통장 및 체크카드를 양수하였다.",
            "누구든지 자금을 제공 또는 융통하여 주는 조건으로 다른 사람 명의로 전기통신역무의 제공에 관한 계약을 체결하는 이동통신단말장치를 개통하여 그 이동통신단말장치에 제공되는 전기통신역무를 이용하거나 해당 자금의 회수에 이용하는 행위를 하여서는 아니 된다.",
            "피고인은 수사기관 등의 추적을 피하고자 성명불상자로부터 타인 명의의 휴대폰을 구입하여 위 1항의 범행 중 사용하기로 마음먹고, 2019.1.말경 000 사이트를 통해 알게 된 성명불상자로부터 공소외 1 명의로 개설된(휴대전화번호 생략)휴대폰 USIM 칩 1개를 600,000원을 주고 구입하였고, 구입한 USIM 칩을 자신이 소지 중인 0 휴대폰에 부착하여 2019.2.17.부터 2019.4.2.까지 이를 사용하였다.",
            "이로써 피고인은 자금을 제공하는 것을 조건으로 타인 명의로 전기통신역무의 제공에 관한 계약을 체결하는 이동통신단말장치를 개통하여 그 이동통신단말장치에 제공되는 전기통신역무를 이용하였다."
        ]
    },
    "dcss": {
        "courtDcss": [
            "피고인은 잘못을 인정하고 있다.",
            "피고인은 2018.12.28.출소 후 한 달도 지나지 않아 다시 중고거래 사기 범행을 반복적으로 저질렀고, 자신의 명의로 6개의 전화번호를 개통하고, 타인 명의 계좌와 유심칩을 구매하여 사기 범행에 사용하는 등 계획적으로 범행을 하였는바, 범행수법이 불량하다.",
            "피고인은 그동안 수차례 사기죄 및 상습사기죄로 처벌받고, 특히 상습사기죄로 2차례 실형 전력이 있음에도 교화되지 않았다.",
            "도저히 개전의 정이 없다.",
            "총 74명의 피해자가 발생하였고, 피해액은 합계 23,123,500원이다.",
            "피해회복이 되지 않았다.",
            "피고인은 수사기관에서 편취금의 상당 부분을 □□□□□ 도박에 사용했다고 진술한다.",
            "이처럼 수차례의 실형 선고에도 불구하고 교화되지 않고 반복적으로 범행을 저지르는 피고인에 대해서는 상당 기간 사회와 격리하여 사회의 안전을 도모할 필요성이 있다."
        ]
    },
    "close": {
        "cnclsns": [
            "피고인을 징역 2년 6월에 처한다.",
            "압수된 증 제1 내지 11호를 몰수한다.",
            "피고인은 배상신청인 2에게 사기 피해금 35만 원을, 배상신청인 1에게 사기 피해금 30만 원, 배상신청인 배상신청인 3에게 사기 피해금 60만 원을 각 지급하라.",
            "위 배상명령은 각 가집행할 수 있다."
        ]
    }
}