{
    "info": {
        "caseField": "2",
        "detailField": "6",
        "trailField": "1",
        "caseNm": "특정경제범죄가중처벌등에관한법률위반(사기) 피고인A에대하여인정된죄명:특정경제범죄가중처벌등에관한법률위반(사기)방조 도로교통법위반(음주운전)",
        "courtNm": "서울중앙지방법원",
        "judmnAdjuDe": "2019. 05. 10.",
        "caseNo": "2018고합551",
        "relateLaword": [
            "특정경제범죄 가중처벌 등에 관한 법률 제3조",
            "형법 제347조",
            "형법 제30조",
            "구 도로교통법(2018 3. 27. 법률 제15530호로 개정되기 전의 것) 제148조",
            "구 도로교통법(2018 3. 27. 법률 제15530호로 개정되기 전의 것) 제44조"
        ],
        "qotatPrcdnt": [
            "대법원 2001. 11. 9. 선고 2001도4792 판결",
            "대법원 2000, 4. 7. 선고 2000도576 판결",
            "대법원 2008. 9. 11. 선고 2007도6706 판결",
            "대법원 2005. 4. 29. 선고 2003도6056 판결",
            "대법원 2012. 8. 23. 선고 2011도12639 판결 ",
            "대법원 2017. 1. 12. 선고 2016도15470 판결\n",
            "대법원 2017. 12. 22. 선고 2017도12649 판결",
            "대법원 2018. 9. 13. 선고 2018도7658, 2018전도54, 55, 2018보도6, 2018모2593 판결",
            "대법원 2001. 9. 4. 선고 2001도3081 판결"
        ]
    },
    "concerned": {
        "acusr": "4",
        "dedat": "1"
    },
    "org": {
        "orgJdgmnCourtNm": "",
        "orgJdgmnAdjuDe": "",
        "orgJdgmnCaseNo": ""
    },
    "disposal": {
        "disposalform": "6",
        "disposalcontent": [
            "피고인 B을 판시 제1죄에 대하여 징역 1년에, 판시 제2죄에 대하여 벌금 1,500,000원에, 피고인 A를 징역 1년에, 피고인 C를 징역 4년에 각 처한다.",
            "피고인 B이 위 벌금을 납입하지 아니하는경우 100,000원을 1일로 환산한 기간 피고인 B을 노역장에 유치한다.",
            "다만 피고인 B에 대하여 이 판결확정일부터 2년간 위 징역형의 집행을 유예한다.",
            "압수된 휴대폰 (000, 증 제2호증) 1대를 피고인 B으로부터 몰수한다."
        ]
    },
    "mentionedItems": {
        "rqestObjet": [
            "피고인 B, C는 K, M와 공모하여 피해자를 기망하여 이에 속은 피해자로부터 시가 합계9억 792만원 상당의 J 주식 8만 7,300주를 교부받아 취득하였고, 피고인 A는 M, K, 피고인 B, C의 사기범행을 용이하게 함으로써 이를 방조하였다.",
            "피고인 B은 술에 취한 상태에서 Y 0 승용차를 운전하였다."
        ]
    },
    "assrs": {
        "acusrAssrs": [],
        "dedatAssrs": [
            "피고인 00는 00과 00으로부터, '피고인 00이 주식을 매수하는 데 필요한 자금 5억 원을 투자금 명목으로 전달하라'는 지시를 받아 피고인 00에게 위 5억 원을 전달하였고, 자신이 대표이사로 있는 000은 피고인 00과 실제로 투자계약을 체결하였다. ",
            "그 후 피고인 00는 피고인 00으로부터 '이 사건 주식을 매도하라'는 요청을 받고 매도담보대출의 형식으로 이 사건 주식을 처분하였으며, 피고인 00과의 투자계약에서 정한 바에 따라 피고인 00에게 실제로 피고인 00 몫에 해당하는 수익금 2억 248만 200원을 지급하였다.",
            "따라서 피고인 00는 피고인 00에게 교부한 위 5억 원이 주식담보대출에 사용된다는 점과 나아가 위 5억 원이 주식담보대출을 가장한 범죄사실 제1항 기재와 같은 사기범행(이하 '이 사건 사기범행'이라고 한다)에 사용된다는 점을 인식하지 못하였다.",
            "결과적으로 피고인 00는 00, 00, 피고인 00, 00와 이 사건 사기범행을 공모하지 않았고, 피고인 00에게 편취의 범의도 없었다. ",
            "설령 피고인 00가 이 사건 사기범행에 가담하였다고 하더라도 방조범으로서의 죄책을 질 뿐이다.",
            "사건 투자계약서에는 투자금액이 5억 원이라고 기재되어 있고, 피고인 00는 '이 사건 투자계약서상의 금액인 5억 원을 피고인 00에게 교부하였다'고 주장한다.",
            "피고인 00는 00로부터 피해자가 요청한 주식담보대출 의뢰를 받고서 00에게 이를 전달하였을 뿐, 00, 00와 피고인 00, 00의 이 사건 사기범행을 용이하게 한다는 인식이 없었고, 이 사건 사기범행을 용이하게 할만한 행위도 하지 않았으므로, 이 사건 사기범행을 방조하지 않았을 뿐만 아니라 이 사건 사기범행에 관한 방조의 고의도 없었다.",
            "한편 피고인 00와 변호인은, '피고인 00, 00가 피해자로부터 이 사건 주식을 담보로 제공받아 보관하고 있다가 임의로 매각하여 처분한 것이므로, 횡령죄로 의율할 수 있을 뿐 사기죄로 의율할 수 없다'는 취지로 주장한다.",
            "피고인 00는 00로부터 피해자의 주식담보대출 의뢰를 받고서 이것을 00에게 전달하였을 뿐, 00 등과 이 사건 사기범행을 공모한 사실이 없고, 이 사건 사기범행에 가담하지도 않았다. ",
            "따라서 피고인 00는 이 사건 사기범행에 관하여 공동정범의 죄책을 지지 않는다."
        ]
    },
    "facts": {
        "bsisFacts": [
            "피고인 00은 2017. 5. 18. 서울고등법원에서 마약류관리에관한법률위반(향정)죄 등으로 징역 3년에 집행유예 5년을 선고받아 2017. 5. 26. 위 판결이 확정되었고, 2017. 9. 6. 서울중앙지방법원에서 자본시장과금융투자업에관한법률위반죄로 징역 1년에 집행유예 2년을 선고받아 2017. 9. 14. 위 판결이 확정되었다.",
            "피고인 00는 2015. 10. 하순 일자불상경 00, 00, 00을 거쳐 00를 통하여, 피해자 00가 000(이하 'OOO'라고 한다)가 보유한 OOO(이하 'OOO'이라고 한다)을 매수하기 위한 자금을 제3자로부터 대출받아 OOO을 매수하되, 매수한 주식을 즉시 대출금 채무에 대한 담보로 제공하려고 한다는 사실을 알게 되었다. ",
            "이어 00에게 위 주식담보대출(이하 '주식담보대출'이라고 한다)을 의뢰하였고, 00은 위 대출 요청을 수락하였다. ",
            "00은 평소 친분이 있던 00을 통해 대출금을 마련하면서 00이 시키는 대로 하라는 취지의 00의 지시를 받은 피고인 00로 하여금 위 대출금을 가지고 주식담보대출 현장에 가서 피해자로부터 OOO의 주권을 담보로 교부받게 되면 약정과는 달리 즉시 명의개서한 후 처분하도록 하고, 00로 하여금 주식담보대출 현장에서 대출자 역할을 할 이른바 바지를 세우도록 하였다.",
            "이에 00는 다른 범죄사실로 수배 중이어서 부산에서 도피생활을 하던 피고인 00에게 '일이 있으니 0000로 와라. 용돈을 챙겨주겠다. 사인만 하면 된다. 인감도장, 신분증을 챙겨 와라'는 취지로 말하여 피고인 00으로 하여금 서울로 오도록 하였다.",
            "한편 00, 00는 대출자가 누구인지 모르는 상태에서 2015. 10. 29. 오전 시간불상경 OOO 담보대출계약 약속장소인 서울 강남구 사거리 부근 0(이하 'O'라고 한다)에서 피해자와 00를 만난 후 대출자가 오기를 기다렸으나 대출자가 제때 오지 않아 대출계약이 무산될 상황이 되었다. ",
            "이에 00는 같은 날 10:30경 피고인 00에게 연락하여 '대출금이 오지 않으면 피해자가 간다고 하는데 와서 대출금을 보여주었으면 좋겠다'는 취지의 말을 하였다. ",
            "그러자 피고인 00는 00에게 다시 연락을 하여 위와 같은 상황을 전달하였으며, 00으로부터 '주식담보대출 현장에 나가 수표를 보여 달라'는 취지의 요청을 받아 그 요청을 수락하였다.",
            "결국 피고인 00는 00에 의하여 이루어지는 주식담보대출계약이 정상적인 주식담보대출계약이 아닐 수 있다는 사정을 인식하였다. ",
            "10억 원 상당의 수표를 마련하여 배우자인 00과 함께 자신의 000 차량을 타고 O 부근 00000으로 갔고, 그곳에서 00으로 하여금 0에서 내려 00에게 10억 원 상당의 수표를 보여주도록 했다.",
            "그러면서 '의뢰인들이 많이 기다리고 있으니 안심시켜라. 이 수표는 자금력이 있음을 보여주기 위해서 가져온 것이고, 다른 사람이 돈을 가지고 올 것이다'라는 취지의 말을 하였으며, 00과 00는 O로 돌아가 피해자, 00에게 대출자가 올 것이라고 말하며 함께 기다렸다.",
            "피고인 00는 00의 지시에 따라 2015. 10. 29. 오전 시간불상경 대출금을 수표로 마련한 후 피해자, 00, 00, 00가 기다리고 있는 위 O에 도착하여 피해자에게 대출금을 보여주었으나, 직접 대출계약을 체결하지는 않고 대출계약을 체결할 사람이 오기를 기다렸다.",
            "피고인 00은 00의 지시에 따라 2015. 10. 29. 오전 시간불상경 0000에서 출발하여 같은 날 12:20경 서울 강남구 00000 뒤편에 도착하여 00를 만났고, 00는 피고인 00에게 피고인 00의 전화번호를 알려주며 '00이사라는 사람이고, 전화하면 이 사람이 알아서 할 거다. 가만히 앉아만 있어라. 앞의 차를 타고 가라'는 취지로 말하여 피고인 00으로 하여금 00이 운전하는 000 차량을 타고 약속장소인 O에 가도록 하였다.",
            "그 후 피고인 00은 O에 도착하여 피해자, 00, 00와 피고인 00를 만난 다음, 피해자와 사이에 '대출금 4억 7,350만 원(선이자 2,350만 원), 담보물 OOO 8만 7,300주, 변제기 1개월 후', '본 대출금 상환 시 채권자는 채무자에게 본 대출 원리금과 거래비용 등을 제외한 담보주식을 온전히 반환할 의무를 진다' 등을 내용으로 하는 '대출약정서'를 작성하였고, 피해자 등과 함께 위 0사거리 부근 000 사무실로 이동하였다. ",
            "그곳에서 피고인 00는 위 대출금 중 선이자를 공제하고 교부하기로 되어 있던 4억 5,000만원 상당의 수표를 피고인 00에게 교부하고, 피고인 00은 이를 그대로 피해자에게 전달하였으며, 피고인 00는 피해자로부터 그가 000로부터 매수한 위 OOO 8만 7,300주의 주권을 교부받았다.",
            "피고인 00, 00는 2015. 10, 29. 오후 시간불상경 위와 같이 피해자에게 대출금을 교부하고 피해자로부터 OOO의 주권을 담보로 교부받은 다음, 00, 00, 피고인 00가 있는 이 사거리 부근 상호불상의 카페로 갔고, 그곳에서 00은 피고인 00에게 'OOO에 가서 명의개서하라'는 취지로, 00는 피고인 00에게 '피고인 00와 함께 가서 명의개서를 하라'는 취지로 각각 지시하였다.",
            "그리하여 피고인 00, 00는 OOO에 위치한 000(이하 'OOO'이라고 한다)증권대행부에 가서 OOO에 관하여 피고인 00 명의로 명의개서를 하였고, 피고인 00는 V에 있는 000(이하 'OOO'이라고 한다)에 가서 위 OOO을 000(이하 'OOO'이라고 한다)명의의 증권계좌에 입고하여 매도담보대출을 받는 방법으로 위 주식을 모두 처분하였다.",
            "그러나 피고인 00, 00는 피해자로부터 담보로 교부받는 주식을 즉시 처분하여 그 대금을 취득하려고 하였을 뿐 이를 위 대출약정서 내용과 같이 1개월간 보관하고 향후 피해자에게 반환할 의사나 능력이 없었다.",
            "그럼에도 피고인 00, 00는 00, 00와 공모하여 마치 담보로 교부받는 OOO을 1개월간 보관할 것처럼 피해자를 기망하여 이에 속은 피해자로부터 시가 합계 9억 792만 원 상당의 OOO 8만 7,300주를 교부받아 취득하였고, 피고인 00는 피해자와 피고인 00 사이의 OOO담보대출계약이 무산되지 않도록 도와주는 등의 방법으로 00, 00, 피고인 00, 00의 사기범행을 용이하게 함으로써 이를 방조하였다.",
            "피고인 00은 2018. 3. 23. 07:31경 혈중알콜농도 0.085%의 술에 취한 상태에서 0를 운전하여 서울 송파구 0에서부터 같은 구 0까지 약 300m를 진행하였다.",
            "00은 OOO의 실질적인 대표이고, 피고인 00는 00의 요구에 따라 위 OOO의 형식적인 대표이사로 등재된 자이며, 00은 OOO의 이사로 등재된 자이다.",
            "피고인 00는, 00, 00, 피고인 00, 00가 피해자로부터 담보 명목으로 교부받은 이 사건 주식을 즉시 처분하여 그 대금을 취득하려고 하였을 뿐 이 사건 주식을 다시 피해자에게 반환할 의사가 없음을 알면서도 00, 00, 피고인 00, 00와 공모하여 마치 담보로 교부받은 이 사건 주식을 1개월간 보관할 것처럼 피해자를 기망하여 이에 속은 피해자로부터 시가 9억 792만 원 상당의 이 사건 주식 8만 7,300주를 교부받았다."
        ]
    },
    "dcss": {
        "courtDcss": [
            "형법 제30조의 공동정범은 2인 이상이 공동하여 죄를 범하는 것으로서, 공동정범이 성립하기 위하여는 주관적 요건인 공동가공의 의사와 객관적 요건인 공동의사에 의한 기능적 행위지배를 통한 범죄의 실행사실이 필요하다.",
            "공동가공의 의사는 공동의 의사로 특정한 범죄행위를 하기 위하여 일체가 되어 서로 다른 사람의 행위를 이용하여 자기의 의사를 실행에 옮기는 것을 내용으로 하는 것인바(대법원 2001. 11. 9. 선고 2001도4792 판결 등 참조), 이러한 공동가공의 의사는 타인의 범행을 인식하면서도 이를 제지하지 아니하고 용인하는 것만으로는 부족하다(대법원 2000, 4. 7. 선고 2000도576 판결 등 참조).",
            "반드시 사전에 치밀한 범행계획의 공모에까지 이를 필요는 없으며 공범자 각자가 공범자들 사이에 구성요건을 이루거나 구성요건에 본질적으로 관련된 행위를 분담한다는 상호이해가 있으면 충분하다고 할 것이다(대법원 2008. 9. 11. 선고 2007도6706 판결 참조).",
            "앞서 살펴본 사실에다가 검사가 제출한 증거들에 의하여 인정되는 아래와 같은 사정들을 종합할 수 있다. ",
            "피고인 00는 범죄사실에 기재된 공범 중 최소한 00과 피고인 00이 이 사건 사기범행에 가담한다는 사실을 인식한 상태에서 이 사건 주식담보대출약정의 체결, 이 사건 주식의 명의개서 및 처분, 수익금 정산업무 등 이 사건 사기범행의 실행행위 대부분에 직접 관여함으로써 이 사건 사기범행의 구성요건을 이루거나 구성요건에 본질적으로 관련된 행위를 분담하였다고 봄이 상당하다. ",
            "따라서 피고인 00는 이 사건 사기범행의 공동정범으로서의 죄책을 면할 수 없고, 이와 다른 전제에선 피고인 00와 변호인의 주장은 받아들일 수 없다.",
            "피고인 00는 2018. 8. 31. 열린 제2회 공판기일에서 공소장 변경 전의 공소사실24)에 대하여 '공소사실을 인정하지만 주식담보대출 사실을 사전에 계획하고 공모하지 않았고, 현장에 나가서 알게 된 상황이며, 피해를 회복할 것이고, 잘못을 뉘우치고 있다'는 취지로 진술한 바 있다.",
            "2018. 10. 26. 열린 제6회 공판기일에 증인으로 출석하여 \"그 현장에서는 주식매수자금투자가 아니라 주식담보대출 건이라는 것을 충분히 인지하셨지요.\" 라는 검사의 질문에 대하여 \"나중에 피고인 00이 늦게 오고 상황을 보면서 어느 정도 인지를 할 수 있었습니다.\"",
            "\"그런데 저도 돈을 빌려서 갔기 때문에 손해도 있고 해서 그때 멈췄어야 되는데 멈추지 못해 지금 이런 사단이 발생한 것 같습니다.\" 라고 대답하기도 하였다.",
            "비록 피고인 00가 그 이후에 자신은 피고인 00에게 제공한 자금을 주식매수자금에 대한 투자금으로 알았고, 주식담보대출에 제공되는 대출금이라는 사실을 몰랐다는 취지로 그 진술을 번복하였으나, 이 사건 변론 종결시까지도 그 진술 번복의 이유에 관하여 납득할 만한 설명을 하지 못하고 있다. ",
            "그리고 검사가 제출한 증거들에 의하여 알 수 있는 다음과 같은 사정들까지 더하여 보면, 피고인 00가 이 사건 주식담보대출약정 체결 당시 자신이 현장에 가져온 자금이 주식담보대출에 제공되는 대출금이라는 사실을 알고 있었다고 충분히 인정할 수 있다.",
            "누가 이 사건 주식담보대출약정서(수사기록 제8면)를 가지고 왔는지, 누가 현장에서 대출조건에 관한 설명을 하였는지 등에 관하여 피해자, 00, 00 및 피고인 00, 00의 진술이 서로 일치되지는 않으나, 적어도 피고인 00가 피해자와 피고인 00 사이에 주식담보대출약정이 체결되는 현장에 동석하여 그 내용을 알 수 있었다는 사정에 대하여는 피고인 00를 제외한 나머지 관련자들의 진술이 일치되어 있다.",
            "또한 적어도 이 사건 주식담보대출약정 현장에 있었던 피해자, 00, 00, 00와 피고인 00은 피해자가 원하던 주식담보대출을 성사시키기 위하여 O에 모였던 것이다. ",
            "피고인 00 역시 피고인 00이 O에 도착하기 전에 피해자와 00, 00에게 대출금으로 사용될 금원인 합계 4억 5,000만 원 상당의 수표들을 보여주기도 하였다.(피고인 00가 위 금원 또는 수표를 피고인 00에게 주식매수자금으로 투자할 금원으로 인식하고 있었다면, 굳이 피해자와 00, 00에게 위 수표들을 제시할 이유도 없다.)26)",
            "따라서 피고인 00가 이 사건 주식담보대출약정 현장에 함께 있었으면서도 피고인 00이 피해자와 사이에 주식담보대출약정을 체결하고 있음을 알아채지 못했다는 것은 일반인의 경험칙에 비추어 쉽사리 납득하기 어렵다.",
            "피고인 00가 본인이 준비한 자금을 피고인 00의 주식매수자금에 대한 투자금으로 인식하고 있었다면, 피고인 00과 만날 당시 주식매수자금의 투자에 관한 논의를 하였어야 할 것임에도 피고인 00, 00 사이에 주식매수자금투자에 관한 논의가 있었다고 볼만한 정황을 확인하기 어렵다.",
            "또한 피고인 00와 변호인의 주장대로라면 피고인 00이 피고인 00로부터 제공받은 자금으로 OOO 보유자인 000로부터 직접 이 사건 주식을 매수하면 될 것이다. ",
            "실제로는 피고인 00이 아닌 피해자가 사무실로 가 피고인 00가 피고인 00에게 준 합계 4억 5,000만 원의 수표들을 피고인 00으로부터 건네받아 000 측에 위 수표들이 정상적으로 발행된 사실을 확인해 준 후 위 수표들을 교부하고 000 측으로부터 먼저 이 사건 주식을 인도받아 피고인 00에게 교부하는 등으로 이 사건 주식의 매수인처럼 행동했다. ",
            "오히려 피고인 00은 소극적으로 피해자에게 수표들을 교부하고 피해자로부터 이 사건 주식의 주권만 인도받았다. ",
            "따라서 피고인 00와 변호인이 주장하는 주식인수투자는 이날 현장에서 이루어진 관여자들의 행위와도 부합하지 않는다.",
            "피고인 00와 변호인의 주식인수투자에 관한 주장을 피해자가 000로부터 매수하는 주식을 피고인 00이 피해자로부터 재차 매수하는 데 자금을 투자하는 것으로 선해하더라도, 피고인 00의 일방적인 진술 이외에는 피해자와 피고인 00 사이에 이 사건 주식의 매수 또는 인수에 관한 별도의 약정이 있었다고 볼만한 객관적 자료도 확인할 수 없어 결국 피고인 00와 변호인의 위와 같이 선해한 주장 또한 받아들이기 어렵다.",
            "피고인 00는 이 사건 주식담보대출약정 당시, 피해자와 00에게 자신이 자금을 대출해주는 회사의 자금집행이사로, 피고인 00이 대표이사로 사실과 다르게 소개된다는 사실을 알면서도27), 자신과 피고인 00의 실제 신분을 밝히지 않았다. ",
            "나아가 000 사무실 밖에서 00이 다른 일행에게 5,000만 원을 요구하였다가 그 요구가 거부당하여 경찰에 신고하겠다는 취지로 말하자 그 일행 중 피고인 00이 갑작스레 00을 피해 그 자리를 떠나는 것을 목격하기까지 하였다. ",
            "따라서 피고인 00는 이 사건 주식담보대출 전후의 상황이 정상적이지 않다는 사실을 충분히 인식하였던 것으로 보임에도, 00의 지시에 따라 계속적으로 이 사건 주식의 명의개서와 처분 등에도 주도적으로 관여하였다.",
            "피고인 00는 이 사건 주식담보대출약정의 체결 또는 대출금과 주권의 교환장소인 O나 000 사무실에 없어서 피해자와 피고인 00, 00가 주식담보대출약정을 체결하거나 대출금과 주권을 교환하는 데 직접 관여하지 않았다. ",
            "전화통화 등의 방법으로 피고인 00, 00에게 이에 관한 구체적인 지시를 한 정황도 확인할 수 없다(다만, 피고인 00가 00 또는 00의 부탁을 받고 이 사건 주식담보대출약정이 무산되는 것을 막기 위하여 O 부근에 나타나 00, 00에게 10억 원 상당의 수표를 보여준 적은 있다.",
            "그러나 다음과 같은 사정, 즉 피고인 00는 당일 대출금으로 사용될 자금 마련이 늦어지던 우연한 사정으로 인하여 당초 예정에 없던 행동을 하게 된 것으로 볼 수 있는 점, 피고인 00가 피해자 및 피해자와 같이 온 00에게 위 10억 원 상당의 수표를 직접 제시한 것은 아닌 점이 있다. ",
            "피고인 00는 00, 00에게 위 10억 원 상당의 수표는 그냥 보여주는 것이고, 대출금을 가지고 올 다른 사람이 올 것이다라는 취지의 말을 하였으므로, 00, 00으로서도 위 10억 원 상당의 수표가 대출금으로 사용될 돈이 아님을 인식하고 있었던 점 등에 비추어, 피고인 00가 위와 같은 행위를 하였다는 사실만으로는 이 사건 사기범행에 대한 방조행위를 넘어서 이 사건 사기범행에 대하여 본질적인 기여를 하였다고 평가하기는 어럽다).",
            "피고인 00가 피해자로부터 담보 명목으로 교부받은 이 사건 주식의 주권을 가지고 사거리 부근 카페에 도착하였을 당시 00이 피고인 00에게, 00가 피고인 00에게 이 사건 주식에 관한 명의개서를 할 것을 각각 지시하였을 뿐이다.",
            "나아가 피고인 00가 이 사건 주식의 명의개서 과정에 관여하였다고 볼만한 정황을 확인하기 어렵다(2019. 4. 5. 공소장변경이 허가된 공소사실 자체에 의하더라도 피고인 00는 위 당시 00, 00와 함께 00000 부근 카페에 자리잡고 있었을 뿐이어서 피고인 00가 명의개서와 관련하여 유의미한 행위를 하였다고 볼 수 없다)",
            "나아가 이 사건 주식을 매도담보대출의 방법으로 처분하라고 지시한 자는 00이고, 이 사건 주식 처분으로 인한 수익금을 배분하는 자리에 피고인 00가 참석한 사실도 없다.",
            "만일 피고인 00가 00, 00 또는 00과 공모하였거나 00, 00 또는 00의 배후에서 이 사건 사기범행을 조종하였다면 범죄수익에 해당하는 이 사건 주식 처분대금의 상당 부분을 취득하여야 함이 일반인의 경험칙에 부합할 것임에도 이 사건 주식 처분으로 인하여 발생한 수익금 7억 5,700만 원 상당 중 피고인 00가 그 무렵 분배받은 금원은 확인되지 않는다.",
            "피고인 00는 이 사건 주식담보대출약정이 성사된 당일 수고비 명목으로 00으로부터 1,000만 원 상당의 수표를 교부받기는 하였으나, 위 1,000만 원권 상당의 수표를 00에게 그대로 전달하였고, 최종적으로 00, 00, 00이 위 1,000만 원 상당의 수표를 나누어 가졌다.",
            "결과적으로 피고인 00가 수고비 명목으로 취득한 금원은 없다(설령 피고인 00의 위와 같은 행위를 피고인 00가 위 1,000만 원 상당의 수표를 취득한 후 00에게 소비한 것으로 평가할 수 있다. 공동정범이라면 범죄행위로 얻은 수익금 중 일부를 대가로 취득하는 것이 일반적이므로, 피고인 00가 수고비 명목의 금원만 교부받은 사실은 오히려 피고인 00가 이 사건 사기범행에서 본질적인 기여를 하였다고 보기 어려운 정황에 속한다).",
            "위에서 살펴본 바를 종합하면, 피고인 00가 범죄사실 제1항 기재와 같이 00, 00 및 피고인 00, 00의 행위를 용이하게 하는 방조에 그친 것이 아니라 이들의 행위를 이용하여 자신의 사기범행 의사를 실행에 옮기는 공동가공의 의사가 있었다.",
            "이 사건 사기범행에서 피고인 00가 차지하는 지위, 역할이나 범행 경과에 대한 지배나 장악력 등에 비추어 피고인 00가 단순한 공모자에 그치는 것이 아니라 범행에 대한 본질적 기여를 통한 기능적 행위지배가 있었다고 보기 어렵다.",
            "따라서 이 사건 공소사실 중 피고인 00에 대한 특정경제범죄가중처벌등에관한법류위반(사기)의 점은 범죄의 증명이 없는 경우에 해당하므로, 형사소송법 제325조 후단에 의하여 무죄를 선고하여야 하나, 위에서 살펴본 바와 같이 피고인 00에 대하여 이와 일죄 관계에 있는 특정경제범죄가중처벌등에관한법류위반(사기)방조죄를 유죄로 인정하는 이상 주문에서 따로 무죄를 선고하지 아니한다."
        ]
    },
    "close": {
        "cnclsns": [
            "피고인 00을 판시 제1죄에 대하여 징역 1년에 판시 제2죄에 대하여벌금 1,500,000원에 피고인 00를 징역 1년에 피고인 00를 징역 4년에 각 처한다.",
            "피고인 00이 위 벌금을 납입하지 아니하는 경우 100,000원을 1일로 환산한 기간 피고인 00을 노역장에 유치한다",
            "다만 피고인 00에 대하여 이 판결확정일부터 2년간 위 징역형의 집행을 유예한다",
            "압수된 휴대폰(0, 증 제2호증) 1대를 피고인 00으로부터 몰수한다",
            "피고인 00에 대하여 위 벌금에 상당한 금액의 가납을 명한다"
        ]
    }
}