{
    "info": {
        "caseField": "2",
        "detailField": "6",
        "trailField": "1",
        "caseNm": "사기, 사문서위조, 위조사문서행사",
        "courtNm": "창원지방법원",
        "judmnAdjuDe": "2014. 01. 28.",
        "caseNo": "2013고정1250",
        "relateLaword": [
            "형법 제231조",
            "형법 제234조",
            "형법 제347조",
            "형법 제37조",
            "형법 제38조",
            "형법 제50조",
            "형법 제70조",
            "형법 제69조",
            "형사소송법 제334조"
        ],
        "qotatPrcdnt": []
    },
    "concerned": {
        "acusr": "4",
        "dedat": "1"
    },
    "org": {
        "orgJdgmnCourtNm": "",
        "orgJdgmnAdjuDe": "",
        "orgJdgmnCaseNo": ""
    },
    "disposal": {
        "disposalform": "9",
        "disposalcontent": [
            "피고인을 벌금 200만 원에 처한다.",
            "피고인이 위 벌금을 납입하지 아니하는 경우 5만 원을 1일로 환산한 기간 피고인을 노역장에 유치한다.",
            "위 벌금에 상당한 금액의 가납을 명한다."
        ]
    },
    "mentionedItems": {
        "rqestObjet": [
            "피고인을 벌금 200만 원에 처한다.",
            "피고인이 위 벌금을 납입하지 아니하는 경우 5만 원을 1일로 환산한 기간 피고인을 노역장에 유치한다."
        ]
    },
    "assrs": {
        "acusrAssrs": [],
        "dedatAssrs": []
    },
    "facts": {
        "bsisFacts": [
            "피고인은 2011. 12 19. 0000에 있는 000 000에서 위 마트 화장실에서 습득한 B의 운전면허증을 이용하여 그곳에 비치딘 휴대전화 가입 신청서인 서비스 신규계약서 이름란에 \"B\", 주민등록번호란에 \"C\", 주소란에 \"0000 D\", 고객란에 \"B\" 라고 기재한 뒤 그 이름 옆에 서명하였다.",
            "이로써 피고인은 행사할 목적으로 권리의무에 관한 사문서인 서비스 신규계약서 1부를 위조하였다.",
            "피고인은 위와 같은 일시, 장소에서 그 위조 사실을 모르는 위 대리점 불상의 종업원에게 위와 같이 위조된 가입신청서인 서비스 신규계약서 1부를 마치 진정하게 성립된 것처럼 그 신규계약서를 교부하여 이를 행사하였다.",
            "피고인은 위와 같은 방법으로 개통한 피해자 B 명의의 휴대폰 1대를 교부받아 단말기 대금 및 사용요금 618,540원을 납부하지 않는 방법으로 동액 상당의 재산상 이익을 취득하였다."
        ]
    },
    "dcss": {
        "courtDcss": []
    },
    "close": {
        "cnclsns": [
            "피고인을 벌금 200만 원에 처한다.",
            "피고인이 위 벌금을 납입하지 아니하는 경우 5만 원을 1일로 환산한 기간 피고인을 노역장에 유치한다.",
            "위 벌금에 상당한 금액의 가납을 명한다."
        ]
    }
}