{
    "info": {
        "caseField": "2",
        "detailField": "6",
        "trailField": "1",
        "caseNm": "절도, 횡령, 사기",
        "courtNm": "수원지방법원",
        "judmnAdjuDe": "2017. 12. 22.",
        "caseNo": "2017고단6091",
        "relateLaword": [
            "형법 제329조, 형법 제355조 제1항, 형법 제347조 제1항",
            "형법 제37조 전단, 제38조 제1항 제2호, 제50조"
        ],
        "qotatPrcdnt": []
    },
    "concerned": {
        "acusr": "4",
        "dedat": "1"
    },
    "org": {
        "orgJdgmnCourtNm": "",
        "orgJdgmnAdjuDe": "",
        "orgJdgmnCaseNo": ""
    },
    "disposal": {
        "disposalform": "6",
        "disposalcontent": [
            "피고인을 징역 1년 6월에 처한다."
        ]
    },
    "mentionedItems": {
        "rqestObjet": [
            "피고인은 피해자들을 기망하여 재물을 편취하였다."
        ]
    },
    "assrs": {
        "acusrAssrs": [],
        "dedatAssrs": []
    },
    "facts": {
        "bsisFacts": [
            "피고인은 2013.9.2.08:30경 0000에 있는 0000터미널 인근의 상호를 알 수 없는 모텔 주차장에서 피고인의 동거녀인 피해자 C 소유의 D '0' 승용차 및 위 승용차 트렁크에 보관 중인 피해자 소유의 귀금속을 절취할 것을 마음먹고, ",
            "피해자에게 잠시 은행에 다녀온다고 말하여 피해자로부터 위 0 승용차 열쇠틀 받은 뒤 위 주차장에 주차된 위 0 승용차를 운전하였다.",
            "시가 미상의 위 0 승용차 및 위 0 승용차의 트렁크에 보관중인 피해자 소유인 시가 300만원 상당의 0 가방과 가방 안에 들어있던 피해자 소유인 10돈 짜리 골드바 3개 시가 합계 287만원 상당, ",
            "1돈짜리 순금반지 1개 시가20만 원 상당, 여성용 0 시계 1개 시가 2,000만원 상당, 백금목걸이 1개와 팔찌 1개 세트 시가500만원 상당, 스위스제 팔찌 및 목걸이 세트 시가 100만원 상당, 진주목걸이 1개 시가100만원 상당을 절취하였다.",
            "피고인은 2013.9.1.경 0000에 있는 상호를 알 수 없는 사우나 건물 앞길에 주차된 위 0 승용차 안에서 피해자로부터 '사우나에 들어가야 하는데 수표를 분실할 위험이 있으니 잠시 보관해 달라'는 취지의 부탁을 받았다.",
            "그리하여 피해자 소유의 1,000만 원 권 자기앞 수표 5매를 건네받아 피해자를 위하여 이를 보관하였다.",
            "그러던 중 같은 달 2.09:30경 0000에 있는 000 0000 지점에서 위 자기앞수표 5매롤 현금 1,000만 원으로 교환하고, 그 무렵 피고인의 유흥비 등에 임의로 사용하여 이를 횡령하였다.",
            "피고인은 2012, 9.일자불상경 0000에 있는 \"F식당\" 내에서 피해자 G, 피해자 H에게 \"지인이 운영하는 전당포에 자금을 투자하면 돈을 많이 벌 수 있다.돈을 빌려주면 10일에 10%, 20일에 20%의 이자로 돌려 주겠다\" 라고 거짓말하였다.",
            "피고인은 이와 같이 피해자들을 기망하여 이에 속은 피해자 G으로부터 2012.11.28.경 차용금 명목으로 피고인 명의 000 계좌 (I)로 13,900,000원, 피해자 H으로부터 25,000,000원 합계 38,900,000원을 교부받았다",
            "이로써 피고인은 피해자들을 기망하여 재물을 편취하였다"
        ]
    },
    "dcss": {
        "courtDcss": [
            "범죄사실에 대한 해당법조 및 형의 선택: 형법 제329조 (절도의 점), 형법 제355조 제1항 (횡령의 점), 각 형법 제347조 제1항 (사기의 점), 각 징역형 선택",
            "이 사건 절취품, 횡령이득금, 편취금이 상당한 규모인 점, 그럼에도 불구하고 현재까지도 피해자들의 피해회복이 전혀 이루어지지 않은 점, 피고인은 위 금원을 유흥비와 도박자금으로 탕진한 것으로 보이는 점 등을 감안한다.",
            "피해자 C의 경우 이사하는 날 전세보증금으로 돌려받은 1,000만원권 자기앞수표 5매 등을 비롯하여 거의 전 재산에 해당하는 판시 범죄사실 기재 물품 등을 피고인으로부터 절취당하는 심각한 피해를 입은 점 등을 감안하여 볼 때, 피고인에 대한 엄중한 처벌이 불가피하다."
        ]
    },
    "close": {
        "cnclsns": [
            "피고인을 징역 1년 6월에 처한다."
        ]
    }
}