{
    "info": {
        "caseField": "2",
        "detailField": "6",
        "trailField": "1",
        "caseNm": "강제추행",
        "courtNm": "서울중앙지방법원",
        "judmnAdjuDe": "2013. 04. 30.",
        "caseNo": "2012고정1603",
        "relateLaword": [
            "형법 제298조",
            "형법 제306조",
            "형사소송법 제233조",
            "형사소송법 제327조"
        ],
        "qotatPrcdnt": []
    },
    "concerned": {
        "acusr": "4",
        "dedat": "1"
    },
    "org": {
        "orgJdgmnCourtNm": "",
        "orgJdgmnAdjuDe": "",
        "orgJdgmnCaseNo": ""
    },
    "disposal": {
        "disposalform": "10",
        "disposalcontent": [
            "이 사건 공소를 기각한다."
        ]
    },
    "mentionedItems": {
        "rqestObjet": [
            "피고인은 0000(주소생략) ㅇㅇㅇ유흥주점 지하 1층 3호실 내에서 주점 종업원인 피해자 00(여, 20세)의 옆에 앉아 이야기를 하던 중 피해자의 배부분을 주무르듯이 만져 피해자를 강제로 추행하였다."
        ]
    },
    "assrs": {
        "acusrAssrs": [],
        "dedatAssrs": []
    },
    "facts": {
        "bsisFacts": [
            "피고인은 2011.11.12.12:30경 0000 (주소 생략)0 내에서 주점 종업원인 피해자 00(여, 20세)의 옆에 앉아 이야기를 하던 중 피해자의 배부분을 주무르듯이 만져 피해자를 강제로 추행하였다."
        ]
    },
    "dcss": {
        "courtDcss": [
            "이 사건 공소사실은 형법 제298조에 해당하는 죄로서 같은 법 제306조에 따라 피해자의 고소가 있어야 공소를 제기할 수 있는바,기록에 의하면 피해자는 이 사건 공소제기 이전인 2012.2.16.피고인과 공범관계에 있는 공소외인에 대하여 고소를 취소한 사실을 인정할 수 있다."
        ]
    },
    "close": {
        "cnclsns": [
            "고소 취소의 효력은 형사소송법 제233조에 의하여 공소외인의 공범인 피고인에게도 미치므로 형사소송법 제327조 제5호에 의하여 이 사건 공소를 기각한다."
        ]
    }
}