{
    "info": {
        "caseField": "2",
        "detailField": "6",
        "trailField": "1",
        "caseNm": "사기, 여신전문금융업법위반, 절도",
        "courtNm": "서울서부지방법원",
        "judmnAdjuDe": "2015. 12. 30.",
        "caseNo": "2015고단2785",
        "relateLaword": [
            "형법 제329조",
            "형법 제347조",
            "여신전문금융업법 제70조",
            "형법 제37조",
            "형법 제38조",
            "형법 제50조",
            "형법 제62조",
            "형법 제62조의2"
        ],
        "qotatPrcdnt": []
    },
    "concerned": {
        "acusr": "4",
        "dedat": "1"
    },
    "org": {
        "orgJdgmnCourtNm": "",
        "orgJdgmnAdjuDe": "",
        "orgJdgmnCaseNo": ""
    },
    "disposal": {
        "disposalform": "8",
        "disposalcontent": [
            "피고인을 징역 6월에 처한다.",
            "다만, 이 판결 확정일로부터 2년간 위 형의 집행을 유예한다."
        ]
    },
    "mentionedItems": {
        "rqestObjet": [
            "피고인을 징역 6월에 처한다.",
            "다만, 이 판결 확정일로부터 2년간 위 형의 집행을 유예한다."
        ]
    },
    "assrs": {
        "acusrAssrs": [],
        "dedatAssrs": []
    },
    "facts": {
        "bsisFacts": [
            "피고인은 2015.10.31.12:50경 0000에 있는 D 음식점에서, 피해자 E와 함께 술을 마시다가 피해자가 휴대전화와 지갑을 탁자 위에 올려놓고 잠시 자리를 비우자 그 틈을 이용하여, 피해자 소유인 주민등록증 1장, 피해자 명의의 000 체크카드 1장, 피해자의 어머니인 F 명의의 000 신용카드 1장이 들어있는 지갑 1개와 피해자 소유의 000 휴대전화 1개를 손에 들고 나갔다.",
            "이로써 피고인은 피해자의 재물을 절취하였다.",
            "피고인은 2015.10.31.13:01경 0000에 있는 피해자 H이 운영하는 I 편의점에서, 물건을 구입하면서 그 대금 결제를 위해 위와 같이 절취한 F 명의 000 신용카드를 제시하면서 마치 자신이 정당한 사용자인 것처럼 행세하는 방법으로 편의점 종업원을 기망하여 시가 4,500원 상당의 담배 1갑을 교부받아 이를 편취하였다.",
            "그때부터 같은 날 13:25경까지 같은 방법으로 별지 범죄일람표 기재와 같이 총 6회에 걸쳐 합계 479,500원 상당의 물건을 받아 재물을 취득하고, 위와 같이 절취한 위 F 명의 신용카드를 부정사용하였다."
        ]
    },
    "dcss": {
        "courtDcss": [
            "피고인은 2013.5.15.전주지방법원 군산지원에서 사기죄 등으로 징역 8월에 집행유예 2년을 선고받은 전력이 있는 점, 동종의 절도죄로 인한 벌금형 전과가 위 판결 이전에도 3차례, 위 판결 이후 집행유예 기간 중에도 2회 있는 점, 그러함에도 반성하지 아니하고, 다시 이 사건 범행에 나아간 점 등에 비처어 엄중한 처벌이 필요하다고 할 것이다.",
            "피고인이 실질적이 피해자 E와 원만히 합의한 점, 피고인의 건강상태가 좋지 아니한 것으로 보이는 점, 일정 기간 구금생활을 통하여 반성의 기회를 가진 점 등을 참작하여 주문과 같이 형을 정한다."
        ]
    },
    "close": {
        "cnclsns": [
            "피고인을 징역 6월에 처한다.",
            "다만, 이 판결 확정일로부터 2년간 위 형의 집행을 유예한다.",
            "피고인에게 보호관찰을 받을 것을 명한다."
        ]
    }
}