{
    "info": {
        "caseField": "2",
        "detailField": "6",
        "trailField": "1",
        "caseNm": "횡령",
        "courtNm": "의정부지방법원",
        "judmnAdjuDe": "2017. 12. 18.",
        "caseNo": "2017고단4872",
        "relateLaword": [
            "형법 제355조"
        ],
        "qotatPrcdnt": []
    },
    "concerned": {
        "acusr": "4",
        "dedat": "1"
    },
    "org": {
        "orgJdgmnCourtNm": "",
        "orgJdgmnAdjuDe": "",
        "orgJdgmnCaseNo": ""
    },
    "disposal": {
        "disposalform": "6",
        "disposalcontent": [
            "피고인을 징역 1년에 처한다."
        ]
    },
    "mentionedItems": {
        "rqestObjet": [
            "피고인을 징역 1년에 처한다. "
        ]
    },
    "assrs": {
        "acusrAssrs": [
            "피고인은 134,216,250원을 횡령하였다."
        ],
        "dedatAssrs": [
            "피고인과 피해자들이 동업자금 중 각 15,279,229원씩을 나눠 갖기로 하고 그에 따라 D에게 15,279,229원을 지급하기로 하였으므로 이 사건 횡령금액인 134,216,250원 중 15,279,229원은 횡령한 것이 아니다."
        ]
    },
    "facts": {
        "bsisFacts": [
            "피고인은 2013.11.경 피해자 C, 피해자 D과 동업으로 부동산 분양 대행 사업을 영위하기로 하고, 그 무렵 주식회사 E과 0000에 있는 F 신축 건물에 대한 분양 대행계약을 체결하였다.",
            "피고인과 피해자들은 주식회사 E으로부터 분양 대행 용역대금을 지급받을 경우, 직원들에게 지급할 분양 대행 수수료 등의 사업비용을 정산하고 남은 수익금을 1/3씩 균분하여 나눠 갖기로 약정하였다.",
            "피고인은 2016.2.5.경 주식회사 E으로부터 분양 대행 용역대금으로 205,000,000원을 처인 G 명의의 계좌로 송금 받아 피해자들을 위하여 보관하던 중 2016.2.5.경 그 중 1,400,750원을 피고인 명의의 000 계좌로 함부로 이체하여 그 무렵 개인적인 용도로 사용하였다.",
            "별지 범죄 일람표 기재와 같이 그 때부터 2016.3.6.까지 50회에 걸쳐 134,216,250원을 피고인 명의의 계좌로 이체하여 개인적인 용도로 사용하거나 도박 자금 등으로 임의 소비하였다."
        ]
    },
    "dcss": {
        "courtDcss": [
            "범죄사실에 대한 해당법조: 형법 제355조 제1항(포괄하여)이다.",
            "피고인과 피해자들 전부 사이에 정산 합의가 있었다고 인정할 만한 자료가 없는 점 등을 종합하여 보면, 피고인의 주장은 이유 없다."
        ]
    },
    "close": {
        "cnclsns": [
            "피고인을 징역 1년에 처한다."
        ]
    }
}