{
    "info": {
        "caseField": "2",
        "detailField": "6",
        "trailField": "1",
        "caseNm": "개인정보보호법위반",
        "courtNm": "서울중앙지방법원",
        "judmnAdjuDe": "2016. 01. 08.",
        "caseNo": "2015고단510",
        "relateLaword": [
            "개인정보보호법 제15조 ",
            " 개인정보보호법 제17조",
            "개인정보보호법 제72조",
            " 개인정보보호법 제59조",
            "정보통신망이용촉진및정보보호에관한법률 제24조의2",
            "개인정보보호법 제26조 ",
            "정보통신망이용촉진및정보보호에관한법률 제25조",
            "형사소송법 제325조 ",
            "형법 제58조"
        ],
        "qotatPrcdnt": [
            "대법원 2014. 2. 27. 2013도10461 판결",
            "대법원 2011. 7. 14. 선고 2011도1960 판결"
        ]
    },
    "concerned": {
        "acusr": "4",
        "dedat": "2"
    },
    "org": {
        "orgJdgmnCourtNm": "",
        "orgJdgmnAdjuDe": "",
        "orgJdgmnCaseNo": ""
    },
    "disposal": {
        "disposalform": "10",
        "disposalcontent": [
            "피고인들은 각 무죄.",
            "피고인 1, 피고인 2, 피고인 3, 피고인 4, 피고인 5, 피고인 6의 부정한 방법에 의한 개인정보 취득 관련 개인정보보호법위반의 공소사실에 대하여 검사가 제출한 증거만으로는 이를 인정하기에 부족하고, 달리 이를 인정할 증거가 없다.",
            "피고인들에 대한 판결의 요지를 공시한다."
        ]
    },
    "mentionedItems": {
        "rqestObjet": [
            "피고인은 피고인의 대표자, 종업원이 그 법인의 업무에 관하여 거짓이나 그 밖의 부정한 수단이나 방법으로 개인정보를 취득하고 처리(제3자 제공)에 관한 동의를 받았다.",
            "피고인은 피고인의 종업원이 그 법인의 업무에 관하여 정보주체 또는 정보통신이용자의 동의를 받지 아니한 피고인 9 회사회원정보를 제3자인 공소외 1 회사와 공소외 2 회사에게 임의로 제공하였다.",
            "피고인 8은 정보주체 또는 이용자의 동의를 받지 아니한 피고인 9 회사 고객의 회원정보를 제3자 정보제공에 관한 동의가되어 있지 않다는 사정을 잘 알면서도 회사의 영리 목적으로 피고인 9 회사 보험서비스팀장 피고인 4 등으로부터 제공받았다."
        ]
    },
    "assrs": {
        "acusrAssrs": [],
        "dedatAssrs": [
            "피고인들이 이용자의 동의가 없는 상태에서 그 개인정보가 담겨 있는 데이터베이스를 공소외 1 회사와 공소외 2 회사에 제공한 것은 사실이나, 이는 정보주체의 동의가 필요한 개인정보의 제3자 제공에 해당하는 것이 아니다.",
            "개인정보 데이터베이스 중 보험마케팅에 필요한 대상자를 미리 선별하는 피고인 9 회사의 업무를 위 보험회사에 처리위탁한 것에 불과하므로 정보주체의 동의가 필요 없고, 피고인들의 위와 같은 행위는 죄가 되지 않는다"
        ]
    },
    "facts": {
        "bsisFacts": [
            "피고인 9 회사는 1999.5.경 000상점의 개발과 운영 등을 비롯한 물류·유통 등을 목적으로 설립된 회사로서 전국적으로 139개의 대형마트, 286개의 직영점(익스프레스), 8개의 물류유통센터, 인터넷 쇼핑몰 등을 운영하고 있으며, 점포 또는 피고인 9 회사 인터넷 홈페이지 등을 통하여 위 회사의 물품 판매, 서비스 제공과 관련한 회원정보 및 경품이벤트 행사와 관련한응모고객 정보를 수집·관리·제공하는 등의 처리업무를 수행하고 있다.",
            "피고인 9 회사는 수집한 회원정보 및 경품행사 응모고객 정보를 보험모집을 원하는 여러 보험회사에 유상으로 임의 판매하는 방법으로 영업이익을 극대화하려는 영업방침에 따라, 2002년경 일반상품부문 산하에 신유통서비스본부를 설치하고, 신유통서비스본부 내의 보험서비스팀으로 하여금 수집한 회원정보 및 경품행사 응모고객 정보판매 등의 업무를 전담하게 하였다.",
            "한편(예: 2013년 보험서비스팀의 개인정보 판매 관련 순이익 174억 원, 2014년 보험서비스팀의 개인정보 판매 관련 순이익 목표금액214억 원), 2004년경부터 계속하여 패밀리카드 가입을 통한 회원정보를 수집하고(현재까지 회원정보 약 1,800만 건), 2009년경부터 경품이벤트 행사를 개최하여 지속적으로 응모고객 정보를 수집(응모고객 정보 약 1,200만 건)하고 있다.",
            "피고인 1은 1999년경부터 피고인 9 회사에서 근무하면서 2008년경부터 2011년 8월경까지 피고인 9 주식회사의 대표이사를, 2013년 5월경부터 현재까지 피고인 9 회사의 대표이사를 각각 맡아, 피고인 9 회사의 업무 전반을 관리하고, 보험서비스팀이 소속된 신유통서비스본부의 실적 등을 보고받고 관리하여 왔다.",
            "피고인 2는 1999년경부터 피고인 9 회사에 근무하면서 2009년 4월경부터 2012년 8월경까지 피고인 9 회사의 신유통서비스본부가 소속된 일반상품부문을 담당하는 부사장을 맡아 피고인 9 회사의 신유통부문의 업무 전반을 관리하고, 보험서비스팀의 실적 등을 보고받고 관리하여 왔다.",
            "피고인 3은 2002년경 피고인 9 회사에 입사하여 2002년 8월경부터 소매금융팀 팀장으로, 2006년경부터 현재까지 신유통서비스본부 본부장으로 각각 근무하면서, 보험서비스팀을 비롯한 신유통부문의 업무 전반을 관리하였고, 피고인 1, 피고인 2에게 신유통서비스본부의 실적, 현안 등을 수시로 보고하여 왔다.",
            "피고인 4는 2008년경 피고인 9 회사에 입사하여 2010년 5월경부터 2011년 7월경까지 보험서비스팀 생명보험 파트장으로, 2011년7월경부터 2013년 5월경까지 보험서비스팀 팀장으로 각각 근무하였다.",
            "그러면서, 점포 또는 피고인 9 회사 인터넷 홈페이지 등을 통하여 보험서비스팀 패밀리카드 가입 회원정보 및 경품행사 응모고객 정보를 수집하고, 위와 같이 수집한 패밀리카드 가입 회원정보 및 경품행사 응모고객 정보를 여러 보험회사에 유상으로 판매하는 일을 담당하였다.",
            "피고인 5는 2001년경 피고인 9 회사에 입사하여 2013년 5월경부터 2013년 12월경까지 보험서비스팀 팀장으로 근무하면서, 점포 또는 피고인 9 회사 인터넷 홈페이지 등을 통하여 패밀리카드 가입 회원정보 및 경품행사 응모고객 정보를 수집하고, 위와 같이 수집한 패밀리카드 가입 회원정보 및 경품행사 응모고객 정보를 여러 보험회사에 유상으로 판매하는 일을 담당하였다.",
            "피고인 6은 2001년경 피고인 9 회사에 입사하여 2013년 12월경부터 보험서비스팀 팀장으로 근무하면서, 점포 또는 피고인 9 회사인터넷 홈페이지 등을 통하여 패밀리카드 가입 회원정보 및 경품행사 응모고객 정보를 수집하고, 위와 같이 수집한 패밀리카드가입 회원정보 및 경품행사 응모고객 정보를 여러 보험회사에 유상으로 판매하는 일을 담당하였다.",
            "공소외 1 주식회사(이하, '공소외 1 회사'라고 한다.)는 1987년 생명보험 판매 등을 목적으로 미국 ○○○그룹 소속의 공소외 1 회사 한국지사로 설립되어 2004.6.1.공소외 1 회사로 법인화된 회사로, 위 회사의 보험가입과 관련한 회원정보 및 텔레마케팅 영업과 관련한 대상자 정보를 수집·관리·제공하는등의 처리업무를 수행하고 있다.",
            "공소외 1 회사는 생명보험 등의 보험가입 유치를 위해 다양한 기업과 제휴관계를 통해 개인정보를 수집하고, 위와 같이 제휴사 등으로부터 수집한 개인정보를 이용하여 서울, 대구, 광주, 부산 등에 소재한 콜센터에 소속된 5,600명 규모의 텔레마케터 등 텔레마케팅 영업판매조직을 통해 고객들과 접촉하여 고객들로 하여금 공소외 1 회사가 판매하는 보험에 가입하게 하고 있다.",
            "피고인 7은 2008년 4월경 공소외 1 회사에 입사하여 2011년 10월경부터 2014년 5월경까지 제휴마케팅팀 차장으로 근무하면서, 제휴사들로부터 개인정보를 취득하여 텔레마케팅 영업판매 조직에 배분하여 보험모집 영업에 사용하도록 하는 업무를 담당하였다.",
            "공소외 2 주식회사(이하, '공소외 2 회사'라고 한다)는 1990.1.4.경 생명보험, 연금보험 판매 등을 목적으로 설립된 회사로서 전국적으로 210개의 지점을 운영하고 있으며, 위 회사의 보험 가입과 관련한 회원정보 및 텔레마케팅 영업과 관련한 대상자 정보를 수집·관리·제공 등의 처리 업무를 수행하고 있다.",
            "공소외 2 회사는 생명보험 등의 보험가입 유치를 위해 다양한 기업과 제휴관계를 통해 개인정보를 수집하고 있고, 위와 같이 제휴사등으로부터 수집한 개인정보를 이용하여 콜센터에 소속된 텔레마케터 등 텔레마케팅 영업판매조직을 통해 고객들과 접촉하여 고객들로 하여금 공소외 2 회사가 판매하는 보험에 가입하게 하고 있다.",
            "피고인 8은 2006년경 공소외 2 회사에 입사하여 2006년 9월경부터 2012년 9월경 및 2013년 6월경부터 현재까지 제휴마케팅팀 차장으로 근무하면서 제휴사들로부터 개인정보를 취득하여 텔레마케팅 영업판매 조직에 배분하여 보험모집 영업에 사용하도록하는 업무를 담당하여 왔다.",
            "피고인 9 회사는 2000년경부터 영국 본사인 테스코의 보험영업을 벤치마킹하여 피고인 9 회사 패밀리카드 회원을 모집하면서 회원정보를 수집하였고, 2003년경부터 개인정보의 제3자 제공에 동의한 고객들에 대한 정보를 제휴카드사업자에게 제공하기 시작하였으며, 2007년경부터는 보험사에 고객들의 개인정보를 판매하였다.",
            "피고인 9 회사는 2009.10.1.경 공소외 1 회사, 2010.6.17.경 공소외 2 회사와 피고인 9 회사 고객들의 개인정보를 1건당 1,980원에 판매하기로 하는 업무제휴약정을 체결하였다.",
            "피고인 9 회사는 2009년경부터 고객들에 대한 경품행사를 시작하였는데 그 주요 목적은 고객들의 매장방문을 유도하여 매출을 증대시키고 경품 당첨을 기대하고 응모하는 고객들로부터 개인정보를 취득하여 이를 보험회사에 대가를 받고 판매하는 것이었다.",
            "피고인들은 경품응모권 용지에 약 1mm 정도의 크기로 「개인정보 수집·이용목적」란에 '경품 추첨 및 발송' 및 '보험 마케팅을 위한 정보 제공'을 기재하고, 개인정보 제3자 제공의 「제공받는자」란에 공소외 1 회사, 공소외 2 회사 등 각종 보험회사를 기재하였으며, 「이용목적」란에 '생명, 손해보험상품 등의 안내를 위한 전화, SMS 등 마케팅자료로 활용됩니다.'라고 기재하였다."
        ]
    },
    "dcss": {
        "courtDcss": [
            "개인정보보호법 제17조는 개인정보처리자가 정보주체의 동의를 받을 때 정보주체에게 알려야 하는 사항으로 ① 개인정보를 제공받는 자, ② 개인정보를 제공받는 자의 개인정보 이용 목적, ③ 제공하는 개인정보의 항목, ④ 개인정보를 제공받는 자의 개인정보 보유 및 이용 기간, ⑤ 동의를 거부할 권리가 있다는 사실 및 동의 거부에 따른 불이익의 내용 등을 열거하고 있다.",
            "즉, 개인정보보호법은 개인정보처리자가 취득한 개인정보를 제3자에게 제공하는 경우 그 제3자, 제공받는 정보의 내용 및 그 이용목적을 정보제공자에게 고지할 것을 요건으로 규정하고 있으나 그 개인정보를 제3자에게 유상으로 제공하는지 여부를 고지하도록 하고 있지는 않다.",
            "개인정보를 처리하거나 처리하였던 자는 거짓이나 그밖의 부정한 수단이나 방법으로 개인정보를 취득하거나 처리에 관한 동의를 받는 행위를 하여서는 아니 된다(개인정보보호법 제72조 제2호, 제59조 제1호).",
            "여기서 '거짓 그밖의 부정한 수단·방법'이라 함은 법에 따른 절차에 의해서는 정보주체로부터 그 개인정보를 취득하거나 처리에 관한 동의를 받을 수 없음에도 이를 취득 또는 처리에 관한 동의를 받기 위하여 행하는 위계 기타 사회통념상 부정한 방법이라고 인정되는 것으로서 그 의사결정에 영향을 미칠 수 있는 적극적 및 소극적 행위를 뜻한다고 봄이 상당하다.(대법원 2014.2.27.2013도10461 판결 참조)",
            "그러므로 개인정보처리자가 정보제공자에게 어떠한 사실을 고지하지 않은 채 정보제공의 동의를 얻은 행위가 거짓이나 그밖의 부정한 수단, 방법에 해당하기 위하여는 개인정보처리자가 정보제공의 동의를 받음에 있어 정보제공자에게 그 사실을 고지하여야 할 의무가 있어야 할 것이다.",
            "앞서 인정한 사실에 따르면, 피고인들이 제공한 응모권에는 ① 개인정보를 제공받는 자로 공소외 1 회사, 공소외 2 회사 등을, ② 개인정보를 제공받는 자의 개인정보 이용 목적으로 생명, 손해보험상품 등의 안내를 위한 전화 등을 기재하고 있다.",
            "③ 제공하는 개인정보의 항목으로 성명, 전화번호, 자녀수, 주민등록번호, 휴대폰번호 등을, ④ 개인정보를 제공받는 자의 개인정보 보유 및 이용 기간, ⑤ 동의를 거부할 권리가 있다는 사실 및 동의 거부에 따른 불이익의 내용 등을 기재하고 있는바, 피고인들은 개인정보보호법 제17조에 열거된 고지의무를 다하였다고 판단된다.",
            "또한, 이 법원이 적법하게 채택하여 조사한 증거에 의하면, 피고인들은 피고인 9 회사의 온라인 및 오프라인 매장에서 상품을 구매하지 않은 고객들에게도 경품 응모의 기회를 부여하였고, 위 경품행사에서 응모한 고객들 중 약 30% 정도는 개인정보의 제3자 제공에 동의하지 아니 하여 경품 추첨 대상에서 배제된 사실을 인정할 수 있다.",
            "위 사실에 비추어 볼 때 고객들의 입장에서도 경품에 당첨될 기회를 얻으려면 자신의 개인정보가 보험회사의 영업에 사용될 것이라는 점을 인식하고 그 제공에 동의하였다고 봄이 상당하다.",
            "따라서 피고인들이 고객들의 개인정보를 보험회사 등에 유상으로 제공한다는 사실을 고지하지 않은 채 고객들로부터 정보제공의 동의를 받았다고 하더라도 그것을 거짓이나 그밖의 부정한 수단이나 방법을 사용한 것으로 볼 수는 없다.",
            "검사가 제출한 증거에 의하면 피고인들이 제작하여 고객들에게 제공한 경품응모권에 기재된 동의 관련 사항에 관한 글자의 크기가 약 1mm정도인 사실이 인정되나, 그 정도의 글자 크기가 사람이 읽을 수 없는 정도라고 단정할 수 없다.",
            "한편 이 법원이 적법하게 채택하여 조사한 증거에 의하면, 피고인들은 경품행사 당시 응모함 바로 옆에 실제 응모권의 약 4배에 해당하는 응모권확대사진을 부착하기도 하였으며, 온라인 경품행사의 경우에는 응모자가 컴퓨터 화면으로 응모권의 내용을 확대하여 볼 수도 있는 사실, 실제 다른 각종 응모행사에서도 이 사건 응모권의 글자크기가 많이 통용되고 있는 사실 등을 인정할 수 있다.",
            "위 인정사실에 비추어 보면 피고인들이 고객들로부터 정보제공동의를 받기 위하여 일부러 글자크기를 1mm정도로 작게 하여 그 내용을 읽을 수 없도록 한 것으로 보기 어렵다.",
            "따라서 피고인들이 경품행사 응모권의 글자크기를 1mm 정도로 작게 기재한 것을 거짓 그밖의 부정한 수단이나 방법 에 해당한다고 볼 수 없다.",
            "피고인들이 경품행사에 사용한 응모권에는 제공하는 개인정보의 항목으로 성명, 전화번호, 자녀수, 주민등록번호, 휴대폰번호 등이 기재되어 있고, 위 항목에 대한 정보를 제공하지 않을 경우 경품 추첨에서 배제된다는 문구가 기재되어 있는 사실은 앞서 본바와 같다.",
            "한편 피고인들이 개인정보를 보험회사 등에 제공할 목적으로 이 사건 경품행사를 시행하였고, 위 응모권 제3자 제공의 목적란에 생명, 손해보험상품 등의 안내를 위한 전화 등 보험마케팅을 위한 자료로 활용된다는 취지의 문구가 기재되어있는 사실도 이미 인정한 바와 같다.",
            "응모자의 생년월일, 자녀수 등은 개인정보 제3자 제공의 목적인 보험마케팅에 필요한 범위 내의 정보라고 봄이 상당하고, 피고인들이 고객들로부터 이러한 정보의 수집에 동의하도록 한 것을 들어 거짓 그밖의 부정한 수단이나 방법 에 해당한다고 볼 수 없다.",
            "이 법원이 적법하게 채택하여 조사한 증거에 의하여 인정되는 다음과 같은 사정을 종합하여 보면, 검사가 제출한 증거만으로는 피고인들이 경품행사에 응모하는 고객들을 기망하는 방법으로 개인정보를 수집하거나 제3자 제공에 동의를 받게 하였다는 점을 인정하기에 부족하고, 달리 이를 인정할 증거가 없다.",
            "피고인 9 회사의 보험서비스팀 직원이던 공소외 6은 2013년 12월경 실시한 '다이아몬드가 내린다'.경품행사를 시행할 당시 상사인 피고인 6에게 \"1등 당첨자가 연락이 안 되는데, 경품을 지급하지 않는 것이 어떠냐.\" 라는 취지로 제의하였으나, 피고인 6은 이를 거절한 적이 있다.",
            "그러므로 피고인 1, 피고인 2, 피고인 3, 피고인 4, 피고인 5, 피고인 6의 부정한 방법에 의한 개인정보 취득 관련 개인정보보호법 위반의 공소사실에 대하여 검사가 제출한 증거만으로는 이를 인정하기에 부족하고, 달리 이를 인정할 증거가 없다.",
            "개인정보보호법과 정보통신망법에서 정보주체의 동의 없이도 개인정보를 제3자에 제공하게 할 수 있도록 한 입법 취지는 많은 기업이 개인정보처리자 또는 정보통신서비스 제공자로서 개인정보와 관련한 업무를 외부 업체에 아웃소싱을 통하여 처리해야 할 현실적 필요성을 감안하고, 정보주체의 개인정보 자기결정권을 침해하지 않는 범위 내에서 개인정보의 처리를 제3자에게 위탁하는 것을 허용한 데에 있는 것으로 보인다.",
            "개인정보의 제3자 제공은 그 제3자의 업무(예컨대, 이 사건에 있어서 보험마케팅 자료로 활용)를 처리할 목적 및 그 제3자의 이익을 위해서 개인정보가 이전되는 것이지만, 개인정보 처리 위탁의 경우에는 개인정보처리자의 업무를 처리할 목적으로 개인정보처리자의 이익을 위하여 개인정보가 제3자에게 이전된다는 차이가 있다.",
            "이 사건 사전 필터링은 피고인 9 회사가 퍼미션 콜 대상자를 정하는 업무를 보험회사에 의뢰하면서 그에 관한 고객들의 개인정보를 이전한 것으로 봄이 상당하다.",
            "앞서 본 바와 같이 피고인 9 회사가 보험회사에 의뢰하여 사전 필터링을 시행하게 된 목적은 사전에 걸러진 고객들에 대한 퍼미션 콜을 수행하지 않음으로써 관련된 시간, 비용, 노력을 줄일 수 있는 이익이 있는 반면, 보험회사의 입장에서는 필터링을 개인정보의 제3자 제공 동의를 얻기 이전에 수행하게 되면 필터링을 해야 할 대상자의 숫자가 늘어나게 되어 업무량이 늘어날 가능성이 많다.",
            "위 보험회사들이 수행하던 이 사건 사전 필터링의 조건은 사후 필터링의 조건과 동일한 것으로 보이는 점 등을 종합하면, 피고인들이 이 사건 사전 필터링을 위하여 개인정보를 보험회사에 이전한 것은 피고인 9 회사의 이익을 위한 것으로 봄이 상당하다.",
            "그렇다면 공소외 1 회사와 공소외 2 회사는 개인정보보호법 및 정보통신망법에서 규정하는 제3자가 아니라 피고인 9 회사를 위하여피고인 9 회사의 퍼미션 콜 업무의 일부를 수행하는 수탁자로서의 지위를 가진다고 보아야 할 것이고, 검사가 제출한 증거만으로는 피고인들이 제3자에게 미동의 개인정보를 제공하였다는 점을 인정하기 어렵고, 달리 이를 인정할 증거가 없다.",
            "앞서 본 바와 같이 피고인 1, 피고인 2, 피고인 3, 피고인 4, 피고인 5, 피고인 6에 대한 공소사실이 범죄의 증명이 없는 이상 이를 전제로 하는 피고인 9 회사에 대한 이 사건 공소사실 역시 범죄의 증명이 없다.",
            "피고인들에 대한 공소사실의 요지는 보험회사에 근무하는 피고인들이 회사의 영리 목적으로 공소사실 제2의 나항 기재와 같은 방법으로 피고인 9 회사 웹하드에 업로드된 제3자 정보제공 미동의 회원정보를 다운로드하여 이를 제공받았다는 것이다.",
            "앞서 살펴본 바와 같이 공소외 1 회사와 공소외 2 회사는 개인정보보호법 및 정보통신망법에서 규정하는 제3자가 아니라 피고인 9 회사를 위하여 피고인 9 회사의 퍼미션 콜 업무의 일부를 수행하는 수탁자로서의 지위를 가진다.",
            "검사가 제출한증거만으로는 피고인들이 영리 목적으로 피고인 9 회사로부터 미동의 개인정보를 제공받았다는 점을 인정하기 어렵고, 달리 이를 인정할 증거가 없다."
        ]
    },
    "close": {
        "cnclsns": [
            "피고인들은 각 무죄.",
            "피고인들에 대한 판결의 요지를 공시한다."
        ]
    }
}