{
    "info": {
        "caseField": "2",
        "detailField": "6",
        "trailField": "1",
        "caseNm": "특정범죄가중처벌등에관한법률위반(운전자폭행등)",
        "courtNm": "서울중앙지방법원",
        "judmnAdjuDe": "2018. 02. 22.",
        "caseNo": "2017고합1095",
        "relateLaword": [
            "특정범죄 가중처벌 등에 관한 법률 제5조의10",
            "형법 제53조",
            "형법 제55조",
            "형법 제62조",
            "형법 제62조의2",
            "보호관찰 등에 관한 법률 제59조"
        ],
        "qotatPrcdnt": []
    },
    "concerned": {
        "acusr": "4",
        "dedat": "1"
    },
    "org": {
        "orgJdgmnCourtNm": "",
        "orgJdgmnAdjuDe": "",
        "orgJdgmnCaseNo": ""
    },
    "disposal": {
        "disposalform": "6",
        "disposalcontent": [
            "피고인을 징역 2년에 처한다.",
            "다만, 이 판결 확정일로부터 3년간 위 형의 집행을 유예한다.",
            "피고인에게 80시간의 사회봉사 및 40시간의 음주치료강의 수강을 명한다."
        ]
    },
    "mentionedItems": {
        "rqestObjet": [
            "피고인은 운행 중인 자동차의 운전자를 폭행하여 상해에 이르게 하였다."
        ]
    },
    "assrs": {
        "acusrAssrs": [
            "피고인은 운행 중인 자동차의 운전자를 폭행하여 상해에 이르게 하였다."
        ],
        "dedatAssrs": []
    },
    "facts": {
        "bsisFacts": [
            "피고인은 2017. 08. 06. 01:30경 0000 00000 정문에서 피해자 C(64세)이 운전하는 개인택시를 타고 0000 방향으로 이동하던 중이었다",
            "같은 날 01:40경 같은 구 0000에 있는 0000 2번 출구 앞 노상에 신호대기로 정차 중인 위 택시 안에서 피해자와 행선지와 택시비 문제로 언쟁하다가 갑자기 \"너 같은 놈은 죽어야 돼\"라고 말하며 주먹으로 피해자의 머리와 안면 부위를 수회 때리고, 팔로 목을 조르는 등 피해자를 폭행하여 피해자에게 약 14일간의 치료가 필요한 경추부 염좌, 전경부 찰과상 등을 가하였다.",
            "이로써 피고인은 운행 중인 자동차의 운전자를 폭행하여 상해에 이르게 하였다."
        ]
    },
    "dcss": {
        "courtDcss": [
            "범죄사실에 대한 해당법조: 특정범죄 가중처벌 등에 관한 법률 제5조의 10 제2항 전단, 제1항",
            "이 사건 범행은 운전 중인 택시기사를 상대로 한 것으로서 자칫 교통사고와 같은 2차 피해를 발생시킬 수도 있었다는 점에서 그 죄질이 좋지 않다. 피고인은 과거에도 이 사건 범행과 유사한 폭력범죄로 여러 차례 벌금형의 형사처벌을 받은 전력이 있다.",
            "피고인은 이 사건 범행을 인정하며 자신의 잘못을 반성하고 있다.",
            "이 사건 범행으로 인한 피해의 결과가 그리 중하지는 않다.",
            "피고인이 피해자의 피해를 보상하였고 이에 피해자는 피고인의 처벌을 원하지 않고 있다."
        ]
    },
    "close": {
        "cnclsns": [
            "피고인을 징역 2년에 처한다.",
            "다만, 이 판결 확정일부터 3년간 위 형의 집행을 유예한다.",
            "피고인에게 80시간의 사회봉사 및 40시간의 음주치료강의 수강을 명한다."
        ]
    }
}