{
    "info": {
        "caseField": "2",
        "detailField": "6",
        "trailField": "1",
        "caseNm": "업무상횡령, 사기, 부정수표단속법, 위조유가증권행사",
        "courtNm": "수원지방법원",
        "judmnAdjuDe": "2015. 12. 30.",
        "caseNo": "2015고단910",
        "relateLaword": [
            "형법 제347조",
            "형법 제37조 전단",
            "형법 제70조",
            "형사소송법 제334조",
            "형법 제356조",
            "형법 제355조",
            "형법 제217조",
            "형법 제214조",
            "부정수표단속법 제5조",
            "형법 제38조",
            "형법 제50조",
            "형법 제69조",
            "형사소송법 제334조",
            "부정수표단속법 제6조"
        ],
        "qotatPrcdnt": []
    },
    "concerned": {
        "acusr": "4",
        "dedat": "1"
    },
    "org": {
        "orgJdgmnCourtNm": "",
        "orgJdgmnAdjuDe": "",
        "orgJdgmnCaseNo": ""
    },
    "disposal": {
        "disposalform": "6",
        "disposalcontent": [
            "피고인을 징역 4년 및 벌금 5,000,000원에 처한다.",
            "피고인이 위 벌금을 납입하지 아니하는 경우 100,000원을 1일로 환산한 기간 피고인을 노역장에 유치한다.",
            "위 벌금에 상당한 금액의 가납을 명한다."
        ]
    },
    "mentionedItems": {
        "rqestObjet": [
            "피고인은 피해자를 속여 재물을 편취하였다."
        ]
    },
    "assrs": {
        "acusrAssrs": [],
        "dedatAssrs": []
    },
    "facts": {
        "bsisFacts": [
            "2015고단 910 피고인은 0000소재 D이라는 택배업체를 운영하는 자이다.",
            "피고인은 2008.3.경부터 피해자 E가 운영하는 000 F영업소로부터 택배영업 및 판촉업무를 위탁받아, 거래업체들을 상대로 영업활동을 하면서, 그 거래업체들로부터 택배비를 수금하면 자신이 받을 수수료를 제한 나머지 금원을 피해자에게 송금해주는 업무에 종사하던 자이다.",
            "피고인은 2009.9.경부터 2009.11.경 사이에 별지 범죄일람표1 기재와 같이 G 등 총 22개의 거래업체들로부터 2009년 8월~2009년 10월분 택배비 합계 179,673,450원을 지급받아 이를 업무상 보관하던 중, 수수료 약 25%를 제한 약 134,755,087원을 피해자에게 송금했어야 함에도 불구하고, 그 무렵 자신의 개인적인 용도로 이를 임의 사용하여 횡령하였다.",
            "피고인은 2009.9.8.경 0000 소재 피해자 이 운영하는 J 사무실에서, 피해자에게 \"택배영업을 확장하여 거래처를 늘리려면 0택배 본사에 금원을 예치해야 된다.\"",
            "\"거래처들로부터 택배 물건들을 확보하였는데, 정식으로 택배계약을 체결하기 위해서는 위 본사에 금원을 예치해야하니 돈을 빌려주면 원금 외에 택배 1건당 50원씩 이자를 붙여서 변제하겠다.\" 는 취지의 거짓말을 하였다.",
            "그러나 사실 피고인은 피해자로 부터 돈을 받더라도 그 대부분을 자신의 개인적인 채무 변제 등의 명목으로 사용할 생 각이었고, 위와 같이 예치금 명목으로 사용할 생각이 아니었으며, 당시 피고인이 운영 하던 택배업체는 직원 임금을 지급하지 못할 정도로 경영상태가 악화되어 있어 피해자 로부터 돈을 빌리더라도 이를 제때 변제할 의사나 능력이 없었다.",
            "그럼에도 불구하고 피고인은 위와 같은 거짓말에 속은 피해자로부터 같은 날 1,600만 원을 교부받은 것을 비롯하여, 별지 범죄일람표2 기재와 같이 피해자로부터 2009.9.8.경부터 같은 달 21.경까지 사이에 수회에 걸쳐서 합계 250,000,000원을 교부 받아 이를 편취하였다.",
            "피고인은 2010.3.24.경 0000 소재 D 사무실 앞 노상에서, 사실은 돈을 빌리더라도 이를 변제할 의사나 능력이 없었음에도 불구하고, 피해자 E에게 마치 정상적으로 결제될 것처럼 속칭 '딱지 어음'인 (주)K 대표이사가 발행한 액면금 4,200만 원 상당의 어음(어음번호 L)1매를 교부하였다.",
            "피해자에게 미지급한 택배비 3,200만 원을 위 어음 지급으로 갈음하기로 하고, 거래처 결제대금 지급을 위하여 돈이 필요하니1,000만 원을 빌려달라고 하였다.",
            "그리하여 이에 속은 피해자로부터 2010.3.25.경 500만 원, 2010.3.30.경 500만 원을 각 송금 받고, 위 어음은 그 지급기일인 2010.6.24.경 결 제되지 않고 부도가 났다.",
            "이로써 피고인은 피해자로부터 합계 1,000만 원을 교부받아 이를 편취하였다.",
            "피고인은 2010.8.25.경 0000 소재 피해자 N가 운영하는 0 사무실에서, 피해자에게 \"식자재를 납품해주면 그 대금을 어음으로 결제해주겠다\"는 취지로 거짓말을 하였다.",
            "그러나 사실 피고인은 피해자로부터 식자재를 구매하더라도 그 대금을 변제할 의사나 능력이 없었다.",
            "그럼에도 불구하고 피고인은 피해자에게 위·변조된 (주)H 대표이사 Q이 발행한 액면금 합계 3,600만 원 상당의 약속어음 2매(어음번호 R, S)를 지급하고, 위와 같은 거짓말에 속은 피해자로부터 시가 3,604만 원 상당의 식자재를 교부받아 이를 편취하였다.",
            "『2015고단1060』 피고인은 2010.8.27.경 0000에 있는 U 식당에서 'V영농조합'에 근무하는 피해자 W에게 사실은 피해자로부터 홍삼제품을 납품 받더라도 그 대금을 지급할 의사나 능력이 없음에도 \"V영농조합의 홍삼제품을 납품을 해 달라, 홍삼제품을 납품해 주면 틀림업이 결제해 주겠다.\" 고 거짓말하였다.",
            "이에 속은 피해자로부터 2010.9.8.2,744만 원 상당의 홍삼제품, 2010.9.11.경 356만 원 상당의 홍삼제품 등 합계 3,100만 원 상 당의 홍삼제품을 교부 받았다.",
            "이로써 피고인은 피해자를 속여 재물을 편취하였다."
        ]
    },
    "dcss": {
        "courtDcss": [
            "피고인이 상당한 기간에 걸쳐 여러 피해자들을 상대로 기망하여 편취하거나 횡령한 돈이 약 9억 원에 이르는 점, 범행일로부터 오랜 시일이 지난 현재까지도 대부분 피해가 회복되지 않고 있다.",
            "피고인이 지명수배로 도피 중에도 계속하여 편취범행을 저지른 점 등은 불리한 정상으로, 피고인이 범죄사실을 모두 인정하고 반성하고 있는 점, 피고인이 운영하던 사업의 경영악화로 이 사건 편취 및 횡령범행에 이르게 된 것 으로 처음부터 계획적인 것으로 보이지 않는다.",
            "피고인이 약 13년 전 사기죄로 처벌받은 것 외에 동종전과 없는 점 등은 유리한 정상으로, 그밖에 피고인의 연령, 성행, 범행의 경위, 수단과 결과, 범행 후의 정황 등 이 사건 변론에 나타난 모든 양형조건을 참작하여 주문과 같이 형을 정한다."
        ]
    },
    "close": {
        "cnclsns": [
            "피고인을 징역 4년 및 벌금 5,000,000원에 처한다.",
            "피고인이 위 벌금을 납입하지 아니하는 경우 100,000원을 1일로 환산한 기간 피고인을 노역장에 유치한다.",
            "위 벌금에 상당한 금액의 가납을 명한다."
        ]
    }
}