{
    "info": {
        "caseField": "2",
        "detailField": "6",
        "trailField": "1",
        "caseNm": "사기",
        "courtNm": "춘천지방법원",
        "judmnAdjuDe": "2018. 01. 09.",
        "caseNo": "2017고단374",
        "relateLaword": [
            "형법 제347조",
            "형법 제62조",
            "형법 제62조의2"
        ],
        "qotatPrcdnt": []
    },
    "concerned": {
        "acusr": "4",
        "dedat": "1"
    },
    "org": {
        "orgJdgmnCourtNm": "",
        "orgJdgmnAdjuDe": "",
        "orgJdgmnCaseNo": ""
    },
    "disposal": {
        "disposalform": "8",
        "disposalcontent": [
            "피고인을 징역 8월에 처한다.",
            "다만, 이 판결 확정일부터 2년간 위 형의 집행을 유예한다.",
            "피고인에게 120시간의 사회봉사를 명한다."
        ]
    },
    "mentionedItems": {
        "rqestObjet": [
            "피고인을 징역 8월에 처한다.",
            "다만, 이 판결 확정일부터 2년간 위 형의 집행을 유예한다.",
            "피고인에게 120시간의 사회봉사를 명한다."
        ]
    },
    "assrs": {
        "acusrAssrs": [],
        "dedatAssrs": [
            "피해자와 사이에 노무자 1인당 일당을 18만 원으로 약정하고, 그 범위 내에서 피고인이 노무자에게 지급하여야 할 일당을 정하여 노무자에게 지급하기로 하는 합의가 피해자와 암묵적으로 있었으므로, 피고인이 피해자를 기망하여 피해자에게 청구한 노무자의 일당과 피고인이 노무자에게 지급한 일당의 차액을 편취한 것이 아니다."
        ]
    },
    "facts": {
        "bsisFacts": [
            "피고인은 피해자 C 주식회사(이하 'OOO'이라 한다)가 시공하는 0000 D 오피스텔 신축공사(이하 '이 사건 공사현장'이라 한다)현장의 직영 노무자 대표로 있던 사람이다.",
            "피고인은 2015. 10. 30.경 이 사건 공사현장에서, 골조공사에 용역을 제공한 E의 노무 단가가 16만 원임에도 18만 원이라고 청구하여 이를 진실로 믿은 피해자 소속 직원인 F로부터 위 E의 9월 노무비 명목으로 5,904,000원을 송금 받은 후 5,248,000원만을 위 E에게 지급하여 656,000원을 편취하였다.",
            "이를 비롯하여 위 일시경부터 2016. 2.경까지 별지 범죄일람표 기재와 같이 총 275회에 걸쳐 피해자로부터 노무비 명목으로 95,730,000원을 송금받았고, 이로써 피고인은 피해자 C을 기망하여 재물을 교부받았다."
        ]
    },
    "dcss": {
        "courtDcss": [
            "피고인이 판시 범죄사실 기재와 같이 피해자를 기망하여 노무비 차액을 편취한 사실을 충분히 인정할 수 있으므로, 피고인 및 변호인의 위 주장은 받아들이지 아니한다.",
            "피고인이 편취한 금액이 상당한 점, 피해자 회사와의 합의가 이루어지 아니하였고, 피해회복도 마쳐지지 아니한 점 등은 피고인에게 불리한 양형요소이다.",
            "피고인이 피해자 회사에 청구한 노임과 근로자들에게 청구한 노임의 차액 등에 대한 사실관계 자체는 인정하고 있는 점, 피고인도 현재까지 위 공사에서 피해자로부터 임금을 일부 지급받지 못한 것도 있는 것으로 보이는 점, 피고인에게 벌금형 1회 외에 다른 전력이 없는 점 등은 피고인에게 유리한 양형요소이다."
        ]
    },
    "close": {
        "cnclsns": [
            "피고인을 징역 8월에 처한다.",
            "다만, 이 판결 확정일부터 2년간 위 형의 집행을 유예한다.",
            "피고인에게 120시간의 사회봉사를 명한다."
        ]
    }
}