{
    "info": {
        "caseField": "2",
        "detailField": "6",
        "trailField": "1",
        "caseNm": "폭력행위등처벌에관한법률위반(집단,흉기등상해)",
        "courtNm": "수원지방법원 안양지원",
        "judmnAdjuDe": "2010. 10. 26.",
        "caseNo": "2010고단1372",
        "relateLaword": [
            "폭력행위 등 처벌에 관한 법률 제3조",
            "폭력행위 등 처벌에 관한 법률 제2조",
            "형법 제257조",
            "형법 제37조",
            "형법 제38조",
            "형법 제50조",
            "형법 제53조",
            "형법 제55조",
            "형법 제62조"
        ],
        "qotatPrcdnt": []
    },
    "concerned": {
        "acusr": "4",
        "dedat": "1"
    },
    "org": {
        "orgJdgmnCourtNm": "",
        "orgJdgmnAdjuDe": "",
        "orgJdgmnCaseNo": ""
    },
    "disposal": {
        "disposalform": "8",
        "disposalcontent": [
            "피고인을 징역 1년 6월에 처한다.",
            "다만, 이 판결 확정일로부터 2년간 위 형의 집행을 유예한다.",
            "피고인에게 120시간의 사회봉사를 명한다."
        ]
    },
    "mentionedItems": {
        "rqestObjet": [
            "피고인을 징역 1년 6월에 처한다.",
            "다만, 이 판결 확정일로부터 2년간 위 형의 집행을 유예한다.",
            "피고인에게 120시간의 사회봉사를 명한다."
        ]
    },
    "assrs": {
        "acusrAssrs": [],
        "dedatAssrs": []
    },
    "facts": {
        "bsisFacts": [
            "피고인은 2010. 5. 14. 자살한 피해자 갑과 2005. 1. 3. 혼인신고를 하였고, 2008. 3. 27. 이혼을 하였다가 2008. 9. 19. 다시 혼인신고를 한 부부사이고, 피해자 (여, 8세)은 갑과 전 남편 사이의 자녀로서, 피고인과 갑이 함께 살면서 피고인과 같이 살게 되 었다.",
            "피고인은 2008. 3. 25. 17 : 00경 0000에 있는 피고인의 주거지에서, 피해자 갑과 돈문제로 부부싸움을 하던 중, 부엌에 있던 위험한 물건인 과도로 피해자의 우측 무릎 부위를 찔러 피해자에게 약 3주간의 치료를 요하는 우측 슬부 열창 등의 상해를 가하였다.",
            "피고인은 2009. 12월경 0000에 있는 피고인의 주거지에서, 갑과 부부싸움을 하던 중 피해자 을이 그만 싸우라고 하자, 피해자에게 \"너도 똑같은 년이다.\" 라고 욕설을 하면서 그곳에 있던 위험한 물건인 유리 재떨이를 피해자를 향해 던졌으나 피해자에게 직접 맞지는 않고 벽에 맞아 깨지면서 파편이 피해자의 왼쪽 무릎 부위에 튀게 함으로써, 피해자에게 치료일수를 알 수 없는 왼쪽 무릎 부위 열상을 가하였다.",
            "피고인은 2010.4.15. 경 위 피고인의 주거지에서, 갑과 부부싸움을 하던 중 피해자 을이 쳐다보았다는 이유로, 그곳에 있던 위험한 물건인 노트북을 피해자에게 던져 피해자의 얼굴에 맞게 함으로써, 피해자에게 치료일수를 알 수 없는 비부 열상을 가하였다."
        ]
    },
    "dcss": {
        "courtDcss": [
            "부부싸움 중에 화가 난다는 이유로 처를 과도로 찌르고, 아무 잘못도 없는 어린 자녀에게 재떨이를 집어던져 상해를 입게 하는 등 죄질 지극히 불량한 점 등에 비추어 보면, 피고인을 엄히 처벌하여야 함이 마땅하다.",
            "자살한 피해자 망 갑의 유서와 딸 을의 진술 등 이 사건 증거들에 의하면, 피해자가 자살 전 피고인으로부터 상당한 기간 동안 심한 가정폭력에 시달려왔고, 그러한 가정폭력과 불화가 피해자의 자살에 어느 정도 영향을 준 것으로 볼 수 있다.",
            "검사는 피해자가 자살한 때로부터 2년여 전의 전치 3주의 상해와 생존한 딸 에 대한 비교적 가벼운 상해만을 기소하였고, 그 범위 내에서 피고인이 유죄로 인정되는 이상, 인과관계가 입증되지 아니하고 기소범위 밖에 있는 피해자의 자살은 피고인에 대한 직접적인 양형요소가 될 수 없다.",
            "피고인에게 집행유예 이상의 범죄 전력이 없는 점, 피해자의 유족과 합의되어 유족들이 피고인의 선처를 탄원하고 있는 점, 뒤늦게나마 범죄사실을 자백하고 있고, 약 1개월 반 가량의 구금생활을 통하여 자신의 잘못을 깊이 뉘우치고 있는 점, 그밖에 이 사건 변론과 기록에 나타난 모든 양형요소를 종합하여, 작량감경한 형의 범위 내에서 주문과 같이 집행유예를 선고한다."
        ]
    },
    "close": {
        "cnclsns": [
            "피고인을 징역 1년 6월에 처한다.",
            "이 판결 확정일로부터 2년간 위 형의 집행을 유예한다.",
            "피고인에게 120시간의 사회봉사를 명한다."
        ]
    }
}