{
    "info": {
        "caseField": "2",
        "detailField": "6",
        "trailField": "1",
        "caseNm": "준강간",
        "courtNm": "서울동부지방법원",
        "judmnAdjuDe": "2017. 12. 22.",
        "caseNo": "2017고합289",
        "relateLaword": [
            "형법 제299조",
            "형법 제297조",
            "형법 제53조",
            "형법 제55조",
            "형법 제62조",
            "성폭력범죄의 처벌 등에 관한 특례법 제16조",
            "성폭력범죄의 처벌 등에 관한 특례법 제47조",
            "성폭력범죄의 처벌 등에 관한 특례법 제49조",
            "아동ㆍ청소년의 성보호에 관한 법률 제49조",
            "아동ㆍ청소년의 성보호에 관한 법률 제50조",
            "성폭력범죄의 처벌 등에 관한 특례법 제42조",
            "성폭력범죄의 처벌 등에 관한 특례법 제43조",
            "형법 제298조"
        ],
        "qotatPrcdnt": [
            "대법원 2009. 4. 23. 선고 2009도2001 판결"
        ]
    },
    "concerned": {
        "acusr": "4",
        "dedat": "1"
    },
    "org": {
        "orgJdgmnCourtNm": "",
        "orgJdgmnAdjuDe": "",
        "orgJdgmnCaseNo": ""
    },
    "disposal": {
        "disposalform": "6",
        "disposalcontent": [
            "피고인을 징역 1년 6월에 처한다.",
            "다만, 이 판결 확정일로부터 2년간 위 형의 집행을 유예한다.",
            "피고인에 대하여 40시간의 성폭력 치료강의 수강을 명한다."
        ]
    },
    "mentionedItems": {
        "rqestObjet": [
            "피고인은 항거불능 상태에 있던 피해자의 상태를 이용하여 간음하였으므로 형법에 따라 처벌받아야 한다."
        ]
    },
    "assrs": {
        "acusrAssrs": [
            "피고인은 항거불능 상태에 있던 피해자의 상태를 이용하여 간음하였다."
        ],
        "dedatAssrs": [
            "판시 범죄사실 기재와 같이 피해자를 간음한 사실은 있으나, 피해자가 성교할 때 쉽게 삽입이 될 수 있도록 다리를 약간 위로 들어주어서 성교를 허용한 것으로 알았고, 준강간의 고의가 없었다.",
            "이 사건 이후 피해자가 그 전처럼 피고인과 연인 관계를 유지하면서 2017.7.30.경 커플링을 맞추러 금방에도 같이 갔고, 같은 해 8.초에는 피고인의 집에 와서 3~4일 동안 피고인과 동거하면서 성관계를 하는 등 이 사건 범행을 사후에 용서하였으므로, 준강간죄가 성립하지 않는다."
        ]
    },
    "facts": {
        "bsisFacts": [
            "피고인은 2017.7.13.01:00경부터 같은 날 09:00경 사이 0000 소재 D모텔 호수불상 객실에서 만취하여 잠이 든 피해자 E(여, 22세)의 웃을 벗기고 성교하였다."
        ]
    },
    "dcss": {
        "courtDcss": [
            "범죄사실에 대한 해당법조: 형법 제299조, 제297조",
            "형법 제299조는 사람의 심신상실 또는 항거불능의 상태를 이용하여 간음 또는 추행을 한 자를 형법 제297조, 제298조의 강간 또는 강제추행의 죄와 같이 처벌하도록 규정하고 있다.",
            "여기서 '심신상실'이라 함은 사물을 변별하거나 의사를 결정할 능력이 없는 것을 말하는 것으로 수면 중의 부녀 또는 일시 의식을 잃고 있는 부녀도 여기에 해당한다.",
            "항거불능의 상태'라 함은 형법 제297조, 제298조와의 균형상 심신상실 이외의 원인 때문에 심리적 또는 물리적으로 반항이 절대적으로 불가능하거나 현저히 곤란한 경우를 의미한다(대법원 2009.4.23.선고 2009도2001 판결 참조).",
            "또한 형법 제 299조에서 말하는 준강간죄는 사람의 심신상실이나 항거불능의 상태를 이용하여 간음함으로써 성립하는 범죄이다.",
            "이에 해당하기 위하여는 객관적 구성요건요소로 피해자의 심신상실 또는 항거불능의 상태가 필요한 것은 물론이고, 나아가 주관적 구성요건요소로서 피고인에게 위와 같은 피해자의 상태에 대한 인식 및 이를 이용하여 간음한다는 고의도 인정되어야 한다.",
            "피해자는 피고인과의 성관계 당시 술에 만취하여 잠이 든 심신상실 상태에 있었고, 피고인은 피해자가 이러한 상태에 있음을 인식하면서 준강간의 고의를 가지고 간음한 사실을 충분히 인정할 수 있다.",
            "따라서 피고인 및 변호인의 위 주장은 받아들이지 아니한다.",
            "피고인도, 본인이 2017.7.13.새벽 판시 범죄사실 기재 D모텔에 만취한 피해자를 업고 들어 간 사실, 피고인은 만취한 피해자를 재우기 위해 위 모텔 객실로 데려가 침대에 눕히고 피해자의 옷을 벗겼는데, 갑자기 성적으로 흥분되어 피해자와 성관계를 한 사실, 이후 피해자가 잠에서 깨어나 자신의 바지 등이 벗겨진 상태에 대하여 어떻게 된 일인지 물었다.",
            "피고인은 당시 피해자와 사귀는 사이이기는 하였으나 만취 상태에 있던 피해자를 상대로 간음한 것이 좀 그래서 피해자에게 성관계를 하지 않았다고 거짓말하였고, 같은 날 저녁 피해자를 다시 만나 피해자에게 솔직하게 성관계를 하였다고 시인한 사실을 인정하고 있다.\t",
            "준강간죄의 주된 보호법익이 피해자의 성적 자기결정권임을 감안하여 볼 때 피고인이 주장하는 사정만으로 술에 만취하여 잠이 든 피해자가 당시 피고인과의 성관계에 대하여 동의하였다고 보기 어렵다.",
            "피해자는 수사기관 및 이 법정에서 일관되게 사건 당시 피고인이 올린 것으로 의심되는 학교 인터넷 카폐 게시글로 인하여 피고인과 사이가 좋지 않아 피고인과 성관계를 할 생각이 없었다는 취지로 진술하고 있다.",
            "성관계 당시 피해자의 상태와 피해자가 깨어난 후 피고인이 피해자에게 성관계 사실을 숨긴 사정 등에 비추어 볼 때, 피고인은 피해자의 동의를 받지 아니한 채 피해자의 심신상실 상태를 인식하고 이를 이용하여 피해자를 간음하였다고 봄이 상당하다.",
            "피고인이 주장하는 사정은 범죄 성립 이후의 사정으로서 그와 같은 사정만으로는 이 사건 범죄의 성립에 아무런 영향이 없다.",
            "이 사건 범행은 피고인이 술에 만취한 피해자를 모텔로 데리고 간 뒤 피해자가 술에 취해 잠이 든 상태를 이용하여 간음한 것으로서, 일반적으로 엄벌이 필요한 부류의 것이기는 하다.",
            "이 사건 범행 당시 피고인과 피해자는 연인관계였고, 이 사건 범행 이후에도 피해자가 피고인과 교제하며 수회 성관계를 가지는 등 연인관계를 유지하였던 점, 피고인은 아무런 범죄전력이 없는 초범인 점 등을 피고인에게 유리한 정상으로 참작한다."
        ]
    },
    "close": {
        "cnclsns": [
            "피고인을 징역 1년 6월에 처한다.",
            "다만, 이 판결 확정일부터 2년간 위 형의 집행을 유예한다.",
            "피고인에 대하여 40시간의 성폭력 치료강의 수강을 명한다."
        ]
    }
}