{
    "info": {
        "caseField": "2",
        "detailField": "6",
        "trailField": "1",
        "caseNm": "사기, 부정수표단속법위반",
        "courtNm": "서울남부지방법원",
        "judmnAdjuDe": "2013. 06. 27.",
        "caseNo": "2012고단3603",
        "relateLaword": [
            "형법 제347조",
            "부정수표단속법 제2조",
            "형법 제37조",
            "형법 제38조",
            "형법 제50조",
            "형사소송법 제327조"
        ],
        "qotatPrcdnt": []
    },
    "concerned": {
        "acusr": "4",
        "dedat": "1"
    },
    "org": {
        "orgJdgmnCourtNm": "",
        "orgJdgmnAdjuDe": "",
        "orgJdgmnCaseNo": ""
    },
    "disposal": {
        "disposalform": "6",
        "disposalcontent": [
            "피고인을 징역 1년 6월에 처한다.",
            "별지 범죄일람표 순번 2,3,6내지 11,14 기재 각 수표의 부도로 인한 부정수표단속법위반죄에 관한 공소를 기각한다."
        ]
    },
    "mentionedItems": {
        "rqestObjet": [
            "피고인을 징역 1년 6월에 처한다."
        ]
    },
    "assrs": {
        "acusrAssrs": [],
        "dedatAssrs": []
    },
    "facts": {
        "bsisFacts": [
            "피고인은 2010. 9. 14. 서울 양천구 신정동에 있는 피고인이 운영하는 00마트에서 윤00로부터 금원을 차용하고 이에 대한 담보용으로 수표번호 '마가000****2', 수표 금액 '80, 452, 000원 (공소장 기재 \"80, 425, 000원\"은 오기로 보임)', 발행일 ' 2011. 1. 14. '로 기재된 피고인 명의의 당좌수표 1장을 교부하여 발행하였다.",
            "그 수표소지인이 지급제시기간 내에 위 수표에 대해 지급제시하였으나 거래정지처분으로인해 지급되지 아니한 것을 비롯하여 그 무렵부터 같은 해 2010. 12. 27. 까지 이와 같은 방법으로 별지 범죄일람표 순번 1, 4, 5, 12, 13, 15 내지 22 기재와 같이 13회에 걸쳐서 당좌수표 13장 (수표금액 합계 668, 352, 000원)을 발행하였다.",
            "각 수 표소지인이 지급제시기간 내에 각 수표에 대해 지급제시하였으나 거래정지처분으로 인해 지급되지 아니하게 하였다.",
            "피고인은 2010. 12. 15. 경 서울 양천구 신정동에 있는 A가게에서, 피해자 이**에게 \"마트에 입고되는 물건대금을 지불해야 하는데 500만원을 빌려주면 이자 3부를 주고 한 달 뒤에 변제하겠다\"고 거짓말하였다.",
            "그러나 사실 피고인은 당시 거래처 미납채무 1억원, 은행권 대출채무 6억5천만원 등 채무 합계가 14억5천만원에 이르렀고, 자신이 운영하던 0마트는 영업실적이 거의 없었으므로 피해자로부터 위 금원을 빌리더라도 제 때에 피해자에게 차용금을 변제할 의사나 능력이 없었다.",
            "피고인은 이와 같이 피해자를 기망하여 이에 속은 피해자로부터 4,840,000원을 송금 받았다.",
            "피고인은 2010. 11. 29. 경 위 0마트에서 피해자 00에게 '2~3일 후에는 돈이 들어 오는데 그 사이에 돌아오는 어음을 막을 돈이 필요하다, 약속어음이나 당좌수표를 발행해 줄 테니 이를 할인해 주면 2~3일 후에 돈이 들어오는 대로 그 할인금을 갚겠다'고 거짓말을 하였다.",
            "그러나 피고인은 당시 위 00마트를 적자 상태로 운영하고 있고 주택담보대출 4억원을 포함한 총 채무가 약 16억원에 달하여 그 이자로만 매월 약 2, 000만원 정도를 지출하는 등 피해자로부터 할인금을 받더라도 이를 약속한 대로 변제할 의사나 능력이 없었다.",
            "피고인은 위와 같이 피해자에게 거짓말을 하여 이에 속은 피해자로부터 같은 날 약속어음 2장 (어음번호 자가0003 * * * 4, 어음금액 2,000만원, 어음번호 자가0003 * * * 6, 어음금액 1, 500만원)의 할인금 명목으로 3, 400만원을 교부받았다.",
            "그리고 2010. 12. 22. 경 당좌수표 1장 (수표번호 마가0004 * * * 4, 수표금액 1, 000만원)의 할인금 명목으로 970만원을 교부받아 합계 4, 370만원을 편취하였다."
        ]
    },
    "dcss": {
        "courtDcss": [
            "이는 수표를 발행하거나 작성한 자가 그 수표를 회수한 경우 또는 회수하지 못하였더라도 수표소지인의 명시적 의사에 반하는 경우에는 공소를 제기할 수 없는 사건이다.",
            "이 법원이 적법하게 조사하여 채택한 증거에 의하면, 위 범죄일람표 순번 2, 3, 7 기재 각 수표에 대하여는 그 소지인이 피고인의 처벌을 원하지 아니하고, 위 표 순번 6, 8 내지 11, 14 기재 각 수표에 대하여는 피고인이 이를 회수한 사실을 인정할 수 있다.",
            "따라서 형사소송법 제327조 제6호에 의하여 이 부분 공소를 기각한다.",
            "피고인에게 비록 집행유예 이상의 전과가 없고, 피해회복을 위해 노력한 점은 인정되나, 다수의 피해자를 대상으로 상당한 기간에 걸쳐 반복적으로 범행한 점, 최종적으로 회복되지 아니한 손해액이 7억 1, 689만원 상당으로 실질적 손해의 규모가 상당히 큰 점 등을 고려한다."
        ]
    },
    "close": {
        "cnclsns": [
            "피고인을 징역 1년 6월에 처한다",
            "별지 범죄일람표 순번 2, 3, 6 내지 11, 14 기재 각 수표의 부도로 인한 부정수표단속법 위반죄에 관한 공소를 기각한다."
        ]
    }
}