{
    "info": {
        "caseField": "2",
        "detailField": "6",
        "trailField": "1",
        "caseNm": "상해, 동물보호법위반",
        "courtNm": "울산지방법원",
        "judmnAdjuDe": "2013. 12. 20.",
        "caseNo": "2013고정1231",
        "relateLaword": [
            "동물보호법 제46조",
            "동물보호법 제8조",
            "형법 제257조",
            "형법 제37조",
            "형법 제38조",
            "형법 제50조",
            "형법 제70조",
            "형법 제69조",
            "형사소송법 제334조"
        ],
        "qotatPrcdnt": []
    },
    "concerned": {
        "acusr": "4",
        "dedat": "1"
    },
    "org": {
        "orgJdgmnCourtNm": "",
        "orgJdgmnAdjuDe": "",
        "orgJdgmnCaseNo": ""
    },
    "disposal": {
        "disposalform": "9",
        "disposalcontent": [
            "피고인을 벌금 200만 원에 처한다.",
            "피고인이 위 벌금을 납입하지 아니하는 경우 5만 원을 1일로 환산한 기간 피고인을 노역장에 유치한다.",
            "위 벌금에 상당한 금액의 가납을 명한다."
        ]
    },
    "mentionedItems": {
        "rqestObjet": [
            "피고인을 벌금 200만 원에 처한다. ",
            "피고인이 위 벌금을 납입하지 아니하는 경우 5만 원을 1일로 환산한 기간 피고인을 노역장에 유치한다.\n",
            "위 벌금에 상당한 금액의 가납을 명한다.\n"
        ]
    },
    "assrs": {
        "acusrAssrs": [],
        "dedatAssrs": []
    },
    "facts": {
        "bsisFacts": [
            "피고인은 2012.11.5.16:40경 0000 앞 버스정류장에서 오락이나 유흥 등의 목적으로 생후 약 1개월 된 강아지(약 30Cm)의 머리를 손바닥으로 수회 때리고 바닥에 집어던지고 실신한 강아지의 목을 바닥에 짓누르는 등하여 다리 골절의 상해를 입게 하는 등 동물을 학대하였다.",
            "피고인은 제1항 기재 일시 및 장소에서 제1항과 같이 동물을 학대하는 상황을 목격한 피해자 B(66세)이 이를 말리자 \"개새끼야 내 개를 내가 때리는데 니가 무슨 상관이냐\" 라며 주먹으로 그의 오른쪽 얼굴 부위를 1회 때려 피해자에게 약 2주간 치료가 필요한 우측 안면부 타박상을 가하였다."
        ]
    },
    "dcss": {
        "courtDcss": [
            "누구든지 동물에 대하여 도박·광고·오락·유흥 등의 목적으로 동물에게 상해를 입히는 등 학대행위를 하여서는 아니된다."
        ]
    },
    "close": {
        "cnclsns": [
            "피고인을 벌금 200만 원에 처한다.",
            "피고인이 위 벌금을 납입하지 아니하는 경우 50,000원을 1일로 환산한 기간 피고인을 노역장에 유치한다.",
            "피고인에게 위 벌금 상당액의 가납을 명한다."
        ]
    }
}