{
    "info": {
        "caseField": "2",
        "detailField": "6",
        "trailField": "1",
        "caseNm": "부정경쟁방지및영업비밀보호에관한법률위반(영업비밀누설등), 업무상배임, 절도",
        "courtNm": "울산지방법원",
        "judmnAdjuDe": "2013. 10. 17.",
        "caseNo": "2013고단2334",
        "relateLaword": [
            "부정경쟁방지 및 영업비밀보호에 관한 법률 제18조",
            "형법 제356조",
            "형법 제355조",
            "형법 제329조",
            "형법 제40조",
            "형법 제50조",
            "형법 제37조",
            "형법 제38조",
            "형법 제62조",
            "형법 제62조의2"
        ],
        "qotatPrcdnt": []
    },
    "concerned": {
        "acusr": "4",
        "dedat": "1"
    },
    "org": {
        "orgJdgmnCourtNm": "",
        "orgJdgmnAdjuDe": "",
        "orgJdgmnCaseNo": ""
    },
    "disposal": {
        "disposalform": "8",
        "disposalcontent": [
            "피고인을 징역 10월에 처한다.",
            "다만, 이 판결 확정일로부터 2년간 위 형의 집행을 유예한다.",
            "피고인에게 120시간의 사회봉사를 명한다."
        ]
    },
    "mentionedItems": {
        "rqestObjet": [
            "피고인을 징역 10월에 처한다.",
            "피고인에게 120시간의 사회봉사를 명한다."
        ]
    },
    "assrs": {
        "acusrAssrs": [],
        "dedatAssrs": []
    },
    "facts": {
        "bsisFacts": [
            "피고인은 2005.3.30.0000에 있는 피해자 주식회사 B(이하, 피해자회사)에 입사하여 2009.3.경부터 2012.5.4.경까지 공사관리부 부장으로 근무하다가 퇴사하여 2012.7.9.0000에 피해자회사와 동종업체인 C을 설립한 사람이다.",
            "피고인은 피해자회사 재직 당시 회사의 영업비밀 등을 유출하지 아니하고 퇴직할 때에는 재직 중 보유하였던 회사의 비밀과 관련된 모든 자료를 반납하겠다는 내용의 영업비밀유지서약서를 작성하였으므로 피해자회사의 영업비밀을 유출하지 아니할 업무상의 임무가 있었다 .또한, 누구든지 부정한 이익을 얻거나 기업에 손해를 입힐 목적으로 그 기업에 유용한 영업비밀을 취득·사용하거나 제3자에게 누설하여서는 아니 된다.",
            "피고인은 2012.4.16.경부터 2012.5.4.경까지 사이에 피해자회사 공사관리부 사무실에서 향후 피고인이 설립할 업체의 업무에 사용할 목적으로 피해자회사 영업비밀 관련 파일과 피해자회사 영업상의 주요자료에 관한 파일을 자신의 외장형 하드디스크에 저장한 다음 피해자회사에서 퇴사하면서 가지고 나와 위와 같이 C을 설립하였다.",
            "이로써 피고인은 임무에 위배하여 위 각 영업비밀의 재산가치 상당의 재산상 이익을 취득하고 피해자회사에게 동액 상당의 손해를 가함과 동시에 부정한 이득을 취득하거나 기업에 손해를 입힐 목적으로 피해자회사의 영업비밀을 취득하였다.",
            "피고인은 2012.5.4.경 피해자회사 공사관리부 사무실에서 그곳에 있던 피해자회사 소유의 000 책자 3권, 0 엔진부품상세 및 보수유지 관련 책자 31권, 0 엔진 트레이닝 코스 책자 1권, 선박엔진 코드북 3권, 선박엔진 서비스북 4권, 선박엔진 수리 관련 지침 파일 2권,",
            " 0 엔진부품상세 및 보수유지 관련 책자 4권, 선박엔진 수리소요공수 및 견적단가기술 자료 1부, Tariff 1부, 0000 신규사업계획서, 매출장부, 국내외수주현황, 수출포장방안 각 1부를 몰래 가지고 나와 절취하였다."
        ]
    },
    "dcss": {
        "courtDcss": [
            "피고인의 범죄는 부정경쟁방지 및 영업비밀보호에 관한 법률 제18조 제2항(영업비밀취득의 점), 형법 제356조, 제355조 제2항(업무상 배임의 점), 제329조(절도의 점)에 해당한다.",
            "다만, 피고인이 이 법정에서 깊이 반성하고 있고, 현재까지는 피해자회사가 입은 손해 중 현실화된 것이 크지 아니한 것으로 보이며, 피고인에게 벌금형을 넘는 전과가 없는 점 등을 참작하여 집행유예를 선고한다."
        ]
    },
    "close": {
        "cnclsns": [
            "피고인을 징역 10월에 처한다.",
            "다만, 이 판결 확정일로부터 2년간 위 형의 집행을 유예한다.",
            "피고인에게 120시간의 사회봉사를 명한다."
        ]
    }
}