{
    "info": {
        "caseField": "2",
        "detailField": "6",
        "trailField": "1",
        "caseNm": "가. 특정경제범죄가중처벌등에관한법률위반(사기), 나. 사기",
        "courtNm": "서울중앙지방법원",
        "judmnAdjuDe": "2017. 11. 29.",
        "caseNo": "2017고합564",
        "relateLaword": [
            "특정경제범죄 가중처벌 등에 관한 법률 제3조",
            "형법 제347조",
            "형법 제30조",
            "형법 제37조",
            "형법 제39조",
            "형법 제38조",
            "형법 제50조",
            "형법 제53조",
            "형법 제55조"
        ],
        "qotatPrcdnt": [
            "대법원 2007. 1. 25. 선고 2006도7470 판결"
        ]
    },
    "concerned": {
        "acusr": "4",
        "dedat": "1"
    },
    "org": {
        "orgJdgmnCourtNm": "",
        "orgJdgmnAdjuDe": "",
        "orgJdgmnCaseNo": ""
    },
    "disposal": {
        "disposalform": "6",
        "disposalcontent": [
            "피고인 A를 징역 3년 6개월에 처한다.",
            "피고인 B를 징역 3년에 처한다."
        ]
    },
    "mentionedItems": {
        "rqestObjet": [
            "피고인들은 공모하여 담보 명목으로 교부받은 주식을 변제기까지 정상적으로 보관할 의사나 능력이 없이 피해자 G를 기망하여 총 8회에 걸쳐 합계 58억 8,600만 원 상당의 주권을 교부받았다.",
            "피고인 A은 돈을 차용하더라도 이를 별제할 의사나 능력도 없이 피해자 J를 기망하여 차용금 명목으로 2,600만 원을 송금받았다.",
            "피고인 A은 외상대금을 갚을 의사나 능력이 없이 피해자 O를 기망하여 총 5회에 걸쳐 합계 18,070,000 상당의 주류 및 서비스를 제공받았다."
        ]
    },
    "assrs": {
        "acusrAssrs": [
            "피고인들은 공모하여 피해자를 기망하여 재물의 교부를 받았다."
        ],
        "dedatAssrs": [
            "피고인들의 의사는 피해자로부터 F 주권 자체를 편취하려는 것이 아닌 피고인들이 대출하여 준 돈과 주권을 매도하여 얻은 돈의 차액을 편취하려는 의사였다.",
            "따라서 이 사건 편취의 대상은 주권 자체가 아니라 주식 처분에 따른 재산상 이익이고, 피고인들이 편취한 재산상 이익은 재물인 주권의 시가 58억 8,600만 원이 아니라, 피고인들이 피해자에게 대출하여 준 40억 2,000만 원과 주식의 시가 58억 8,600만 원의 차액인 18억 6,600만 원이며, 이득액이 50억 원을 넘지 않으므로 특정경제범죄 가중처벌 등에 관한 법률 제3조 제1항 제1호가 적용될 수 없다.",
            "최초의 2013.3.18.사기 범행과 관련하여, 피고인 B는 피고인 A에게 주식 담보 대출에 필요한 계좌를 빌려주었을 뿐이고, 당시 피고인 A이 피해자로부터 주식을 담보로 받은 즉시 0000 사채업자 H을 통하여 그 주식을 매도하려 한다는 사실을 알지 못하였다.",
            "따라서 피고인 B는 이 부분 사기 범행에 관하여는 사기죄의 죄책을 지지 않는다.",
            "피고인들이 2013.5.7.피해자로부터 F 주식 7만 주를 받기는 하였으나, 그 주식은 별도의 F 주식 매수에 대한 담보 또는 수고비 명목으로 받은 것이고, 범죄사실 기재와 같이 피해자를 기망하여 편취한 주식이 아니다",
            "피고인 B는 2013.5.30, 및 2013.6.17.사기 범행에는 가담하지 않았고, 피고인 A이 혼자 피해자를 만나 주권을 수령하였다.",
            "사채업자인 H에게 대출금을 마련해 준 이른바 전주인 E이 이 사건 사기 범행의 주범이고 자신들은 E의 지시에 따랐을 뿐이다."
        ]
    },
    "facts": {
        "bsisFacts": [
            "피고인 A은 2015.5.29.서울중앙지방법원에서 사기죄 등으로 징역 10개월을 선고받고, 2016.12.29.위 판결이 확정되었다.",
            "피고인 B는 2013.12.14.서울동부지방법원에서 횡령죄로 징역 4개월에 집행유예 1년을 선고받고, 2014.1.1.위 판결이 확정되었다.",
            "피고인 A은 0000 사채브로커 E으로부터 주식회사 F(이하 'F'라 한다)의 대표이사인 피해자 G이 피해자 소유인 코스닥 상장사 F 주식을 담보로 회사운영자금을 대출받으려고 한다는 사실을 전해 듣고 피고인 B를 수백억 대의 재력가인 것처럼 내세워 피해자에게 접근하였다.",
            "피해자로부터 F 주식을 담보로 제공받으면 회사운영자금 10억 원을 대출해 주고 그에 대한 담보인 F 주식을 변제기일까지 정상적으로 보관할 것 같이 가장하여 피해자에게 사채업자 H으로부터 조달한 10억 원을 건네주고 담보 명목으로 시가 14억 4,000만 원 상당의 주식 80만 주를 편취하기로 피고인 B와 공모하였다.",
            "피고인들은 함께 2013.3.18.0000에 있는 F 사무실에서, 피해자와 10억 원을 월 이자 2%, 대여기간 3개월로 하여 대여하는 계약을 체결하면서 피고인 B는 피해자에게, \"담보로 제공된 F 주식 80만 주의 주권은 변제기까지 실물로 보관하며, 주식시가 합계가 약정된 채권담보비율(원금의 120%)미만으로 떨어지는 경우에만 주식을 임의로 처분하여 변제에 충당하겠다.\" 라고 말하였다.",
            "피고인 A은 \"B의 아버지가 수백억대 자산가이고 B는 내 아파트 시행사업에 40억 원을 투자해줬을 정도로 자금력이 풍부하므로 주식을 담보로 받아가더라도 절대 사채업자에게 처분하거나 문제가 생길 일이 없다.\" 라고 말하였다.",
            "그러나 사실은 피고인들은, 0000 사채업자 H으로부터 피해자에게 차용해 줄 10억 원을 조달받으면서 피해자가 주식을 담보로 제공하는 즉시 이를 분할매도하여 사채를 변제한다는 내용의 대부계약을 체결한 상태였고, 사채를 변제하고 남은 금액은 피고인들의 개인채무 변제 등의 용도로 나누어 소비할 계획이었으므로, 담보 명목으로 교부받은 주식을 변제기까지 정상적으로 보관할 의사나 능력이 전혀 없었다.",
            "피고인들은 이에 속은 피해자로부터 같은 날 대출금 10억 원을 건네주고, 그 담보 명목으로 시가 14억 4,000만 원 상당의 F 주식 80만 주를 교부받은 것을 비롯하여, 그 무렵부터 2013.6.17.까지 별지1 범죄일람표 기재와 같이 총 8회에 걸쳐 시가 합계 58억 8,600만 원 상당의 주권을 교부받았다.",
            "피고인 A은 2016.8.5.0000 부근 커피숍에서 피해자 J에게 \"0000 K 에 콘도건축을 하는 데 필요한 자금 2,600만 원을 빌려주면 2016.8.16.까지 이자 400만 원과 원금을 변제하겠다.\" 라는 취지로 거짓말을 하였다.",
            "피고인 A은 이와 같이 피해자를 기망하여 이예 속은 피해자로부터 차용금 명목으로 피고인이 사용하던 L 명의 000 계좌로 2,600만 원을 송금받았다.",
            "피고인 A은 2016.11.7.0000 M에 있는 'N'라는 술집에서, 그곳에서 일하는 피해자 O에게 \"술값을 외상으로 해주면 일주일 뒤에 지불하겠다.\" 라고 말하였다.",
            "피고인 A은 위와 같이 피해자를 기망하여 이에 속은 피해자로부터 2016.11.7.양주 3병, 과일안주, 도우미 서비스 등 합계 3,370,000원 상당의 주류 및 서비스를 제공받은 것을 비롯하여, 그 때부터 2016.11.24.까지 별지2 범죄일람표 기재와 같이 총 5회에 걸쳐 위와 같은 방법으로 합계 18,070,000원 상당의 주류 및 서비스를 제공받았다."
        ]
    },
    "dcss": {
        "courtDcss": [
            "[범죄사실에 대한 해당법조 및 형의 선택] ",
            "피고인 A: 특정경제범죄 가중처벌 등에 관한 법률 제3조 제1항 제1호, 형법 제347조 제1항, 제30조(G에 대한 사기의 점, 포괄하여, 유기징역형 선택), 각 형법 제347조 제1항(J, O에 대한 사기의 점, 0에 대한 사기는 포괄하여, 징역형 선택) ",
            "피고인 B: 특정경제범죄 가중처벌 등에 관한 법률 제3조 제1항 제1호, 형법 제347조 제1항, 제30조(포괄하여, 유기징역형 선택)",
            "재물편취를 내용으로 하는 사기죄는 기망으로 재물을 교부받으면 그 자체로 피해자의 재산침해가 되므로 이로써 곧 사기죄가 성립하고, 상당한 대가가 지급되었다거나 피해자의 전체 재산상에 손해가 없다고 하더라도 사기죄의 성립에는 영향이 없으므로 사기죄에서 대가가 일부 지급된 경우에도 편취액은 피해자로부터 교부된 재물의 가치에서 그 대가를 공제한 차액이 아니라 교부받은 재물 전부이다(대법원 2007.1.25.선고 2006도7470 판결 등 참조).",
            "이 사건에서 피고인들이 대출금에 대한 담보 명목으로 주권을 편취하면서 피해자에게 실제로 대출금을 지급하였다고 하더라도 편취의 대상은 주권 그 자체이므로 편취 액도 교부된 주권의 가치에서 위 대출금을 공제한 차액이 아니라 교부받은 F 주권 자체의 가치인 그 시가 상당액으로 보아야 한다.",
            "피고인 B가 2013.3.18.사기 범행에 관하여 피고인 A과 사전에 공모하였거나 적어도 피고인 A과 순차적·암묵적인 의사의 결합 아래 공동으로 가담하여 실행행위를 기능적으로 분담하였음을 인정할 수 있다.",
            "피고인 B는 자신이 재력가인 것처럼 피해자를 속여 피해자에게 사채업자 H의 돈을 대여하였고, 피해자로부터 담보로 받은 F 주식뿐만 아니라 F 주식을 입고할 용도로 개설한 T, U 등 지인들 명의의 주식거래 계좌에 관한 통장, 도장, 비밀번호, 공인인증서 등 F 주식 매도에 필요한 모든 정보를 사채업자 H에게 넘겼다",
            "피고인 B는 이러한 과정에서 H이 피해자로부터 담보로 받은 F 주식을 즉시 매도할 것임을 충분히 예상할 수 있었다.",
            "피고인들은 피해자를 기망하여 추가 담보명목으로 위 주식 7만 주를 편취한 사실을 충분히 인정할 수 있다.",
            "피고인 B는 2013.5.30.및 2013.6.17.사기 범행에 관하여도 피고인 A과 공모하여 가담한 사실을 인정할 수 있다.",
            "2013.5.30.및 2013.6.17.자 주식 담보대출약정서나 주식 수령 확인증에 피고인 A이 피고인 B의 대리인 자격으로 또는 직접 성명을 기재하고 서명을 하였다는 등의 사실만으로 곧바로 피고인 B의 사기 범행 가담을 부정할 수는 없다.",
            "피고인 B는 2013.5.30.및 2013.6.17.사기 범행으로 취득한 주식을 주식거래 계좌에 입금하거나 그 매각대금을 출금하는 행위에는 관여한 것으로 보인다.",
            "피고인 B는 2013.6.중순경 H으로부터 2013.5.30.담보로 제공된 주식의 매각대금 중 약 4,600만 원을 계좌로 지급받았는데(피고인 B의 법정진술, 3권 106, 112, 635쪽), 위 돈은 피고인 B가 2013.5.30.사기 범행에 가담했기 때문에 그 대가로 받은 돈으로 보인다.",
            "피고인들은 피해자가 F 주식을 담보로 회사운영자금을 대출받으려 한다는 사실을 알고 계획적으로 피해자에게 접근하여 피해자로부터 F 주식을 편취하였다.",
            "피고인들이 이 사건 사기 범행으로 편취한 F 주식의 시가는 약 58억 원으로 거액이고, 피해자가 이 사건 사기 범행으로 입은 실질적 피해는 현재까지 전혀 변제되지 않고 않으므로, 피고인들에게는 죄책에 상응하는 엄한 처벌이 불가피하다.",
            "피고인들이 피해자에게 실제 약 41억 원을 대출해 주었으므로 피해자가 담보로 제공한 F 주식이 매도됨으로써 입은 실질적인 경제적 피해는 약 17억 원 정도인 점, 그 중 피고인들이 이 사건 사기 범행으로 개인적으로 얻은 이익은 합계 약 8억 원 정도인 점 등 피고인들에게 유리한 정상도 있다.",
            "피고인들의 진술 외에 이 사건 사기 범행으로 기소도 되지 않은 E이 주범이라고 볼 만한 객관적인 사정이나 자료는 없다.",
            "피고인A가 처음 피해자 G에 대한 사기 범행을 계획하였고, 피해자에게 대출할 자금을 마련하기 위하여 0000 사채업자 H 등을 피고인 B에게 소개하면서 피고인 B를 사기 범행에 끌어들였다.",
            "범죄 전력에 기재한 전과를 제외하면 피고인A에게 벌금형 외에 처벌받은 전력이 없는 점, 피고인이 피해자 G에 대한 사기 범행으로 개인적으로 얻은 이익은 편취액보다는 비교적 적은 4억 원 미만 정도이고, 피해자 J에게 소액이기는 하나 수 백만 원 정도를 변제한 점, 피해자 J.0에 대한 각 사기 범행의 편취액은 약 2,600만 원과 약 1,800만 원 정도로 그리 많지 않은 점은 피고인에게 유리한 정상이다..",
            "피해자에게 0000 사채업자 H의 돈을 대출하여 주고 담보로 F 주식을 받아 이를 즉시 매도하는 과정에서 피고인B은 재력가 행세를 하면서 대출금과 F 주식을 전달하여 주는 등 이 사건 사기 범행에서 필수적인 역할을 수행하였다.",
            "범죄 전력에 기재한 전과를 제외하면 피고인에게 벌금형 외에 처벌받은 전력이 없는 점, 피고인B이 이 사건 사기 범행으로 개인적으로 얻은 이익은 편취액보다는 비교적 적은 4억 원 미만 정도인 점은 피고인에게 유리한 정상이다."
        ]
    },
    "close": {
        "cnclsns": [
            "피고인 A을 징역 3년 6개월에, 피고인 B를 징역 3년에 처한다."
        ]
    }
}