{
    "info": {
        "caseField": "2",
        "detailField": "6",
        "trailField": "1",
        "caseNm": "준강간",
        "courtNm": "서울동부지방법원",
        "judmnAdjuDe": "2021. 08. 19.",
        "caseNo": "2021고합155",
        "relateLaword": [
            "형법 제299조",
            "형법 제297조",
            "형법 제53조",
            "형법 제55조",
            "형법 제62조",
            "성폭력범죄의 처벌 등에 관한 특례법 제16조",
            "성폭력범죄의 처벌 등에 관한 특례법 제47조",
            "성폭력범죄의 처벌 등에 관한 특례법 제49조",
            "아동,청소년의 성보호에 관한 법률 제49조",
            "아동,청소년의 성보호에 관한 법률 제50조",
            "아동,청소년의 성보호에 관한 법률 제56조",
            "장애인복지법 제59조의3",
            "성폭력범죄의 처벌 등에 관한 특례법 제42조",
            "성폭력범죄의 처벌 등에 관한 특례법 제43조",
            "아동,청소년의 성보호에 관한 법률 부칙(2019. 11. 26. 법률 제16622호) 제2조"
        ],
        "qotatPrcdnt": []
    },
    "concerned": {
        "acusr": "4",
        "dedat": "1"
    },
    "org": {
        "orgJdgmnCourtNm": "",
        "orgJdgmnAdjuDe": "",
        "orgJdgmnCaseNo": ""
    },
    "disposal": {
        "disposalform": "6",
        "disposalcontent": [
            "피고인을 징역 1년 6월에 처한다.",
            "이 판결 확정일부터 2년간 위 형의 집행을 유예한다.",
            "피고인에게 40시간의 성폭력 치료강의 수강을 명한다.",
            "피고인에게 아동·청소년 관련기관등과 장애인복지시설에 각 2년간 취업제한을 명한다."
        ]
    },
    "mentionedItems": {
        "rqestObjet": [
            "피고인은 피해자의 심신상실 또는 항거불능의 상태를 이용하여 피해자를 간음하였다."
        ]
    },
    "assrs": {
        "acusrAssrs": [],
        "dedatAssrs": []
    },
    "facts": {
        "bsisFacts": [
            "피고인은 피해자 B(여, 27세)와 처음 만난 관계이다.",
            "피고인은 2020.2.14.09:00경 0000에 있는 D 주점에서 피해자, 피해자의 친구인 E, 피고인의 친구와 같이 술을 마신 후 0000에 있는 위 E의 주거지로 이동하였고, 그곳 침대에서 피해자, E, 피고인의 친구와 함께 나란히 누워 잠이 들었다.",
            "피고인은 같은 날 11:00경부터 14:00경 사이 잠에서 깨어난 후 피고인의 옆에서 피해자가 잠을 자고 있는 것을 보고 피해자를 간음하기로 마음먹고, 잠이 깊게 들어 심신상실 상태에 있는 피해자의 브래지어 안으로 손을 넣어 가슴을 만지고, 계속하여 피해자의 바지와 팬티를 벗긴 후 자신의 성기를 피해자의 음부에 삽입하였다.",
            "이로써 피고인은 피해자의 심신상실 또는 항거불능의 상태를 이용하여 피해자를 간음하였다."
        ]
    },
    "dcss": {
        "courtDcss": [
            "이 사건 범행은 피고인이 당일 처음 만난 피해자, E과 술을 마신 후 E의 집으로 이동하여 함께 잠을 자던 중 피해자가 잠이 깊게 들어 심신상실 또는 항거불능 상태에 있음을 이용하여 피해자를 간음한 것으로 범행 경위 및 방법 등에 비추어 그 죄질이 좋지 않다.",
            "피해자는 이 사건 범행으로 상당한 정신적 충격과 성적 수치심을 느꼈을 것으로 보인다.",
            "피고인은 수사기관에서 범행을 부인하다가 뒤늦게나마 이 법정에 이르러 이 사건 범행을 인정하면서 반성하는 태도를 보이고 있는 점, 피고인이 이 사건 이전에 형사처벌을 받은 전력이 없는 초범인 점, 피해자와 원만히 합의하여 피해자가 피고인의 처벌을 원하지 않는 점 등은 피고인에게 유리한 정상이다",
            "그밖에 피고인의 나이, 성행과 환경, 범행의 동기, 수단과 결과, 범행 후의 정황 등 이 사건 변론에 나타난 여러 양형 요소를 종합적으로 고려하여 주문과 같이 형을 정한다.",
            "판시 범죄사실에 대하여 유죄판결이 확정되는 경우 피고인은 성폭력 범죄의 처벌 등에 관한 특례법 제42조 제1항에 의하여 신상정보 등록대상자에 해당하게 되므로, 같은 법 제43조에 따라 관할기관에 신상정보를 제출할 의무가 있다."
        ]
    },
    "close": {
        "cnclsns": [
            "피고인을 징역 1년 6월에 처한다.",
            "다만, 이 판결 확정일부터 2년간 위 형의 집행을 유예한다.",
            "피고인에게 40시간의 성폭력 치료강의 수강을 명한다.",
            "피고인에게 아동·청소년 관련기관등과 장애인복지시설에 각 2년간 취업제한을 명한다."
        ]
    }
}