{
    "info": {
        "caseField": "2",
        "detailField": "6",
        "trailField": "1",
        "caseNm": "강도상해,폭력행위등처벌에관한법률위반(집단,흉기등감금)",
        "courtNm": "부산지방법원",
        "judmnAdjuDe": "2012. 10. 26.",
        "caseNo": "2012고합707",
        "relateLaword": [
            "형법 제337조",
            "형법 제30조",
            "폭력행위 등 처벌에 관한 법률 제3조",
            "폭력행위 등 처벌에 관한 법률 제2조",
            "형법 제276조",
            "형법 제40조",
            "형법 제50조",
            "형법 제53조",
            "형법 제55조"
        ],
        "qotatPrcdnt": []
    },
    "concerned": {
        "acusr": "4",
        "dedat": "1"
    },
    "org": {
        "orgJdgmnCourtNm": "",
        "orgJdgmnAdjuDe": "",
        "orgJdgmnCaseNo": ""
    },
    "disposal": {
        "disposalform": "6",
        "disposalcontent": [
            "피고인을 징역 5년에 처한다."
        ]
    },
    "mentionedItems": {
        "rqestObjet": [
            "피고인은 00, 00 및 이름을 알 수 없는 필리핀인과 공모하여 흉기인 권총으로 피해자를 폭행하여 ㅇㅇㅇㅇ차량 내 뒷좌석 및 농가주택에 감금함과 동시에 위 권총을 이용해 피해자를 폭행, 협박함으로써 금품 합계 1,295만원 상당을 강취하고 피해자에게 치료일수를 알 수 없는 두피 열상 등을 가하였다."
        ]
    },
    "assrs": {
        "acusrAssrs": [],
        "dedatAssrs": []
    },
    "facts": {
        "bsisFacts": [
            "피고인은 2001. 9. 28. 경 말레이시아로 출국하였다가 2010. 4. 경 전남편과 이혼하고 그 무렵부터 2012. 5. 18.경까지 말레이시아와 필리핀에서 00과 동거하여 왔다. ",
            "한편 00은 별건의 강도살인 등 9건의 범죄에 관하여, 00은 별건의 강도살인 등 5건의 범죄에 관하여 각 체포영장이 발부된 사람이다.",
            "피고인은 00, 00과 함께 2012. 4. 24. 경 필리핀 0000 내 호수를 알 수 없는 피고인의 집에서 피고인은 한국인 휴대폰 판매업자를 납치에 동원될 차량까지 유인하고, 00과 00은 그 휴대폰 판매업자에게 직접 폭행을 가하여 금품을 강취하는 역할을 정함으로써 강도를 공모하였다. ",
            "피고인은 2012. 5. 1. 오전 무렵 필리핀 0000에 있는 00000 앞에서 00이 운전하는 ㅇㅇㅇㅇ에 00, 이름을 알 수없는 필리핀인 임산부인 00의 내연녀와 동승한 후 00이 가르쳐준 피해자 00(남 34세)의 핸드폰 번호로 전화를 걸어 \"휴대폰을 전부 구입하겠다, 전부 다 사겠으니 싸게 팔아라, 임산부가 있으니 ㅇㅇㅇ으로 와달라\"고 말하여 피해자를 ㅇㅇㅇㅇ 차량으로 유인하였다.",
            "같은날 12:00경 00은 피해자가 ㅇㅇㅇㅇ 차량 뒤편 좌석에 탑승하자 흉기인 권총을 꺼내들고 피해자의 머리에 겨누면서 위협하고, 운전석에 앉아 있던 00은 차량 뒤편으로 건너오며 손으로 피해자의 머리채를 잡아 흔들고 주먹과 발로 피해자의 얼굴을 수차례 때렸다.",
            "계속하여 00은 전단지 뭉치를 피해자의 입안에 구겨 넣고 발로 얼굴을 짓밟아 소리를 지르지 못하게 하였고, 00은 위 ㅇㅇㅇㅇ를 운전하여 필리핀 0000에 있는 위 이름을 알 수 없는 필리핀인(일명 ㅇㅇ)의 농가주택으로 이동하였다.",
            "피고인은 위 농가주택중 하나의 방에서 대기하고, 00과 00은 피해자를 그 옆방으로 끌고 간 후, 00이 피해자에게 무릎을 꿇으라고 지시하였다가, 피해자가 갑자기 달려들어 권총을 빼앗으려고 하자, 00은 피해자를 위협하기 위해 권총 1발을 발사하여 총알이 피해자의 우측겨드랑이에 스치게 하였다.",
            "00은 주먹과 발로 피해자의 얼굴과 몸을 수차례 때리고, 00은 권총 손잡이로 피해자의 머리를 후려친 후, 빨랫줄로 피해자의 양손과 다리를 묶고 걸레를 감은 권총 총열을 입안에 쑤셔 넣어 피해자의 반항을 억압하였다. ",
            "피해자는 00과 00으로부터 위와 같이 권총 손잡이로 머리를 폭행당해 치료일수를 알수 없는 두피열상을 입었고, 우측 겨드랑이에 총알이 스쳐 치료일수를 알 수 없는 창상을 입었다. ",
            "00은 피해자에게 \"오늘중으로 1,000만원을주면 보내준다\"고 말하고, 피해자로 하여금 피해자의 휴대폰으로 한국에 있는 피해자의 처 00에게 전화를 걸어 \"차사고가 났다, 합의금이 필요하다\"고 말하게 하였지만, 00가 피해자의 말을 믿지 않고 돈을 보내주지 않았다. ",
            "00은 피해자로부터 현금 대신 휴대폰을 주겠다는 제안을 받자, 같은 날 피해자가 위와 같이 감금된 상태에서 피해자가 운영하는 0000 이하 장소를 알 수 없는 ㅇㅇㅇㅇ이라는 상호의 휴대폰 판매장에서 중고 휴대폰 50대 시가 1,000만원 상당을 가져왔고, 피해자로부터 소지하고 있던 중고 휴대폰 4대 시가 80만원 상당, 현금 200만원 및 시계 15만원 상당을 빼앗았다.",
            "이로써 피고인은 00, 00 및 이름을 알수 없는 필리핀인(일명 'OO')과 공모하여, 2012. 5. 1. 12:00경부터 2012. 5. 2. 01:30경까지 사이에 흉기인 권총으로 피해자를 폭행하여 ㅇㅇㅇㅇ 차량 내 뒷자석 및 농가주택에 감금함과 동시에 위 권총을 이용해 피해자를 폭행, 협박함으로써 금품 합계 1,295만원 상당을 강취하고, 피해자에게 치료일수를 알 수 없는 두피열상 등을 가하였다."
        ]
    },
    "dcss": {
        "courtDcss": [
            "이 사건 범행은 피고인이 공범들과 공모하여 피해자를 유인한 다음 차량 내부 및 농가주택에 감금하면서 권총을 이용하는 등으로 피해자를 폭행, 협박하여 이에 겁을 먹은 피해자로부터금품을 강취하고, 그 과정에서 피해자에게 상해를 가한 것으로 그 죄질이 불량하다.",
            "피고인은 피해자에게 전화해 휴대폰을 구매하겠다는 구실로 피해자를 유인하는 등의 역할을 하였던 것으로 보이는 점, 피해자와 합의되지 아니한 점 등에 비추어 피고인을 엄히 처벌할 필요가 있다.",
            "피고인이 자신의 잘못을 인정하면서 깊이 뉘우치고 있고, 본건 범행을 주도적으로 계획하고 실행한 것은 아니라고 보이며, 범행 이후 피해자를 석방하기도 하였고, 스스로 귀국하여 수사에 응하여 나름대로 수사에 협조한 것으로 보이며, 형사처벌을 받은 전력이 없는 등 그 밖에 피고인의 연령, 성행, 환경, 범행 후의 정황 등 이 사건 변론에 나타난 제반 양형조건을 참작한다."
        ]
    },
    "close": {
        "cnclsns": [
            "피고인을 징역 5년에 처한다."
        ]
    }
}