{
    "info": {
        "caseField": "2",
        "detailField": "6",
        "trailField": "1",
        "caseNm": "절도, 사기",
        "courtNm": "청주지방법원",
        "judmnAdjuDe": "2015. 12. 29.",
        "caseNo": "2015고정209",
        "relateLaword": [
            "형법 제347조",
            "형법 제329조",
            "형법 제37조",
            "형법 제38조",
            "형법 제50조",
            "형법 제70조",
            "형법 제69조"
        ],
        "qotatPrcdnt": []
    },
    "concerned": {
        "acusr": "4",
        "dedat": "1"
    },
    "org": {
        "orgJdgmnCourtNm": "",
        "orgJdgmnAdjuDe": "",
        "orgJdgmnCaseNo": ""
    },
    "disposal": {
        "disposalform": "9",
        "disposalcontent": [
            "피고인을 벌금 200만원에 처한다.",
            "피고인이 위 벌금을 납입하지 아니하는 경우 10만원을 1일로 환산한 기간 피고인을 노역장에 유치한다."
        ]
    },
    "mentionedItems": {
        "rqestObjet": [
            "피고인은 2014. 7. 20. 07:30경 청주시 상당구 B에 있는 피해자 C 운영의  D식당 에서 술을 제공받더라도 그 대금을 지불할의사나 능력이 없음에도 불구하고 마치 대금을 지불할 것처럼 피해자에게 술을 주문하고, 이에 속은 피해자로부터 그 자리에서 소주를 제공받아 이를 편취하였다.",
            "또한 피고인은 피해자 C가 주방에서 일을 하고 있는 틈을 타 그곳 식탁에 있는 피해자 소유의 시가 60만원 상당의 스마트폰 1대를 가지고 나와 절취하였다.",
            "2014. 7. 20. 14:06경 청주시 청원구 E에 있는 피해자 F 운영의  G식당 에서 대금을 지불할 것처럼 술과 식사를 주문하고, 이에 속은 피해자로부터 부대찌개 2인분, 소주 1병을 제공받아 이를 편취하였다."
        ]
    },
    "assrs": {
        "acusrAssrs": [],
        "dedatAssrs": []
    },
    "facts": {
        "bsisFacts": [
            "피고인은 2014.7.20.07:30경 0000에 있는 피해자 C 운영의 D식당에서, 사실은 현금이나 기타 술값을 지불할 수단이 전혀 없어 술을 제공받더라도 그 대금을 지불할 의사나 능력이 없음에도 불구하고 마치 대금을 지불할 것처럼 피해자에게 술을 주문하고, 이에 속은 피해자로부터 그 자리에서 0소주 1명 시가 3,000원 상당을 제공받아 이를 편취하였다.",
            "피고인은 2014.7.20.07:50경 제1항 기재 D식당에서, 위 식당 주인인 피해자 C가 주방에서 일을 하고 있는 틈을 타 그 곳 식탁 위에 있는 피해자 소유인 시가 60만원 상당의 0스마트폰 1대를 가지고 나와 절취하였다.",
            "피고인은 2014.7.20.14:06경 0000에 있는 피해자 F 운영의 G식당에서 사실은 현금이나 기타 술값 등을 지불할 수단이 전혀 없어 술과 식사를 제공받더라도 그 대금을 지불할 의사나 능력이 없었다.",
            "그럼에도 불구하고 마치 대금을 지불할 것처럼 피해자에게 술과 식사를 주문하고, 이에 속은 피해자로부터 그 자리에서 부대찌개 2인분(17,000원), 소주 1병(3,500원)시가 합계 20,500원 상당을 제공받아 이를 편취하였다."
        ]
    },
    "dcss": {
        "courtDcss": [
            "피고인을 벌금 200만 원에 처한다.",
            "피고인이 위 벌금을 납입하지 아니하는 경우 10만 원을 1일로 환산한 기간 피고인을 노역장에 유치한다."
        ]
    },
    "close": {
        "cnclsns": [
            "피고인을 벌금 200만 원에 처한다.",
            "피고인이 위 벌금을 납입하지 아니하는 경우 10만 원을 1일로 환산한 기간 피고인을 노역장에 유치한다."
        ]
    }
}