{
    "info": {
        "caseField": "2",
        "detailField": "6",
        "trailField": "1",
        "caseNm": "특정범죄가중처벌등에관한법률위반(보복협박등), 업무방해, 폭행",
        "courtNm": "창원지방법원",
        "judmnAdjuDe": "2017. 07. 06.",
        "caseNo": "2017고합67",
        "relateLaword": [
            "특정범죄 가중처벌 등에 관한 법률 제5조의9",
            "형법 제283조",
            "형법 제314조",
            "형법 제260조",
            "형법 제35조",
            "형법 제42조",
            "형법 제37조",
            "형법 제38조",
            "형법 제50조"
        ],
        "qotatPrcdnt": []
    },
    "concerned": {
        "acusr": "4",
        "dedat": "1"
    },
    "org": {
        "orgJdgmnCourtNm": "",
        "orgJdgmnAdjuDe": "",
        "orgJdgmnCaseNo": ""
    },
    "disposal": {
        "disposalform": "6",
        "disposalcontent": [
            "피고인을 징역 1년 6월에 처한다."
        ]
    },
    "mentionedItems": {
        "rqestObjet": [
            "피고인은 자기의 형사사건의 수사와 관련하여 수사단서의 제공에 대한 보복의 목적으로 피해자 D를 협박하였다.",
            "피고인은 위력으로 피해자 H의 식당 영업 업무를 방해하였다.",
            "피고인은 피해자 H를 폭행하였다."
        ]
    },
    "assrs": {
        "acusrAssrs": [
            "피고인은 자기의 형사사건의 수사와 관련하여 수사단서의 제공에 대한 보복의 목적으로 피해자를 협박하였다.",
            "피고인은 위력으로 피해자의 식당 영업 업무를 방해하였다.",
            "피고인은 피해자를 폭행하였다."
        ],
        "dedatAssrs": [
            "피고인이 이 사건 각 범행 당시 술에 매우 취하여 심신미약 상태에 있었다."
        ]
    },
    "facts": {
        "bsisFacts": [
            "피고인은 2013.11.1.창원지방법원에서 공무집행방해죄 등으로 징역 8월에 집행유예 2년을 선고받고, 그 유예기간 중인 2015.9.1.같은 법원에서 업무방해죄 등으로 징역 8월을 선고받아 2015.9.9.위 판결이 확정됨으로써 위 집행유예의 선고가 실효되어 2016.9.26.위 각 형의 집행을 종료하였다.",
            "피고인은 2017.1.12.0000 C에 있는 피해자 D(여, 65세)가 운영하는 'E다방'에서 여종업원으로부터 잔소리를 들었다는 이유로 위 다방 안에 있는 화분 등을 깨뜨려 피해자의 신고로 출동한 경찰관들로부터 조사를 받게 되었다.",
            "그 후 피고인은 자신이 위와 같이 조사를 받은 것에 화가 나 2017.1.14.13:55 경위 다방에 다시 찾아가 피해자에게 \"왜 나를 신고했냐, 당신 나한테 감정 있냐.\" 라고 소리를 지르고, 피해자와 그곳 여종업원인 F에게 \"씨발 년아.죽여 버린다.다 죽여버리고 깜빵 들어간다\".라고 소리를 지르며 그곳 입구에 있던 의자 3개를 집어 던지고, 테이블을 발로 차는 등 피해자의 생명이나 신체에 어떠한 위해를 가할 듯한 태도를 보였다.",
            "피고인은 2017.3.21.16:40경 0000 G에 있는 피해자 H가 운영하는 식당 내에서 음식을 주문하였으나 피해자가 피고인에게 음식대금을 지불할 능력이 없는 것을 알고 음식을 주지 않는다는 이유로 피해자에게 \"야이 씨발년아, 시키면 시키는 대로 가져와야지.\" 라고 큰소리로 욕설을 하고 그곳에서 식사를 하던 다른 손님의 테이블 위에 있는 소주병과 수저를 바닥에 던지고 테이블을 손으로 뒤엎는 등 약 1시간에 걸쳐 소란을 피웠다.",
            "피고인은 제1항 기재 일시, 장소에서 위와 같이 소란을 피워 피해자 H(여, 56세)의 112 신고를 받고 경찰관들이 출동하였음에도 피해자에게 \"씨발년아, 경찰관 불렀나, 갈때까지 가보자.\" 라고 욕설을 하며 피해자의 멱살을 잡아 수회 흔들고, 위 식당에 있던 테이블을 뒤엎어 피해자의 발등에 찍히도록 하였다."
        ]
    },
    "dcss": {
        "courtDcss": [
            "피고인이 이 사건 각 범행 당시 다소 술에 취한 상태에 있었던 사실은 인정되나, 더 나아가 그로 인하여 사물을 변별하거나 의사를 결정할 능력이 없었다거나 미약한 상태에 있었다고는 보이지 않는다.",
            "따라서 피고인 및 변호인의 이 부분 주장은 받아들이지 않는다.",
            "피고인은 피해자들의 피해 회복을 위한 아무런 조치도 취하지 아니함.",
            "피고인이 술에 취한 상태에서 폭행죄, 상해죄, 재물손괴죄, 공무집행방해죄 등 동종 범행을 반복적으로 저지름.",
            "업무방해죄 등으로 징역형의 집행을 종료한 후 누범기간 내에 이 사건 각 범행을 저지름.",
            "이 사건 업무방해죄 및 폭행죄의 경우 재물손괴죄로 약식명령을 받은 날로부터 한달도 채 되지 않았음.",
            "피해자 D에 대해 이미 재물 손괴죄, 폭행죄 등 수회 범죄를 저지른 전력이 있음.",
            "피해자 D가 피고인의 처벌을 원하지 않는다는 의사를 표시함."
        ]
    },
    "close": {
        "cnclsns": [
            "피고인을 징역 1년 6월에 처한다."
        ]
    }
}