{
    "info": {
        "caseField": "2",
        "detailField": "6",
        "trailField": "1",
        "caseNm": "특정범죄가중처벌등에관한법률위반(운전자폭행등)",
        "courtNm": "서울중앙지방법원",
        "judmnAdjuDe": "2014. 04. 25.",
        "caseNo": "2013고합1444",
        "relateLaword": [
            "특정범죄 가중처벌 등에 관한 법률 제5조의10 제2항",
            "형법 제53조",
            "형법 제55조 제1항 제3호",
            "형법 제62조 제1항",
            "특정범죄 가중처벌 등에 관한 법률 제5조의10 제1항"
        ],
        "qotatPrcdnt": []
    },
    "concerned": {
        "acusr": "4",
        "dedat": "1"
    },
    "org": {
        "orgJdgmnCourtNm": "",
        "orgJdgmnAdjuDe": "",
        "orgJdgmnCaseNo": ""
    },
    "disposal": {
        "disposalform": "6",
        "disposalcontent": [
            "피고인을 징역 1년6월에 처한다.",
            "다만, 이 판결확정일로부터 2년간 위 형의 집행을 유예한다."
        ]
    },
    "mentionedItems": {
        "rqestObjet": [
            "피고인은 피해자로 하여금 약 3주간의 치료가 필요한 뇌진탕 및 안면부 열상 등에 이르게 하였다."
        ]
    },
    "assrs": {
        "acusrAssrs": [],
        "dedatAssrs": []
    },
    "facts": {
        "bsisFacts": [
            "피고인은 2013. 11. 7. 03:15경 0000 앞에서 피해자 C(57세)가 운행하는 D 0 영업용 택시에 승차하여 0000 방면으로 가던 중 같은 구 0000에 있는 0000체육관 앞 노상에 이르러 택시요금 문제로 시비가 되었다.",
            "신호를 기다리고 있던 피해자에게 \"왜 이렇게 요금이 많이 나왔냐 이 개새끼야 너 죽어볼래\"라고 욕설을 하며 주먹으로 피해자의 얼굴을 수회 때림으로써 운행 중인 자동차의 운전자인 피해자를 폭행하고 이로 인하여 피해자로 하여금 약 3주간의 치료가 필요한 뇌진탕 및 안면 분열 상 등에 이르게 하였다."
        ]
    },
    "dcss": {
        "courtDcss": [
            "이 사건 범행은 차비가 시비가 되어 피고인이 운행 중인 차량의 운전자인 피해자를 폭행하여 상해에 이르게 한 사안으로, 위와 같은 범행은 피해자 개인에 대한 법익침해를 넘어 교통사고를 유발해 불특정 다수에게 피해를 입힐 가능성이 있다는 점에서 엄중한 처벌이 필요하다.",
            "다만, 피고인이 술에 취하여 우발적으로 이 사건 범행에 이른 것으로 보이고, 자신의 범행을 모두 자백하고 있는 점, 피해 회복을 위해 250만 원을 공탁한 점, 이 사건 범행 이전에 처벌받은 전력이 전혀 없는 점 등을 유리한 정상으로 참작하고 그 밖에 피고인의 성행과 환경, 가족관계, 범행 후의 정황 등 이 사건 변론에 나타난 제반 양형요소를 종합하여 주문과 같이 형을 정한다."
        ]
    },
    "close": {
        "cnclsns": [
            "피고인을 징역 1년 6월에 처한다. ",
            "다만, 이 판결 확정일로부터 2년간 위 형의 집행을 유예한다."
        ]
    }
}