{
    "info": {
        "caseField": "2",
        "detailField": "6",
        "trailField": "1",
        "caseNm": "업무상횡령",
        "courtNm": "의정부지방법원",
        "judmnAdjuDe": "2017. 12. 18.",
        "caseNo": "2017고단4934",
        "relateLaword": [
            "형법 제356조",
            "형법 제355조"
        ],
        "qotatPrcdnt": []
    },
    "concerned": {
        "acusr": "4",
        "dedat": "1"
    },
    "org": {
        "orgJdgmnCourtNm": "",
        "orgJdgmnAdjuDe": "",
        "orgJdgmnCaseNo": ""
    },
    "disposal": {
        "disposalform": "6",
        "disposalcontent": [
            "피고인을 징역 6월에 처한다."
        ]
    },
    "mentionedItems": {
        "rqestObjet": [
            "피고인을 징역 6월에 처한다. "
        ]
    },
    "assrs": {
        "acusrAssrs": [
            "피고인은 이를 비롯하여 2015.10.22.경부터 2017.1.30.경까지 별지 범죄일람표 I,II 기재와 같이 모두 72회에 걸쳐 피해자를 위하여 합계 28,148,689원 상당의 현금을 업무상 보관하다가 임의로 소비하여 횡령하였다."
        ],
        "dedatAssrs": []
    },
    "facts": {
        "bsisFacts": [
            "피고인은 2015.8.경부터 2017.2.경까지 피해자 주식회사 C에 관리직 사원으로 근무하면서 물품 판매 및 수금 등의 업무를 담당하였던 사람이다.",
            "피고인은 2015.10.22.경 0000 D에 있는 피해자 회사의 사무실에서 거래처인 E로부터 잡화류 판매대금 70,000원을 받아 피해자를 위하여 업무상 보관하고 있던 중 피해자 회사의 회계장부 프로그램을 조작하여 위 매출 자료를 삭제한 후 이를 가져가 임의로 소비하였다."
        ]
    },
    "dcss": {
        "courtDcss": [
            "범죄사실에 대한 해당법조: 형법 제356조, 제355조 제1항(포괄하여)이다.",
            "이 사건 횡령금액은 2.800만 원이 넘는 적지 않은 금액이고, 피해회복도 전혀 이루어지지 않았다.",
            "피고인은 기존에 차량을 보유하고 있었음에도 이 사건 횡령 범행 중인 2016.10.경 추가로 차량까지 구입하였다.",
            "그리고 피고인은 2017.4.9.및 2017.7.21.경찰에서 조사를 받으며 매월 피해변제를 하겠다고 거듭 말하였으나(증거목록 12번 108쪽, 18번 10쪽), 말뿐이었다.",
            "따라서 피고인에게 징역형의 실형을 선고하며, 피고인이 범행을 자백하면서 반성하고 있는 점, 전과가 없는 점 등을 참작하여 양형기준상 권고되는 형량범위 내에서 형기를 정하였다."
        ]
    },
    "close": {
        "cnclsns": [
            "피고인을 징역 6월에 처한다."
        ]
    }
}