{
    "info": {
        "caseField": "2",
        "detailField": "6",
        "trailField": "1",
        "caseNm": "사기, 절도",
        "courtNm": "대구지방법원",
        "judmnAdjuDe": "2014. 12. 30.",
        "caseNo": "2014고단4671",
        "relateLaword": [
            "형법 제347조",
            "형법 제329조",
            "형법 제37조",
            "형법 제38조",
            "형법 제50조",
            "형법 제62조"
        ],
        "qotatPrcdnt": []
    },
    "concerned": {
        "acusr": "4",
        "dedat": "1"
    },
    "org": {
        "orgJdgmnCourtNm": "",
        "orgJdgmnAdjuDe": "",
        "orgJdgmnCaseNo": ""
    },
    "disposal": {
        "disposalform": "8",
        "disposalcontent": [
            "피고인을 징역 1년에 처한다.",
            "다만 이 판결 확정일부터 2년간 위 형의 집행을 유예한다."
        ]
    },
    "mentionedItems": {
        "rqestObjet": [
            "피고인을 징역 1년에 처한다. ",
            "다만 이 판결 확정일부터 2년간 위 형의 집행을 유예한다. "
        ]
    },
    "assrs": {
        "acusrAssrs": [],
        "dedatAssrs": []
    },
    "facts": {
        "bsisFacts": [
            "피고인은 2008. 12. 초순경 피해자 B에게 'SSD 제품 개발 사업'을 제안하여 피해자가 위 제품개발 법인을 설립하고, 피고인은 위 회사에서 직원으로 근무하게 되었다.",
            "피고인은 2009. 4. 7.경 0000에 있는 피해자의 사무실에서 피해자에게 \"사촌형님이 000 임원이므로 자동차를 35.7% 정도 싸게 살 수 있으니 자동차 구입대금을 달라.\"고 거짓말 하였다. ",
            "그러나 사실 피고인의 사촌형님은 위 자동차 회사에 근무한 사실이 없어 자동차를 싸게 구입할 수 없었고 위 돈을 받더라도 피고인의 생활비 등으로 사용할 생각이었으므로 위 돈을 받더라도 자동차 구입대금으로 사용할 의사나 능력이 없었다. ",
            "피고인은 위와 같이 피해자를 기망하여 이에 속은 피해자로부터 자동차 구입대금 명목으로 피고인의 통장으로 같은 날 10,860,000원을, 2009. 5. 26.경 6,328,600원 합계 17,188,600원 상당을 송금받았다. ",
            "피고인은 2009. 6. 11.경 불상의 장소에서 피해자에게 전화하여 \"SSD를 제조하는데 필요한 부품을 구입해야 한다. 구입 비용을 보내 달라.\"고 거짓말 하였다. ",
            "그러나 사실 피고인은 위 돈을 받더라도 개인적인 용도로 사용할 생각이었고 위 돈으로 부품을 구입할 의사나 능력이 없었다. ",
            "피고인은 위와 같이 피해자를 기망하여 이에 속은 피해자로부터 부품 구입비용 명목으로 피고인의 통장으로 같은 날 34,800,000원을, 같은 달 15.경 10,000,000원을 각각 송금 받았다. ",
            "이로써 피고인은 피해자를 기망하여 2회에 걸쳐 재물을 취득하였다. ",
            "피고인은 2009. 6. 11.경 위 사무실에서 그곳에 아무도 없는 틈을 이용하여 피해자 소유인 시가 4,370,000원 상당의 노트북 1대를 가져가 절취하였다"
        ]
    },
    "dcss": {
        "courtDcss": [
            "피고인이 2008. 6. 10. 사기죄로 징역 10월에 집행유예 2년을 선고 받은 후 그 집행유예기간 중이었슴에도 불구하고 이 사건 범행에 이른 점, 이 사건 편취금액이 6100여만 원에 이르고, 피해자의 노트북을 절취하기까지 한 점이 있다.",
            "범행 후 피해자와 연락을 끊고 지내면서 그 피해변제를 회피하였던 점, 다만 이 법정이 이르러 피해자와 합의하여 피해자가 처벌을 원하지 않고 있는 점이 있다.",
            "피고인이 잘못을 뉘우치고 반성하고 있는 점 등의 주요 정상과 그밖에 이 사건 범행의 동기와 경위, 수단과 방법, 범행 전후의 정황, 기탙 이 사건 변론에 나타는 피고인의 연력, 성행, 경력, 환경 등 여러 거지 사정등을 종합하여 형을 정한다."
        ]
    },
    "close": {
        "cnclsns": [
            "피고인을 징역 1년에 처한다.",
            "이 판결 확정일부터 2년간 위 형의 집행을 유예한다."
        ]
    }
}