{
    "info": {
        "caseField": "2",
        "detailField": "6",
        "trailField": "1",
        "caseNm": "사기",
        "courtNm": "광주지방법원",
        "judmnAdjuDe": "2014. 12. 30.",
        "caseNo": "2014고단4108",
        "relateLaword": [
            "형법 제347조",
            "형법 제70조",
            "형법 제69조"
        ],
        "qotatPrcdnt": []
    },
    "concerned": {
        "acusr": "4",
        "dedat": "1"
    },
    "org": {
        "orgJdgmnCourtNm": "",
        "orgJdgmnAdjuDe": "",
        "orgJdgmnCaseNo": ""
    },
    "disposal": {
        "disposalform": "9",
        "disposalcontent": [
            "피고인을 벌금 2,500,000원에 처한다.",
            "피고인이 위 벌금을 납입하지 아니하는 경우 100,000원을 1일로 환산한 기간 피고인을 노역장에 유치한다."
        ]
    },
    "mentionedItems": {
        "rqestObjet": [
            "피고인을 벌금 2,500,000원에 처한다. ",
            "피고인이 위 벌금을 납입하지 아니하는 경우 100,000원을 1일로 환산한 기간 피고인을 노역장에 유치한다. "
        ]
    },
    "assrs": {
        "acusrAssrs": [],
        "dedatAssrs": []
    },
    "facts": {
        "bsisFacts": [
            "피고인은 2014. 5.15. 광주 서구 B소재 C 앞 노상에서 피해자 D(남, 33세)에게 \"집을 구하는데 돈이 필요한데, 돈이 있으면 1,000만원을 빌려달라, 돈을 빌려주면 2014. 8월초까지 전액을 변제하겠다\" 라는 취지로 거짓말을 하였다. ",
            "그러나 사실 피고인은 무직으로 일정한 수입이 없어 타인으로부터 돈을 빌리더라도 갚을 의사나 능력이 없었다.",
            "피고인은 이와 같이 피해자를 기망하여 이에 속은 피해자로부터 그 자리에서 차용금명목으로 1,000만 원을 피고인 명의 농협통장으로 교부받았다."
        ]
    },
    "dcss": {
        "courtDcss": [
            "범죄사실에 대한 해당법조 형법 제347조 제1항",
            "형의선택 벌금형선택(피고인이 피해자에게 원금 및 이자 중 합계 254만 원을 변제한 점, 피고인에게 동종 범죄전력이 업는 점 등 참작)",
            "노역장유치 형법 제70조 제1항, 제 69조 제2항"
        ]
    },
    "close": {
        "cnclsns": [
            "피고인을 벌금 2,500,000원에 처한다.",
            "피고인이 위 벌금을 납입하지 아니하는 경우 100,000원을 1일로 환산한 기간 피고인을 노역장에 유치한다."
        ]
    }
}