{
    "info": {
        "caseField": "2",
        "detailField": "6",
        "trailField": "1",
        "caseNm": "특정경제범죄가중처벌등에관한법률위반(사기),특정범죄가중처벌등에관한법률위반(알선수재)",
        "courtNm": "서울중앙지방법원",
        "judmnAdjuDe": "2017. 01. 13.",
        "caseNo": "2016고합911",
        "relateLaword": [
            "구 특정경제범죄 가중처벌 등에 관한 법률(2016. 1. 6. 법률 제13719호로 개정되기 전의 것) 제3조",
            "형법 제347조",
            "특정범죄 가중처벌 등에 관한 법률 제3조",
            "형법 제37조",
            "형법 제38조",
            "형법 제50조",
            "형법 제53조",
            "형법 제55조",
            "형법 제62조"
        ],
        "qotatPrcdnt": [
            "대법원 1988. 3. 8. 선고 87도1872 판결",
            "대법원 2011. 10. 13. 선고 2011도8829 판결",
            "대법원 2012. 5. 24. 선고 2010도1080 판결",
            "대법원 2006. 4. 14. 산거 2005도7050 판결",
            "대법원 2009. 2. 26. 선고 2008도10496 판결",
            "대법원 2014. 10. 30. 선고 2012도12394 판결",
            "대법원 2005. 1. 28. 선고 2004도7359 판결",
            "대법원 2016. 2. 18. 선고 2015도18070 판결"
        ]
    },
    "concerned": {
        "acusr": "4",
        "dedat": "1"
    },
    "org": {
        "orgJdgmnCourtNm": "",
        "orgJdgmnAdjuDe": "",
        "orgJdgmnCaseNo": ""
    },
    "disposal": {
        "disposalform": "6",
        "disposalcontent": [
            "피고인을 징역 2년 6월에 처한다."
        ]
    },
    "mentionedItems": {
        "rqestObjet": [
            "피고인은 피해자회사를 기망하여 이에 속은 피해자회사로부터 44억원을 교부받았다.",
            "피고인은 조세심판원 소속 공무원의 직무에 속한 사항의 알선에 관하여 피고인 소유의 E 주식을 원하는 가격에 매도하고, L의 옥외광고업체 선정 권한을 부여받아 M으로부터 액수 불상의 이익을 수수하였다."
        ]
    },
    "assrs": {
        "acusrAssrs": [],
        "dedatAssrs": [
            "피해자회사는 내부 검토 결과 해조류 I 플랜트 사업의 경제성과 사업성에 대하여 부정적으로 판단하였음에도 불구하고, 000 측의 압력에 따라 불가피하게 이 사건 연구개발계약을 체결한 것이기 때문에, 피고인의 기망행위와 피해자회사의 재산적 처분행위 사이에 인과관계가 없다.",
            "피고인과 M 사이의 판시 범죄사실 제2항 기재 주식 매매계약(이하 '이 사건 주식매매계약'이라 한다)은 M이 E 주식이 유망하다는 판단 하에 개인적으로 투자한 것일 뿐, 제1차 관세 부과처분과 관련된 피고인의 알선행위와 대가관계에 있지 아니하다."
        ]
    },
    "facts": {
        "bsisFacts": [
            "피고인은 E 주식회사(이하 'E'라 한다) 지분의 31.27%를 보유한 대주주이고, 2010. 11. 30.부터 현재까지 E의 대표이사로 재직 중이고, E는 2009년 12월경 지식경제부로부터 국책과제인 '총괄과제: F, 세부 1과제: G, 세부 2과제: H'의 총괄 주관기관으로 선정되어 2009년 12월경부터 2012년 11월경까지 3년간 정부출연금 69억 원을 지원받게 되었다.",
            "E는 2009년 12월경 지식경제부로부터 국책과제인 '총괄과제: F, 세부 1과제: G, 세부 2과제: H'의 총괄 주관기관으로 선정되어 2009년 12월경부터 2012년 11월경까지 3년간 정부출연금 69억 원을 지원받게 되었다.",
            "E는 위 국책과제의 총괄기관으로 선정될 당시 해조류 1킬로그램을 이용하여 1,235그램 상당을 추출할 수 있는 실험실 단계의 원천기술은 가지고 있었다.",
            "그러나, 상용화 플랜트 기본설계 개발 이라는 국책과제의 목표를 달성하기 위해서는 실험실 다음 단계인 벤치 스케일 2) 실험을 거쳐 그 실험결과 및 최적 조건을 반영하여 그 다음 단계인 파일럿 플랜트의 기본설계를 개발하고, 이를 기초로 구축된 파일럿 플랜트를 수개월간 연속으로 시운전하여 정상 작동 및 원천기술 수준의 I 추출 여부를 확인한 다음, 그 결과와 최적 조건을 상용화 플랜트의 기본설계 개발에 반영하여야 하는 상황이었다.",
            "피고인은 위 국책과제를 진행 중이던 2011년 6월경 0000 J에 있는 피해자 000(이하 'OOO'라 한다) 사무실에서 피해자회사의 투자담당 관계자에게 E의 사업계획서를 제시하면서, \"해조류 I 기술과 관련된 국책과제가 잘 진행되어 상용화 플랜트의 기본설계가 가능하다. 이미 2010년 3월경 상용화 플랜트 생산량의 1/100 규모인 파일럿 플랜트의 기본설계를 완성하였고, 2010년 4월경부터 그에 기초한 파일럿 플랜트의 설비 구축을 시작하였다.\"",
            "피고인은 2012년 2월경까지 피해자회사와 투자 협의를 진행하면서 E의 기술개발 및 해조류 확보 상황을 사실대로 알리지 아니한 채, 2012. 2. 10. 피해자회사의 투자담당 관계자에게 \"피해자회사가 E에 55억 원을 투자하면, 상용화 플랜트의 기본설계를 완성하여 피해자회사에 제출하고, 그 기본설계를 바탕으로 한 상용화 플랜트의 제작,판매 등 독점사업권을 5년 동안 주겠다.\"라고 거짓말하였다.",
            "이에 속은 피해자회사와 총액 55억 원의 투자계약(이하 '이 사건 연구개발계약'이라 한다)을 체결하면서 계약체결 시 11억 원, 파일럿 플랜트 전체 시운전 착수 시 16억 5,000만 원, 상용화 플랜트 기본설계 초안 제출 시 16억 5,000만 원, 상용화 플랜트 기본설계 완성 및 제출 시 11억 원을 피해자회사로부터 지급받기로 약정하였다.",
            "사실 E는 2011년 6월경 투자제안 당시 벤치스케일 규모의 연속식 당화공정실험에 계속 실패하였고, 2012년 2월경 이 사건 연구개발계약 체결 당시까지 파일럿 플랜트의 기본설계 개발과 연속 당화공정, 연속 발효공정을 운영할 수 있는 공정기술개발에 실패하였기 때문에 상용화 플랜트의 기본설계 완성이 불가능하였다.",
            "한편 E는 2011년 6월경 투자제안 당시 필리핀 보홀의 새로운 주지사와 주민들이 바다 양식장 사용에 반대하면서 더 이상 양식 인허가를 진행하는 것이 어려워졌고, 보홀과 팔라완에서 확보한 바다 양식장은 55헥타르에 불과하였으며, 2012년 2월경 이 사건 연구개발계약 체결 당시까지 해조류의 대량 양식기술의 개발에 실패하였다.",
            "그럼에도 불구하고 피고인은 피해자회사로부터 이 사건 연구개발계약에 따른 연구용역비 명목으로 2012. 2. 23. 11억 원, 2012. 12. 24. 7억 7,000만 원, 2013. 1. 8. 8억 8,000만 원, 2013. 8. 1. 7억 7,000만 원, 2013. 11. 29. 8억 8,000만 원 합계 44억 원을 E 명의 계좌로 송금받았고, 이로써 피고인은 피해자회사를 기망하여 이에 속은 피해자회사로부터 44억 원을 교부받았다.",
            "L는 2008년 11월경 관세청으로부터 2004. 2. 1.부터 2007. 6. 30.까지의 기간 중 위스키 수입가격을 저가로 신고하였다는 이유로 2,065억 원의 관세 부과처분(이하 '제1차관세 부과처분'이라 한다)을 받고, 2009년 7월경 과세전적부심사를 거쳐 2009년 12월경 약 1,939억 원의 관세를 최종 부과받은 후 2010년 1월경 조세심판원에 조세불복 심판청구를 제기하였다.",
            "L는 2011년 2월경 관세청으로부터 2008. 2. 9.부터 2010. 10. 31.까지의 기간 중 위스키 수입가격을 저가로 신고하였다는 이유로 2,081억 원의 관세 부과처분을 받고, 2011년 3월경 과세전적부심사를 거쳐 2011년 10월경 2,168억 원의 관세를 최종 부과받은 후 그 무렵 조세심판원에 조세불복 심판청구를 제기하였다.",
            "피고인은 2011년 4~5월경 L 법무담당 상무이사인 M으로부터 \"조세심판원에서 조만간 제1차 관세 부과처분에 대한 결정이 있는데 지금이 중요한 시기이다. N 등에게 이야기하여 L에 유리한 처분이 내려질 수 있도록 도와 달라.\"는 취지의 부탁을 받고, 조세심판원 관계자를 만나 L의 입장을 전달한 후 M에게 \"조세심판원 관계자를 만나고 왔다. 앞으로 잘 될 것이다.\"라는 취지로 말하였다.",
            "그 후 조세심판원은 2011. 5. 18. L에 부과된 관세 약 1,939억 원 중 약 261억 원을 취소하고 서울세관에 나머지 관세 부과 부분에 대한 재조사를 명하는 취지의 결정을 내렸다.",
            "피고인은 E의 운영자금 조달이 시급하였던 2010년 하반기 무렵부터 M에게 E에 대한 투자를 권유하였으나 M으로부터 구체적인 매수제안을 받지 못하였다.",
            "피고인은 위 조세심판원 결정 이후인 2011년 7~8월경 주식회사(이하 'O'라 한다)를 옥외광고업체로 지정하여 L에 통보하였다. ",
            "2009년 7월 필리핀 보홀 지역에 10만 헥타르 규모의 바다 양식장을 확보하는 MOU를, 2010년 11월 필리핀 팔라완 지역에 2만 5,000 헥타르 규모의 바다 양식장을 확보하는 MOU를 각 체결하는 등 양식장 인허가 절차가 계속 진행 중이어서 양식장 불하가 가능하다.",
            "이미 해조류의 대량양식기술이 개발되어 있고, 양식장의 자동화까지 이루어진다면 해조류를 톤당 50달러까지 저가에 대량 공급할 수 있어 해조류 확보에 문제가 없다. 는 취지로 거짓말하였다.",
            "그러던 중 피고인은 위 조세심판원 결정 다음 날인 2011. 5. 19. 0000 소재 상호불상 커피숍에서 M으로부터 피고인의 위와 같은 알선행위의 대가로 E 주식에 대한 검토나 평가 과정 없이 피고인이 원하는 조건에 따라 \"주당 3,000원에 총 2억 원 상당의 E 주식을 매수하겠다.\"는 취지의 제안을 받고, 그 매수대금 명목으로 1,000만 원권 수표 19장 및 현금 1,000만 원 합계 2억 원을 교부받았다.",
            "피고인은 2011년 4~5월경 M으로부터 피고인의 위와 같은 알선행위의 대가로 L의 옥외광고업체를 선정할 수 있게 해 주겠다는 제안을 받았다.",
            "이에 따라 L는 2011. 11. 28. 0가 L의 광고대행사인 주식회사 P와 Q 남단 전광판 광고대행계약을 체결하도록 하였고, 이로써 피고인은 조세심판원 소속 공무원의 직무에 속한 사항의 알선에 관하여 피고인 소유의 E 주식을 원하는 가격에 매도하고, L의 옥외광고업체 선정 권한을 부여받아 M으로부터 액수 불상의 이익을 수수하였다."
        ]
    },
    "dcss": {
        "courtDcss": [
            "피고인의 기망행위와 피해자회사의 처분행위 즉, E에 연구용역비 명목으로 44억 원을 지급한 행위 사이에 상당인과관계가 인정된다.",
            "제반 증거들에 의하면, 피고인은 이 사건 연구개발계약 체결 및 그에 기한 연구용역비의 청구 과정에서 판시 범죄사실 제1항 기재와 같이 상용화 플랜트 기본설계 및 저가 해조류의 대량공급에 관한 E의 기술개발 상황 및 능력을 사실과 다르게 설명하거나 충분한 설명을 하지 아니하여 기망하였다고 인정되고, 피고인도 이 법정에서 자신이 피해자회사를 상대로 위와 같이 기망하여 피해자회사의 판단을 그르치게 한 점에 대하여 인정하였다.",
            "조류 I 플랜트 사업 자체의 경제성 또는 사업성에 대한 인식과 E의 기술개발 상태 또는 능력에 대한 인식은 그 대상을 달리한다는 점에서 구별되고, 피해자회사는 피고인의 기망행위로 인하여 E의 기술개발 상태 또는 능력에 관하여 착오를 일으켰다.",
            "피해자회사로서는 E가 상용화 플랜트 기본설계의 완성능력이나 저가 해조류의 대량공급 능력이 없다는 사정을 알았더라면, E에 단계적으로 지급되는 연구용역비 명목의 돈을 판시 범죄사실 제1항과 같이 지급하지 아니하였을 것이고, 그 이전에 이 사건 연구개발계약 자체를 체결하지 않거나 적어도 같은 내용으로 체결하지 않았을 것으로 판단된다.",
            "기망행위와 재산적 처분행위 사이의 인과관계는 기망행위가 재산적 처분행위의 유일한 원인인 경우에만 인정될 수 있는 것은 아니며, 설령 이 사건 연구개발계약의 체결 및 그에 기한 연구용역비 지급에 관하여 산업은행 측의 압력이 경합하여 작용하였다고 하더라도 위와 같은 사정에 비추어 보면 피고인의 기망행위와 사이의 인과관계를 인정하는 데 방해가 되지 않는다.",
            "피고인은 제1차 관세 부과처분에 관한 알선행위의 대가로 자신 소유의 E 주식을 원하는 가격에 매도하는 이익을 수수하였다고 볼 수 있다."
        ]
    },
    "close": {
        "cnclsns": [
            "피고인을 징역 2년 6월에 처한다.",
            "다만, 이 판결 확정일부터 4년간 위 형의 집행을 유예한다."
        ]
    }
}