{
    "info": {
        "caseField": "2",
        "detailField": "6",
        "trailField": "1",
        "caseNm": "변호사법위반, 사기",
        "courtNm": "서울남부지방법원",
        "judmnAdjuDe": "2013. 05. 03.",
        "caseNo": "2012고합856",
        "relateLaword": [
            "변호사법 제111조",
            "산업재해보상보험법 제24조",
            "형법 제347조",
            "형법 제30조",
            "형법 제37조",
            "형법 제38조",
            "형법 제50조",
            "변호사법 제116조"
        ],
        "qotatPrcdnt": []
    },
    "concerned": {
        "acusr": "4",
        "dedat": "1"
    },
    "org": {
        "orgJdgmnCourtNm": "",
        "orgJdgmnAdjuDe": "",
        "orgJdgmnCaseNo": ""
    },
    "disposal": {
        "disposalform": "6",
        "disposalcontent": [
            "피고인을 징역 1년 6월에 처한다.",
            "피고인으로부터 35,000,000원을 추징한다."
        ]
    },
    "mentionedItems": {
        "rqestObjet": [
            "피고인을 징역 1년 6월에 처한다.",
            "피고인으로부터 35,000,000원을 추징한다."
        ]
    },
    "assrs": {
        "acusrAssrs": [],
        "dedatAssrs": [
            "피고인은 00의 부탁으로 근로복지공단 고양지사에서 근무하는 00에게 00에 대한 산업재해 승인 여부를 신속하게 결정해 달라고 부탁하였을 뿐, 00으로부터 청탁 명목의 금원을 수수한 사실이 없으므로, 변호사법위반의 점은 무죄이다."
        ]
    },
    "facts": {
        "bsisFacts": [
            "피고인은 1995. 5. 1.경부터 2001. 2.경까지 근로복지공단에서 ㅁㅁㅁ 차장, ㅁㅁ 부장 등으로 근무하다가 2005년경부터 0 노무사 사무실에 소속되어 산업재해보상보험 신청 관련 업무를 하는 사무장이고, 00은 산업재해를 위장하여 근로복지공단이나 보험회사로부터 보험금을 편취하고 그 허위 산업재해 대상자들로부터 일정액을 수수료 명목으로 받는 산업재해보상보험 사기 브로커이다.",
            "피고인은 2010. 2. 초순경 0000에 있는 호프집에서, 00으로부터 \"00과 00이 2010. 1. 14. 주식회사 C종합건설(이하 'C종합건설'이라고 한다)0000 공사현장에서 작업을 하던 중 산업재해를 당하여 근로복지공단 고양지사에 최초요양급여를 신청하였는데, 위 고양지사 보상부담당자가 위 두사람의 사고 경위, 사고 장소에서 입원한 병원까지의 이동경로, 두 사람의 상해 정도 등에 대해 의심을 갖고 조사를 하고 있다는 사실을 알게 되었다.\"",
            "\"위 보상부 담당자가 회사 대표 00과 산업재해 근로자인 00을 고양지사 사무실로 소환하여 조사를 실시하였고 향후 추가 조사를 진행하려고 한다. 위 조사를 중단시키고 신속하게 최초요양급여를 승인받을 수 있도록 해달라는 부탁을 받게 되자, 00에게 위 고양지사 쪽에 전화를 해보니 공단에서 위 사고가 조작된 것이라고 심각하게 받아들이고 있더라. 이상하게 돌아가고 있다. 내가 한번 고양지사로 넘어 가야 할 것 같으니 돈을 준비해라\"고 말하였다.",
            "피고인은 2010. 2. 초순 17:30경 0000에 있는 00000 옆 골목에 주차된 피고인 소유의 000 승용차 안에서 00으로부터 현금 1,000만 원을 교부받고, 이틀 후 12:00경 0000에 있는 00000 내 골목길에서 00으로부터 현금2,500만 원을 교부받았다.",
            "피고인은 2010.5. 말경 0000 부근 호프집에서 00에게 \"친동생인 00이 산업재해보상보험에 가입되어 있지 않은 식당에서 일을 하다가 다리를 다치고 또한 원래부터 몸이 좋지 않아 병원에 다니고 있다. 네가 알고 있는 회사가 있으면 산업재해로 처리해달라\"고 부탁하였다.",
            "00은 00을 허위 산재 환자로 둔갑시켜 병원에 입원시킨 후 근로복지공단을 상대로 산재승인을 받거나 추가 상병승인을 받아내는 등 총괄 역할을 하고, 00은 산재 사고 조작에 필요한 사업장으로 C종합건설의 공사현장을 제공해주고 00을 실제 근로자가 아님에도 C종합건설의 근로자로 등록하여 산재보험에 가입시켜 놓는 역할을 하였다. ",
            "00은 마치 공사현장에서 일을 하다가 우연한 사고가 난 것처럼 가장하여 병원에 입원하는 방법으로 근로복지공단으로부터 요양급여 및 휴업급여 등을 편취하기로 공모하였다.",
            "00은 00 등과 함께 2010. 6. 18. 0000 근로복지공단 고양지사에서 00이 2010. 6. 5. 11:00경 C종합건설의 0000 내 00 소유의 건물과 00 소유 신축 건물의 바닥 미장공사 중 정화조 출구 턱에 걸려 넘어지는 사고로 다쳤다는 취지로 담당직원에게 산재 보험금 지급을 신청하였다.",
            "00은 위 00 등과 함께 피해자인 근로복지공단을 기망하여 이에 속은 피해자로부터 2010. 8. 19. 부터 2011. 8. 9. 까지 00 명의로 합계 14,927,850원을 휴업급여 및 요양급여비 명목으로 지급받았다. ",
            "이로써 피고인은 00 등과 공모하여 피해자를 기망하고 피해자로부터 합계 14,927,850원을 교부받았다."
        ]
    },
    "dcss": {
        "courtDcss": [
            "00은 00의 산업재해 보험금 신청이 승인결정된 후 00의 산업재해 보험금을 신청할 예정으로 먼저 00의 최초요양급여를 신청하였으나 00과 00에 대한 조사가 진행되자, 그 조사 과정에서 위장사실이 탄로날 것을 우려하여 피고인에게 도움을 요청하였고, 이를 알게 된 피고인이 00의 최초 요양급여신청사건 등에 관하여 근로복지공단 직원인 00 등에게 청탁한다는 명목으로 00으로부터 합계 3,500만원을 교부받았음을 충분히 인정할 수 있다.",
            "이 사건 범행은 피고인이 과거 근로복지공단의 직원으로 근무하였던 지위를 이용하여 청탁 명목으로 금품을 수수하고 친동생인 00에 관하여 허위의 산업재해 보험금을 신청함으로써 피해자 근로복지공단을 기망하여 금원을 교부받은 것으로, 그 죄질이 매우 좋지 아니하다.",
            "피고인의 위와 같은 범행으로 법집행의 공정성에 관한 신뢰가 훼손될 수 있고, 피고인이 청탁 명목으로 수수하고 사기 범행으로 교부받은 금원의 액수가 적지 아니한 점 등을 고려하면 피고인을 엄히 처벌해야 한다.",
            "다만 피고인이 2002년 뇌물수수죄로 징역10월에 집행유예 2년을 선고받은 이외에는 형사처벌을 받은 전력이 없는 점 등을 피고인에게 유리한 정상으로 참작하고 그밖에 피고인의 나이, 성향, 범행의 수단과 결과 등 이 사건 변론에 나타난 여러 양형요소들을 고려하여 주문과 같이 형을 정한다."
        ]
    },
    "close": {
        "cnclsns": [
            "피고인을 징역 1년 6월에 처한다.",
            "피고인으로부터 35,000,000원을 추징한다."
        ]
    }
}