{
    "info": {
        "caseField": "2",
        "detailField": "6",
        "trailField": "1",
        "caseNm": "성폭력범죄의처벌등에관한특례법위반(특수강도강간), 성폭력범죄의 처벌등에관한특례법위반(주거침입준강간)(인정된 죄명 주거침입), 절도, 병역법위반",
        "courtNm": "서울서부지방법원",
        "judmnAdjuDe": "2015. 12. 30.",
        "caseNo": "2015고합78",
        "relateLaword": [
            "성폭력범죄의 처벌 등에 관한 특례법 제3조",
            "형법 제342조",
            "형법 제297조",
            "형법 제329조",
            "병역법 제89조의2",
            "형법 제35조",
            "형법 제37조",
            "형법 제38조",
            "형법 제42조",
            "형법 제53조",
            "형법 제55조",
            "성폭력범죄의 처벌 등에 관한 특례법 제16조",
            "성폭력범죄의 처벌 등에 관한 특례법 제47조",
            "성폭력범죄의 처벌 등에 관한 특례법 제49조",
            "아동,청소년의 성보호에 관한 법률 제49조",
            "아동,청소년의 성보호에 관한 법률 제50조",
            "성폭력범죄의 처벌 등에 관한 특례법 제42조",
            "성폭력범죄의 처벌 등에 관한 특례법 제43조",
            "형사소송법 제325조",
            "형법 제51조"
        ],
        "qotatPrcdnt": []
    },
    "concerned": {
        "acusr": "4",
        "dedat": "1"
    },
    "org": {
        "orgJdgmnCourtNm": "",
        "orgJdgmnAdjuDe": "",
        "orgJdgmnCaseNo": ""
    },
    "disposal": {
        "disposalform": "6",
        "disposalcontent": [
            "피고인을 징역 8년에 처한다.",
            "피고인에 대하여 120시간의 성폭력 치료프로그램 이수를 명령한다.",
            "피고인에 대한 공개정보를 10년간 정보통신망을 이용하여 공개하고, 고지정보를 위 기간 동안 고지한다 다만, 대상범죄 판시 성폭력범죄의처벌등에관한특례법위반(특수강도강간)죄에 한한다 ."
        ]
    },
    "mentionedItems": {
        "rqestObjet": [
            "피고인을 징역 8년에 처한다.",
            "피고인에 대하여 120시간의 성폭력 치료프로그램 이수를 명령한다.",
            "피고인에 대한 공개정보를 10년간 정보통신망을 이용하여 공개하고, 고지정보를 위 기간 동안 고지한다 다만, 대상범죄 판시 성폭력범죄의처벌등에관한특례법위반(특수강도강간)죄에 한한다 ."
        ]
    },
    "assrs": {
        "acusrAssrs": [],
        "dedatAssrs": []
    },
    "facts": {
        "bsisFacts": [
            "피고인은 2013.7.26.서울중앙지방법원에서 병역법위반죄로 징역 6월 및 벌금 50만 원을 선고받고 2013.11.25.서울구치소에서 위 징역형의 집행을 종료하였다.",
            "피고인은 2015.4.19.05:50경 0000 주변 주점에서, 마침 주변 주점에서 술을 마시고 나오던 피해자 C(여, 27세)의 어머니를 발견하고 피해자의 어머니가 탄 택시를 평소 배달 일을 하면서 이용하던 오토바이(0, D)를 타고 뒤쫓아 간 다음 피해자의 주거지 인근 대로에서 피해자의 어머니에게 술을 한잔 더 하자고 권유하였으나 거절당하였다.",
            "그럼에도 불구하고 피고인은 계속하여 피해자의 어머니를 뒤쫓아가 피해자의 주거지 맞은편 빌라에서 피해자의 어머니가 집안으로 들어가는 모습을 지켜보다가 같은 날 06:10경 0000 E에 있는 다세대주택 담을 넘어 들어간 다음 지층 1호에 있던 피해자의 집에 이르러 시정되지 않은 부엌 창문을 열고 집 안까지 들어갔다.",
            "그 후 피고인은 마침 잠에서 깨어 자신의 방에서 나오던 피해자에게 그곳 주방에 있던 위험한 물건인 과도(칼날길이 약 10cm)를 들이대며 피해자의 방안으로 들어간 후 \"가방에 있는 것 모두 꺼내\" 라고 위협하고, '돈이 없다'는 피해자에게 \"찾아서 나오면 죽여 버리겠다\" 고 소리친 후 가방에 돈이 없다는 것이 확인되자 계속하여 \"옷 벗어\" 라고 위협하는 등으로 피해자의 반항을 억압하고, 피해자의 배 위로 올라가 피해자를 1회 강간하였다.",
            "이로써 피고인은 위험한 물건인 과도를 휴대하고 금원을 강취하려고 하였으나 그 뜻을 이루지 못하고 미수에 그치고 피해자를 강간하였다.",
            "피고인은 2014.7.14.경부터 0000 F에 있는 'G호텔'에서 고객응대 및 객실 관리 업무를 담당하는 종업원으로 근무해 오던 사람으로 2014.9.15.11:00경부터 다음 날인 16.11:00까지 카운터 근무를 하게 되었다.",
            "피고인은 2014.9.16.02:08경 위 'G호텔', 0000에 투숙한 피해자 H(여, 41세)가 술에 취해 객실로 올라가는 것을 보고, 같은 날 02:27경 및 03:35경 두 번에 걸쳐 위 객실까지 올라가 문에 귀를 대고 객실 안의 동정을 살핀 후 03:50경 카운터에 있던 열쇠를 이용하여 출입문을 열고 객실 내로 침입하였다.",
            "이로써 피고인은 피해자가 투숙하고 있던 객실에 침입하였다.",
            "피고인은 같은 날 09:10경 위 G호텔 1층 카운터에서, 위와 같은 범행을 저지른 후 옷을 갈아입고 아무 일도 없는 척하며 근무를 하던 중 H의 일행이 찾아와 CCTV를 보여달라고 하자 자신의 범행이 발각될 것으로 염려하여 업주인 피해자 I이 출근하지 않은 틈을 이용하여 카운터 금고 안에 들어있던 현금 80만 원 상당을 꺼내 도망가 이를 절취하였다.",
            "피고인은 2013.12.16.경부터 0000 J에 있는 K 주민센터에서 민원발급보조(사회복무)요원으로 복무하던 사람으로, 2014.1.27.경부터 2014.2.7.경까지 위 근무지에 출근하지 않고 무단결근하였다.",
            "이로써 피고인은 정당한 사유 없이 통산 8일 이상의 기간 동안 복무를 이탈하였다.",
            "판시 성폭력 범죄의 처벌 등에 관한 특례법위반(특수강도강간)죄 에 대하여 유죄판결이 확정되는 경우, 피고인은 성폭력 범죄의 처벌 등에 관한 특례법 제42조 제1항 본문에 정해진 신상정보 등록대상자가 되므로, 같은 법 제43조에 따라 관할기관에 신상정보를 제출할 의무가 있다.",
            "피고인은 2014.7.14.경부터 0000 F에 있는 'G호텔'에서 고객응대 및 객실 관리 업무를 담당하는 종업원으로 근무해 오던 사람으로 2014.9.15.11:00경부터 다음 날인 16.11:00까지 카운터 근무를 하게 되었다.",
            "피고인은 2014.9.16.02:08경 위 G호텔 0000에 투숙한 피해자 H(여, 41세)가 술에 취해 객실로 올라가는 것을 보고 피해자가 술에 취해 잠이 들면 그 상태를 이용하여 간음하기로 마음먹었다.",
            "피고인은 같은 날 02:27경, 03:35경 두 번에 걸쳐 위 객실까지 올라가 문에 귀를 대고 객실 안의 동정을 살핀 후 03:50경 카운터에 있던 열쇠를 이용하여 출입문을 열고 객실 내로 침입한 다음 침대 위에 엎드린 상태로 잠이 들어 있던 피해자의 등 뒤에 올라타 바지를 벗기려하였다.",
            "잠결에 무겁고 답답함을 느낀 피해자가 깨어나 \"누구냐\"고 하자 하체를 밀착시켜 피해자의 몸 전체를 누르고 한손으로 입을 막고 한손으로 팔을 잡아 움직이지 못하게 하였으나, 피해자가 \"이러지 마라.술 먹어서 토할 수도 있다.돈도 없고 어렵게 공부하러 온 거다\" 라고 사정하고, 밀치며 반항하자 범행이 발각될 것을 우려하여 객실에서 나와 도주하였다.",
            "이로써 피고인은 피해자가 투숙하고 있던 객실에 침입하여 술에 취해 잠이 든 피해자를 간음하려다 그 뜻을 이루지 못하고 미수에 그쳤다."
        ]
    },
    "dcss": {
        "courtDcss": [
            "피고인은 이 부분 공소사실에 대하여 자신이 증인 H의 금품을 절취할 목적으로 객실에 들어가 가방을 뒤지려고 하는데 증인 H가 깨어나 \"누구냐\"고 말을 하길래 손으로 입을 막았다는 취지로 주장하고 있는바, 이 부분 공소사실에 부합하는 듯한 증거로는 증인 H, I의 각 수사기관 및 이 법정에서의 진술, 범행당일 CCTV 시간대별 정리 내역이 있다.",
            "그러나 증인 I의 수사기관 및 이 법정에서의 각 진술은 '증인 H의 지인으로부터 증인 H가 성폭력피해를 당하였다는 말을 들었다'는 재전문진술에 불과하여 피고인이 증거로 동의하지 아니하는 한 형사소송법 제310조의2 규정에 의하여 이를 증거로 할 수 없다(대법원 2012.5.24.선고 2010도5948 판결 등 참조).",
            "또한 이 법원이 적법하게 채택하여 조사한 증거들에 의하여 인정할 수 있는 다음과 같은 사정들을 종합하여 보면, 증인 H의 수사기관 및 이 법정에서의 각 진술은 그대로 믿기 어렵고, 검사가 제출한 나머지 증거들만으로는 피고인이 공소사실 기재와 같이 잠든 증인 H를 간음하려다가 미수에 그쳤다는 사실을 인정하기에 부족하다.",
            "① 증인 H는 '몸이 눌리는 기분이 들어 잠에서 깼더니 피고인이 몸 위에서 증인을 누르고 있었고 피고인의 몸이 포개지듯이 상체부터 하체까지 전부 증인의 몸에 밀착되어 있었다, 피고인의 인기척에 잠에서 깨어 피고인에게 누구냐고 말한 사실은 없다'는 취지로 진술하고 있는데 특별히 증인 H가 거짓 진술을 하고 있다고 볼 만한 사정은 없다.",
            "그러나 증인 H가 2015.9.15.한국에 입국하여 바쁘게 업무를 본 데에다 잠들기 전 약간의 술을 마셔 옷도 벗지 못하고 잠들 정도로 피곤한 상태였던 점, 증인 H는 평소에도 잠을 깊게 자는 편인 점 (증인 H 녹취록1)제6, 14쪽, 2015고합231 수사기록2)제33, 34, 119쪽), 피고인이 증인 H의 객실에 침입한 시간이 03:50경으로 한밤중이었던 점 등을 고려할 수 있다.",
            "증인 H 가 잠결에 어떠한 소리를 내었고 당시 증인 H의 객실에서 절취할 금품을 물색 중이던 피고인이 이를 자신에게 \"누구냐\" 라고 말한 것으로 잘못 듣고 증인 H의 몸을 자신의 몸으로 누르면서 손으로 증인 H의 입을 막았을 뿐인데, 증인 H가 자신의 몸을 누르는 피고인의 행동을 자신을 강간하려는 것으로 오인하였을 가능성을 배제할 수 없다.",
            "② 증인 H가 깨어났을 당시 피고인은 옷을 입은 채 다리를 쭉 뻗은 상태로 엎드려 자고 있는 증인 H의 몸을 완전히 포갠 상태로 누르고 있었다는 것인데, 위와 같은 자세로는 간음을 하는 것이 용이하지 않다는 점에서 피고인의 위와 같은 행동을 두고 강간의 범의를 인정하기는 어렵다.",
            "③ 증인 H는 수사기관에서 피고인이 자신의 바지 지퍼를 내린 것 같다 는 취지로 진술한 바 있으나(수 제119쪽), 위 증인의 진술에 의하더라도 피고인이 지퍼를 내린 기억이 있는 것은 아니고 지퍼가 내려가 있기에 이를 피고인이 내렸을 것이라고 추측하였다는 것 뿐이다(녹 제4, 12쪽).",
            "증인 H가 깨어났을 당시 바지 밖으로 내어입고 있었던 상의가 전혀 올라가지 않은 상태였던 점(녹 제14쪽)에 비추어 볼 때 피고인이 증인 H의 옷을 벗기지는 아니한 것으로 보인다(만일 피고인이 증인 H 의 바지를 벗기려 하였다면 상의가 올라갔을 가능성이 크다).",
            "④ 피고인은 증인 H가 깨어나서 자신이 한국에 공부하러 왔고 돈이 있는 사람이 아니라고 하자 증인 H에게 한번만 봐달라며 그대로 객실 밖으로 나갔던바, 만일 피고인이 강간의 고의로 객실에 침입한 것이라면 피고인의 위와 같은 행동은 쉽게 설명되지 아니한다.",
            "⑤ 피고인은 달리 증인 H의 몸을 만지는 등 강간의 고의를 추단케 할 만한 어떠한 행동이나 말도 하지 아니하였다.",
            "따라서 이 부분 공소사실은 범죄의 증명이 없는 경우에 해당하여 형사소송법 제325조 후단에 의하여 무죄를 선고하여야 할 것이나, 이와 일죄의 관계에 있는 판시 주거침입죄를 유죄로 인정한 이상 따로 주문에서 무죄를 선고하지 아니한다.",
            "피고인은 병역법위반죄로 실형을 선고받아 누범기간 중이었음에도 불구하고 자숙하지 아니하고 이 사건 각 범행을 저질렀다.",
            "특히 이 사건 성폭력 범죄의 처벌 등에 관한 특례법 위반(특수강도강간)죄는 피고인이 이른 새벽에 피해자의 주거지에 침입하여 흉기인 과도로 피해자를 위협하여 강도 및 강간범행을 저지른 것으로 죄질이 극히 불량하고, 이로 인하여 피해자가 극심한 고통을 겪고 있을 것임이 명백한데도 피고인은 피해를 회복시키는 등의 노력을 전혀 하지 아니한 것으로 보인다.",
            "나머지 각 범행도 결코 죄질이 가볍지 아니하고, 피고인은 피해자들로부터 용서를 받지도 못하였다.",
            "다만 피고인이 강도범행 및 절도범행을 통하여 실질적으로 취득한 이익은 없는 것으로 보이는 점, 피고인이 성폭력 범죄로 처벌받은 전력이 없는 점, 피고인이 자신의 잘 못을 깊이 뉘우치는 점 등을 피고인에게 유리한 정상으로 참작하고, 그밖에 피고인의 나이, 성행, 환경, 가족관계, 이 사건 각 범행의 동기 및 경위, 범행 후의 정황 등 형법 제51조가 정하고 있는 여러 양형조건들을 종합적으로 고려하여 주문과 같이 형을 정한다."
        ]
    },
    "close": {
        "cnclsns": [
            "피고인을 징역 8년에 처한다.",
            "피고인에 대하여 120시간의 성폭력 치료프로그램 이수를 명한다.",
            "피고인에 대한 공개정보를 10년간 정보통신망을 이용하여 공개하고, 고지정보를 위 기간 동안 고지한다 다만, 대상범죄는 판시 성폭력 범죄의 처벌 등에 관한 특례법 위반(특수강도강간)죄에 한한다."
        ]
    }
}