{
    "info": {
        "caseField": "2",
        "detailField": "6",
        "trailField": "1",
        "caseNm": "폭행",
        "courtNm": "서울중앙지방법원",
        "judmnAdjuDe": "2014. 01. 28.",
        "caseNo": "2013고단5962",
        "relateLaword": [
            "형법 제260조",
            "형법 제70조",
            "형법 제69조"
        ],
        "qotatPrcdnt": []
    },
    "concerned": {
        "acusr": "4",
        "dedat": "1"
    },
    "org": {
        "orgJdgmnCourtNm": "",
        "orgJdgmnAdjuDe": "",
        "orgJdgmnCaseNo": ""
    },
    "disposal": {
        "disposalform": "9",
        "disposalcontent": [
            "피고인을 벌금 150만 원에 처한다.",
            "피고인이 위 벌금을 납입하지 아니하는 경우 5만 원을 1일로 환산한 기간 피고인을 노역장에 유치한다."
        ]
    },
    "mentionedItems": {
        "rqestObjet": [
            "피고인을 벌금 150만 원에 처한다. ",
            "피고인이 위 벌금을 납입하지 아니하는 경우 5만 원을 1일로 환산한 기간 피고인을 노역장에 유치한다."
        ]
    },
    "assrs": {
        "acusrAssrs": [],
        "dedatAssrs": []
    },
    "facts": {
        "bsisFacts": [
            "피고인은 2013. 6. 15. 13:40경 0000에 있는 지하철 충무로역 지하2층 연결통로에서, 피해자 C(44세)이 돗자리를 펴고 누워 있는 자신을 흔들어 깨우자, 발로 피해자의 다리를 걷어차고 손으로 피해자의 멱살을 잡아 당기는 등 폭행하였다."
        ]
    },
    "dcss": {
        "courtDcss": [
            "동종 범죄로 수회 처벌받은 전력이 있으나, 폭행 정도가 경미한 점, 피고인이 술에 취하여 우발적으로 이 사건 범행에 이르게 된 것으로 보이고, 자신의 잘못을 뉘우치고 있는 점 등을 참작하여 벌금형을 선택한다."
        ]
    },
    "close": {
        "cnclsns": [
            "형법 제260조 제1항에 따라 피고인을 벌금 150만 원에 처한다.",
            "피고인이 위 벌금을 납입하지 아니하는 경우 5만 원을 1일로 환산한 기간 피고인을 노역장에 유치한다."
        ]
    }
}