{
    "info": {
        "caseField": "2",
        "detailField": "6",
        "trailField": "1",
        "caseNm": "폭행",
        "courtNm": "울산지방법원",
        "judmnAdjuDe": "2013. 07. 26.",
        "caseNo": "2013고정339",
        "relateLaword": [],
        "qotatPrcdnt": []
    },
    "concerned": {
        "acusr": "4",
        "dedat": "1"
    },
    "org": {
        "orgJdgmnCourtNm": "",
        "orgJdgmnAdjuDe": "",
        "orgJdgmnCaseNo": ""
    },
    "disposal": {
        "disposalform": "10",
        "disposalcontent": [
            "피고인의 행위는 적극적인 공격행위라기 보다는 소극적인 방어행위로서 피고인의 신체에 대한 현재의 부당한 침해를 벗어나기 위한 행위로서 상당한 이유가 있는 정당방위 또는 사회상규에 위배되지 아니하는 정당행위에 해당하여 위법성이 있다고 볼 수 없다. 그래서 피고인은 무죄."
        ]
    },
    "mentionedItems": {
        "rqestObjet": [
            "피고인 및 변호인은 피고인의 팔을 잡는 피해자를 뿌리친 것뿐이고 피해자의 가슴을 밀친 사실이 없으며, 이는 정당행위 내지 정당방위라는 취지로 주장한다."
        ]
    },
    "assrs": {
        "acusrAssrs": [],
        "dedatAssrs": [
            "피고인 및 변호인은 피고인의 팔을 잡는 피해자를 뿌리친 것뿐이고 피해자의 가슴을 밀친 사실이 없으며, 이는 정당행위 내지 정당방위라는 취지로 주장한다."
        ]
    },
    "facts": {
        "bsisFacts": [
            "피고인은 2012.9.10, 14:50경 0000에 있는 0000지하철 3호선 숙등역 인근 주택가에서 같은 날 14:30경 지하철 내에서의 피고인의 언행에 대해 사과를 요구하는 피해자 C(69세)에게 상스러운 욕설을 하며 양손으로 피해자의 가슴을 세게 밀어 피해자를 폭행하였다.",
            "피고인과 피해자는 2012.9.10.14:30경 0000을 지나는 0000 지하철 3호선 전동차에서 함께 탑승하였다.",
            "피해자는 위 전동차를 타고 만덕역으로 가는 중이었다.",
            "피고인은 맞은 편 피해자가 앉아 있는 쪽 전동차 유리창에 자기 얼굴이 비쳐서 이를 보고 있었는데 피해자는 자신을 쳐다본다고 오인하여 피고인에게 \"왜 쳐다보냐\"고 말하였다.",
            "이에 피고인은 피해자를 본 것이 아니라 피해자 옆 창에 비친 얼굴을 본 것이라고 말하였으나 피해자는 피고인에게 \"싸가지 없이 어린 놈이 어디서 거짓말을 하느냐\"고 말하였다.",
            "(피해자는 피고인이 먼저 자신에게 \"왜 쳐다보냐\"는 말을 했다고 주장하나, 피해자도 피고인이 피해자를 본 것이 아니라 피해자 옆 창에 비친 얼굴을 본 것이라는 말을 하는 것을 들었다고 진술하고 있는바, 피고인이 먼저 피해자에게 \"왜 쳐다보냐\"고 말했다면 논리적으로 피고인이 피해자에게 피해자 옆 창에 비친 얼굴을 본 것이라는 말을 할 리가 없으므로, 피해자의 주장은 받아들이지 아니한다.)",
            "그러던 중 피고인이 숙등역에서 하차하자 원래 만덕역까지 가려던 피해자도 피 고인을 따라 함께 하차하였다.",
            "(피해자는, 피고인이 피고인에게 \"죽인다.내려\" 라고 말하여 따라 내린 것이라고 주장하나 앞서 본 바와 같은 이 사건의 발단, 피고인이 전동차에서 하차하면서 피해자를 강제로 끌어내리지도 않았는데도 피해자가 원래 가려던 만덕역까지 가지 않고 도중에 피해자를 따라 내렸다는 것을 납득하기 어렵다.)",
            "(피해자는 피고인이 위협하여 따라 내렸고 도중에 구호요청을 하였다고 주장하나 지하철 CCTV영상에는 피해자가 구호 요청을 하거나 그 의사에 반하여 따라가는 것처럼 보이는 장면은 발견되지 아니하고 달리 피해자가 구호 요청을 하였다고 볼만한 자료나 정황도 없다.)",
            "(구호요청을 하였다는 주장은 피해자는 국가유공자여서 피고인을 겁내지 않 았다는 진술과도 모순되어 피해자의 주장을 그대로 믿기 어렵다).",
            "피해자는 숙등역 출구 밖으로 나가는 피고인을 따라 가 피고인의 바지 뒷부분과 벨트를 잡았고, 이에 피고인이 피해자의 손을 뿌리치자 피해자가 피고인의 가방끈을 잡아당겨 피고인의 가방끈이 끊어졌다(피고인은 이 사건 당시 피해자가 가방끈을 잡아당겨 어깨 부위에 멍이 들었다).",
            "피고인은 계속 피해자가 피고인의 옷을 잡으면서 따라오자 숙등역 인근 주택가에서 다시 피고인을 뿌리쳤다."
        ]
    },
    "dcss": {
        "courtDcss": [
            "위 인정사실에 의하면, 피고인의 행위는 적극적인 공격행위라기보다는 소극적인 방어행위로서 피고인의 신체에 대한 현재의 부당한 침해를 벗어나기 위한 행위로서 상당한 이유가 있는 정당방위 또는 사회상규에 위배되지 아니하는 정당행위에 해당하여 위법성이 있다고 볼 수 없다."
        ]
    },
    "close": {
        "cnclsns": [
            "그렇다면, 피고인의 이 사건 행위는 형법 제21조의 정당방위 또는 같은 법 제20조의 정당행위에 해당하여 범죄로 되지 아니하므로 형사소송법 제325조 전단에 의하여 무죄를 선고한다."
        ]
    }
}