{
    "info": {
        "caseField": "2",
        "detailField": "6",
        "trailField": "1",
        "caseNm": "공문서변조, 변조공문서행사, 사기, 위계공무집행방해",
        "courtNm": "대전지방법원",
        "judmnAdjuDe": "2013. 05. 30.",
        "caseNo": "2013고단1130",
        "relateLaword": [
            "형법 제225조",
            "형법 제229조",
            "형법 제347조",
            "형법 제137조",
            "형법 제40조",
            "형법 제50조",
            "형법 제37조",
            "형법 제38조",
            "형법 제62조"
        ],
        "qotatPrcdnt": []
    },
    "concerned": {
        "acusr": "4",
        "dedat": "1"
    },
    "org": {
        "orgJdgmnCourtNm": "",
        "orgJdgmnAdjuDe": "",
        "orgJdgmnCaseNo": ""
    },
    "disposal": {
        "disposalform": "8",
        "disposalcontent": [
            "피고인을 징역 6월에 처한다.",
            "다만, 이 판결 확정일부터 2년간 위 형의 집행을 유예한다."
        ]
    },
    "mentionedItems": {
        "rqestObjet": [
            "피고인을 징역 6월에 처한다."
        ]
    },
    "assrs": {
        "acusrAssrs": [],
        "dedatAssrs": []
    },
    "facts": {
        "bsisFacts": [
            "피고인은 0000 B주식회사의 실제 대표로서 대전지역 초·중·고등학교에서 실시하는 수학여행 등의 학생 운송 용역 사업을 하는 자이다.",
            "피고인은 2012.4.18.대전 C중학교의 2012학년도 2학년 수학여행 학생수송버스 임차계약을 체결함에 있어서 사실은 C중학교에서 제시하는 차량 조건인 '5년 이하 운행 차량'을 제공할 의사나 능력이 없음에도 불구하고 위 제시 조건에 맞도록 전세버스 자동차등록증의 연식을 변조하여 이를 학교에 제출함으로써 차량임차대금을 편취하고 위 C중학교의 수학여행 용역계약 업무를 방해하기로 마음먹었다.",
            "피고인은 2011.4.17.경 위 B사무실에서 C중학교 2012학년도 2학년 수학여행 학생수송버스 임차계약 체결용으로 제출하기 위하여 미리 소지하고 있던 '2005년 11월 11일 등록 D 자동차등록증' 과 '2005년 10월 31일 등록 E 자동차등록증'의 원본을 전자복사기를 이용하여 각각 복사하고 그 복사본의 '최초등록일'과 '형식 및 연식'란에 '2007'이라는 숫자를 오려붙인 다음 다시 전자복사기를 이용하여 복사하였다.",
            "피고인은 2011.4.18.위 C중학교 행정실에서 2012학년도 C중학교 2학년 수학여행 학생수송버스 임차계약을 체결하면서 임차용역계약 담당 직원 F에게 위와 같이 변조한 자동차등록증사본 2매를 마치 진정하게 발급받아 전자 복사한 자동차등록증 사본인 것처럼 각각 제시하여 이를 행사하였다.",
            "피고인은 피해자 F에게 변조한 D와 E 자동차등록증사본을 제출하면서 위 차량들의 등록일이 2007년인 것처럼 행세하여 위 수학여행 학생수송버스로 2007년식 전세버스 2대를 제공하겠다고 거짓말하였다.",
            "그러나 사실은 피고인은 2007연식 전세버스를 제공할 의사나 능력이 없었다.",
            "피고인은 이에 속은 F로부터 전세버스 2대의 임대료 명목으로 300만원을 교부받았다.",
            "이로써 피고인은 피해자를 기망하여 재물을 교부받고 동시에 위계로써 대전광역시 교육청 C중학교 공무원 F의 수학여행 차량 임차계약업무에 관한 정당한 직무집행을 방해하였다."
        ]
    },
    "dcss": {
        "courtDcss": [
            "각 형법 제225조(공문서변조의 점), 각 형법 제229조, 제225조(변조공문서행사의 점), 형법 제347조 제1항(사기의 점), 형법 제137조(위계에 의한 공무집행방해의 점)을 적용하여 징역형을 선택하였다.",
            "형법 제62조 제1항(반성하고 있는 점, 벌금형 이외의 처벌을 받은 적이 없는 점 등 참작)에 의하여 집행유예를 선택하였다."
        ]
    },
    "close": {
        "cnclsns": [
            "피고인을 징역 6월에 처한다.",
            "이 판결 확정일부터 2년간 위 형의 집행을 유예한다."
        ]
    }
}