{
    "info": {
        "caseField": "2",
        "detailField": "6",
        "trailField": "1",
        "caseNm": "특정범죄가중처벌등에관한법률위반(향정),횡령,출입국관리법위반·사기",
        "courtNm": "춘천지방법원",
        "judmnAdjuDe": "2014. 02. 04.",
        "caseNo": "2013고합135,2014고합1(병합)",
        "relateLaword": [
            "특정범죄 가중처벌 등에 관한 법률 제11조",
            "마약류관리에 관한 법률 제58조 ",
            "마약류관리에 관한 법률 제4조",
            "마약류관리에 관한 법률 제2조",
            "형법 제355조",
            "구 출입국관리법(2014. 1. 7. 법률 제12195호로 개정되기 전의 것, 이하 같다) 제94조",
            "구 출입국관리법(2014. 1. 7. 법률 제12195호로 개정되기 전의 것, 이하 같다) 제7조",
            "구 출입국관리법 제18조",
            "형법 제347조",
            "형법 제40조",
            "형법 제50조",
            "형법 제35조",
            "형법 제37조",
            "형법 제38조",
            "형법 제53조",
            "형법 제55조",
            "마약류관리에 관한 법률 제67조",
            "형법 제42조"
        ],
        "qotatPrcdnt": []
    },
    "concerned": {
        "acusr": "4",
        "dedat": "1"
    },
    "org": {
        "orgJdgmnCourtNm": "",
        "orgJdgmnAdjuDe": "",
        "orgJdgmnCaseNo": ""
    },
    "disposal": {
        "disposalform": "6",
        "disposalcontent": [
            "피고인을 징역 6년에 처한다.",
            "압수된 필로폰 약 27.6g(증 제1호)을 몰수한다."
        ]
    },
    "mentionedItems": {
        "rqestObjet": [
            "피해자는 향 정신성의약품인 필로폰 약 27.7g을 수입하였고 피해자의 재물을 횡령하였으며 허위사실을 적시한 외국인초청 및 출국 보증각서를 제출하여 부정한 방법으로 외국인을 초청하였다.",
            "또한 합당한 체류자격을 가지지 아니한 외국인을 마사지사로 고용하였고 피해자를 기망하여 피해자에게 피고인 명의의 계좌로 돈을 송금받아 총 2회에 걸쳐 피해자 공소외10의 재물을 편취하였다.",
            "피고인은 태국 안마사를 구해주겠다는 거짓말로 피해자로부터 재물을 송금받아 편취하였다."
        ]
    },
    "assrs": {
        "acusrAssrs": [],
        "dedatAssrs": []
    },
    "facts": {
        "bsisFacts": [
            "피고인은 마약류취급자가 아니므로 향정신성의약품인 메트암페타민(일명 '필로폰', 이하 '필로폰'이라 함)을 소지, 소유, 사용, 운반, 관리, 수입, 수출, 제조, 조제, 투약, 수수, 매매, 매매의 알선 또는 제공하는 행위를 하여서는 아니 된다.",
            "피고인은 태국으로부터 필로폰을 밀수입하여 마약전력이 있는 공소외 1(대법원판결의 공소외인)(가명)을 통해 국내에 판매하기로 마음먹고, 2013.10.19.18:30경 0000에 있는 인천국제공항에서 000 0000발 0000행 (번호 1 생략)편을 통해 같은 날 20:00경(현지시각)0000에 있는 수완나품국제공항에 도착했다.",
            "같은 날 20:30경(현지시각)0000에 있는 불상의 호텔에서 불상자로부터 9만 7천 바트(한화 약 330만 원)에 필로폰 약 27.7g을 매수한 뒤, 2013.10.20.23:20경 위 수완나품국제공항에서 위와 같이 매수한 필로폰을 자신의 옷 주머니에 은닉한 채로 000 0000발 0000행 (번호 2 생략)편을 통해 같은 달.21.06:40경 위 인천국제공항에 도착하였다.",
            "이로써 피고인은 향정신성의약품인 필로폰 약 27.7g을 수입하였다.",
            "피고인은 2011.11.22.경 0000에 있는 불상의 장소에서 피해자 공소외 2로부터 공소외 13 명의의 (차량번호 생략)호 2003년식 000 승용차를 담보로 제공받고 위 공소외 2에게 약 900만 원을 빌려주었다.",
            "그 후 피고인은 2011.12.2.경 위 피해자로부터 1,000만 원을 공소외 3 명의의 계좌를 통해 변제받았음에도 불구하고, 위와 같이 담보로 제공받아 보관하고 있던 위 승용차를 2011.12.9.16:00경 같은 시 0000에 있는 상호불상의 커피숍에서 공소외 4에게 담보로 제공하고 1,000만 원을 차용 받았다.",
            "이로써 피고인은 피해자의 재물을 횡령하였다.",
            "누구든지 외국인을 입국시키기 위해 거짓된 사실의 기재나 거짓된 신원보증 등 부정한 방법으로 외국인을 초청하거나 그러한 초청을 알선하는 행위를 하여서는 아니 된다.",
            "그럼에도 불구하고 피고인은, 국내에서 마사지로 돈을 벌고자 하는 태국여성들을 입국시켜 자신이 운영하는 0000 (주소 1 생략)에 있는 태국전통마사지업소 '0’에서 고용할 목적으로, 공소외 5로 하여금 태국인 공소외 6과 공소외 7 및 공소외 8등 3명을 각각 애인과 애인의 친구들로 위장하여 동반 입국하도록 지시하였다.",
            "이에 위 공소외 5는 위 3명을 입국시키기 위해 2012.9.20.시각불상경 위 3명의 태국여성과 함께 인천공항에 도착하여 법무부 인천공항출입국관리사무소 입국재심과 소속 직원에게, 공소외 6은 애인, 공소외 7와 공소외 8은 위 애인의 친구들이며, 공소외 5의 부모님 방문과 국내 관광을 위해 동반 입국하려 한다는 내용으로 허위 사실을 적시한 '외국인초청 및 출국 보증각서'를 제출하여 부정한 방법으로 외국인을 초청하였다.",
            "그럼에도 불구하고 피고인은 위 가항과 같이 사증면제(B-1)로 입국하여 취업활동을 할 수 있는 합당한 체류자격을 가지지 아니한 태국인 공소외 9를 2012.9.18.부터, 공소외 8를 2012.9.20.부터 각각 2012.10.9.법무부 인천공항출입국관리사무소 단속반에 적발될 때까지 월급으로 150만 원씩 지불하기로 하고 자신의 위 마사지 업소에서 마사지사로 고용하였다.",
            "피고인은 2012.12.2.0000 (주소 2 생략)에 있는 피해자 공소외 10 운영의 '0’ 사무실에서 피해자에게 마사지 가운과 마사지용 소금을 구입해 주겠다고 거짓말을 하였다.",
            "피고인은 위와 같이 피해자를 기망하여 이에 속은 피해자로부터 그 자리에서 피고인 명의의 000 계좌(계좌번호 생략)로 200,000원을 송금 받았다.",
            "피고인은 2012.12.14.위 ‘0 사무실에서 피해자에게 태국 마사지사를 구해주겠다고 거짓말을 하였다.",
            "피고인은 2012.12.10.13:00경 0000 (주소 2 생략)에 있는 피해자 공소외 11 운영의 ‘0’ 내에서 피해자에게 “태국에 있는 안마사를 구해주겠다, 구하려면 비행기 값을 포함해서 돈 800만 원이 필요하다.”고 거짓말을 하였다.",
            "그러나 피고인은 당시 계좌 잔액이 거의 존재하지 않아 개인적으로 사용할 돈이 필요하였고, 따라서 피해자로부터 돈을 지급받더라도 이를 태국 마사지사를 구하는데 사용할 의사가 없었다.",
            "피고인은 위와 같이 피해자를 기망하여 이에 속은 피해자로부터 2012.12.10.6,700,000원, 2012.12.11.1,300,000원을 각 송금 받았다.",
            "이로써 피고인은 피해자 공소외 11의 재물을 편취하였다.",
            "피고인은 2010.10.26.춘천지방법원 원주지원에서 공전자기록등불실기재 및 동행사죄로 징역 8월을 선고받고 2011.6.25.원주교도소에서 그 형의 집행을 종료하였다.",
            "피고인은 위와 같이 피해자를 기망하여 이에 속은 피해자로부터 그 자리에서 피고인 명의의 000 계좌(계좌번호 생략)로 2,500,000원을 송금 받았다."
        ]
    },
    "dcss": {
        "courtDcss": [
            "이 사건 필로폰 수입 범행은 피고인이 태국에서 향정신성의약품인 필로폰을 비행기 편으로 국내로 반입하여 수입한 사안으로서, 피고인이 취급한 필로폰의 양이 적지 않은 점, 이 사건과 같이 필로폰 밀수입 등의 행위는 공중의 건강이나 사회의 안전을 위협하는 사회적 해악이 매우 큰 중대한 범죄인 점이 있다.",
            "피고인이 2007년경 사기죄 및 2010년경 횡령죄로 징역형의 형사처벌을 받은 전력이 있음에도 또다시 동종 범행을 저지른 점, 피고인은 누범기간임에도 자숙하지 아니하고 판시와 같은 범행을 저지른 점 등은 피고인에게 불리한 정상이다.",
            "반면, 피고인이 반성하고 있는 점, 피고인이 마약 범행으로 형사처벌을 받은 전력이 없는 점 등은 피고인에게 유리한 정상이다."
        ]
    },
    "close": {
        "cnclsns": [
            "피고인을 징역 6년에 처한다.",
            "압수된 필로폰 약 27.6g(증 제1호)을 몰수한다."
        ]
    }
}