{
    "info": {
        "caseField": "2",
        "detailField": "6",
        "trailField": "1",
        "caseNm": "사기방조,공전자기록등불실기재,불실기재공전자기록등행사,업무방해,전자금융거래법위반",
        "courtNm": "수원지방법원 성남지원",
        "judmnAdjuDe": "2018. 11. 22.",
        "caseNo": "2018고단1147,1598(병합),1923(병합)",
        "relateLaword": [
            "형법 제347조",
            "형법 제228조 ",
            "형법 제30조(판시 범죄사실 제1항 공전자기록등불실기재의 점)",
            "형법 제229조",
            "형법 제314조 ",
            "형법 제313조",
            "전자금융거래법 제49조 ",
            "형법 제32조 ",
            "형법 제55조",
            "형법 제37조 ",
            "형법 제38조",
            "형법 제50조",
            "형법 제48조"
        ],
        "qotatPrcdnt": []
    },
    "concerned": {
        "acusr": "4",
        "dedat": "1"
    },
    "org": {
        "orgJdgmnCourtNm": "",
        "orgJdgmnAdjuDe": "",
        "orgJdgmnCaseNo": ""
    },
    "disposal": {
        "disposalform": "6",
        "disposalcontent": [
            "피고인을 징역 2년에 처한다. ",
            "압수된 증 제1호, 제4호를 각 몰수한다"
        ]
    },
    "mentionedItems": {
        "rqestObjet": [
            "피고인과 공소외11등 대포통장 양도조직의 조직원들은 유령회사를 설립하여 그 법인명의 계좌를 개설, 계좌에 연결된 접근매체를 불법과 범죄에 이용되는데에 가담하였고 그에 대한 이익을 취득하기로 하였다."
        ]
    },
    "assrs": {
        "acusrAssrs": [],
        "dedatAssrs": []
    },
    "facts": {
        "bsisFacts": [
            "피고인과 공소외 00 등 대포통장 양도조직의 조직원들은 실체가 없는 유령회사를 설립하여 그 법인 명의의 계좌를 개설한 뒤 그 계좌에 연결된 접근매체를 보이스피싱 조직원 또는 불법 도박사이트 운영자에게 유상으로 대여하기로 공모하였다.",
            "공소외 00은 성명불상의 대포통장 양수자들을 상대로 대포통장을 대여하고 사용료를 받는 '총책' 역할을 담당하고, 피고인은 대포통장을 받아 공소외 00에게 전달하는 '유통책' 역할을 담당하면서 그 대가로 한 계좌당 한 달 사용료로 70만 원을 받기로 하였다.",
            "피고인은 공소외 00과 친구 관계에 있는 자로서, 공소외 00이 유령회사를 설립한 뒤 그 법인 명의로 계좌를 개설하고, 그 계좌에 연결된 접근매체를 피고인에게 넘겨주면 피고인이 이를 공소외 00에게 전달한 뒤 한 계좌당 한 달 사용료로 50만 원을 공소외 00에게 주기로 하였다.",
            "피고인은 공소외 00과 공모하여, 2017.6.1.경 0000에 있는 인천지방법원 등기국에서 사실은 공소외 00이 000를 설립한 사실이 없음에도 000에 대한 허위의 법인등기설립신청서를 담당 공무원에게 제출하고 그와 같은 허위 설립 사실을 모르는 그곳 담당 공무원으로 하여금 상업등기 전산정보처리시스템의 법인등기부에 위 신청서의 기재내용을 입력하게 하였다.",
            "피고인은 공소외 00과 공모하여, 2017.10.19.경 0000에 있는 수원지방법원 0000등기소에서 사실은 공소외 00이 000를 설립한 사실이 없음에도 000에 대한 허위의 법인등기설립신청서를 담당 공무원에게 제출하고 그와 같은 허위 설립 사실을 모르는 그곳 담당 공무원으로 하여금 상업등기 전산정보처리시스템의 법인등기부에 위 신청서의 기재내용을 입력하게 하였다.",
            "피고인은 공소외 00과 공모하여, 2017.6.14.경 불상지에 있는 000에서 그곳 성명불상의 직원에게 마치 000가 실제로 존재하는 회사로 운영에 필요한 계좌를 개설하는 것처럼 행세하면서 사업자등록증, 법인 인감증명서, 계좌개설신청서류 등을 제출하여 위 회사 명의의 000 계좌[계좌번호: (계좌번호 1 생략)]를 개설하였다.",
            "피해자 000의 계좌개설 업무를 방해한 것을 비롯하여 2017.6.12.경부터 2018.3.20.경까지 별지 범죄일람표 1 기재와 같이 10회에 걸쳐 같은 방법으로 피해자 은행의 업무를 방해하였다.",
            "피고인은 공소외 00을 통하여 대포통장을 전달받은 성명불상자가 전달받은 접근매체를 보이스피싱 범행 또는 불법 도박사이트 등 범죄에 이용할 것이라는 사실을 알고 있었음에도, 2017.6.경 공소외 00에게 \"법인을 설립하여 그 법인 명의로 은행에서 계좌를 개설하여 통장 등을 발급 받은 후, 그 통장을 나에게 넘겨주면 통장 1개당 매월 50만 원씩 돈을 주겠다\" 는 취지로 제안을 하였다.",
            "공소외 00은 이에 응하여 '000', '000'를 설립하여, 별지 범죄일람표 1 기재와 같이 '000' 명의로 7개의 계좌를, '000' 명의로 3개의 계좌를 각각 개설한 뒤 위 계좌에 연결된 체크카드, OTP카드를 건네받은 뒤 이를 공소외 00에게 전달하였다.",
            "공소외 00 및 성명불상의 전화금융사기(일명 보이스피싱)조직원들은 불특정 다수의 피해자들에게 전화하여 사실은 금융기관이 아님에도 금융기관을 사칭하면서 지정계좌로 돈을 송금하면 대출을 해줄 것처럼 피해자들을 속였다.",
            "피해자들로 하여금 일명 대포통장으로 돈을 송금하게 한 후 미리 소지하고 있던 대포통장의 체크카드로 위 송금된 돈을 인출하고, '인출책' 공소외 00는 피고인과 공소외 00이 개설한 000 명의의 000 계좌 [계좌번호: (계좌번호 2 생략)]로 이를 송금하기로 하였다.",
            "성명불상의 보이스피싱 조직원은 2017.12.11.경 불상지에서, 사실은 피해자 공소외 00에게 대출을 해 줄 의사나 능력이 없고, 대출업체 직원이 아님에도 피해자 공소외 00에게 전화하여 자신을 △△△△△ 직원으로 소개하면서 \"정부지원 대출을 받으려면 사금융권 대출금을 상환하여야 한다, 알려주는 계좌로 돈을 송금하면 대출을 해주겠다.\" 는 취지로 거짓말하였다.",
            "이에 속은 피해자로부터 2017.12.13.경 공소외 00 명의의 000 계좌 [계좌번호: (계좌번호 3 생략)]로 250만 원, 2017.12.15.경 공소외 00 명의의 000 계좌[계좌번호: (계좌번호 4 생략)]로 300만 원을 각각 송금받은 것을 비롯하여 그 때부터 2017.12.24.경까지 별지 범죄일람표 2 기재와 같이 24회에 걸쳐 5명의 피해자들로부터 합계 9,365만 원을 편취하였다.",
            "피고인은 성명불상자가 위와 같이 피해자들을 속여 돈을 편취하는 것을 돕기 위하여, 2017.12.5.경 불상지에서 000 명의의 위 000 계좌[계좌번호: (계좌번호 2 생략)] 에 연결된 체크카드 및 OTP카드를 성명불상자에게 전달하고, 위 공소외 00는 피해자들로부터 교부받은 돈을 위 000 명의의 계좌로 송금함으로써 불상자의 사기 범행을 용이하게 하여 이를 방조하였다.",
            "그럼에도 피고인은 대포통장 양도조직의 총책인 공소외 00을 통하여 대포통장을 전달받은 성명불상자가 위 대포통장을 보이스피싱 범행 또는 불법 도박사이트 등 범죄에 이용할 것이라는 사실을 알고 있었다.",
            "2017.6.28.경 공소외 00로부터 공소외 00가 설립한 000 명의의 000 계좌 [계좌번호: (계좌번호 5 생략)] 에 연결된 체크카드, OTP카드 등 접근매체를 건네받은 뒤 0000 불상지에서 공소외 00에게 전달한 것을 비롯하여 2017.6.21.경부터 2018.3.29.경까지 별지 범죄일람표 3 기재와 같이 27회에 걸쳐 범죄에 이용될 것을 알면서 접근매체를 전달하였다.",
            "피고인은 2016.4.18.경 0000에 있는 서울중앙지방법원 등기국에서 사실은 피고인이 000를 설립한 사실이 없음에도 000에 대한 허위의 법인등기설립신청서를 담당 공무원에게 제출하였다.",
            "그와 같은 허위 설립 사실을 모르는 그곳 담당 공무원으로 하여금 상업등기 전산정보처리시스템의 법인등기부에 위 신청서의 기재내용을 입력하게 하고, 그 무렵 그와 같은 불실의 사실이 기재된 상업등기 전산정보처리시스템을 비치하게 함으로써 이를 행사하였다.",
            "피고인은 2016.5.10.경 경기 시흥시 연성로 31에 있는 수원지방법원 안산지원 시흥등기소에서 사실은 피고인이 000를 설립한 사실이 없음에도 000에 대한 허위의 법인등기설립신청서를 담당 공무원에게 제출하고 그와 같은 허위 설립 사실을 모르는 그곳 담당 공무원으로 하여금 상업등기 전산정보처리시스템의 법인등기부에 위 신청서의 기재내용을 입력하게 하였다.",
            "그 무렵 그와 같은 불실의 사실이 기재된 상업등기 전산정보처리시스템을 비치하게 함으로써 이를 행사하였다."
        ]
    },
    "dcss": {
        "courtDcss": [
            "피고인이 대부분의 범행에 대하여 인정하여 반성하고 있는 점, 사기피해자 일부에게 피해금을 지급하고 합의 한 점, 벌금형을 초과하는 전과는 없는 점은 피고인에게 유리한 정상이다.",
            "그러나, 피고인은 적극적으로 허위로 법인을 설립하여 그 법인 명의로 은행 계좌를 개설한 뒤 그 접근매체를 양도하였고, 양도 대가로 이익을 얻은 점, 위 접근매체가 불법 도박사이트 내지 실제 보이스피싱 범죄에 이용되었던 점, ",
            "피고인은 2017년 5월경 전자금융거래법위반죄로 형사재판이 진행 중에 있었음에도 불구하고 계속하여 이 사건 범행을 한 점, 피고인이 허위로 설립한 법인의 수, 전달한 접근매체의 수, 그 기간 등에 비추어 보면 피고인에게 실형선고가 불가피하다.",
            "그밖에 피고인의 연령, 환경, 성행, 범행의 동기와 수단, 범행 후 정황 등 이 사건 기록 및 변론에 나타난 제반 양형요소를 종합적으로 고려하여 주문과 같이 형을 정한다."
        ]
    },
    "close": {
        "cnclsns": [
            "피고인을 징역 2년에 처한다.",
            "압수된 증 제1호, 제4호를 각 몰수한다."
        ]
    }
}