{
    "info": {
        "caseField": "2",
        "detailField": "6",
        "trailField": "1",
        "caseNm": "사기",
        "courtNm": "춘천지방법원",
        "judmnAdjuDe": "2013. 10. 15.",
        "caseNo": "2013고단477",
        "relateLaword": [
            "형법 제347조"
        ],
        "qotatPrcdnt": []
    },
    "concerned": {
        "acusr": "4",
        "dedat": "1"
    },
    "org": {
        "orgJdgmnCourtNm": "",
        "orgJdgmnAdjuDe": "",
        "orgJdgmnCaseNo": ""
    },
    "disposal": {
        "disposalform": "6",
        "disposalcontent": [
            "피고인을 징역 8월에 처한다."
        ]
    },
    "mentionedItems": {
        "rqestObjet": [
            "피고인을 징역 8월에 처한다. "
        ]
    },
    "assrs": {
        "acusrAssrs": [],
        "dedatAssrs": []
    },
    "facts": {
        "bsisFacts": [
            "피고인은 인터넷 채팅 사이트인 0에서 사람을 사귈 목적으로 아이디를 'C'으로 정하고, 프로필 사진으로는 자신이 아닌 친구의 사진을 올려놓은 후 이를 보고 연락한 피해자 D을 알게 되었다.피해자는 오랜 시간 피고인과 전화 통화를 하면서 피고인에게 호감을 느껴 연인관계로 발전하였다.",
            "피고인은 피해자와의 만남을 의도적으로 피하면서 자신의 외모를 숨기고 채팅 사이트에 올려놓은 친구의 사진을 자신의 사진인 것처럼 피해자를 속였으며, 피해자와는 결혼할 의사도 없었고, 특별한 재산이나 일정한 수입이 없이 이동통신 미납요금이 900만 원에 이르고 대출금도 700만 원에 이르러 피해자로부터 금원을 차용하더라도 이를 변제할 의사나 능력이 없었다.",
            "그럼에도 불구하고 피고인은 자신에 대한 피해자의 호감을 이용하여 2010.12.17.경 불상의 장소에서 피해자에게 '병원에 가야 하는데, 나중에 엄마에게 받아서 돌려주겠다'는 취지로 거짓말하여 이에 속은 피해자로부터 같은 날 100,000원을 피고인의 000계좌(E)로 입금 받은 것이 시작이었다.",
            "그 후 병원비, 생활비 등 각종 명목으로 돈을 요구하면서 '결혼을 할 사람이 그 정도는 해주어야 하는 것이 아니냐'는 취지의 말을 하여 마치 피해자로 하여금 결혼을 승낙한 것으로 믿도록 한 후 2012.1.22.경까지 137회에 걸쳐 합계 56,987,000원을 피고인의 위 000 계좌로 입금 받아 편취하였다."
        ]
    },
    "dcss": {
        "courtDcss": [
            "피고인이 범행을 깊이 반성하고 있는 점, 집행유예 이상 처벌받은 전력이 없는 점 등 유리한 정상이 있다.",
            "그러나 한편 피고인은 동종 범죄로 1회 벌금형으로 처벌받은 적이 있고, 이 사건은 피고인이 여자 친구 사진을 인터넷에 올려 피해자로 하여금 결혼을 하여 줄 것으로 믿게 한 다음 피해자로부터 137회에 걸쳐 합계 56,987,000원 상당을 편취한 것으로 죄질이 불량한 점, 피해금액이 비교적 다액임에도 현재까지 피해변제를 하거나 피해자로부터 용서를 받지 못하고 있는 점 등 불리한 정상이 있다."
        ]
    },
    "close": {
        "cnclsns": [
            "형법 제347조 제1항(징역형 선택)에 따라 피고인을 징역 8월에 처한다."
        ]
    }
}