{
    "info": {
        "caseField": "2",
        "detailField": "6",
        "trailField": "1",
        "caseNm": "특정경제범죄가중처벌등에관한법률위반(사기),사기,배상명령신청",
        "courtNm": "서울중앙지방법원 ",
        "judmnAdjuDe": "2011. 09. 08.",
        "caseNo": "2010고합1506,2010고합1556(병합),2010초기4390(병합)",
        "relateLaword": [
            "특정경제범죄 가중처벌 등에 관한 법률 제3조",
            "형법 제347조",
            "형법 제37조 ",
            "형법 제38조 ",
            "형법 제50조",
            "형법 제53조 ",
            "형법 제55조",
            "소송촉진 등에 관한 특례법 제32조",
            "소송촉진 등에 관한 특례법 제25조 ",
            "형사소송법 제325조"
        ],
        "qotatPrcdnt": []
    },
    "concerned": {
        "acusr": "4",
        "dedat": "1"
    },
    "org": {
        "orgJdgmnCourtNm": "",
        "orgJdgmnAdjuDe": "",
        "orgJdgmnCaseNo": ""
    },
    "disposal": {
        "disposalform": "6",
        "disposalcontent": [
            "피고인을 징역 2년 6월에 처한다.",
            "피고인에 대한 2005. 8. 8. 사기의 점은 무죄이다.",
            "배상신청인의 배상신청을 각하한다."
        ]
    },
    "mentionedItems": {
        "rqestObjet": [
            "피고인은 국가를 상대로 0000 일대에 관한 원인무효로인한 소유권등기이전말소 등 청구소송의 원고측을 대리하게 됨을 기화로 소송비용 등의 명목으로 피해자들에게 담보를 제공 받거나 돈을 받아 이 사건 소송과 관련 없는 개인적인 용도에 사용하였다."
        ]
    },
    "assrs": {
        "acusrAssrs": [],
        "dedatAssrs": [
            "피고인이 OOO로부터 판시 제1항과 같은 돈을 받은 사실은 있으나, 이는 이 사건 소송에서 승소할 경우 성공보수 명목으로 받기로 한 토지의 일부를 OOO에 매도하고 받은 매매계약금으로서, OOO 스스로 이 사건 소송의 승소가능성을 평가하여 자발적으로 피고인으로부터 대상 토지의 일부를 매수한 것이므로 피고인이 기망행위를 한 사실이 없다.",
            "피고인이 인지대 등으로 필요하다거나 돈을 빌려달라고 말한 사실이 없고, 피해자 스스로 이 사건 소송의 승소가능성을 평가하여 승소시 이 사건 토지 중 3,000평을 양수받기로 하고 피고인의 명의를 빌려 6억 원을 대출받아 이를 피고인에게 매매대금 또는 투자금 명목으로 지급한 것이므로, 피고인은 피해자를 기망한 사실이 없다."
        ]
    },
    "facts": {
        "bsisFacts": [
            "피고인은 2002.9.3.일제 강점기하에서 고위 관료였던 공소외 00의 후손인 공소외 00의 의뢰를 받아 국가를 상대로 0000 (이하 생략)일대 약 11만 평(이하 '이 사건 토지'라 한다)에 관한 원인무효로 인한 소유권이전등기말소 등 청구소송의 원고 측을 대리하게 됨을 기화로 소송비용 등의 명목으로 피해자들로부터 담보를 제공받거나 돈을 받아 이 사건 소송과 관련 없는 개인적인 용도에 사용할 것을 마음먹었다.",
            "피고인은 2003.11.경 0000 (이하 생략)피고인의 사무실에서, 사실은 1995.8.경 및 1997.11.경 공소외 00 학교법인 등이 위 공소외 00 등을 대위하여 국가를 상대로 이 사건 토지 중 일부의 반환을 구하는 소송(서울지방법원 96가합8906, 77025호)을 제기하였다 패소하였다.",
            "그러므로 이 사건 소송에서도 원고가 승소하지 못할 수도 있다는 사정을 알고 있었고, 피해자 000(이하 'OOO'라 한다)로부터 돈을 받더라도 150일 이내에 지급한 돈에 상응하는 이 사건 토지 중 일부에 대한 소유권을 이전할 능력도 없었다.",
            "OOO로부터 돈을 받더라도 이를 이 사건 소송의 인지대 등 소송비용이나 기타 소송 관련 비용으로 사용할 의사도 없었고, 이 사건 소송에서 패소할 경우 OOO로부터 받은 돈을 반환할 능력도 없었음에도, OOO의 전무이사 공소외 00에게 이 사건 토지가 친일파 공소외 00 후손의 땅인데, 그 땅을 되찾기 위해 국가를 상대로 소송을 제기하였다.",
            "피고인은 2005.6.하순경 0000 (이하 생략)피고인의 사무실에서, 사실은 1995.8.경 및 1997.11.경 공소외 00 학교법인 등이 위 공소외 00 등을 대위하여 국가를 상대로 이 사건 토지 중 일부의 반환을 구하는 소송(서울지방법원 96가합8906, 77025호)을 제기하였다 패소하였다.",
            "2005.12.29.친일반민족행위자 재산의 국가귀속에 관한 특별법이 공포되었다.",
            "당시 0체육관 부지 개발사업과 관련하여 공소외 00로부터 5억 원, 공소외 00으로부터 10억 원 등을 교부받았음에도 이를 변제하지 못하는 등 특별한 재산이 없어 이 사건 소송에서 승소하지 못할 경우 위 대출 원금 및 이자를 지급할 능력이 없었음에도, 피해자에게 '공소외 00의 후손인 공소외 00 등이 국가를 상대로 이 사건 토지를 환수하기 위해 제기한 민사소송이 법원에 계류 중에 있는데, 내가 그 사건을 수임하였다.'",
            "틀림없이 승소하지만 인지대가 부족하여 현재 재판이 중단될 위기에 처해 있다.내가 공소외 00 저축은행으로부터 6억 원을 대출받을 수 있도록 부동산을 담보로 제공해주면 대출을 받아 인지대로 사용하여 재판이 신속하게 진행되도록 하고, 재판에서 승소한 뒤 변호사 수임료 및 성공보수로 받게 되는 토지 중 3,000평에 대한 소유권을 양도해주겠다.'고 말하였다.",
            "2005.6.30.0000 (이하 생략)소재 000에서, 피해자 소유의 0000 (이하 생략)주유소 대지 8,885㎡ 및 위 지상 건물에 채권최고액 7억 8,000만 원, 채무자 피고인, 근저당권자 공소외 00 저축은행으로 한 근저당권을 설정한 후 6억 원을 대출받았다.",
            "이후 위 대출금에 대한 이자를 지급하지 못하여 피해자로 하여금 2005.10.25.이자 4,500만 원, 2007.3.16.원금 및 이자 6억 7,500만 원을 대위변제하게 함으로써, 피해자를 속여 7억 2,000만 원 상당의 재산상 이익을 취득하였다.",
            "공소외 00의 증손자인 공소외 00는 2002년 초순경 피고인에게 이 사건 소송을 위임하고, 소송비용 일체를 피고인이 부담하는 조건으로 승소시 성공보수로 승소가액의 25%를 피고인에게 지급하기로 하며, 승소시 이 사건 토지의 처분 및 이용계획도 피고인에게 위임하기로 약정하였고, 2003.6.경 피고인에게 이 사건 토지 중 일부를 처분하여 소송비용 및 그 관련 비용을 마련하는 것을 위임한다는 내용의 위임장도 작성해 주었다.",
            "OOO는 2003.11.경 공인중개사 공소외 0023, 피고인의 지인인 공소외 00를 통하여 피고인이 이 사건 소송을 위임받아 수행하고 있고 이 사건 토지의 처분권한을 가지고 있다는 것을 알게 되었고, OOO 전무이사 공소외 00이 피고인의 사무실을 방문하여 이 사건 소송의 승소가능성을 문의하고 승소시 이 사건 토지의 개발 등을 논의하였다.",
            "OOO는 2003.12.5.공소외 00 등 이 사건 소송의 원고 측을 대표한 피고인과 사이에, 이 사건 소송의 승소를 전제로 피고인이 성공보수로 받게 될 토지 중 도시계획 및 지구단위 계획상 아파트 건립가능 용지 1만 5,000평을 대금 270억 원에 매수하는 내용의 매매계약을 체결하였다.",
            "OOO는 같은 날 피고인에게 매매계약금 명목으로 10억 원을 지급하였고, 나머지 계약금 및 일부 중도금 명목으로 20억 원을 OOO와 피고인의 공동 계좌에 예치하였다.",
            "피고인은 2003.12.10.OOO에게 인출사유를 소송비용 및 주변정리 비용 으로 기재하여 이 사건 매매계약에 따라 예치된 계약금 중 15억 원에 대한 계약금 인출요청서를 작성하여 인출을 요구하였고, OOO가 그 자금 지출에 대한 근거자료를 요구하자 피고인은 이 사건 소송의 1심 재판부에 제출한 화해,조정 제안서, 위 제안서를 법원에 접수하였다는 증명원, 한국군사문제연구원에 기부하겠다는 의향서 등을 교부하였다.",
            "OOO는 피고인의 요구에 따라 예치된 20억 원 중 10억 원을 인출하여 사용하도록 하였으며, 피고인은 2003.12.16.위 10억 원을 인출하였다.",
            "피고인은 2003.12.20.OOO에게 소송진행 및 주변정리 비용 으로 전회 요청금 중 누락된 부분을 포함하여 20억 원을 2003.12.26.까지 지원해 줄 것을 요청한다는 내용의 자금지원요청서를 작성하여 공동 예치금 인출을 요구하였으나, OOO는 피고인이 군사문제연구원 등과의 협의 결과 및 기존 인출된 자금의 사용처에 대한 설명을 제대로 하지 못한다는 이유로 이를 거부하였다.",
            "피고인은 2005.5.13.OOO에게 공동 계좌에 예치되어 있는 금원 중 남아있는 10억 원에 대하여 자신의 채권자들이 신청한 가압류를 2005.6.8.까지 해제되도록 하겠다는 취지의 약속이행각서를 작성해 주었다.",
            "OOO는 2005.11.28.공동 계좌에 남아있는 10억 원 중 피고인의 개인채무로 인하여 압류된 2억 3,000만 원을 제외한 나머지 7억 7,000만 원을 회수하였다.",
            "이 사건 소송 1심 재판부는 2005.11.23., 2심 재판부는 2009.2.4.공소외 00 등 원고들의 청구 및 항소를 기각하는 판결을 각 선고하였고, 피고인은 이 사건 소송의 1심에서 약 2억 3,500만 원, 2심에서 약 2억 7,000만 원의 인지대를 지급하였다.",
            "피고인은 그 후 위 대출금에 대한 원리금을 변제하지 못하여, 피해자는 2005.10.25.위 대출금의 이자 4,500만 원을 지급하였고, 2007.3.16.위 대출금의 원금 및 이자 6억 7,500만 원을 직접 대위변제하였다.",
            "그 과정에서 피고인은 2007.4.14.피해자에게, 피해자의 주유소를 담보로 한 공소외 00 저축은행 융자금 6억 원과 이자 대납금 1억 2,000만 원 합계 7억 2,000만 원에 관하여 2007.4.30.내지 2007.5.10.까지 1억 원을 변제하고, 2007.5.31.까지 나머지를 변제할 것을 약속하였다.",
            "그리고 그 자금마련의 근거는 00000 정상화 및 이 사건 토지 불하, 개발사업자 지정허가 후 개발자금 중에서 지급하며, 이 사건 토지 중 3,000평 지분 약속에 관하여는 미군부대와 개발지원법에 의한 사업자지정 허가가 되는대로(2007.4.하순경 이전으로 예정)평수 비율에 따른 이익을 보장할 것을 각서하는 내용의 약속이행각서를 작성해 주었다.",
            "피고인은 2007.7.27.피해자에게 피고인이 양도하기로 한 토지 3,000평을 평당 200만 원으로 계산한 금액인 액면 60억 원의 약속어음 1장을 발행하여 주었고, 그와 별도로 액면 7억 2,000만 원 상당의 약속어음 1장도 발행하여 주었다."
        ]
    },
    "dcss": {
        "courtDcss": [
            "당시는 친일반민족행위자 재산의 국가귀속에 관한 특별법이 발의되기 전이기는 하나 친일파의 후손들이 친일행위를 한 선조가 취득한 재산을 되찾고자 하는 이 사건 소송은 국민들의 정의 관념상 적지 않은 어려움이 예상될 뿐만 아니라, 이미 1세기에 가까운 시간이 흐른 상황에서 그 소유권 귀속 관계에 대한 입증에도 상당한 어려움이 예상되었을 것으로 보인다.",
            "당시 이 사건 토지 중 일부에 대하여 공소외 00의 청구권을 대위하여 청구한 소송에서 이미 패소 판결이 확정되어 있는 상황이었으므로, 이 사건 소송의 승소를 확신하기는 어려운 상황이었다.",
            "피고인은 2003년경부터 2005년경까지 사이에 개인적으로 추진하던 ♤♤♤♤♤사업과 000 활동에 합계 90억 원에 이르는 자금을 사용하였으며, 피고인은 2004년경부터 2008년경에 이르기까지 다른 토지의 아파트 개발사업 및 소송비용 등 명목으로 여러 사람들로부터 수십억 원에 이르는 금원을 교부받고도 이를 변제하지 못하여 특정경제범죄 가중 처벌 등에 관한 법률위반(사기)등으로 기소되어 유죄 판결을 받은 사정 등에 비추어 볼 때, 이하 다음과 같다.",
            "즉, 피고인으로서는 적어도 미필적으로나마 OOO와 이 사건 매매계약을 체결하고 그 소송비용 명목으로 돈을 교부받더라도 이 사건 매매계약에 따른 150일 이내로 정해진 소유권이전 의무를 이행하지 못하고, 나아가 소유권이전 의무 불이행 시 이미 지급받은 소송비용도 반환할 능력이 없다는 것을 인식하였을 것으로 보이는 점이 인정된다.",
            "이 사건 매매계약상 계약시 지급되는 30억 원은 이 사건 토지의 소유권이 국가로부터 피고인 등에게 이전되기 전까지는 소송 관련 비용으로만 사용하기로 명시되어 있고, 이에 따라 그 중 20억 원을 피고인과 OOO의 공동 계좌에 예치하여 소송비용으로 사용할 필요성이 있을 때 피고인이 그 사유와 금액을 제시하여 OOO의 동의를 받은 후에야 인출하기로 약정한 것을 보면, 이하 다음과 같다.",
            "즉, 피고인과 OOO는 이 사건 소송의 결과가 나오기 전에 미리 지급되는 매매계약금 및 중도금을 이 사건 소송의 소송비용으로만 사용하기로 명시적으로 합의한 것으로 보이는 점이 인정된다.",
            "피고인 스스로도 위 공동 예치금의 인출을 요구할 때 이를 이 사건 소송비용으로 사용할 것처럼 인출요청서를 작성하였고, 화해로 이 사건 소송을 조기에 끝낼 수 있다는 취지로 법원에 제출한 화해,조정 제안서를 OOO에 제시하기도 한 점이 인정된다.",
            "당시 피고인이 OOO에 공동 예치금의 인출을 요구하면서 국가와 군사문제연구원을 포함한 화해, 조정안, 기부의향서 등을 제시한 것을 보면, 피고인이 군사문제연구원 등과의 협의비용 등에 자금이 필요하다고 말하였다는 공소외 00의 진술이 신빙성이 있고, 나머지 이 사건 매매계약 체결 경위 등에 관한 공소외 00의 진술이 다른 객관적 정황들에 부합하여 그 신빙성이 있는 점이 인정된다.",
            "이 사건 매매계약의 계약 조건 등에 비추어 OOO로서는 피고인이 이 사건 소송이 진행되고 있는 중에 소송비용 명목으로 선지급받은 금원을 이와 무관한 피고인 개인적인 용도에 사용할 것이라는 사정을 알았다면 피고인에게 그 돈을 교부하지 않았을 것으로 보이는 점이 인정된다.",
            "피고인은 스스로도 인정하고 있듯이 OOO로부터 받은 돈 중 대부분을 이 사건 소송과는 아무런 관련이 없는 ♤♤♤♤♤ 관련 해외 사업비로 사용한 점이 인정된다.",
            "피고인은 사실은 이 사건 소송의 승소가능성이 불투명한 상황에서 OOO와 이 사건 매매계약을 체결하고 그 소송비용에 사용하기로 합의한 계약금 등을 지급받더라도 이를 이 사건 소송비용으로 사용할 의사도 없고, 나아가 이 사건 소송이 패소하는 경우 위와 같이 지급받은 계약금 등을 반환할 의사와 능력도 없음에도, 군사문제연구원과의 협의비용 등 소송 관련 비용으로 사용할 것처럼 기망하여 계약금 등 명목으로 20억 원을 교부받아 편취한 것으로 봄이 상당하다.",
            "그러므로 피고인 및 변호인의 이 부분 주장은 받아들이지 아니한다.",
            "피해자를 포함한 관련자들의 진술이 서로 부합하고 구체적이며 대체적인 취지가 일관될 뿐만 아니라, 다른 객관적 사정들과도 일치하여 그 신빙성이 있는 것으로 보이는 점, 피고인은 피해자의 주유소 담보 제공은 피해자가 6억 원을 이 사건 토지 중 3,000평의 매수대금 내지 투자금으로 지급한 것인데, 자신이 이미 공소외 00 저축은행의 대출심사를 통과한 상황에서 자신의 명의로 대출을 받은 것일 뿐이므로 그 이자도 피해자가 부담하였다는 취지로 주장한다.",
            "그러나 피고인 주장과 같이 승소시 성공보수로 받게 되는 이 사건 토지의 일부에 대한 매매계약이라면, 매매계약서와 같은 법률행위에 대한 처분문서를 작성하지 아니하고, 매매계약상 대금을 지급하여야 할 피해자 자신이 근저당권의 채무자가 되지 아니하고 피고인이 채무자로 설정된 것을 이해하기 어렵다는 점이 인정된다.",
            "피고인 스스로 작성한 약속이행각서에도 피해자가 피고인이 지급하여야 할 이자를 대납하였다는 사실을 명시하면서, 피해자가 대위변제한 대출 원리금을 피고인이 갚아야 할 돈으로 명시하고 있으며, 약속이행각서상 이 사건 토지 확보 후 피해자에게 3,000평 지분 양도와 별도로 위 대출 원리금에 대한 변제도 하는 취지로 기재되어 있는 사정 등을 보면, 이하 다음과 같다.",
            "즉, 피해자의 피고인에 대한 주유소 담보 제공은 자신이 6억 원을 투자하는 과정에서 피고인의 대출 명의만을 빌린 것으로 보이지는 아니하고, 담보 제공의 방법으로 피고인에게 자금을 융통시켜 주고 피고인은 추후 이를 갚기로 하며, 피고인은 그 담보 제공의 대가 내지는 대출금 변제에 대한 담보 목적으로 이 사건 토지 중 3,000평에 대한 권리양도를 약속한 것으로 보이는 점이 인정된다.",
            "앞서 판시 제1항에 관한 주장에 대한 판단에서 살펴본 바와 같이, 이 사건 소송은 이 사건 토지 중 일부에 대한 패소 판결이 확정되어 있는 상황에서 원고들이 승소하기까지 많은 어려움이 예상되고, 2005.2.경 친일반민족행위자 재산의 국가귀속에 관한 특별법이 발의되었으므로 피고인으로서는 이 사건 소송의 승소를 확신하기는 더욱 어려운 상황이었다.",
            "피고인은 2004년경부터 2008년경에 이르기까지 여러 사람들로부터 수십억 원에 이르는 금원을 교부받고도 이를 변제하지 못한 채 개인적인 ♤♤♤♤♤사업 등에 거액의 자금을 사용하고 있었던 사정 등을 보면 이하 다음과 같다.",
            "즉, 피고인으로서는 적어도 미필적으로나마 피해자에게 이 사건 토지 중 3,000평에 대한 권리 양도를 약속하고 피해자 소유의 주유소를 담보로 제공받더라도 약속한 토지 권리 양도의무를 이행하지 못하고, 나아가 그 대출금도 자기 스스로 변제할 능력이 없다는 것을 인식하였을 것으로 보이는 점이 인정된다.",
            "피해자, 공소외 00, 00은 일치하여 피고인이 인지대 등 이 사건 소송비용이 필요하다고 말하면서 피해자에게 주유소 담보 제공을 요구하였다고 진술하는바, 피해자는 당시 이미 수억 원 상당의 공소외 00 토지 지분을 매수하여 이 사건 소송의 승소에 깊은 이해관계가 있었다.",
            "그리고 그러한 상황에서 이 사건 소송의 대리인인 피고인을 소개받게 되었으며, 승소시 이 사건 토지 중 3,000평의 권리를 양도하겠다는 약속 이외에 확실한 채권 회수 조치 없이 특별한 친분도 없는 피고인에게 수억 원 상당의 주유소를 담보로 제공한 객관적 사정 등에 비추어, 위 피해자 등의 진술과 같이 피해자는 이 사건 소송의 인지대 등 소송비용을 조달해줄 목적으로 주유소를 담보로 제공한 것으로 보이는 점이 인정된다.",
            "피해자로서는 피고인이 자신의 주유소를 담보로 맡기고 대출받은 돈을 이 사건 소송과 무관한 개인적인 용도에 사용할 것이라는 사정을 알았다면 수억 원에 이르는 자신의 주유소를 담보로 제공하지는 아니하였을 것으로 보이는 점이 인정된다.",
            "피고인은 수사기관에서는 위 대출금 6억 원을 이 사건 소송의 인지대 등 소송비용으로 사용하였다고 진술하다가, 이 법정에서는 일부 인지대 및 수고비로 사용하고 나머지는 2005.10.경 000 설립 및 투자금으로 사용하였다고 진술하여, 이 사건 소송과 무관한 용도에 대부분을 사용한 것으로 보이는 점이 인정된다.",
            "피고인이 이 사건 소송의 소송비용 명목으로 피해자, OOO, 공소외 00로부터 받은 금원이 합계 30억 원 이상에 이르는데, 이 사건 소송의 인지대는 1, 2심을 모두 합하여도 약 5억 원 정도에 불과할 뿐만 아니라 통념상 소송 관련 자료비 또는 수고비 등에 수십억 원이 소요되리라고는 도저히 보이지 않는 점이 인정된다.",
            "피고인은 사실은 이 사건 소송의 승소가능성이 희박한 상황에서 피해자에게 이 사건 토지 중 3,000평에 대한 권리를 양도하기로 하고 이 사건 소송의 소송비용 조달 목적으로 피해자 소유의 주유소를 담보로 제공받더라도, 그 담보로 대출받은 금원을 이 사건 소송비용으로 사용할 의사도 없다.",
            "나아가 위 대출금을 변제하거나 약속한 토지를 양도할 의사와 능력도 없음에도, 인지대 등 소송비용으로 사용할 것처럼 기망하여 피해자로부터 그 소유의 주유소 대지 및 건물을 담보로 제공받아 편취한 것으로 봄이 상당하므로, 피고인 및 변호인의 이 부분 주장은 받아들이지 아니한다."
        ]
    },
    "close": {
        "cnclsns": [
            "피고인을 징역 2년 6월에 처한다.",
            "피고인에 대한 2005.8.8.사기의 점은 무죄이다.",
            "배상신청인의 배상신청을 각하한다."
        ]
    }
}