{
    "info": {
        "caseField": "2",
        "detailField": "6",
        "trailField": "1",
        "caseNm": "특수상해",
        "courtNm": "부산지방법원 동부지원",
        "judmnAdjuDe": "2018. 12. 26.",
        "caseNo": "2018고단1899",
        "relateLaword": [
            "형법 제258조의2",
            "형법 제257조",
            "형법 제53조",
            "형법 제55조"
        ],
        "qotatPrcdnt": []
    },
    "concerned": {
        "acusr": "4",
        "dedat": "1"
    },
    "org": {
        "orgJdgmnCourtNm": "",
        "orgJdgmnAdjuDe": "",
        "orgJdgmnCaseNo": ""
    },
    "disposal": {
        "disposalform": "6",
        "disposalcontent": [
            "피고인을 징역 6개월에 처한다."
        ]
    },
    "mentionedItems": {
        "rqestObjet": [
            "피고인을 징역 6개월에 처한다."
        ]
    },
    "assrs": {
        "acusrAssrs": [],
        "dedatAssrs": []
    },
    "facts": {
        "bsisFacts": [
            "피고인은 2018.3.15.14:00경 0000에 있는 피고인의 여동생 C의 집에서, 피고인의 부인인 피해자 D(여, 50세)및 C 등과 함께 소주를 마시며 소유하고 있는 땅 양도 문제를 이야기하던 중 피해자가 피고인의 말을 믿지 못하겠다고 말하였다는 이유로 화가 나 그 곳에 있던 위험한 물건인 소주병으로 피해자의 머리를 1회 때려 피해자에게 약 2주간의 치료를 요하는 뇌진탕 등의 상해를 가하였다."
        ]
    },
    "dcss": {
        "courtDcss": [
            "피고인의 행위태양이 위험하다.",
            "피고인은 폭력행위 등 처벌에 관한 법률 위반죄로 처벌받은 전력이 있다.",
            "피해자와 합의되지 않았다(다만, 피고인이 피해자에게 500만 원을 송금함).",
            "피고인이 범죄사실을 모두 인정하고 있다.",
            "상해의 정도가 아주 중하지는 않다.",
            "그밖에 피고인의 나이, 성행, 환경, 범행의 동기 및 수단, 범행 후의 정황 등 제반사정을 종합하여 주문과 같이 형을 정한다."
        ]
    },
    "close": {
        "cnclsns": [
            "피고인을 징역 6개월에 처한다."
        ]
    }
}