{
    "info": {
        "caseField": "2",
        "detailField": "6",
        "trailField": "1",
        "caseNm": "준강간",
        "courtNm": "대구지방법원",
        "judmnAdjuDe": "2013. 08. 16.",
        "caseNo": "2012고합1148",
        "relateLaword": [
            "구 형법(2012. 12. 18. 법률 제11574호로 개정되기 전의 것) 제299조",
            "구 형법(2012. 12. 18. 법률 제11574호로 개정되기 전의 것) 제297조",
            "형법 제53조",
            "형법 제55조",
            "성폭력범죄의 처벌 등에 관한 특례법 제16조",
            "형법 제299조",
            "형법 제297조",
            "형법 제298조",
            "성폭력범죄의 처벌 등에 관한 특례법 제47조",
            "성폭력범죄의 처벌 등에 관한 특례법 제49조",
            "아동,청소년의 성보호에 관한 법률 제49조",
            "아동,청소년의 성보호에 관한 법률 제50조"
        ],
        "qotatPrcdnt": [
            "대법원 2012. 6. 28. 선고 2012도2631 판결",
            "대법원 2000. 5. 26. 선고 98도3257 판결",
            "대법원 2012. 5. 24. 선고 2010도5948 판결",
            "대법원 2008. 6. 12. 선고 2008도2621 판결",
            "대법원 2004. 6. 25. 선고 2004도2221 판결",
            "대법원 2012. 2. 23. 선고 2011도16863 판결"
        ]
    },
    "concerned": {
        "acusr": "4",
        "dedat": "1"
    },
    "org": {
        "orgJdgmnCourtNm": "",
        "orgJdgmnAdjuDe": "",
        "orgJdgmnCaseNo": ""
    },
    "disposal": {
        "disposalform": "6",
        "disposalcontent": [
            "피고인을 징역 2년 6월에 처한다. ",
            "피고인에게 80시간의 성폭력 치료프로그램 이수를 명한다."
        ]
    },
    "mentionedItems": {
        "rqestObjet": [
            "피고인을 징역 2년 6월에 처한다. ",
            "피고인에게 80시간의 성폭력 치료프로그램 이수를 명한다."
        ]
    },
    "assrs": {
        "acusrAssrs": [],
        "dedatAssrs": [
            "피고인은 판시 일시, 장소에서 피해자와 합의 하에 성관계를 가진 사실이 있을 뿐이고, 항거불능 상태에 있는 피해자의 의사에 반하여 피해자를 간음한 것이 아니며 준강간의 고의 또한 없었다.",
            "피해자가 모텔에 들어가기 직전에 \"이러면 00언니한테 미안하지 않아요?\" 라고 말하였다고 주장한다.",
            "피고인이 피해자에게 원피스를 어떻게 벗기냐고 물어보자 \"그냥 위로 벗기면 된다\" 라고 말하였다고 주장한다.",
            "모텔 객실을 나가기 직전 피해자가 피고인에게 \"우리가 왜 이래야 돼요\" 라고 말하였다고 주장한다.",
            "피해자가 모텔 1층 엘리베이터 앞에서 피고인에게 \"휴대폰이 없다.찾아 달라\" 라고 말하였다고 주장한다.",
            "피해자 남편이 피해자에게 전화를 하여 \"어디냐\" 라고 묻자 \"집이고, 씻을 거\" 라고 말하였다고 주장한다.",
            "피해자의 팬티스타킹이 찢어지거나 손상된 흔적이 없었다고 주장한다.",
            "피해자의 음부에 아무런 상처가 없는 점 등을 들어 당시 피해자는 심신상실 또는 항거불능상태가 아니었다고 주장 한다."
        ]
    },
    "facts": {
        "bsisFacts": [
            "피고인은 0000 ㅇㅇ군청 행정8급으로 근무하는 사람으로 2006.9.15.경부터 2009.경까지 ㅇㅇ면사무소에서 근무하였고, 피해자 00(여, 31세)은 2007.7.경 ㅇㅇ면사무소에 발령받아 약 1년 6개월동안 피고인과 함께 근무를 하여 서로 알게 되었으며, 두 사람이 평소 연인관계 등 특별한 관계에 있지 아니한 단순한 직장동료다.",
            "위 ㅇ ㅇ면사무소에 근무한 인연으로 피고인과 피해자를 포함하여 약 8명이 000라는 모임을 만들어 1년에 3, 4회 정도 친목모임을 가져오던 중 피해자가 출산 후 복직하여 이를 계기로 친목모임을 갖기로 하여 2012.2.28.19:30경 0000에 있는 0에서 모임을 갖기로 하였다.",
            "일부회원은 개인사정으로 참석치 못하고 피고인과 피해자, 00, 00 등 4명이 참석하여 같은 날 22:00경까지 소주와 맥주를 시켜 마셨는데 피해자는 소주 1병 이상과 폭탄주 1잔 정도를 마셨다.",
            "당시 피해자는 임신과 출산 및 모유수유 등으로 술을 전혀 마시지 않다가 과음하여 만취한 상태에 있었다.",
            "같은 날 22:00경 위 식당을 나와 부근 10～20m 거리에 있는 상호불상 노래방으로 자리를 옮겼는데 그곳에서 노래를 부르다가 00이 피해자에게 노래를 시키기 위하여 일으켜 세우자 피해자가 00의 어깨에 구토를 하여 다시 피해자를 의자에 앉힌 후 나머지 세 사람이 노래를 불렀다.",
            "같은 날 23:00경이 지나 노래방을 나와 00가 피고인에게 술에 취한 피해자를 그곳에서 약 500m 거리에 있는 피해자의 아파트까지 데려다 주도록 하고 서로 헤어졌다.",
            "피고인은 피해자를 부축하여 피해자의 아파트로 가던 도중 갑자기 욕정을 일으켜 술에 만취하여 심신상실 상태에 있는 피해자를 간음하기로 마음먹고 피해자를 택시에 태워 약 5분 거리에 있는 상호불상 모텔로 데려갔다.",
            "피고인은 같은 날 23:50경 0000 상호불상 모텔에서 위와 같이 술에 만취되어 있는 피해자의 팬티를 벗긴 후 1회 간음하였다.",
            "이로써 피고인은 피해자의 심신상실 상태를 이용하여 피해자를 간음하였다."
        ]
    },
    "dcss": {
        "courtDcss": [
            "피해자를 비롯한 증인들의 진술이 대체로 일관되고 공소사실에 부합하는 경우 객관적으로 보아 도저히 신빙성이 없다고 볼 만한 별도의 신빙성 있는 자료가 없는 한 이를 함부로 배척하여서는 안 된다(대법원 2012.6.28.선고 2012도 2631 판결 참조).",
            "한편 형법 제299조는 사람의 심신상실 또는 항거불능의 상태를 이용하여 간음 또는 추행을 한 자를 형법 제297조, 제298조의 강간 또는 강제추행의 죄와 같이 처벌하도록 규정하고 있다.",
            "위 규정에서 말하는 심신상실의 상태라고 함은 정신장애 또는 의식장애 때문에 성적 행위에 관하여 정상적인 판단을 할 수 없는 상태, 즉 상대방이 깊은 잠에 빠져 있다거나 술․약물 등의 사유로 자신의 성적 행위에 대해 정상적인 대응․조절능력과 판단능력을 제대로 행사 할 수 없는 상태를 의미한다.",
            "위 규정에서 말하는 항거불능의 상태라고 함은 심신상실 이외의 원인 때문에 심리적 또는 물리적으로 반항이 절대적으로 불가능하거나 현저히 곤란한 경우를 의미한다고 할 것이다(대법원 2012.6.28.선고 2012도2631 판결 등 참조).",
            "피해자는 식당에서 과음을 한 후 노래방에서부터 피해자의 집에 이르기까지 계속하여 술에 만취한 상태에 있었음이 넉넉히 인정된다고 할 것이다.",
            "위 1.내지 4.주장에 대하여는 피해자는 일관되게 그러한 사실이 전혀 기억나지 않는다고 하고 있어, 아무런 근거가 없는 피고인의 일방적인 주장에 불과하다.",
            "위 5.에 대하여는 당시 피해자가 피고인과 성관계를 가졌던 사실조차 인지하지 못할 정도로 만취한 상태였다고 한다면, 피해자가 남편에게 도움을 요청하지 않은 사실을 들어 피해자의 행동이 부자연스러운 것이라고 할 수 없다.",
            "나머지 6., 7.주장 또한 피해자가 심신상실이나 항거불능 상태에 있었는지 여부와 상관없이 인정될 수 있는 상황에 관한 것이다.",
            "피고인 및 변호인의 주장은 범죄사실에 대한 단순히 관념적인 의심이나 추상적인 가능성에 기초한 것으로서 앞서 본 유죄 심증 형성에 아무런 지장이 없다고 할 것이다(대법원 2012.5.24.선고 2010도5948 판결, 대법원 2008.6.12.선고 2008도2621 판결, 대법원 2004.6.25.선고 2004도2221 핀결 등 참조).",
            "피고인과 피해자는 각자 결혼을 하여 가정을 이룬 상태로 자식까지 있으며, 특히 피해자는 이 사건 발생 4개월 전인 2011.10.경 출산까지 한 점이 인정된다.",
            "피해자와 피고인은 직장동료로서 서로 절친한 사이이긴 하였으나 서로 이성적인 감정을 가진 사이는 아니었던 점이 인정된다.",
            "피해자의 남편은 피해자가 당시 000 모임으로 회식을 한다는 사실을 피해자를 통하여 미리 알고 있었고 피해자가 전화를 하면 집에 들어가기로 약속이 되어 있었던 점이 인정된다.",
            "피해자는 바로 다음 날인 2012.2.29.아침에 남편에게 자신이 피고인과 같이 모텔에 갔었다고 말한 점이 인정된다.",
            "그 때까지 피해자는 피고인과 성관계가 있었다는 사실조차 인지 하지 못하고 있었던 점 등 당시의 정황 및 피해자의 행동을 종합하면 피해자가 피고인과 합의하에 성관계를 가진 것이라고 보기 어렵다.",
            "(만약, 당시 피해자가 피고인의 주장처럼 술에 만취되지 않았었고, 피고인과 성관계를 가지려고 마음먹었다면 당시 피해자의 행적이 남편에게 노출되어 있는 상황에서 발각의 위험을 무릅쓰고까지 성관계를 감행하였으면서도 다음 날 남편에게 바로 그 사실을 말하였다는 것인데, 피해자로서는 피고인이 먼저 말하지 않는 이상 이를 비밀로 하는 것이 더 나았을 것이다.)",
            "(설사 피해자가 양심의 가책을 느껴 남편에게 실토하였다고 하더라도 합의하에 성관계를 가진 것이 아니라 강간을 당하였다고 말하는 것이 자신에게 돌아오는 법적, 윤리적 비난을 피할 수 있는 방법이었을 것이다.)",
            "이상과 같은 이유로 본건 범죄사실은 모두 넉넉히 인정된다고 할 것이므로, 이에 대한 피고인 및 변호인의 위 주장은 받아들이지 아니한다.",
            "판시 범죄사실에 대하여 유죄판결이 확정되는 경우 피고인은 성폭력 범죄의 처벌 등에 관한 특례법 제42조 제1항에 의한 신상정보 등록대상자로서 같은 법 제43조에 따라 관할기관에 신상정보를 제출할 의무가 있다.",
            "피고인이 이 사건 범행 이 전에 형사처벌을 받은 전력이 전혀 없고, 이 사건 범행 역시 피해자와 함께 술을 마신 후 순간적인 충동을 이기지 못하고 우발적으로 저지른 것이다.",
            "피고인에게 성폭력 범죄의 습벽이 있다거나 재범의 위험성이 있다고 보기 어려워 신상정보 공개․고지명령이라는 보안처분을 부과할 필요성이 크지 않은 점 등의 사정 및 관련 법리(대법원 2012.2.23.선고 2011도16863 판결 등 참조)에 비추어 살펴보면, 피고인의 신상정보를 공개 및 고지하여서는 아니 될 특별한 사정이 있다고 판단된다."
        ]
    },
    "close": {
        "cnclsns": [
            "피고인을 징역 2년 6월에 처한다.",
            "피고인에게 80시간의 성폭력 치료프로그램 이수를 명한다."
        ]
    }
}