{
    "info": {
        "caseField": "2",
        "detailField": "6",
        "trailField": "1",
        "caseNm": "존속살해,특수존속상해,치료감호",
        "courtNm": "서울중앙지방법원",
        "judmnAdjuDe": "2019. 03. 11.",
        "caseNo": "2018고합1155",
        "relateLaword": [
            "형법 제250조",
            "형법 제258조",
            "형법 제257조",
            "구 형법(2018. 12. 18. 법률 제15982호로 개정되기 전의 것) 제10조",
            "형법 제55조",
            "형법 제37조",
            "형법 제38조",
            "형법 제50조",
            "형법 제48조",
            "치료감호 등에 관한 법률 제2조"
        ],
        "qotatPrcdnt": []
    },
    "concerned": {
        "acusr": "4",
        "dedat": "1"
    },
    "org": {
        "orgJdgmnCourtNm": "",
        "orgJdgmnAdjuDe": "",
        "orgJdgmnCaseNo": ""
    },
    "disposal": {
        "disposalform": "6",
        "disposalcontent": [
            "피고인을 징역 10년에 처한다.",
            "압수된 캠핑용 칼 3자루(증 제1호), 칼 보관집 1개(증 제2호), 몽키스패너 1개(증 제3호)를 몰수한다.",
            "피치료감호청구인을 치료감호에 처한다."
        ]
    },
    "mentionedItems": {
        "rqestObjet": [
            "피고인을 징역 10년에 처한다.",
            "압수된 캠핑용 칼 3자루(증 제1호), 칼 보관집 1개(증 제2호), 몽키스패너 1개(증 제3호)를 몰수한다.",
            "피치료감호청구인을 치료감호에 처한다."
        ]
    },
    "assrs": {
        "acusrAssrs": [],
        "dedatAssrs": [
            "피고인 및 변호인은 이 사건 범행이 피고인을 강제로 입원시키려 한 부모들에 대한 극도의 저항심 발로로 발생한 것일 뿐 정신병증의 발현에 기인한 것이 아니고, 피고인이 상당 기간 원만한 가정을 갖고 사회생활을 하였던 것에 비추어, 개방적인 환경에서의 치료가 더 효과적이고 감호시설에서의 강제 치료는 피고인의 반감을 가중시켜 오히려 재범을 야기할 위험이 있으므로, 이 사건 치료감호 청구는 기각되어야 한다는 취지로 주장한다."
        ]
    },
    "facts": {
        "bsisFacts": [
            "피고인 겸 피치료감호청구인(이하 '피고인'이라 한다)은 환각, 망상, 행동조절 장애 등의 증상을 보이는 조현병 환자이고, 피해자 00과 피해자 00은 피고인의 부모이다.",
            "피고인은 고등학교 1학년 때인 1993년경부터 호주에서 유학생활하면서 따돌림을 당하였고, 이후 피고인이 23살 때인 1999년경부터 혼자 웃고, 환청을 듣는 등의 조현병현상이 발병한 후 그 증세가 더욱 심해져 2002, 1. 24.경 0에 편집 조현병으로 강제 입원하였다가 같은 해 3. 14.경에 퇴원하였다.",
            "2017. 4. 11.경 0에 조현병으로 강제 입원하였다가 같은 해 6. 2.경에 퇴원하였으며, 2018. 1. 29.경 0에 환각, 망상, 행동조절 장애 등으로 강제 입원하였다가 같은 해 4. 10. 무단이탈 한 후 0에서 생활하였다.",
            "피고인은 위와 같이 0에서 무단이탈 한 후 다시 정신병원에 강제 입원 당할 것 같은 불안감과 자신을 정신병원에 강제 입원시킨 피해자들에 대한 증오심을 갖고 생활하던 중 피해자들이나 사설 구급대원들이 다시 자신을 정신병원에 강제 입원시키려고 하는 상황이 발생할 경우 이에 대항하기 위한 흉기를 준비하기로 마음먹고, 그 무렵 000에서 몽키스패너를, 000에서 캠핑용칼(0)을 각각 구입하였다.",
            "피고인은 위와 같이 조현병으로 인하여 사물을 변별하거나 의사를 결정할 능력이 미약한 상태에서 다음과 같은 범행을 저질렀다.",
            "피고인은 2018. 10. 21. 22:52경 피고인의 부모님이 살고 있는 0000으로 들어가 들고 있던 가방에서 몽키스패너(길이 약 26츠)를 꺼내어 바지주머니에 넣은 후 피해자 00(68세)이 있는 안방으로 들어가 문을 잠그고, 피해자에게 '얘기 좀 합시다' 라고 하였다.",
            "피해자의 얼굴을 보자 피해자가 자신을 정신병원에 강제로 입원시킨 주범이라는 생각에 격분하여, 바지주머니에서 위험한 물건인 몽키스패너를 꺼내어 앉아있던 피해자의 얼굴을 향해 내리찍은 후 피고인을 피해 도망가는 피해자를 따라다니며 주먹으로 피해자의 얼굴을 수회 때렸다.",
            "이로써 피고인은 위험한 물건을 휴대하여 직계존속인 피해자에게 약 4주간의 치료가 필요한 '관골상악골 골절'등의 상해를 가하였다.",
            "0000에서, 제1항과 같은 피해를 당한 00이 피고인을 피해 현관문 밖으로 도망간 후 찢어진 옷을 갈아입기 위해 작은 방으로 들어 갔고, 이어 피해자 00(67세, 여)이 피고인을 따라 작은 방으로 들어오자 피해자가 과거에 피고인을 쫓아다니며 강제로 약을 먹였다는 생각에 격분하여 피해자를 살해할 마음을 먹었다.",
            "이에 피고인의 가방에 있던 위험한 물건인 캠핑용칼(총 길이 25.5cm, 칼날길이 11.5cm)을 꺼내 피해자의 복부를 수회 찌른 후 피해자의 배를 세로방향으로 약 39cm 갈라 그 자리에서 피해자를 다발성자창으로 사망하게 하였다.",
            "이로써 피고인은 직계존속인 피해자를 살해하였다."
        ]
    },
    "dcss": {
        "courtDcss": [
            "피고인은 위와 같이 조현병으로 인하여 사물을 변별할 능력이나 의사를 결정할 능력이 미약한 상태에서 금고 이상의 형에 해당하는 존속살해죄 등을 지은 사람으로서 치료감호시설에서 치료를 받을 필요가 있고, 재범의 위험도 있다.",
            "위 각 증거들에 의하여 인정되는 아래와 같은 제반 사실과 정황들을 종합하여 보면, 피고인은 치료감호시설에서 치료를 받을 필요가 있고, 적절한 치료를 받지 못할 경우 피고인의 정신장애로 말미암아 자신에게 위해를 가한다고 생각하는 피고인 친인척을 비롯한 다른 사람들에게 재범할 위험성이 충분하다고 판단된다.",
            "위 주장은 이유 없다.",
            "피고인은 호주 유학생활 이후 약 20년 전부터 혼잣말을 하면서 웃거나 환청이 들리는 등 정신적 질환을 앓기 시작하여 판시 범죄사실 및 치료감호원인사실 기재와 같이 2002년경 이래 3차례에 걸쳐 환각, 망상, 흥분, 행동조절 장애 등 조현병 증세로 정신병동에 입원한 전력이 있고 현재까지 정신질환 약을 복용하여 왔다.",
            "피고인은 주변에서 자신을 강제로 병원에 입원시키려 한다는 생각에 사로잡혀 이를 방어하기 위해 평소 이 사건 범행 도구인 몽키스패너와 칼을 소지하고 다녔다.",
            "2017년 말 내지 2018년 초경 자신을 정신병동에 강제로 입원시켰다고 생각한 피해자들과 고모부를 폭행하여 상해를 가하기도 하였으며, 실제로 2018. 4. 10.경 치료를 받던 정신병동에서 무단 이탈한 후 약물 복용 등 치료를 중단한 끝에 결국 위 도구를 이용하여 피해자들을 살해하고 상해를 가하는 이 사건 범행을 저질렀다.",
            "피고인은 자신의 정신병증을 부인하고 약물 복용을 거부하는 등 치료 의지를 보이지 않고 있고, 피고인의 연령과 폭력적 성향, 피해자들에 대한 이 사건 범행내용에 비추어 감호시설 외에서의 개방된 장소에서 보호자들을 통한 치료 가능성이나 그에 따른 치료 효과는 기대하기 어려울 것으로 판단된다.",
            "피고인에 대한 정신감정 결과에 의하면, 피고인은 조현병으로 진단되고, 기질적 손상은 보이지 않으나, 충동적이고 쉽게 흥분하여 행동조절이 어려워 보이며, 외부자극에 대하여 심한 적대감, 분노, 증오와 결합되어 격렬한 공격적 반응으로 이어질 소지가 높아 보이고, 위와 같은 정신장애 치료와 재범방지를 위하여 부정기간 정신적 치료가 필요하며 치료를 받지 아니하면 병의 재발에 의한 재범의 가능성이 있다고 추정된다.",
            "피고인이 범행사실 자체는 인정하고 있는 점, 피고인이 조현병으로 사물을 변별하거나 의사를 결정할 능력이 미약한 상태에서 이 사건 범행에 이른 점, 한차례 기소유예처분을 받은 외에 형사처벌 전력이 없는 점, 이 사건 상해 피해자인 부친을 비롯한 유족들이 피고인이 치료받기를 원할 뿐 형사처벌을 원하지 않고 있는 점은 피고인에게 유리한 정상이다.",
            "그러나 피고인은 부모인 피해자들이 자신을 강제로 정신병동에 가두려 한다는 망상에 사로잡혀 위험한 물건인 몽키스패너로 부친의 얼굴 부위를 때려 상해를 입히고, 이를 말리는 모친을 캠핑용칼로 수차 찌르고 베어 무참히 살해하였는바, 비록 피고인이 심신 미약한 상태였다고는 하나, 대체 불가능한 생명을 앗아간 범죄 결과는 물론 그 패륜성이나 범행수법의 잔혹성에 비추어 그에 상응하는 엄중한 처벌이 마땅하다.",
            "위와 같은 제반사정들과 피고인의 연령, 성행, 환경, 지능, 직업 및 경력, 가족관계, 범행 동기 및 내용, 범행 후의 정황 등 제반 양형조건들을 종합적으로 고려하여, 주문과 같이 형을 정한다."
        ]
    },
    "close": {
        "cnclsns": [
            "피고인을 징역 10년에 처한다.",
            "압수된 캠핑용 칼 3자루(증 제1호), 칼 보관집 1개(증 제2호), 몽키스패너 1개(증 제3호)를 몰수한다.",
            "피치료감호청구인을 치료감호에 처한다."
        ]
    }
}