{
    "info": {
        "caseField": "2",
        "detailField": "6",
        "trailField": "1",
        "caseNm": "사기",
        "courtNm": "광주지방법원",
        "judmnAdjuDe": "2014. 12. 30.",
        "caseNo": "2014고단3566",
        "relateLaword": [
            "형법 제347조",
            "형법 제70조",
            "형법 제69조",
            "형사소송법 제334조"
        ],
        "qotatPrcdnt": []
    },
    "concerned": {
        "acusr": "4",
        "dedat": "1"
    },
    "org": {
        "orgJdgmnCourtNm": "",
        "orgJdgmnAdjuDe": "",
        "orgJdgmnCaseNo": ""
    },
    "disposal": {
        "disposalform": "9",
        "disposalcontent": [
            "피고인을 벌금 5,000,000원에 처한다.",
            "피고인이 위 벌금을 납입하지 아니하는 경우 100,000원을 1일로 환산한 기간 피고인을 노역장에 유치한다.",
            "피고인에게 위 벌금에 상당한 금액의 가납을 명한다."
        ]
    },
    "mentionedItems": {
        "rqestObjet": [
            "피고인을 벌금 5,000,000원에 처한다.",
            "피고인이 위 벌금을 납입하지 아니하는 경우 100,000원을 1일로 환산한 기간 피고인을 노역장에 유치한다.",
            "피고인에게 위 벌금에 상당한 금액의 가납을 명한다. "
        ]
    },
    "assrs": {
        "acusrAssrs": [],
        "dedatAssrs": []
    },
    "facts": {
        "bsisFacts": [
            "피고인은, 2013. 12. 20.경 0000에 있는 피고인이 운영하던 체육관에서 피해자 D(남, 34세)에게 \"피해자의 소유 기계 체조장비 등 운동기구 약 10점을 자신에게 1,800만 원에 매도하라. 그럼 그 매수 대금 중 1,000만 원은 2014. 3.말까지 지급하고, 잔액 800만 원은 2014. 5.말까지 지급하겠다.\" 라고 하였다.",
            "피고인은 3억 원 상당의 채무를 부담하고 있고 별다른 재산이 없어 피해자로부터 기계체조 장비 등 운동기구를 매수하더라도 그 대금을 약정한 기일 내에 지급할 의사나 능력이 없었다. ",
            "피고인은 이와 같이 피해자에게 거짓말을 하여 그 즉시 계약서를 작성하고 2014. 1월 중순경 사이 운동기구 등을 모두 인수하였으나 그 대금 1,800만 원을 지급하지 않고 동액 상당의 재산상 이득을 취하였다."
        ]
    },
    "dcss": {
        "courtDcss": [
            "범죄사실에 대한 해당법조 형법 제347조(피고인이 일부 금액을 공탁한 점, 편취경위 등 참작하여 벌금형 선택)를 적용한다. ",
            "노역장유치 형법 제70조 제1항, 제69조를 적용한다. ",
            "가납명령 형사소송법 제334조를 적용한다. "
        ]
    },
    "close": {
        "cnclsns": [
            "피고인을 벌금 5,000,000원에 처한다. ",
            "피고인이 위 벌금을 납입하지 아니하는 경우 100,000원을 1일로 환산한 기간 피고인을 노역장에 유치한다.",
            "피고인에게 위 벌금에 상당한 금액의 가납을 명한다."
        ]
    }
}