{
    "info": {
        "caseField": "2",
        "detailField": "6",
        "trailField": "1",
        "caseNm": "가. 특정경제범죄가중처벌등에관한법률위반(배임) 나. 상법위반 다. 공정증서원본불실기재 라. 불실기재공정증서원본행사 마. 위계공무집행방해",
        "courtNm": "부산지방법원",
        "judmnAdjuDe": "2013. 03. 27.",
        "caseNo": "2012고합987",
        "relateLaword": [
            "상법 제628조",
            "상법 제622조",
            "형법 제30조",
            "형법 제228조",
            "형법 제229조",
            "형법 제137조",
            "특정경제범죄 가중처벌 등에 관한 법률 제3조",
            "형법 제355조",
            "형법 제37조",
            "형법 제39조",
            "형법 제38조",
            "형법 제50조",
            "형법 제53조",
            "형법 제55조",
            "구 형법(2010. 4. 15. 법률 제10259호로 개정되기 전의 것) 제42조"
        ],
        "qotatPrcdnt": [
            "대법원 1979. 12. 11. 선고 79도1489 판결",
            "대법원 1999. 10. 12. 선고 99도3057 판결",
            "대법원 2001. 8. 21. 선고 2000도5418 판결",
            "대법원 2005. 4. 29. 선고 2005도856 판결",
            "대법원 1999. 9. 17. 선고 97도3219 판결"
        ]
    },
    "concerned": {
        "acusr": "4",
        "dedat": "1"
    },
    "org": {
        "orgJdgmnCourtNm": "",
        "orgJdgmnAdjuDe": "",
        "orgJdgmnCaseNo": ""
    },
    "disposal": {
        "disposalform": "6",
        "disposalcontent": [
            "피고인 A을 징역 1년 6월에, 피고인 B을 징역 6월에 각 처한다.",
            "다만, 피고인 B에 대하여는 이 판결 확정일부터 2년간 위 형의 집행을 유예한다."
        ]
    },
    "mentionedItems": {
        "rqestObjet": [
            "피고인 A을 징역 1년 6월에, 피고인 B을 징역 6월에 각 처한다."
        ]
    },
    "assrs": {
        "acusrAssrs": [],
        "dedatAssrs": [
            "피고인 A은 G의 대표자로서 비록 위 회사가 F로부터 차용한 34억 원을 피해자 회사에 입금하여 주금을 납입한 것이기는 하나, 실제로 순환출자의 형태로 위 돈을 피해자 회사에 자본금으로 출자하였고 이후 위 돈을 인출하거나 상환받은 사실이 없으므로 상법위반죄에 해당하지 아니하고, 이를 전제로 하는 공정증서원본불실기재죄, 불실기재공정증서원본행사죄, 위계공무집행방해죄 또한 성립하지 않는다.",
            "피고인 A은 이 사건 범행 당시 피해자 회사의 영업본부장으로서 회사의 영업을 총괄하는 업무만 담당하였을 뿐 자금집행에 관하여 아무런 권한이 없었고, 당시 피해자 회사의 대표이사였던 피고인 B이 자금집행을 담당하는 최종 결재권자였으므로, 피고인 A은 배임죄의 구성요건인 타인의 사무를 처리하는 자의 지위에 있지 않다."
        ]
    },
    "facts": {
        "bsisFacts": [
            "피고인 A은 0000에 있는 피해자 D(이하 피해자 회사라고 한다)의 발기인이자 2007년 8월경부터는 영업본부장, 2009.4.30.경부터 2012.1.18.경까지는 피해자 회사의 대표이사를 역임한 사람이고, 피고인 B은 피해자 회사의 발기인이자 2007.8.13.경부터 2009.4.30.경까지 피해자 회사의 대표이사를 역임한 사람이다.",
            "피고인들은 부산시가 0000에 새로운 수산물도매시장을 개설하기로 하면서 그 운영을 맡을 도매시장법인의 지정요건으로 자본금 100억 원 이상 확보하고 있는 법인이란 기준을 제시하자 기존에 납입된 자본금을 순환출자 형식으로 인출하였다가 새로이 자본금을 납입하는 것처럼 가장하여 위 요건을 충족시켜 도매시장법인 지정을 받기로 공모하였다.",
            "피고인들은 2007.11.22.경 그 때까지 피해자 회사에 납입된 총 40억 원의 자본금 가운데 34억 원을 인출하여 그 무렵 피해자 회사 영업부장 E의 명의로 설립한 페이퍼컴퍼니인 F에 출자한 후 피고인 A이 대표자인 G에 대여한 것처럼 처리하였다가 2007.11.27.경 G 명의로 피해자 회사의 법인통장에 주금으로 34억 원을 입금하였다.",
            "피고인들은 2007.11.28.경 부산지방법원 등기과 사무실에서, 피해자 회사의 자본의 총액이 실제로는 42억 원에 불과함에도 76억 원으로 증자되었다는 내용의 변경등기를 경료하게 함으로써 등기공무원에 대하여 허위신고를 하여 공정증서원본인 상업등기부에 불실의 사실을 기재하게 하고, 그 무렵 그 곳에 불실의 사실이 기재된 등기부를 비치하게 하여 이를 행사하였다.",
            "피고인들은 2007.12.10.경 부산광역시 수산진흥과 사무실에서, 그 때까지 피해자 회사에 실제로 납입된 자본의 총액이 71억 5,000만 원에 불과함에도 105억 5,000만 원이라는 허위 내용이 기재된 상업등기부를 도매시장법인 심사 담당공무원에게 제출하여 2008.5.30.피해자 회사가 도매시장 법인으로 지정되게 하였다.",
            "이로써 피고인들은 공모하여 위계로써 도매시장법인 지정 담당공무원의 정당한 심사 업무를 방해하였다.",
            "피고인 A은 피해자 회사의 발기인으로서 설립자본금 27억 5,000만 원을 개인적으로 차용하여 자본금으로 납입하였다가 이를 갚을 방법이 없자 물량 상장을 위한 전도금 명목으로 서류를 꾸미고 법인 자금으로 이를 갚기로 마음먹었다.",
            "2008.1.30.경 피해자 회사 사무실에서, 피고인 A이 대표자인 H에 물량상장을 위한 전도금을 지급하는 것처럼 서류를 꾸며 회사에 제출하고 4,500만엔(한화 3억 9,800만 원)을 H 법인계좌로 송금받은 것을 비롯하여 그 때부터 2008.7.22.경까지 사이에 총 6회에 걸쳐 합계 28억 9,794만 원을 인출하여 동액 상당의 재산상 이익을 취득하고 피해자 회사에 동액 상당의 재산상 손해를 가하였다."
        ]
    },
    "dcss": {
        "courtDcss": [
            "피해자 회사는 피고인들에 의하여 G 명의로 입금된 34억 원 상당의 주금을 출금하여 피해자 회사의 법인 업무에 사용하였고, 주금 이외에도 F에 대하여 출자한 34억 원 상당의 자산을 가지게 되었으므로, 피해자 회사의 자본충실을 해하지 않는 것으로 볼 여지도 있다.",
            "그러나 G 명의로 입금된 주금 34억 원은 피고인들이 피해자 회사에 이미 납입되어 있던 총 40억 원의 자본금을 인출하여 페이퍼컴퍼니에 불과한 F에 출자한 후 다시 그 돈을 G에 대여한 것으로 처리하여 G 명의로 피해자 회사에 입금한 것에 불과하고, 따라서 피해자 회사의 자본금이 형식적으로 34억 원 상당 증액되었다 하더라도 실질적으로는 피해자 회사의 자본충실을 해하지 않았다고 볼 수 없다.",
            "피고인 A은 비록 대외적 직책이 영업본부장이었다고는 하나, 실질적으로는 피해자 회사의 대표이사였던 피고인 B과 함께 피해자 회사를 운영하고 회사의 자금을 집행하는 등 피해자 회사의 업무 전반을 담당하는 실질적 운영자의 지위에 있었던 사실이 충분히 인정되므로, 설령 피고인 A이 대외적 관계에서 피해자 회사의 재산을 처분할 적법한 대리권 또는 대표권이 없었다 하더라도 위 범죄의 성립에 아무런 영향이 없다.",
            "피고인 A이 피해자 회사로 하여금 0000의 수산물도매시장의 운영을 맡을 법인으로 지정되도록 하기 위하여 자본금 100억 원 이상의 요건을 갖추지 못하였음에도 불구하고 이를 충족한 것처럼 가장하기 위하여 주금의 납입을 가장한 것이므로 그 죄질이 무겁다.",
            "피고인 A은 피해자 회사의 사무를 처리하는 자의 지위에서 자신이 위 회사에 납입한 설립자본금 27억 5,000만 원을 지급받기 위하여 물량 상장을 위한 전도금 명목으로 서류를 꾸미고 총 6회에 걸쳐 위 회사의 자금을 송금하는 방법으로 합계 28억 9,794만 원을 인출하여 같은 액수 상당의 재산상 이익을 얻고 피해자 회사에 같은 액수 상당의 재산상 손해를 가한 것으로, 그 손해액의 규모가 합계 28억 원이 넘는다.",
            "대규모의 배임 범행으로 피해자 회사의 운영에 큰 타격을 입혔고, 이로써 부산광역시가 추진하던 0000의 지속적인 발전에도 해를 가한 것으로 보이는 점 등에 비추어 보면, 그 죄질 및 범정이 매우 무거우므로 피고인 A을 엄중히 처벌하여야 할 필요가 있다.",
            "다만, 피고인 A이 이 사건 범행을 인정하면서 자신의 잘못을 반성하고 있고, 이 사건 범행으로 취득한 금액 중 상당한 금액을 피해자 회사에 반환한 것으로 보이고 피고인이 보유하고 있는 피해자 회사 주식에 질권을 설정하여 주는 등 피해회복을 위하여 노력하였다.",
            "이 사건 범행은 판결이 확정된 판시 특정경제범죄 가중처벌 등에 관한 법률위반죄와 형법 제37조 후단의 경합범 관계에 있어 동시에 심판받을 경우와 형평을 고려하하는 등 피고인 A에게 유리한 정상도 고려하고 이 사건에 나타난 양형의 조건이 되는 모든 사정을 참작하여 피고인 A에 대하여 양형기준의 범위 내에서 주문과 같이 형을 정한다.",
            "피고인 B이 사건 범행은 자본을 가장납입하여 주식회사의 본질을 훼손하는 행위인 점, 가장 납입한 돈이 34억 원에 달하는 거액인 점, 가장납입으로 인해 공정증서원본의 신용을 해하고 공적인 업무인 0000 000의 수산물도매시장의 운영을 맡을 법인을 지정하는 업무를 방해하여 공공의 이익을 해한 점 등에 비추어 보면, 피고인 B의 범행은 그 죄질 및 범정이 무겁다.",
            "다만 피고인 B은 이 사건 범행으로 인하여 별다른 경제적인 이익을 얻은 바 없고, 자신의 범행을 시인하고 반성하고 있으며, 이 사건 범행 이전에 아무런 범죄를 저지른 전력이 없는 점 등 그밖에 피고인 B의 나이, 성행, 환경, 범행의 경위, 수단과 결과, 범행 후의 정황 등 이 사건에 나타난 양형의 조건이 되는 모든 사정을 참작하여 피고인 B에 대하여 양형기준의 범위 내에서 주문과 같이 형을 정한다."
        ]
    },
    "close": {
        "cnclsns": [
            "피고인 A을 징역 1년 6월에, 피고인 B을 징역 6월에 각 처한다.",
            "다만, 피고인 B에 대하여는 이 판결 확정일부터 2년간 위 형의 집행을 유예한다."
        ]
    }
}