{
    "info": {
        "caseField": "2",
        "detailField": "6",
        "trailField": "1",
        "caseNm": "폭행,모욕",
        "courtNm": "서울중앙지방법원",
        "judmnAdjuDe": "2019. 09. 26.",
        "caseNo": "2019고정1468",
        "relateLaword": [
            "형법 제37조",
            "형법 제38조",
            "형법 제50조",
            "형법 제260조",
            "형법 제311조",
            "형법 제70조",
            "형법 제69조"
        ],
        "qotatPrcdnt": []
    },
    "concerned": {
        "acusr": "4",
        "dedat": "1"
    },
    "org": {
        "orgJdgmnCourtNm": "",
        "orgJdgmnAdjuDe": "",
        "orgJdgmnCaseNo": ""
    },
    "disposal": {
        "disposalform": "9",
        "disposalcontent": [
            "피고인을 벌금 300만 원에 처한다.",
            "피고인이 위 벌금을 납입하지 아니하는 경우 금 100,000원을 1일로 환산한 기간 피고인을 노역장에 유치한다."
        ]
    },
    "mentionedItems": {
        "rqestObjet": [
            "피고인은 피해자 공소외 3의 택배차량이 피고인의 앞으로 진행해왔다는 이유로 피해자의 목을 손으로 치고 양손으로 목을 조르고 팔을 잡아당기는 등 피해자에게 폭행을 가했으며 위와 같은 이유로 체포되어 경찰서 형사과에 대기하던 중 피해자 경찰공무원이 제지하였다는 이유로 야 이 씹새끼야라고 소리쳐 공연히 피해자를 모욕하였다."
        ]
    },
    "assrs": {
        "acusrAssrs": [],
        "dedatAssrs": []
    },
    "facts": {
        "bsisFacts": [
            "피고인은 일용노동에 종사하는 사람이다.",
            "피고인은 2018.9.28.18:30경 (주소 생략)에 있는 0 앞을 지나가던 중, 피해자 공소외 3(46세)운전의 택배차량이 피고인의 앞으로 진행해왔다는 이유로, 피해자와 상호 시비가 되어 피해자의 목을 손으로 치고 양손으로 목을 조르고 팔을 잡아당기는 등 피해자에게 폭행을 가하였다.",
            "피고인은 2018.9.28.20:20경 위와 같은 이유로 현장에 출동한 경찰관에게 현행범으로 체포되어 서울□□경찰서 형사과에 대기하던 중 \"내가 왜 여기 있느냐, 집에 가겠다\" 라고 소리치는 것을 그곳 경찰공무원인 피해자 공소외 00가 제지하였다는 이유로, 피조사자 공소외 00 등이 지켜보고 있는 가운데 피해자에게 \"야 이 씹새끼야\" 라고 소리쳐 공연히 피해자를 모욕하였다."
        ]
    },
    "dcss": {
        "courtDcss": [
            "각 벌금형 선택(동종 누범인 점, 동종 전력이 많은 점 등을 감안할 때 약식명령상 벌금액이 상당하다)"
        ]
    },
    "close": {
        "cnclsns": [
            "피고인을 벌금 300만 원에 처한다.",
            "피고인이 위 벌금을 납입하지 아니하는 경우 금 100,000원을 1일로 환산한 기간 피고인을 노역장에 유치한다."
        ]
    }
}