{
    "info": {
        "caseField": "2",
        "detailField": "6",
        "trailField": "1",
        "caseNm": "특정경제범죄가중처벌등에관한법률위반(사기), 사문서위조, 위조사문서행사, 배상명령신청",
        "courtNm": "서울중앙지방법원",
        "judmnAdjuDe": "2017. 01. 12.",
        "caseNo": "2016고합710",
        "relateLaword": [
            "형법 제231조",
            "형법 제30조",
            "형법 제234조",
            "특정경제범죄 가중처벌 등에 관한 법률 제3조",
            "형법 제347조",
            "형법 제37조",
            "형법 제38조",
            "형법 제50조",
            "소송촉진 등에 관한 특례법 제25조",
            "소송촉진 등에 관한 특례법 제31조"
        ],
        "qotatPrcdnt": []
    },
    "concerned": {
        "acusr": "4",
        "dedat": "1"
    },
    "org": {
        "orgJdgmnCourtNm": "",
        "orgJdgmnAdjuDe": "",
        "orgJdgmnCaseNo": ""
    },
    "disposal": {
        "disposalform": "6",
        "disposalcontent": [
            "피고인을 징역 4년 6월에 처한다.",
            "피고인은 배상신청인에게 편취금 1,531,000,000원을 지급한다.",
            "위 명령은 가집행할 수 있다."
        ]
    },
    "mentionedItems": {
        "rqestObjet": [
            "피고인은 권리의무에 관한 사문서인  보관금관리 대리사무 계약서 를 위조하였으므로 사문서위조에 해당하며 형법에 따라 징역에 처해야 한다.",
            "피고인이 위조한 사문서로 피해자를 기망하여 피해자로부터 35억 원을 교부받아 편취하였으므로 이는 사기죄에 속하기에 형벌을 받아야 한다."
        ]
    },
    "assrs": {
        "acusrAssrs": [],
        "dedatAssrs": []
    },
    "facts": {
        "bsisFacts": [
            "피고인은 2016.6.경 H 주식회사 대표 I과 H 주식회사 명의로 0000 J 외 4필지에서서 「K 아파트 신축사업」 을 추진하는 것처럼 가장하여 투자금을 가로채기로 하고, 우선 자금 관리를 명목으로 L 주식회사(이하 ‘L’ 이라 한다)와 H 주식회사 사이에 자금에스크로계약 및 자금관리 사무계약을 체결하고 투자자를 물색하였다.",
            "그리하여 피고인과 I은 피해자 E으로부터 자금을 유치하기로 하였으나 피해자 E은 L의 자금관리 확약이 있어야만 자금을 투자하겠다고 요구하였고, L은 시행사에서 책임을 져야 할 문제라는 이유로 그 요구를 거절하였고, 이에 피고인과 I은 E이 투자 약속을 철회할 것을 염려하여 L이 고소인의 요구대로 투자금에 대한 이자를 지급하고 자금관리 책임을 부담하겠다는 내용으로 자금관리 약정서를 위조하기로 공모하였다.",
            "이에 피고인은 2016.7.4.경 0000 M에 있는 주식회사 N 사무실에서 ‘L에 보관금 35억 원을 4개월 간 예탁을 하면, 이에 대한 이자로 월 2%의 이자를 지급하고 보관금은 입금자의 동의 없이는 인출할 수 없다 는 내용의 「보관 금관리 대리 사무 계약서」를 작성한 다음 수임자(“병”)란에 ‘ 주소: 0000 O건물, 10층, 상호: L 주식회사 대표이사 P’ 이라고 기재하였다.",
            "피고인과 I은 그 다음날인 2016.7.5.경 0000 O건물에 있는 L 회의실에서 피해자 E의 대리인 Q를 만나 피고인은 L의 직원 행세를 하면서 L 대표이사 P 옆에 2016.6.경 피고인이 미리 만들어 갖고 있던 L의 법인 인감을 날인하고, I은 H 대표이사란에 날인을 하였고, 이로써 피고인은 I과 공모하여 권리의무에 관한 사문서인 L 대표이사 P 명의의 '보관금관리 대리사무 계약서'를 위조하였다.",
            "피고인은 2016.7.5.경 L 회의실에서 위 제1항과 같이 위조한 '보관금관리 대리사무계약서'를 마치 진정하게 성립된 것처럼 피해자 E의 대리인 Q에게 제시하였고, 이로써 피고인은 I과 공모하여 위조한 '보관금관리 대리사무 계약서'를 행사하였다.",
            "피고인과 I은 2016.7.5.경 위 L 회의실에서 위 제1항과 같이 위조한 '보관금관리 대리사무 계약서'를 피해자 E의 대리인 Q에게 제시하면서 \"L의 계좌(000 기업 종합통장 계좌번호 R)로 입금을 하면, 4개월 동안 예치를 하고 반환을 할 것이며, 입금자의 동의가 없으면 인출할 수 없다.\"고 말을 하였다.",
            "그리하여 Q로 하여금 자금주(\"을\")란에 자신의 인장을 날인하게 하고, 위와 같이 계약이 체결된 것으로 믿은 피해자 E으로부터 위 계좌로 35억 원을 입금 받았다.",
            "사실 위 '보관금관리 대리사무 계약서'는 피고인과 I이 위조한 것이었고, 피해자가 35억 원을 입금하면 L을 통하여 자금집행의 명목으로 곧바로 인출하여 피고인의 개인 채무 변제 등에 사용할 생각이었을 뿐 피해자로부터 35억 원을 받더라도 이를 4개월 간 예치하고 35억 원에 대한 수수료를 지급할 의사나 능력이 없었다.",
            "이로써 피고인은 I과 공모하여 피해자를 기망하여 이에 속은 피해자로부터 35억 원을 교부받아 편취하였다."
        ]
    },
    "dcss": {
        "courtDcss": [
            "피고인은 자신의 잘못을 반성하면서 범행 일체를 인정하고 있고, 피고인은 피해자에게 선이자로 지급하고 편취금 중 일부를 반환하여 실질적인 피해액은 약 15억 원 정도이고, 이는 피고인에게 유리한 정상이다.",
            "피고인은 문서를 위조·행사하여 사기범행을 저지른 것으로서 그 범행수법이 매우 불량하고, 피고인은 사기와 횡령죄로 실형을 선고받은 전과가 있음에도 재차 이 사건 범행을 저질렀고, 피해자가 피고인의 엄벌을 탄원하고 있다.피고인에 대하여 엄한 처벌이 불가피하다."
        ]
    },
    "close": {
        "cnclsns": [
            "피고인을 징역 4년 6월에 처한다.",
            "피고인은 배상신청인에게 편취금 1,531,000,000원을 지급하라.",
            "위 명령은 가집행할 수 있다."
        ]
    }
}