{
    "info": {
        "caseField": "2",
        "detailField": "6",
        "trailField": "1",
        "caseNm": "특정경제범죄가중처벌등에관한법률위반(배임)(인정된죄명업무상배임),업무상배임,사기,한국농어촌공사및농지관리기금법위반,공인중개사의업무및부동산거래신고에관한법률",
        "courtNm": "춘천지방법원",
        "judmnAdjuDe": "2013. 11. 15.",
        "caseNo": "2013고합95",
        "relateLaword": [
            "형법 제356조",
            "형법 제355조",
            "형법 제347조",
            "형법 제30조",
            "한국농어촌공사 및 농지관리기금법 제51조 ",
            "한국농어촌공사 및 농지관리기금법  제18조",
            "구 공인거래사의 업무 및 부동산 거래신고에 관한 법률(2013. 3. 23. 법률는 제11690호로 개정되기 전의 것) 제49조",
            "형법 제49조",
            "헝법 제50조",
            "헝법 제37조",
            "형법 제38조",
            "형법 제37조",
            "형법 제38조",
            "형법 제62조",
            "형사소송법 제325조"
        ],
        "qotatPrcdnt": [
            "당원 1993. 10. 12. 선고 93도1512 판결",
            "당원 1985. 8. 13. 선고 85도1275 판결",
            "당원 1984. 8. 14. 선고 84도1139 판결"
        ]
    },
    "concerned": {
        "acusr": "4",
        "dedat": "1"
    },
    "org": {
        "orgJdgmnCourtNm": "",
        "orgJdgmnAdjuDe": "",
        "orgJdgmnCaseNo": ""
    },
    "disposal": {
        "disposalform": "6",
        "disposalcontent": [
            "피고인1을 징역2년에, 피고인3을을 징역 1년에, 피고인4를 징역 6월에, 피고인5, 6를을 각 징역 8월에, 피고인7을 벌금 3,000,000원에 각 처한다. ",
            "피고인 이 위 벌금을 납입하지 아니하는 경우50,000원을 1일로 환산한 기간 위 피고인을 노역장에 유치한다.",
            "다만, 피고인1에 대하여는 3년간, 피고인 3, 5, 6에 대하여는 각 2년간, 피고인 4에 대하여는 1년간 위 각 헝의 집행을 유예한다. ",
            "피고인 7에 대하여 위 벌금에 상당한 금액의 가납을 명한다.",
            "피고인 2는무죄이다."
        ]
    },
    "mentionedItems": {
        "rqestObjet": [
            "피고인1을 징역2년에, 피고인3을을 징역 1년에, 피고인4를 징역 6월에, 피고인5, 6를을 각 징역 8월에, 피고인7을 벌금 3,000,000원에 각 처한다. ",
            "피고인 이 위 벌금을 납입하지 아니하는 경우50,000원을 1일로 환산한 기간 위 피고인을 노역장에 유치한다.",
            "다만, 피고인1에 대하여는 3년간, 피고인 3, 5, 6에 대하여는 각 2년간, 피고인 4에 대하여는 1년간 위 각 헝의 집행을 유예한다. ",
            "피고인 7에 대하여 위 벌금에 상당한 금액의 가납을 명한다.",
            "피고인 2는무죄이다."
        ]
    },
    "assrs": {
        "acusrAssrs": [],
        "dedatAssrs": [
            "대부분의 지원대출금의 원리금이 정해진 기일에 상환되고 있고, 충분한 담보가 제공되어 있어 채권회수가 가능하여 피해자 공사에게 손해가 발생하지 않았으므로, 피고인에게는 업무상배임죄가 성립하지 아니한다."
        ]
    },
    "facts": {
        "bsisFacts": [
            "피고인은 2008.1.경부터 2013.1.11.경까지는 피해자 공소외 00 공사(이하 '피해자 공사'라고 한다)000 소속 △△△△팀의 차장으로, 2013.1.12.경부터는 위 △△△△팀 팀장으로 근무하면서, 위 공사에서 시행하는 영농규모화사업 지원금 관련 업무를 담당하던 사람이다.",
            "피해자 공사에서 시행하는 영농규모화사업은 '농업인이 아니거나 전업 또는 은퇴하려는 농업인 등(매입대상자)의 소유 농지를 위 공사에서 매입하여 영농규모를 확대하고자 하는 전업농육성대상자 등(지원대상자)에게 매수대금을 3.3㎡당 논 30,000원, 밭 35,000원을 한도로(위 각 금액을 초과하는 금액은 지원대상인의 자부담)연이자 2%로 15년에서 30년간 분할상환 조건으로 대출 지원하여 주는 사업이다.",
            "위 영농규모화사업의 업무지침에 따르면, 농지매매지원을 받기 위해서는 대상농지가 농업진흥지역 안의 논 또는 밭이어야 하고, 다만, 영농규모 및 집단화를 위하여 불가피한 경우에는 농업진흥지역 밖의 농지 중 ① 경지정리된 논 또는 밭기반정비사업이 완료된 밭, ② 경지정리 되지 않은 논으로서 지원대상자의 소유 논과 연접한 논이다.",
            "③ 밭기반정비사업이 완료되지 않은 밭으로서 지원대상자가 경작(소유+임차)하는 밭과 연접(농지원부에 등재된 경우에 한함)된 경사도 15% 이하인 밭은 매입이 가능하도록 규정되어 있으며, 논 또는 밭전업육성대상자 선정은 '전업육성대상자로 발전 가능성이 있고, 사업시행 연도 1월 1일 기준 만 55세 이하인 농업인으로서, 경영규모가 논 2.0ha 또는 밭 1.0ha(시설작물 0.3ha)이상이어야 한다.",
            "벼(밭작물)재배경력이 3년 이상인 자로서 쌀(밭작물)을 주된 작목으로 하여 전업적으로 경영하고 있는 농업인이어야 가능하고, 피해자 공사의 농지매도는 전업농육성대상자로 선정된 자로서 사업시행연도 1월 1일 기준 만 60세 이하로서 경영규모가 논 1.5ha 또는 밭 1.0ha(시설작물 0.3ha)이상이어야 한다.",
            "또한 영농규모화사업 중 농지매매 지원금 관련 업무담당자는 농지매매지원 신청이 있는 경우 현지조사를 함에 있어, 매수농지 조사와 관련하여, ① 실제 지목 및 재배작물의 종류, 지적도와 대비하여 경계 등 농지보존 상태, 농업진흥지역(농업진흥지역 밖의 경우 연접)여부, 경지정리 또는 수리안전답 여부, 교통여건(통작거리, 연접 또는 집단화 거리, 대형농기계 출입의 편리성), 기 거래농지 여부를 조사해야 한다.",
            "각종 개별법에 의한 개발계획구역 및 예정지내의 농지 여부를 조사하여야 하고, ② 농지가격 조사와 관련하여, 공시지가, 현지가격, 인근지역 실제거래가격(최고가격, 최저가격)을 규정된 서식에 의해 조사하여야 하며, 매입가격은 현지조사를 통해 이장, 인근주민 등으로부터 실제 거래가격을 확인하고, ③ 매입가격은 공시지가와 인근지역의 실제 거래가격 및 현지조사 가격 등을 기초로 결정하여야 한다.",
            "매도농지 조사와 관련하여서는, 지원대상자의 요건 조사 영농경력, 영농승계자, 타직업종사, 농지소유자와의 관계 당해 농지의 당초 소유자와 부부, 형제자매(2009.12.31.까지는 형제자매지간이더라도 세대를 달리하는 경우에는 지원대상자에 포함)또는 직계존비속인 자는 지원대상자에서 제외이다.",
            "경영규모 축소, 농업경영체 등록 여부 등 조사, 영농복귀 지원자인 경우 영농복귀 여부, 위장전입 여부 등, 영농관계 조사(영농전문성), 농지집단화 정도 및 통작거리를 조사하여야 한다.",
            "그럼에도 피고인은 2008.1.30.경 0000 (주소 9 생략)에 있는 피해자 공사 000 사무실에서, 지원대상자 공소외 00로부터 매입대상자 공소외 00 소유의 0000 (주소 10 생략)에 있는 답 1,712㎡에 대한 영농규모화사업 지원금 신청을 받고, 관련서류 및 현지조사를 통해 위 농지가 농업진흥구역 밖의 농지이다.",
            "위 공소외 00이 소유한 논과 400m 내지 500m 가량 떨어져 있어 연접지 조건을 충족하지 못한 사실을 확인하였으므로 위와 같은 영농규모화사업 지원업무 지침을 준수하여 위 공소외 00에게 농지매매지원을 해 주지 않아야 했다.",
            "업무상 임무에 위배하여 위 공소외 00로 하여금 농지매매지원을 받게 해 줄 목적으로 위 농지가 위 공소외 00 소유의 논과 연접되어 있다는 내용의 현지조사서를 작성하였다.",
            "이에 피고인은 피해자 공사로 하여금 위 공소외 00에게 농지매매 지원금 명목으로 2008.2.18.경 계약금 1,554,400원과 2008.2.22.경 잔금 13,989,600원 합계 15,544,000원을 지급하게 하여 위 농지를 매입하게 하고, 위 공소외 00이 피해자 공사로부터 위 지원금 15,544,000원을 연 이자 2%에 20년간 분할상환 조건으로 위 농지를 매수할 수 있게 해주었다.",
            "이로써 피고인은 업무에 위배하여 위 공소외 00에게 15,544,000원 상당의 재산상 이익을 취득하게 하고 피해자 공사에게 같은 돈 상당의 재산상 손해를 가한 것을 비롯하여, 그 무렵부터 2013.2.12.경까지 별지 범죄일람표 기재와 같이 총 30필지 농지에 관하여 영농규모화사업 지원업무 지침에 위배하여 위 공소외 00 등 지원대상자 10명에게 재산상 이익을 취득하게 하고 피해자 공사에게 같은 돈 상당의 재산상 손해를 가하였다.",
            "피고인 00은 0000 (주소 11 생략)에서 농사를 지으면서, 2007.경부터 피고인 00 운영의 ’0'이라는 상호의 공인중개사 사무실에서 직원으로 근무하였던 사람이고, 피고인 00는 공인중개사였으며, 피고인 00는 0000 (주소 2 생략)에서 쌀 농사를 경작하던 사람이다.",
            "피고인 00는 자금을 융통할 목적으로 피해자 공사에서 시행하는 제1항 기재와 같은 영농규모화사업을 이용하여, 피해자 공사로부터 농지매매지원금을 지원받기로 마음먹고, 피고인 00에게 농지매매지원을 받을 수 있는 적당한 농지를 알아봐 달라고 부탁하였다.",
            "이에 피고인 00과 피고인 00는 피고인 00에게 공소외 00 소유인 0000(주소 1 생략)밭 3,798㎡, 같은 리 719 밭 3,749㎡, 같은 리 724 밭 3,772㎡, 같은 리 749 밭 6,992㎡, 같은 리 750 밭 6,903㎡ 등 5필지의 농지에 대한 매매 중개를 하면서, 피고인 00로부터 실제 매매대금보다 부풀려 농지매매 지원신청을 했다.",
            "다음 위 공소외 00이 피해자 공사로부터 부풀린 매매대금을 지급받게 되면, 실제 매매대금을 제한 나머지 지원금을 위 공소외 00으로부터 반환받아 사용할 수 있도록 해달라는 제안을 받고 이를 승낙하였다.",
            "이후 피고인들은 2008.4.30.경 0000 이하 장소를 알 수 없는 '0' 사무실에서, 피고인 00가 위 공소외 00과의 사이에 위 농지들을 190,000,000원에 매수하기로 부동산매매계약을 체결했다.",
            "즉석에서 위 공소외 00에게 계약금 명목으로 19,000,000원을 지급한 다음 나머지 매매대금은 위 공소외 00이 피해자 공사에 농지매도신청을 하면, 피고인 00가 피해자 공사에 농지매입신청을 하여 피해자 공사로부터 농지매매지원을 받아 지급하되, 피해자 공사에는 매매대금을 최대 지원금인 3.3㎡당 35,000원씩 계산하여 총 266,000,000원에 매도·매입한 것처럼 농지매매지원을 받았다."
        ]
    },
    "dcss": {
        "courtDcss": [
            "그러므로, 그와 같은 증거가 없다면 설령 피고인에게 유죄의 의심이 간다 하더라도 피고인의 이익으로 판단할 수밖에 없다(대법원 1991.8.13.선고 91도1385 판결, 대법원 2002.12.24.선고 2002도5662 판결 등 참조).",
            "배임죄에 있어서 재산상의 손해를 가한 때’라 함은 현실적인인 손해를 가한 경우뿐만 아니라 재산상 실해 발생의 위험을 초래한 경우도 포함되고 일단 손해의 위험성을 발생시킨 이상 사후에 피해가 회복되었다 하여도 배임죄의 성립에 영향을 주는 것은 아니다(대법원 2000.12.8.선고 99도3338 판결, 대법원 2004.7.22.선고 2002도4229 판결, 대법원 2010.9.9.선고 2010도5972 판결 등 참조).",
            "위 법리에 비추어 살펴보면, 피고인이 판시 제1항 기재와 같이 공소외 00 등이 위 영농규모화사업에 따라 지원금을 받을 수 있는 요건을 갖추지 못하였음을 알면서도 지원금을 지급한 이상 피해자 공사에게 재산상 실해 발생의 위험을 초래하였다고 봄이 상당하므로, 피고인 00 및 그 변호인의 위 주장은 받아들이지 아니한다.",
            "특정경제범죄 가중처벌 등에 관한 법률 제3조 제1항 은 특정재산범죄를 범한 자가 범죄행위로 인하여 취득하거나 제3자로 하여금 취득하게 한 재물 또는 재산상 이익의 가액(이하 '이득액'이라 한다)이 5억 원 이상인 때 가중처벌하고 있는데, 여기서 말하는 '이득액'은 단순일죄의 이득액이나 혹은 포괄일죄가 성립되는 경우 이득액의 합산액을 의미한다.",
            "경합범으로 처벌될 수 죄에서 이득액을 합한 금액을 의미하는 것은 아니다.한편 수개의 업무상 배임행위가 포괄하여 1개의 죄에 해당하기 위하여는 피해법익이 단일하고 범죄의 태양이 동일할 뿐만 아니라, 그 수개의 배임행위가 단일한 범의에 기한 일련의 행위라고 볼 수 있어야 한다",
            "(당원 1993.10.12.선고 93도1512 판결, 1985.8.13.선고 85도1275 판결, 1984.8.14.선고 84도1139 판결 등 참조).위 공소사실을 위 법리에 비추어 보면, 피고인의 별지 범죄일람표 기재 범행들은 모두 피해자 공사를 대상으로 한 것이다.",
            "지원의 상대방이나 지원 대상 농지, 내부 업무지침의 위반 내용 및 정도, 범행일시 등이 모두 상이한 점 등 여러 사정에 비추어 보면, 검사가 제출한 증거만으로 피고인의 위 각 범죄의 태양이 동일하다거나 단일한 범의에 기한 것이라고 인정하기에 부족하고, 달리 이를 인정할 만한 증거가 없다.",
            "따라서 위 각 죄는 포괄일죄가 아니라 각 경합범 관계에 있다고 봄이 상당하다.그런데 위 각 죄로 인한 이득액은 각 5억 원에 미달한다.",
            "그렇다면 피고인에 대한 특정경제범죄 가중처벌 등에 관한 법률 위반(배임)죄는 범죄사실의 증명이 없는 경우에 해당하여 형사소송법 제325조 후단에 따라 무죄를 선고하여야 할 것이나, 이와 동일한 공소사실의 범위 내에서 피고인의 행위에 대하여 판시 각 업무상 배임죄를 유죄로 인정한 이상 주문에서 따로 무죄를 선고하지 아니한다.",
            "무릇 형사재판에서 공소가 제기된 범죄사실에 대한 입증책임은 검사에게 있고, 유죄의 인정은 법관으로 하여금 합리적인 의심을 할 여지가 없을 정도로 공소사실이 진실한 것이라는 확신을 가지게 하는 증명력을 가진 증거에 의하여야 한다.",
            "위 인정사실에 의하여 알 수 있는 다음과 같은 사정, 즉 피고인은 사건 당시 피해자 공사 000에 발령받아 위 영농규모화사업을 담당한지 얼마 되지 않았고 피고인 00, 피고인 00, 피고인 00, 공소외 00 등 사건 관련자들과 아무런 친분관계가 없었다.",
            "달리 피고인이 피고인 00에게 위 사업에 따른 자금을 대출받는 재산상 이익을 취득하게 해둘 동기나 이유가 없어 보이는 점, 피고인 00는 허위의 내용이기는 하나 주민등록지, 농지원부 등 농지매입신청서에 첨부된 서류상 연령, 재배경력, 경영규모 등 전업농육성대상자 선정요건이나 이 사건 토지의 매입조건을 모두 갖추고 있었던 점이 있다.",
            "피고인은 공문서인 위 서류들을 심사하고 현지조사를 하였으며 현지조사서에 이장의 확인서명을 받은 점, 피해자 공사의 위 업무지침에는 주소지의 거주기간에 대한 제한규정이 없는 점, 피고인 00의 면세유류대장이 0000에서 발급된 것이기는 하나 피고인이 0000에서도 논농사를 실제 하고 있었던 점이 있다.",
            "임의경매절차에서 이 사건 토지의 감정평가액이 매매가격 이상으로 나온 점 등 여러 사정을 종합하여 보면, 검사가 제출한 증거들만으로는 피고인이 피고인 00로 하여금 이익을 취득하게 하고 피해자 공사에게 손해를 가한다는 인식하에 의도적으로 피고인 00에게 농지매매지원금을 지원하였다고 인정하기에는 부족하고, 달리 이를 인정할 만한 증거가 없다.",
            "그렇다면 이 부분 공소사실은 범죄사실의 증명이 없는 경우에 해당하므로 형사소송법 제325조 후단에 의하여 무죄를 선고한다."
        ]
    },
    "close": {
        "cnclsns": [
            "피고인 00을 징역 2년에, 피고인 00을 징역 1년에, 피고인 00를 징역 6월에, 피고인 00, 피고인 00을 각 징역 8월에, 피고인 00을 벌금 3,000,000원에 각 처한다.",
            "피고인 00이 위 벌금을 납입하지 아니하는 경우 50,000원을 1일로 환산한 기간 위 피고인을 노역장에 유치한다.",
            "다만, 피고인 00에 대하여는 3년간, 피고인 00, 피고인 00, 피고인 00에 대하여는 각 2년간, 피고인 00에 대하여는 1년간 위 각 형의 집행을 유예한다.",
            "피고인 00에 대하여 위 벌금에 상당한 금액의 가납을 명한다.",
            "피고인 00는 무죄이다."
        ]
    }
}