{
    "info": {
        "caseField": "2",
        "detailField": "6",
        "trailField": "1",
        "caseNm": "성폭력범죄의처벌등에관한특례법위반(13세미만미성년자위계등추행일부인정된죄명미성년자의제유사강간),성폭력범죄의처벌등에관한특례법위반(13세미만미성년자강제추행),아동복지법위반(아동에대한성희롱등),부착명령,치료명령,치료감호",
        "courtNm": "창원지방법원",
        "judmnAdjuDe": "2015. 12. 09.",
        "caseNo": "2015고합196",
        "relateLaword": [
            "성폭력범죄의 처벌 등에 관한 특례법 제7조",
            "형법 제305조",
            "형법 제297조",
            "형법 제298조",
            "형법 제37조",
            "형법 제38조",
            "형법 제50조",
            "아동,청소년의 성보호에 관한 법률 제21조",
            "아동,청소년의 성보호에 관한 법률 제49조",
            "아동,청소년의 성보호에 관한 법률 제50조",
            "형법 제48조",
            "치료감호법 제2조",
            "치료감호법 제12조",
            "성폭력범죄의 처벌 등에 관한 특례법 제42조",
            "성폭력범죄의 처벌 등에 관한 특례법 제43조",
            "특정범죄자에 대한 보호관찰 및 전자장치 부착 등에 관한 법률 제5조",
            "특정범죄자에 대한 보호관찰 및 전자장치 부착 등에 관한 법률 제9조",
            "성폭력범죄자의 성충동 약물치료에 관한 법률 제8조",
            "형사소송법 제325조"
        ],
        "qotatPrcdnt": [
            "대법원 2010. 12. 9. 선고 2010도7410, 2010전도44 판결",
            "대법원 2014. 2. 27. 선고 2013도12301 판결",
            "대법원 2009. 9. 24. 선고 2009도2576 판결",
            "대법원 1998. 1. 23. 선고 97도2506 판결",
            "대법원 2008. 7. 24. 선고 2008도4069 판결"
        ]
    },
    "concerned": {
        "acusr": "4",
        "dedat": "1"
    },
    "org": {
        "orgJdgmnCourtNm": "",
        "orgJdgmnAdjuDe": "",
        "orgJdgmnCaseNo": ""
    },
    "disposal": {
        "disposalform": "6",
        "disposalcontent": [
            "피고인을 징역 8년에 처한다.",
            "피고인에게 200시간의 성폭력 치료프로그램 이수를 명한다.",
            "압수된 0스마트폰 1개(증 제1호), 휴지 약 180m(증 제2호)를 각 몰수한다.",
            "피고인에 대한 공개정보를 10년간 정보통신망을 이용하여 공개하고, 고지정보를 같은 기간 고지한다.",
            "다만, 대상범죄는 판사 각 성폭력범죄의처벌등에관한특례법위반(13세미만 미성년자위계동추행)죄, 미성년자의 제유사강간죄, 성폭력범죄의처벌등에관한특례법 위반(13세 미만미성년자강제추행)죄에 한한다.",
            "피치료감호청구인을 치료감호에 처한다.",
            "이 사건 부착명령 청구 및 치료명령 청구를 기각한다."
        ]
    },
    "mentionedItems": {
        "rqestObjet": [
            "피고인을 징역 8년에 처한다.",
            "피고인에게 200시간의 성폭력 치료프로그램 이수를 명한다.",
            "압수된 0스마트폰 1개(증 제1호), 휴지 약 180m(증 제2호)를 각 몰수한다.",
            "피고인에 대한 공개정보를 10년간 정보통신망을 이용하여 공개하고, 고지정보를 같은 기간 고지한다.",
            "다만, 대상범죄는 판사 각 성폭력범죄의처벌등에관한특례법위반(13세미만 미성년자위계동추행)죄, 미성년자의 제유사강간죄, 성폭력범죄의처벌등에관한특례법 위반(13세 미만미성년자강제추행)죄에 한한다.",
            "피치료감호청구인을 치료감호에 처한다.",
            "이 사건 부착명령 청구 및 치료명령 청구를 기각한다."
        ]
    },
    "assrs": {
        "acusrAssrs": [],
        "dedatAssrs": []
    },
    "facts": {
        "bsisFacts": [
            "피고인 겸 피부착명령청구자, 치료명령피청구자, 피치료감호청구인(이하 '피고인'이라 한다)는 2015. 4.경 0000 D아파트 옆을 지나가던 중 우연히 피해자 E(여, 8세), F(여, 8세)가 그곳에서 놀고 있는 것을 발견하고, 피해자들에게 접근하여 함께 숨바꼭질을 하거나 과자를 주는 등으로 환심을 얻어 피고인에 대한 경계심을 풀게 하였다. ",
            "나이가 어려 성적인 행동의 의미를 제대로 이해하지 못하는 피해자들에게 음란 동영상을 보여주고 그것을 그대로 재연하도록 시키기로 마음먹었다.",
            "누구든지 아동에게 음란한 행위를 시키거나 이를 매개하는 행위 또는 아동에게 성적 수치심을 주는 성희롱 등의 성적 학대행위를 하여서는 아니 됨에도, 피고인은 아래와 같이 3회에 걸쳐 아동인 피해자 E에게 성적 수치심을 주는 성희롱 등의 성적 학대행위를 하였다.",
            "피고인은 2015. 4.경 D아파트 옆 주차장에서, 친구들로부터 놀림을 당하여 울고 있는 피해자에게 접근하여 피해자의 옆에 앉아 피해자를 달래주다가, 피고인의 휴대전화를 이용하여 여성이 남성의 성기를 입으로 빨고 있는 동영상을 보여준 다음, 피고인의 바지 지퍼를 내리고 성기를 꺼내어 보이며 피해자에게 성기를 만져달라고 요구하였다.",
            "피고인은 2015. 4.경 D아파트 인근에 있는 G 아파트 내 놀이터에서 놀고 있는 피해자를 발견하고, 피해자에게 다가가 피해자에게 집에 데려다 주겠다고 하면서 피해자와 함께 D아파트 6층 엘리베이터 앞에 도착한 다음, 피해자에게 \"H 빨아주는 사진 보여줄까?\"라고 말하며 자신의 휴대전화를 이용하여 가수 H의 얼굴이 합성된 여성과 남성의 성기가 찍힌 사진을 보여준 후 피고인의 성기를 꺼내 보이면서 피해자에게 성기를 만져 달라고 요구하였다.",
            "피고인은 2015. 5. 1. 17:00경 0000 I 아파트 놀이터에서 피해자가 위 F와 놀고 있는 것을 발견하고, 피해자 및 F와 함께 숨바꼭질을 하다가 F가 술래가 되자 피해자에게 함께 숨자고 하면서 피해자를 위 I 아파트 2층 엘리베이터 근처로 데려간 다음, 피고인의 바지 지퍼를 내리고 성기를 꺼내 보이며 피해자에게 \"여기 좀 빨아줘, 아니면 좀 만져주든지, 그러면 천원 줄게.\"라고 말하면서 성기를 만져 달라고 요구하였다.",
            "피고인은 위와 같이 수차례 피해자 E에게 접근하여 자신의 성기를 만져달라고 하였음에도 피해자가 이에 응하지 아니하였음에도, 계속하여 피해자로 하여금 자신의 성기를 만지는 등의 행위를 하도록 요구하기로 마음먹었다.",
            "피고인은 2015. 5.경 D아파트 부근에서 피해자가 위 F와 놀고 있는 것을 발견하고, 피해자 및 F와 함께 숨바꼭질을 하다가 F가 술래가 되자 피해자에게 함께 숨자고 하면서 피해자를 D아파트 옥상으로 데려가 피해자와 단둘이 있게 된 후, 피고인의 바지 지퍼를 내리고 성기를 꺼내 보이며 피해자에게 \"여기 만져줘.\"라고 말하였다. ",
            "이에 피해자가 피고인의 성기를 손으로 잡자, 피고인은 피해자에게 성기를 앞뒤로 흔들어 달라고 요구하였고, 피해자가 제대로 피고인의 성기를 잡고 흔들지 못하자 피고인 스스로 성기를 잡고 흔들어 자위행위를 하다가 발기가 되었으며, 피해자에게 피고인의 성기를 빨아달라고 요구하였고, 피해자가 머뭇거리다가 피고인의 성기에 입을 대자 양손으로 피해자의 머리를 붙잡고 앞뒤로 흔든 후 피해자의 입에 사정을 하였다. ",
            "이와 같이 피고인은 위력으로써 13세 미만인 피해자에게 유사성행위를 하였다.",
            "피고인은 2015. 5. 내지 6.경 0000 G 아파트 109동 옆 분리수거장 내에서 피해자가 친구들과 함께 숨바꼭질을 하면서 그곳 종이박스 뒤에 혼자 숨어 있는 것을 발견하고, 다른 사람의 눈에 잘 띄지 않는 장소에 피해자와 둘만 있게 된 것을 이용하여 또 다시 피해자를 상대로 추행을 하기로 마음먹었다.",
            "피고인은 같은 일시,장소에서 피해자에게 다가가 피해자를 마주보고 쪼그려 앉은 상태에서 피고인의 바지 지퍼를 내리고 피고인의 성기를 꺼내 보이면서, 피해자에게 \"여기 만져줘.\"라고 말하였고, 피고인의 요구를 거부하기 어려웠던 피해자는 피고인의 성기를 만졌다. ",
            "이와 같이 피고인은 위력으로써 13세 미만인 피해자를 추행하였다.",
            "피고인은 2015. 5. 내지 6.경 I 놀이터에서 혼자 놀고 있던 피해자를 발견하고 또 다시 피해자를 상대로 추행을 하기로 마음먹고, 피해자를 D아파트 1층 야외화장실 쪽으로 데려갔다. ",
            "이어서 피고인은 피고인의 바지 지퍼를 내리고 피고인의 성기를 꺼내 보이며 피해자에게 \"여기 만져줘\"라고 말하였고, 피고인의 요구를 거부하기 어려웠던 피해자가 피고인의 성기를 잡자, 피고인의 성기를 잡은 피해자의 손을 움켜잡고 앞뒤로 흔들어 사정을 하였다. ",
            "이와 같이 피고인은 위력으로써 13세 미만인 피해자를 추행하였다.",
            "피고인은 2015. 5. 내지 6.경 D아파트 근처에서 혼자 놀고 있는 피해자 F를 발견하고 피해자에게 다가가 피해자를 D아파트 1층 야외화장실 쪽으로 데려간 다음, 피고인의 스마트폰에 저장되어 있는 성인 여성과 여자 아동이 남성의 성기를 번갈아 가면서 빨아주는 음란 동영상을 보여주었다.",
            "\"이 여자 아이의 이름이 J이고 K아파트에 산다. 니친구 E도 해봤다. 친구 E가 올 때까지 함께 있어 줄 테니까 동영상에 나오는 것처럼 입으로 성기를 빨아 달라\"라고 말하면서 마치 피해자와 같은 또래의 다른 친구들도 동영상에 나오는 것과 같은 행동을 하였기 때문에 피해자도 그런 행동을 해도 괜찮다는 식으로 말하였다 ",
            "피해자 E가 그곳으로 오게 되자 피해자 E가 있는 자리에서 피해자 F에게 성기를 빨아달라고 하여 피해자 F가 피고인의 성기를 손으로 만지고 입으로 빨았다.",
            "이와 같이 피고인은 13세 미만인 피해자 F를 위계로써 추행하였다."
        ]
    },
    "dcss": {
        "courtDcss": [
            "피고인이 아동만을 대상으로 삼아 수개월 내에 반복적으로 성범죄를 저질렀고, 아동 포르노 영상을 휴대폰에 저장시켜 놓고 피해 아동에게 보여주기도 하는 등 아동을 성적 대상으로 선호하여 왔음이 객관적으로 확인된다.",
            "피고인은 정신감정을 위하여 유치된 공주치료감호소에서 아동을 통한 성적 욕구 충족 성향이 확인되어 성적 선호장애에 따른 성도착증 환자로 진단되었고, 이러한 진단 결과에 의하면 피고인의 재범을 방지하기 위해서는 인지행동치료 등 정신과적 치료가 즉각 필요해 보인다.",
            "피고인이나 그 가족들은 피고인이 가진 정신병의 위험성과 심각성을 충분히 인식하지 못하고 있는 것으로 보이는 점, 그 밖에 피고인의 수사기관 및 법정에서의 태도, 가족관계, 생활환경, 사회적 유대관계 등을 종합하여 보면, 피고인은 치료감호시설에서 치료를 받을 필요가 있고 재범의 위험성도 있다고 판단된다.",
            "피고인이 범행을 대체로 인정하고 잘못을 뉘우치는 모습을 보이고 있는 점, 피고인이 범죄전력이 전혀 없는 초범인 점 등은 피고인에게 유리한 정상이다.",
            "그러나 다음과 같이 피고인에게 불리한 정상을 감안할 때, 피고인에 대한 상당 기간의 징역형 실형 선고가 불가피하다.",
            "성인인 피고인이 성적인 행위의 의미를 잘 알지 못하는 13세 미만의 아동을 대상으로 하여 반복적으로 성범죄를 저질렀다는 점에서 그 죄책이 매우 무겁고, 도덕적인 비난 가능성 역시 매우 크다.",
            "피고인은 자신의 성적 욕구를 충족시키기 위해 자신을 잘 따르는 아동을 골라 유사성행위 내지 추행 시도를 수차례 반복할 정도로 집착적인 모습을 보이기도 했다.",
            "이 사건 범행으로 인하여 어린 나이의 피해자들이 받았을 정신적 충격이 적지 않아 보일 뿐만 아니라, 피해자들이 향후 정신적·육체적으로 성장해가면서 이 사건 범행의 의미를 깨닫게 되었을 때 받게 될 성적 수치심과 정신적 고통은 현재 시점에서는 짐작조차 하기 어려울 정도로 클 것임이 명백하다.",
            "피해자들의 피해가 회복되었다고 볼만한 정황이 없고, 이 법원의 판결 선고시까지도 피해자들과 그 부모의 처벌의사가 유지되고 있다(이 사건 범행의 피해자들이 어린 아동이라는 점에서, 설령 피고인에 대한 피해자 부모의 처벌불원의사가 있다고 하더라도, 이를 피고인에게 유리한 정상으로 적극적으로 평가하기는 어렵다).",
            "그 밖에 피고인의 나이, 성행, 가정환경, 이 사건 범행에 이르게 된 동기와 경위, 범행 전후의 정황 등 이 사건 변론에 나타난 여러 양형요소와 앞서 본 양형기준에 따른 권고 형량 범위 등을 참작하여 주문과 같이 형을 정한다. ",
            "피고인은 19세 미만의 사람에게 성폭력범죄를 범하였고, 성폭력범죄를 다시 범할 위험성이 있다. ",
            "따라서 피고인에 대한 위치추적 전자장치의 부착이 필요하다.",
            "피고인은 판시 범죄사실 기재와 같이 성폭력범죄를 저지른 성도착증 환자로서 성폭력 범죄를 다시 범할 위험성이 있다.",
            "기록에 의하여 인정되는 다음과 같은 사정 등을 종합하여 보면, 피고인에 대한 형 집행 종료 후 전자장치 부착을 통한 보호관찰소의 감시·감독 하에서도 피고인이 성폭력 범죄를 다시 저지를 가능성이 있다는 추상적인 재범의 가능성에서 더 나아가, 치료명령의 요건인 성폭력범죄를 다시 저지를 상당한 개연성 및 이를 전제로 하는 치료명령의 필요성 내지 적합성까지 인정된다고 단정하기 어렵다.",
            "이 법원은 이 사건 범행에 관하여 피고인에게 징역 8년의 징역형을 선고하고, 피고인에 관한 정보를 10년간 공개·고지할 것과 더불어 치료감호를 명하였다. ",
            "이와 같은 형벌과 처분은 피고인의 재범 방지와 사회복귀 촉진, 성행의 교정에 상당한 효과가 있을 것으로 기대되고, 피고인이 징역형의 집행을 마친 뒤에도 피고인에게 약물치료가 필요할 만큼 재범의 위험성이 있다고 단정하기 어렵다.",
            "피고인은 이 사건 범행을 대체로 인정하면서 잘못을 뉘우치고 있고, 재범을 하지 않겠다는 적극적인 의사를 피력하고 있다.",
            "피고인에 대한 정신치료가 필요한 것으로 보이기는 하나, 피고인에 대한 정신감정서에 의하면 피고인에게 성충동약물치료가 필요할 정도의 심각한 정신장애가 있는 것으로는 보이지 않는다.",
            "이 법원이 적법하게 채택·조사한 증거에 의하면, 주위적 공소사실 기재 추행이 있었을 당시 피고인이 28세의 성인, 피해자 E가 8세의 아동이었던 사실, 위 추행이 있기 이전부터 피고인이 여러 차례 피해자 E을 추행하였거나 피해자에게 추행을 시도한 사실이 인정된다.",
            "기록에 의하여 인정되는 다음과 같은 사정 등에 비추어 볼 때, 검사가 제출한 증거만으로는 피고인이 주위적 공소사실 기재와 같이 피해자 E를 추행하였을 당시 위력을 이용하였음을 인정하기에 부족하다.",
            "피고인이 피해자를 추행하였거나 피해자에게 추행을 시도하였을 때마다 피고인과 피해자는 둘만 있는 상태였고, 이러한 상황으로 인하여 피해자는 피고인의 요구를 거절하기 어려웠다. ",
            "반면, 이 부분 추행이 있었을 당시에는 피해자의 친구인 F가 피해자와 함께 있었다.",
            "피고인이 피해자를 상대로 여러 차례 추행을 시도하였기는 하나, 피해자의 진술에 의하더라도 이로 인하여 피해자가 이 부분 추행 당시 압박감을 느꼈다고 보이지 않는다. ",
            "오히려 피해자는 F가 잘한다는 피고인의 말에 질투심을 느껴 피고인의 요구를 따랐다는 취지의 진술을 하였다.",
            "평소 피고인이 피해자에게 휴대전화로 게임을 하게 해주고 과자를 사주는 등으로 피해자의 호감을 사는 경우가 많았고, 이 부분 추행 당시에도 피해자를 위압할만한 행동이나 말을 하였던 것으로 보이지 않는다."
        ]
    },
    "close": {
        "cnclsns": [
            "그렇다면 주위적 공소사실은 범죄의 증명이 없는 경우에 해당하므로 형사소송법 제325조 후단에 따라 피고인에게 무죄를 선고하여야 하나, 예비적 공소사실인 판시 미성년자의제유사강간죄를 유죄로 인정한 이상, 주문에서 따로 무죄를 선고하지 아니한다."
        ]
    }
}