{
    "info": {
        "caseField": "2",
        "detailField": "6",
        "trailField": "1",
        "caseNm": "업무방해, 공무집행방해",
        "courtNm": "울산지방법원",
        "judmnAdjuDe": "2013. 08. 08.",
        "caseNo": "2013고단1736",
        "relateLaword": [
            "형법 제314조",
            "형법 제136조",
            "형법 제37조",
            "형법 제38조",
            "형법 제50조",
            "형법 제57조",
            "형법 제62조",
            "형법 제62조의2"
        ],
        "qotatPrcdnt": []
    },
    "concerned": {
        "acusr": "4",
        "dedat": "1"
    },
    "org": {
        "orgJdgmnCourtNm": "",
        "orgJdgmnAdjuDe": "",
        "orgJdgmnCaseNo": ""
    },
    "disposal": {
        "disposalform": "8",
        "disposalcontent": [
            "피고인을 징역 6월에 처한다.",
            "다만, 이 판결 확정일로부터 2년간 위 형의 집행을 유예한다.",
            "피고인에 대하여 보호관찰 및 80시간의 사회봉사를 명한다."
        ]
    },
    "mentionedItems": {
        "rqestObjet": [
            "피고인을 징역 6월에 처한다.",
            "피고인에 대하여 보호관찰 및 80시간의 사회봉사를 명한다."
        ]
    },
    "assrs": {
        "acusrAssrs": [],
        "dedatAssrs": [
            "성직자의 꿈을 가지고 있다."
        ]
    },
    "facts": {
        "bsisFacts": [
            "피고인은 2013.4.17.20:20경 0000에 있는 피해자 B 운영의 '000슈퍼'에서 라이터를 구입하려던 중 생각보다 라이터 값이 비싸자 피해자에게 \"이 씹할 새끼야, 라이터가 왜 이렇게 비싸냐, 장사 좇같이 하네\" 라고 큰 소리로 욕을 하고, 냉장고에 있는 음료수를 임의로 꺼내 마시고 피해자를 때릴 듯이 위협하는 등 약 20분간 소란을 피워 위 슈퍼에 들어오려던 손님들이 들어오지 못하게 함으로써 위력으로 피해자의 슈퍼영업 업무를 방해하였다.",
            "피고인은 업무방해 혐의로 현행범 체포되어 0000에 있는 울산중부경찰서 통합유치장에 유치되었다.",
            "피고인은 2013.4.18.02:00경 위 유치장 2번방에서 유치실 창살을 흔들며 근무 중이던 유치인보호관들을 향해 이 '씹할 놈들아'라고 큰 소리로 욕을 하고, 울산중부경찰서 유치관리계 소속 순경 C이 이를 제지하기 위해 다가가자 주먹으로 C의 얼굴을 때려 경찰관의 유치인보호에 관한 정당한 직무집행을 방해하였다."
        ]
    },
    "dcss": {
        "courtDcss": [
            "이 사건 업무방해 및 공무집행방해의 경위와 내용에 비추어 정상이 가볍지 아니하나, 업무방해 부분은 피해자들과 합의하였고 공무집행방해 부분은 피해자가 선처를 탄원하고 있으므로 징역형의 집행을 유예한다.",
            "다만 피고인이 성직자의 꿈을 가지고 있다고 주장하고 있음에도 충동조절장애로 공무집행방해의 형사처벌 전과가 3회(벌금 2회, 집행유예 1회)에 이르고 있어 재범의 위험성이 크다고 인정되므로 유예기간에 상응하는 보호관찰 및 사회봉사명령을 덧붙이기로 한다."
        ]
    },
    "close": {
        "cnclsns": [
            "피고인을 징역 6월에 처한다.",
            "다만, 이 판결 확정일로부터 2년간 위 형의 집행을 유예한다.",
            "피고인에 대하여 보호관찰 및 80시간의 사회봉사를 명한다."
        ]
    }
}