{
    "info": {
        "caseField": "2",
        "detailField": "6",
        "trailField": "1",
        "caseNm": "과실폭발성물건파열(주1), 업무상과실치상(인정된죄명:과실치상), 액화석유가스의안전관리및사업법위반",
        "courtNm": "춘천지법 영월지원",
        "judmnAdjuDe": "2018. 02. 01.",
        "caseNo": "2017고합17",
        "relateLaword": [
            "액화석유가스의 안전관리 및 사업법 제30조",
            "형법 제172조",
            "형법 제173조",
            "형법 제266조",
            "액화석유가스의 안전관리 및 사업법 제44조",
            "액화석유가스의 안전관리 및 사업법 제68조",
            "액화석유가스의 안전관리 및 사업법 제72조",
            "액화석유가스의 안전관리 및 사업법 시행규칙 제2조",
            "액화석유가스의 안전관리 및 사업법 시행규칙 제4조",
            "액화석유가스의 안전관리 및 사업법 시행규칙 제42조",
            "액화석유가스의 안전관리 및 사업법 시행규칙 제69조"
        ],
        "qotatPrcdnt": []
    },
    "concerned": {
        "acusr": "4",
        "dedat": "1"
    },
    "org": {
        "orgJdgmnCourtNm": "",
        "orgJdgmnAdjuDe": "",
        "orgJdgmnCaseNo": ""
    },
    "disposal": {
        "disposalform": "9",
        "disposalcontent": [
            "피고인 1을 금고 6월에, 피고인 2를 벌금 3,000,000원에 각 처한다.",
            "피고인 2가 위 벌금을 납입하지 아니하는 경우 100,000원을 1일로 환산한 기간 위 피고인을 노역장에 유치한다.",
            "다만 피고인 1에 대하여는 이 판결 확정일로부터 2년간 위 형의 집행을 유예한다.",
            "피고인 2에게 위 벌금에 상당한 금액의 가납을 명한다."
        ]
    },
    "mentionedItems": {
        "rqestObjet": [
            "피고인 1을 금고 6월에, 피고인 2를 벌금 3,000,000원에 각 처한다."
        ]
    },
    "assrs": {
        "acusrAssrs": [],
        "dedatAssrs": []
    },
    "facts": {
        "bsisFacts": [
            "오피스텔의 소유자이자 임대인인 피고인 甲은 임차인 乙이 방 실내에 설치된 가스레인지를 사용하지 않는다는 이유로 문 앞에 내놓자 이를 갖고 가 창고에 넣어두었을 뿐 가스레인지 철거로 노출된 가스배관에 정상적인 마감조치를 취하지 아니하였다.",
            "오피스텔에 액화석유가스를 공급하는 丙 주식회사의 안전점검 직원인 피고인 丁은 가스레인지 등에 대한 안전점검을 실시하지 아니함으로써 방실 내부에 유입된 폭발성 있는 물건인 액화석유가스를 파열시켜 乙에게 상해를 입게 함과 동시에 주변의 차량 및 건물을 파손하였다고 하여 과실폭발성물건파열 및 과실치상, 액화석유가스의 안전관리 및 사업법 위반으로 기소된 사안이다."
        ]
    },
    "dcss": {
        "courtDcss": [
            "오피스텔 및 내부 시설(가스레인지 등)의 소유자인 피고인 甲은 액화석유가스 사용자로서 법령이 정한 시설기준과 기술기준에 맞도록 액화석유가스의 사용시설과 가스용품을 갖추고 사고방지와 안전 확보 등을 위하여 사용시설의 정상작동이 가능하도록 필요설비 및 장치를 설치하고 적절한 조치를 할 의무가 있다.",
            "그와 함께 오피스텔의 임대인으로서 오피스텔 및 내부에 구비된 시설을 사용목적에 따라 안전하게 사용할 수 있는 상태로 임차인에게 인도할 의무가 있음에도, 오피스텔을 임차인 乙에게 인도할 당시 가스레인지와 가스호스가 제대로 연결되어 있는지 등을 충분히 확인하지 않은 채 가스레인지와 분리된 가스호스의 마감처리를 제대로 하지 않은 과실이 있다.",
            "乙이 오피스텔을 임차·점유한 이후에는 방실 내부에 있는 가스레인지와 가스호스 등 가스사용시설에 대한 관리책임을 부담하게 된다고 하더라도, 가스레인지와 가스호스의 분리 및 분리된 가스호스의 마감처리 불이행이 가스누출의 직접적 원인 중 하나여서 피고인 甲에게 위와 같은 과실이 인정되지 않는다거나 피고인 甲의 과실과 폭발사고 사이에 상당인과관계가 부정된다고 볼 수 없다.",
            "한편 丙 회사의 사용인인 피고인 丁은 丙 회사의 업무에 관하여 액화석유가스의 안전관리 및 사업법 제30조 제1항을 위반하여 안전점검을 하지 않은 것이라는 이유로, 피고인 甲, 丁에 대한 공소사실을 모두 유죄이다."
        ]
    },
    "close": {
        "cnclsns": [
            "과실폭발성물건파열",
            "피고인 00을 금고 6월에, 피고인 00을 벌금 3,000,000원에 각 처한다 .",
            "피고인 00가 위 벌금을 납입하지 아니하는 경우 100,000원을 1일로 환산한 기간 위 피고인을 노역장에 유치한다.",
            "다만 피고인 00에 대하여는 이 판결 확정일로부터 2년간 위 형의 집행을 유예한다 .",
            "피고인 00에게 위 벌금에 상당한 금액의 가납을 명한다."
        ]
    }
}