{
    "info": {
        "caseField": "2",
        "detailField": "6",
        "trailField": "1",
        "caseNm": "상해",
        "courtNm": "제주지방법원",
        "judmnAdjuDe": "2014. 01. 28.",
        "caseNo": "2013고정1033",
        "relateLaword": [
            "형법 제257조",
            "형법 제70조",
            "형법 제69조",
            "형사소송법 제334조"
        ],
        "qotatPrcdnt": []
    },
    "concerned": {
        "acusr": "4",
        "dedat": "1"
    },
    "org": {
        "orgJdgmnCourtNm": "",
        "orgJdgmnAdjuDe": "",
        "orgJdgmnCaseNo": ""
    },
    "disposal": {
        "disposalform": "9",
        "disposalcontent": [
            "피고인을 벌금 300,000원에 처한다.",
            "피고인이 위 벌금을 납입하지 아니한느 경우 50,000원을 1일로 환산한 기간 피고인을 노역장에 유치한다.",
            "피고인에게 위 벌금 상당액의 가납을 명한다."
        ]
    },
    "mentionedItems": {
        "rqestObjet": [
            "피고인을 벌금 300,000원에 처한다.",
            "피고인이 위 벌금을 납입하지 아니한느 경우 50,000원을 1일로 환산한 기간 피고인을 노역장에 유치한다."
        ]
    },
    "assrs": {
        "acusrAssrs": [],
        "dedatAssrs": []
    },
    "facts": {
        "bsisFacts": [
            "피고인과 피해자 C(54세)은 2011. 11.경 혼인신고를 한 법률상 부부인바, 피고인은 2013. 7. 15. 09:00경 0000에 있는 제주지방법원 후문 부근에 정차한 피고인의 D 0 승용차 안에서, 피해자가 피고인과 협의이혼하기로 하면서 약정한 내용을 지키지 않는다는 이유로 법원에 들어가지 않고 시동을 켜 다른 곳으로 가려고 하였다.",
            "이에 피해자가 차량 열쇠를 빼앗으며 피고인을 가지 못하게 하자, 피해자와 몸싸움을 하던 중 열쇠로 피해자의 오른팔 부위를 1회 긁어 피해자에게 2주간의 치료를 요하는 아래팔 표재성 손상 등의 상해를 가하였다."
        ]
    },
    "dcss": {
        "courtDcss": [
            "범행사실 대체로 인정하고 반성하는 점, 피해자가 입은 상해가 경미한 점, 범행경위에 일부 참작할 만한 사정이 있는 점은 유리한 정상이며, 피해자와의 관계 및 피고인의 직업, 경제적 여건, 기존 전과관계 등 이상의 이유를 고려하여 형을 정한다."
        ]
    },
    "close": {
        "cnclsns": [
            "형법 제257조 제1항, 벌금형 선택함에 따라 피고인을 벌금 300,000원에 처한다.",
            "피고인이 위 벌금을 납입하지 아니하는 경우 50,000원을 1일로 환산한 기간 피고인을 노역장에 유치한다.",
            "피고인에게 위 벌금 상당액의 가납을 명한다."
        ]
    }
}