{
    "info": {
        "caseField": "2",
        "detailField": "6",
        "trailField": "1",
        "caseNm": "강제추행",
        "courtNm": "울산지방법원",
        "judmnAdjuDe": "2013. 08. 08.",
        "caseNo": "2013고단1761",
        "relateLaword": [
            "형법 제298조",
            "형법 제70조",
            "형법 제69조",
            "형사소송법 제334조"
        ],
        "qotatPrcdnt": []
    },
    "concerned": {
        "acusr": "4",
        "dedat": "1"
    },
    "org": {
        "orgJdgmnCourtNm": "",
        "orgJdgmnAdjuDe": "",
        "orgJdgmnCaseNo": ""
    },
    "disposal": {
        "disposalform": "9",
        "disposalcontent": [
            "피고인을 벌금 5,000,000원에 처한다.",
            "피고인이 위 벌금을 납입하지 아니하는 경우 50,000원을 1일로 환산한 기간 위 피고인을 노역장에 유치한다.",
            "위 벌금에 상당한 금액의 가납을 명한다."
        ]
    },
    "mentionedItems": {
        "rqestObjet": [
            "피고인을 벌금 5,000,000원에 처한다.",
            "피고인이 위 벌금을 납입하지 아니하는 경우 50,000원을 1일로 환산한 기간 위 피고인을 노역장에 유치한다."
        ]
    },
    "assrs": {
        "acusrAssrs": [],
        "dedatAssrs": []
    },
    "facts": {
        "bsisFacts": [
            "피고인은 2012.7.19.01:00경 0000에 있는 B노래방에 회식을 하러 갔다가 같은 학교에 근무하는 동료교사인 피해자 C(여, 31세)가 노래를 부르고 있을 때 한 손으로 피해자의 상의를 걷어 올리고 다른 손으로 피해자의 좌측 가슴을 3회 내지 4회 주물러 추행하였다."
        ]
    },
    "dcss": {
        "courtDcss": [
            "교사로서의 품위에 어울리지 않는 행동으로 피해자에게 상당한 정신적 고통을 주는 등 죄질은 좋지 아니하다.",
            "그러나 이 사건 범행 이후 피해자에게 나름대로 사과를 하고 1,000만 원을 공탁하였고, 이 사건으로 징계와 전보조치가 이루어진 이상 징역형 이상의 선고로 교사로서의 자격까지 상실시키는 것은 가혹한 측면이 있으며, 이 사건 이전에는 범죄전력이 전혀 없는 초범인 점 등을 고려하여 상당한 금액의 벌금형에 처하기로 한다."
        ]
    },
    "close": {
        "cnclsns": [
            "피고인을 벌금 5,000,000원에 처한다.",
            "피고인이 위 벌금을 납입하지 아니하는 경우 50,000원을 1일로 환산한 기간 위 피고인을 노역장에 유치한다.",
            "위 벌금에 상당한 금액의 가납을 명한다."
        ]
    }
}