{
    "info": {
        "caseField": "2",
        "detailField": "6",
        "trailField": "1",
        "caseNm": "사기,변호사법위반",
        "courtNm": "서울중앙지방법원",
        "judmnAdjuDe": "2018. 10. 18.",
        "caseNo": "2018고합785",
        "relateLaword": [
            "형법 제347조",
            "변호사법 제111조",
            "형법 제40조",
            "형법 제50조",
            "형법 제35조",
            "형법 제37조",
            "형법 제38조",
            "변호사법 제116조",
            "형사소송법 제334조"
        ],
        "qotatPrcdnt": []
    },
    "concerned": {
        "acusr": "4",
        "dedat": "1"
    },
    "org": {
        "orgJdgmnCourtNm": "",
        "orgJdgmnAdjuDe": "",
        "orgJdgmnCaseNo": ""
    },
    "disposal": {
        "disposalform": "6",
        "disposalcontent": [
            "피고인을 징역 3년에 처한다."
        ]
    },
    "mentionedItems": {
        "rqestObjet": [
            "피고인을 징역 3년에 처한다.",
            "피고인으로부터 1억1,800만원을 추징한다.",
            "위 추징금에 상당한 금액의 가납을 명한다."
        ]
    },
    "assrs": {
        "acusrAssrs": [],
        "dedatAssrs": []
    },
    "facts": {
        "bsisFacts": [
            "피고인은 2016. 11. 4. 서울중앙지방법원에서 사기죄로 징역 6개월을 선고받아 2017. 1. 11. 그 형의 집행을 종료하였다.",
            "피고인은 2016. 1. 7.경 0000 R에 있는 피고인이 운영하는 주식회사 L(이하 'L'라 한다) 사무실에서 피해자 AB2)에게 \"나는 무허가 건물 양성화 전문가이다. 0000 AC 및 AD에 있는 무허가 건물에 대해 알고 지내는 성북구청 공무원에게 부탁해서 건축허가를 받을 수 있도록 해 주겠다. 교제비 등을 지원해 달라\"는 취지로 거짓말하였다.",
            "그러나 사실 피고인은 성북구청 건축허가 담당 공무원을 알지 못할 뿐만 아니라 피해자로부터 금원을 받더라도 개인적인 용도로 사용할 생각이었고 피해자에게 건축허가를 받게 해 줄 의사나 능력이 없었다.",
            "피고인은 이와 같이 피해자를 기망하여 이에 속은 피해자로부터 2016. 1. 7.경 피고인이 운영하는 L 명의의 M은행 예금계좌(계좌번호 N)로 1,000만 원을 송금받은 것을 비롯하여 별지 범죄일람표 기재와 같이 그때부터 2017. 4. 21.까지 12회에 걸쳐 총 1억 1,800만 원을 송금받았다.",
            "이로써 피고인은 피해자를 기망하여 재물을 교부받음과 동시에 공무원이 취급하는 사건 또는 사무에 관하여 청탁 또는 알선한다는 명목으로 금품을 교부받았다.",
            "피고인은 2017. 5. 23. 0000 R 오피스텔 사무실에서 피해자에게 \"고액의 액면금이 기재된 외환어음 등을 제시하면서 외환어음을 환전한 수익금으로 그동안 가져간 돈도 갚고 5억 원을 줄 테니 환전 수수료를 빌려달라\"고 하였다.",
            "그러나 사실 피고인이 피해자에게 보여준 외국환어음 등은 위조된 것이거나 한국에서는 환전이 되지 않는 것이어서 피해자로부터 금원을 받더라도 5억 원을 주거나 그동안 송금된 돈을 반환해 줄 의사나 능력이 없었다.",
            "피고인은 이와 같이 피해자를 기망하여 이에 속은 피해자로부터 2017. 5. 23. 1,000만 원, 2017. 5. 31. 2,000만 원, 2017. 6. 9. 1,500만 원 등 3회에 걸쳐 총 4,500만 원을 피고인 명의의 D은행 예금계좌(계좌번호 E)로 송금받았다. 이로써 피고인은 피해자를 기망하여 재물을 교부받았다."
        ]
    },
    "dcss": {
        "courtDcss": [
            "각 형법 제347조 제1항(사기의 점, 포괄하여), 변호사법 제111조 제1항(청탁 명목 금품수수의 점, 포괄하여)",
            "형법 제40조, 제50조(판시 제1항 사기죄와 변호사법위반죄 상호간, 형이 더 무거운 사기죄에 정한 형으로 처벌)",
            "형법 제37조 전단, 제38조 제1항 제2호, 제50조(범정이 더 무거운 판시 제1항 사기죄에 정한 형에 경합범가중)",
            "징역 3년 아래 각 정상을 참작하고, 그 밖에 피고인의 나이, 성행, 성장 과정, 환경, 범행의 동기, 수단 및 결과, 범행 후의 정황 등 이 사건 변론에 나타난 여러 양형 요소와 양형기준상의 권고형의 범위를 종합하여 주문과 같이 형을 정한다.",
            "징역 3년 아래 각 정상을 참작하고, 그 밖에 피고인의 나이, 성행, 성장 과정, 환경, 범행의 동기, 수단 및 결과, 범행 후의 정황 등 이 사건 변론에 나타난 여러 양형 요소와 양형기준상의 권고형의 범위를 종합하여 주문과 같이 형을 정한다.",
            "이 사건 범행은 피고인이 피해자로부터 1억 6,300만 원이 넘는 거액을 편취한 사안으로, 그 중 특히 1억 1,800만 원은 공무원에 대한 청탁 명목으로 금원을 수수하여 그 범행수법 및 태양에 비추어 볼 때 죄질이 매우 불량하다. ",
            "피고인은 사기죄 동종전과가 8회에 이르며, 동종전과로 인한 누범기간 중에 이 사건 범행을 저질렀다. ",
            "피해가 회복되지 아니하였고, 피해자 역시 피고인에 대한 처벌을 원하고 있다.",
            "피고인이 공소사실을 인정하고 반성하는 태도를 보이고 있다. "
        ]
    },
    "close": {
        "cnclsns": [
            "피고인을 징역 3년에 처한다.",
            "피고인으로부터 1억 1,800만 원을 추징한다. 위 추징금에 상당한 금액의 가납을 명한다. "
        ]
    }
}