{
    "info": {
        "caseField": "2",
        "detailField": "6",
        "trailField": "1",
        "caseNm": "상해",
        "courtNm": "서울동부지방법원",
        "judmnAdjuDe": "2014. 01. 28.",
        "caseNo": "2013고정2865",
        "relateLaword": [
            "형법 제257조",
            "형법 제70조",
            "형법 제69조",
            "형사소송법 제334조"
        ],
        "qotatPrcdnt": []
    },
    "concerned": {
        "acusr": "4",
        "dedat": "1"
    },
    "org": {
        "orgJdgmnCourtNm": "",
        "orgJdgmnAdjuDe": "",
        "orgJdgmnCaseNo": ""
    },
    "disposal": {
        "disposalform": "9",
        "disposalcontent": [
            "피고인을 벌금 1,000,000원에 처한다.",
            "피고인이 위 벌금을 납입하지 아니하는 경우 금 50,000원을 1일로 환산한 기간 피고인을 노역장에 유치한다.",
            "위 벌금에 상당한 금액의 가납을 명한다."
        ]
    },
    "mentionedItems": {
        "rqestObjet": [
            "피고인을 벌금 1,000,000원에 처한다.",
            "피고인이 위 벌금을 납입하지 아니하는 경우 금 50,000원을 1일로 환산한 기간 피고인을 노역장에 유치한다."
        ]
    },
    "assrs": {
        "acusrAssrs": [],
        "dedatAssrs": []
    },
    "facts": {
        "bsisFacts": [
            "피고인은 2013. 10. 22. 21:45경 0000 C 앞 노상에서 피해자 D(남,36세)에게 이동주차를 요구하는 과정에서 피해자와 시비가 되었다.",
            "화가 난 피고인은 주먹으로 피해자의 얼굴을 때렸다.",
            "이에 피해자가 뒤로 피하면서 도로의 턱에 걸려 넘어지자 피고인은 손으로 넘어진 피해자의 목을 조르고, 주먹과 발로 피해자의 몸을 수회 때렸다.",
            "이로써 피고인은 피해자에게 2주간의 치료가 필요한 '경부 압박 좌상' 등의 상해를 가하였다."
        ]
    },
    "dcss": {
        "courtDcss": []
    },
    "close": {
        "cnclsns": [
            "피고인을 벌금 1,000,000원에 처한다. ",
            "피고인이 위 벌금을 납입하지 아니하는 경우 50,000원을 1일로 환산한 기간 피고인을 노역장에 유치한다. ",
            "위 벌금에 상당한 금액의 가납을 명한다. "
        ]
    }
}