{
    "info": {
        "caseField": "2",
        "detailField": "6",
        "trailField": "1",
        "caseNm": "공무집행방해",
        "courtNm": "울산지방법원",
        "judmnAdjuDe": "2021. 08. 26.",
        "caseNo": "2021고단1821",
        "relateLaword": [
            "형법 제136조",
            "형법 제70조",
            "형법 제69조",
            "형사소송법 제334조"
        ],
        "qotatPrcdnt": []
    },
    "concerned": {
        "acusr": "4",
        "dedat": "1"
    },
    "org": {
        "orgJdgmnCourtNm": "",
        "orgJdgmnAdjuDe": "",
        "orgJdgmnCaseNo": ""
    },
    "disposal": {
        "disposalform": "9",
        "disposalcontent": [
            "피고인을 벌금 300만 원에 처한다.",
            "피고인이 위 벌금을 납입하지 아니하는 경우 10만 원을 1일로 환산한 기간 피고인을 노역장에 유치한다.",
            "위 벌금에 상당한 금액의 가납을 명한다."
        ]
    },
    "mentionedItems": {
        "rqestObjet": [
            "피고인은 경찰관의 112 신고 처리에 관한 정당한 공무집행을 방해하였다."
        ]
    },
    "assrs": {
        "acusrAssrs": [],
        "dedatAssrs": []
    },
    "facts": {
        "bsisFacts": [
            "피고인은 2021.5.8.18:55경 0000 에 있는 'C' 식당에서 '피고인이 술에 취해 다른 테이블에서 식사 중인 손님들을 방해하고 있다' 는 112신고를 받고 출동한 D지 구대 소속 경찰관 경사 E이 피고인에게 인적사항 등을 확인하려고 하자, \"씨발\", \"공무원 느그들은 우리한테 함부로 하면 안돼\" 라고 하면서 경찰관의 가슴을 2회 치고, 오른쪽 발로 1회 차고 주먹으로 가슴 부위 1회 때려 폭행하였다.",
            "이로써 피고인은 경찰관의 112 신고 처리에 관한 정당한 공무집행을 방해하였다."
        ]
    },
    "dcss": {
        "courtDcss": [
            "국가의 법질서를 확립하고 공권력 경시 풍조를 근절하기 위해서는 공무집행방해 범행을 엄히 처벌할 필요가 있다.",
            "다만 피고인이 이 사건 범행을 시인하고 피해 경찰관을 찾아가 사과하는 등 자신의 잘못을 뉘우치고 있는 점, 피고인이 행사한 유형력의 정도가 중하다고는 보기 어려운 점, 피고인에게 동종의 범죄로 처벌 받은 전력이 없고 범행 후의 정황 등 양형 조건을 종합하여 주문과 같이 형을 정한다."
        ]
    },
    "close": {
        "cnclsns": [
            "피고인을 벌금 300만원에 처한다",
            "피고인이 위 벌금을 납입하지 아니하는 경우 10만 원을 1일로 환산한 기간 피고인을 노역장에 유치한다.",
            "위 벌금에 상당한 금액의 가납을 명한다."
        ]
    }
}