{
    "info": {
        "caseField": "2",
        "detailField": "6",
        "trailField": "1",
        "caseNm": "폭행,폭력행위등처벌에관한법률위반(집단,흉기등협박),총포,도검,화약류등단속법위반",
        "courtNm": "수원지방법원",
        "judmnAdjuDe": "2014. 10. 24.",
        "caseNo": "2014고단2984",
        "relateLaword": [
            "폭력행위 등 처벌에 관한 법률 제3조  ",
            "폭력행위 등 처벌에 관한 법률 제2조",
            "형법 제283조",
            "형법 제53조",
            "형법 제55조 ",
            "형법 제62조",
            "형법 제260조",
            "형사소송법 제325조 ",
            "총포,도검,화약류 등 단속법 제17조"
        ],
        "qotatPrcdnt": [
            "대법원 2013. 11. 28. 선고 2012도4230 판결 "
        ]
    },
    "concerned": {
        "acusr": "4",
        "dedat": "1"
    },
    "org": {
        "orgJdgmnCourtNm": "",
        "orgJdgmnAdjuDe": "",
        "orgJdgmnCaseNo": ""
    },
    "disposal": {
        "disposalform": "6",
        "disposalcontent": [
            "피고인을 징역 6월에 처한다.",
            "다만, 이 판결 확정일로부터 1년간 위 형의 집행을 유예한다.",
            "피고인에게 40시간의 사회봉사를 명한다.",
            "이 사건 공소사실 중 총포, 도검, 화약류등단속법위반의 점은 무죄이다.",
            "이 사건 공소사실 중 폭행의 점에 관한 공소를 기각한다"
        ]
    },
    "mentionedItems": {
        "rqestObjet": [
            "피고인은 0에서 다른 테이블에 앉아 있던 피해자 공소외 1(대판:공소외인)(56세)이 저 새끼가 개 죽은 것 때문에 신고를 했었어 라고 말한 것에 격분하여 피고인은 피해자를 총으로 쏴 죽인다라고 말하며 위 식당 밖으로 나가 자신의 차량 안에 있던 흉기인 공기총(총명 생략)을 꺼내어 들었고, 피고인을 따라 나간 피해자의 일행인 공소외 2(52세)가 이를 말리면서 총구가 하늘로 향하자 1회 격발하는 방법으로 피해자를 협박하였다."
        ]
    },
    "assrs": {
        "acusrAssrs": [],
        "dedatAssrs": []
    },
    "facts": {
        "bsisFacts": [
            "피고인은 2014.4.28.19:15경 0000 (주소 생략)에 있는 0에서 다른 테이블에 앉아 있던 피해자 공소외 1(대판:공소외인)(56세)이 \"저 새끼가 개 죽은 것 때문에 신고를 했었어.\" 라고 말한 것에 격분하였다.",
            "피고인은 피해자를 \"총으로 쏴 죽인다.\" 라고 말하며 위 식당 밖으로 나가 자신의 차량 안에 있던 흉기인 공기총(총명 생략)을 꺼내어 들었고, 피고인을 따라 나간 피해자의 일행인 공소외 2(52세)가 이를 말리면서 총구가 하늘로 향하자 1회 격발하는 방법으로 피해자를 협박하였다."
        ]
    },
    "dcss": {
        "courtDcss": [
            "위 법률 제17조 제2항 소정의 ‘사용’은 총포 등을 그 기능에 맞게 쓰는 경우, 즉 탄환을 격발하는 경우로 제한하여 해석함이 상당하고, 실탄이나 공포탄이 장전되어 있지 아니한 빈 총포를 공중을 향해 격발한 행위를 위 ‘사용’에 포함된다고 볼 수는 없다.",
            "이 사건의 경우, 피고인이 공중을 향해 격발한 공기총 안에 실탄이나 공포탄이 장전되어 있었음을 인정할 만한 증거가 없다.",
            "다만, 빈 공기총이라 하더라도 사건 당시 피해자의 입장에서는 생명 또는 신체에 위험을 느낄 수 있었다고 보이므로, 피고인이 빈 공기총으로 공중을 향해 격발한 행위에 대하여는 판시와 같이 폭력행위 등 처벌에 관한 법률 위반(집단·흉기등협박)죄는 성립할 수 있는 것이고, 경우에 따라서는 ‘보관, 휴대, 운반’에 관한 ‘총포·도검·화약류 등 단속법’ 제17조 제1항 위반죄가 성립할 수도 있다.",
            "그러나 이와 같은 행위에 대하여 같은 법 제17조 제2항 위반죄가 성립한다고 보기는 어렵다고 판단된다.",
            "따라서 이 부분 공소사실은 범죄의 증명이 없는 경우에 해당하므로, 형사소송법 제325조 후단에 의하여 무죄를 선고한다.",
            "기록에 편철된 합의서의 기재에 의하면, 피해자가 이 사건 공소가 제기된 이후 피고인의 처벌을 원하지 않는다는 의사를 표시한 사실을 인정할 수 있으므로, 형사소송법 제327조 제6호에 따라 공소를 기각한다."
        ]
    },
    "close": {
        "cnclsns": [
            "피고인을 징역 6월에 처한다.",
            "다만, 이 판결 확정일로부터 1년간 위 형의 집행을 유예한다.",
            "피고인에게 40시간의 사회봉사를 명한다.",
            "이 사건 공소사실 중 총포, 도검, 화약류등단속법위반의 점은 무죄이다.",
            "이 사건 공소사실 중 폭행의 점에 관한 공소를 기각한다."
        ]
    }
}