{
    "info": {
        "caseField": "2",
        "detailField": "6",
        "trailField": "1",
        "caseNm": "특정경제범죄가중처벌등에관한법률위반(배임)",
        "courtNm": "의정부지법",
        "judmnAdjuDe": "2017. 07. 20.",
        "caseNo": "2016고합376",
        "relateLaword": [
            "구 특정경제범죄 가중처벌 등에 관한 법률 제3조",
            "형법 제355조",
            "형법 제356조",
            "형사소송법 제325조",
            "형법 제58조"
        ],
        "qotatPrcdnt": [
            "대법원 2008. 6. 19. 선고 2006도4876 전원합의체 판결",
            "대법원 2009. 5. 29. 선고 2007도4949 전원합의체 판결",
            "대법원 2004. 7. 22. 선고 2002도4229 판결",
            "대법원 2011. 10. 27. 선고 2009도14464 판결",
            "대법원 2003. 10. 10. 선고 2003도3516 판결",
            "대법원 2009. 11. 26. 선고 2009도8241 판결",
            "대법원 2011. 2. 24. 선고2010도13801 판결"
        ]
    },
    "concerned": {
        "acusr": "4",
        "dedat": "1"
    },
    "org": {
        "orgJdgmnCourtNm": "",
        "orgJdgmnAdjuDe": "",
        "orgJdgmnCaseNo": ""
    },
    "disposal": {
        "disposalform": "10",
        "disposalcontent": [
            "피고인은 무죄이다.",
            "이 판결의 요지를 공시한다."
        ]
    },
    "mentionedItems": {
        "rqestObjet": [
            "피고인은 업무상 임무에 위배하여 공소외 1로 하여금 1,031,926,000원 상당의 재산상 이익을 취득하게 하고 000에같은 금액 상당의 재산상 손해를 가하였다."
        ]
    },
    "assrs": {
        "acusrAssrs": [],
        "dedatAssrs": [
            "피고인은 이 사건 대출 당시 담보물에 보전산지가 포함되어 있다는 점에 관하여 아무런 보고를 받지 못했고, 외부 감정을 통하여 이 사건 각 토지의 담보가치 평가액이 대출액을 훨씬 상회한다는 점을 확인한 후 이 사건 대출을 실행하였으므로, 배임의 고의가 없었다.",
            "이 사건 대출은 기존의 대출 원리금을 변제받기 위하여 실행된 이른바 '대환대출'로서, 실제로 이 사건 대출금의 99.81%가 기존 대출금에 대한 원리금의 충당에 사용되었고 나머지는 근저당권 설정 비용 등으로 사용되었으므로, 이 사건 대출로 인하여 ㅇㅇ농협에 새로운 손해나 손해 발생의 위험이 생긴 것은 아니다."
        ]
    },
    "facts": {
        "bsisFacts": [
            "피고인은 남양주시 (주소 1 생략)에 있는 피해자 ㅇㅇ농협의 상임이사로서 여신업무를 총괄하고 대출 가부를 결정하는 사람이다.",
            "피고인은 2008. 9. 초순경 위 ㅇㅇ농협 사무실에서 전직 ㅇㅇ농협 조합장이었던 공소외 00로부터 공소외 00이 소유한 남양주시 (주소 2 생략), (주소 3 생략), (주소 4 생략), (주소 5 생략) 및 (주소 6 생략) 등 5필지(이하 이 사건 각 토지라고 한다)를 담보로 3,500,000,000원 상당을 대출해 달라는 부탁을 받고, 직원들에게 대출가능금액 산정을 지시하였다.",
            "피고인은 이에 따라 실시된 부동산 감정과 여신업무 기준에 의거 대출가능금액이 2,468,074,000원이고 3,500,000,000원의 대출이 불가하다는 보고를 받았다.",
            "그럼에도 불구하고 직원들의 책임을 묻지 않겠다는 확인서를 써 주고 대출을 강행하는 등 대출 과정에서 엄수해야 하는 여신업무 기준(보전산지에 대한 담보가치 평가 제외 기준)을 위배하여, 2008. 10. 15.경 위 ㅇㅇ농협 사무실에서 이 사건 각 토지를 담보로 하여 공소외 00에게3,500,000,000원을 대출(이하 '이 사건 대출'이라고 한다)해 주었다.",
            "이로써 피고인은 업무상 임무에 위배하여 공소외 00로 하여금 1,031,926,000원 상당의 재산상 이익을 취득하게 하고 ㅇㅇ농협에 같은 금액 상당의 재산상 손해를 가하였다."
        ]
    },
    "dcss": {
        "courtDcss": [
            "앞서 본 법리와 위 각 인정 사실 및 이 법원이 적법하게 채택하여 조사한 증거들에 의하여 인정되는 다음과 같은 사정들을 종합하여 보면, 피고인의 대출가능금액 산정 방식이 대출 관련 내부규정에 명백히 반한다거나 이 사건 대출이 충분한 담보 제공 없이 이루어진 부실 대출이라고 단정하기 어렵다.",
            "또한 결과적으로 대출금 전부를 회수하지 못하였다고 하더라도 피고인이 대출 당시 이러한 상황을 적극적으로 의도하였다거나 인식하였다고 보이지는 않는다.",
            "따라서 이 사건 공소장에 적시된 바와 같이 이 사건 대출과 관련하여 대출가능금액을 산정함에 있어 이 사건 각 토지에 포함된 보전산지 부분의 평가가액을 제외하지 않았다는 점만으로는 피고인이 그 임무를 위배하였다거나 배임의 범의가 있었다는 점에 대한 합리적 의심의 여지 없는 증명이 이루어졌다고 볼 수 없다.",
            "앞서 본 바와 같이 이 사건 규정에서 보전산지로 지정된 임야에 대한 담보취득을 원칙적으로 금지하는 이유는, 보전산지로 지정된 임야의 경우 공법상의 제약 등에 의하여 실제 사용가치나 환가성이 떨어져 담보로서의 가치가 높지 않다는 점에 있는 것으로 보인다. ",
            "이러한 취지에 따라 이 사건 규정은 전용허가를 받은 보전산지로서 환가성이 높은 임야는 담보취득이 허용된다는 예외를 인정하고 있다.",
            "그런데 이 사건 규정은, 한 필지의 토지에 담보취득이 허용되는 부분과 허용되지 않는 부분이 혼재하는 경우 또는 수 필지의 토지를 일체로서 담보로 취득할 때 담보취득이 제한되는 토지와 담보취득이 허용되는 토지가 혼재하는 경우에, 담보취득이 제한되는 토지 부분까지 일체로 담보물로 취득할 수 있는지 여부에 관하여는 특별히 정하고 있지 않다. ",
            "위와 같은 경우에 일체로서의 담보물 전체의 환가성이 충분하다면 구태여 담보취득이 제한되는 토지 부분만을 담보물에서 제외하여야 할 필요는 없어 보이고, 앞서 본 이 사건 규정의 취지에 비추어 볼 때 오히려 이러한 경우에까지 그 전부를 담보로 취득하는 것이 제한된다고 해석하는 것은 합리적이지 않다고 판단된다.",
            "특히 이 사건 각 토지의 경우, 산지전용허가를 받은 부분만을 담보로 취득한다면 나머지 산지전용허가를 받지 않은 부분은 맹지로서 사용가치와 환가성이 현저히 떨어질 수밖에 없어 보인다.",
            "이 경우 사용가치와 환가성이 높은 부분만을 담보로 취득하는 방안과 산지전용허가를 받은 부분까지 모두 담보로 취득하는 방안 중 어느 것이 환가성 내지 채권회수 가능성 측면에서 더 유리할지는, 담보취득자의 입장에서 각 토지의 위치, 지목, 이용현황, 분리가능성, 담보권 설정 가능성 등을 고려하여 종합적으로 판단할 여지가 있어 보인다. ",
            "따라서 피고인을 비롯하여 ○○농협의 대출 담당 임직원이 위 2가지 방안 중 어느 하나를 선택하였다고 하여 현 시점에서 이를 사후적으로 평가해 그러한 선택이 명백히 부당하였다고 단정할 수는 없다.",
            "또한 대출업무에 여신업무방법(예)을 적용하고 있는 다른 지역농업협동조합에서도, 이 사건 규정에도 불구하고 실제로 보전산지로 지정된 임야를 단독으로 또는 다른 부동산과 일체로 담보물로 취득하는 경우가 있는 것으로 보이며(변호인 제출 증 제4호증의 1 내지 9), 지역농업협동조합이 보전산지로 지정된 임야를 담보로 취득한 경우에 농업협동조합중앙회에서 그 적정성을 평가하여 사후 승인하는 경우도 있는 것으로 보인다(변호인 제출 증 제5호증).",
            "마찬가지로 ○○농협에서도 이 사건 대출을 전후하여 보전산지로 지정된 임야를 유일한 담보물로 또는 다른 토지와 함께 담보물로 취득하여 대출을 실행한 사례가 있는 것으로 보여, 이 사건 대출이 지역농업협동조합의 대출 실무에 있어서 매우 이례적인 사례라고 보이지는 않는다.",
            "나아가, 여신업무방법(예)에서 정하고 있는 담보대출가능금액 산정방식에 따르면 담보대출에 대한 대출가능금액은 총감정평가액에 소정의 방식으로 산정되는 담보인정비율을 곱하여 산출되는데, 이 사건 규정으로 말미암아 여기서의 총감정평가액에서 담보취득 제한 부동산에 대한 평가액 부분이 획일적·기계적으로 제외되어야 한다고 보기도 어렵다. ",
            "즉, 한 필지의 일부 또는 수 필지의 토지 중 일부 필지가 담보취득 제한 부동산에 해당하더라도 앞서 본 바와 같이 일체로서의 담보물 전체에 대한 환가성이 인정되어 담보물 취득이 허용되는 경우라면, 대출가능금액을 산정함에 있어 담보취득이 제한되는 부분에 대한 감정평가액을 총감정평가액에 산입한다고 하여 반드시 이 사건 규정에 위반된다고 단정하기 어렵다.",
            "여신업무방법(예)에서는 이러한 경우에 대출가능금액의 산정방식에 관하여 따로 구체적인 방식을 제시하고 있지도 아니하다.",
            "한편 이 사건 대출이 실행된 후 농업협동조합중앙회에서 실시한 ○○농협에 대한 2차례 감사에서도 이 사건 대출과 관련하여 경매신청이 지연되고 있다는 점에 대한 지적을 받았을 뿐, 보전산지로 지정된 임야가 담보물에 포함되어 있다는 점이나 대출가능금액을 산정할 때 보전산지로 지정된 임야 부분의 담보가치 평가액이 포함되었다는 이유로 이 사건 대출이 부실하게 이루어졌다는 지적은 받지 않았다(수사기록 289 내지 318면).",
            "이상의 사정들을 종합하여 보면, 피고인이 대출가능금액을 산정함에 있어 이 사건 각 토지에 포함된 보전산지의 평가가액을 제외하지 않았다고 하여 이를 내부규정에 위반된 행위라고 단정하기는 어렵다.",
            "그렇다면 이 사건에 있어 배임죄의 성부는 담보가치 평가의 적정성 및 이에 대한 피고인의 인식 여부의 문제로 귀결될 수밖에 없다고 할 것이다.",
            "공소외 000에서 작성하여 ㅇㅇ농협에 제출한 이 사건 각 토지에 관한 감정평가서를 보면, 비교표준지로 선정된 토지의 지목, 이용상황, 공시지가 등에 비추어 비교표준지 선정에 특별한 하자가 있어 보이지 아니하고, 평가선례의 고려, 기타요인에 의한 보정치 결정 등에 있어서도 감정평가액을 부풀리기 위한 어떤 의도적인 왜곡의 흔적이 발견되지 않는다.",
            "또한 이 사건 각 토지에 관한 임의경매가 진행될 당시 법원에서 의뢰하여 실시된 감정평가에서도 이 사건 각 토지의 교환가치가 약 4,920,000,000원 또는 4,571,000,000원 정도로 평가되었다.",
            "이 사건 대출이 실행될 당시 채권관리팀에서 부실채권관리 업무를 담당하였던 공소외 6의 주4)진술에 따르면, 2011. 5.경 이 사건 각 토지를 포함한 사업대상 토지 전부를 약 18,000,000,000원에 매수하겠다는 자가 나타났으나 공소외 1이 더 높은 매매대금을 원하여 매매가 성사되지 못한 사실이 있다는 것이다. ",
            "사업대상 토지 중 이 사건 각 토지를 제외한 나머지 토지[(주소 7 생략) 공장용지 17,180㎡]에 대한 감정평가액이 4,877,400,000원이었고 임의경매절차에서 위 토지의 최종 매각가격이 4,433,300,000원이었음을 감안하면, 이 사건 각 토지에 대한 당초의 감정평가액이 부풀려졌다고 보기는 어렵다고 판단된다.",
            "한편 이 사건 대출의 실무 담당자였던 공소외 7은 수사기관에서 '당시 경사면이 있는 토지도 감정평가금액에 들어가 있어 이 부분에 대하여 논의가 있었으나 결론적으로 안 빼도 된다는 결론을 내리고 대출을 진행하였다'고 진술하였다.",
            "이 법정에서는 '감정평가와 관련하여 경사면 부분에 대한 이의를 제기한 사실이 있다. 그러나 경사면 부분의 감정평가액을 전부 제외해야 한다고 의견을 제시한 적은 없다. 경사면 부분에 관하여 논의를 하였지만 일단은 외부 감정평가기관에서 평가한 사항이기 때문에 그대로 받아들이기로 하였다'는 취지로 진술하였다.",
            "위 진술만으로는 이 사건 각 토지에 대한 감정평가액 전부가 과대평가되었다고 섣불리 인정하기 어려울 뿐만 아니라 감정평가액에서 제외되어야 할 부분이 구체적으로 얼마인지를 확정할 수도 없다.",
            "그 밖에 달리 피고인이 이 사건 대출 당시에 감정평가결과의 적정성이나 이 사건 각 토지의 환가성에 관하여 의심을 품을 만한 특별한 사정이 있었다고 보이지 않는다.",
            "이상과 같이 이 사건 각 토지에 대한 감정평가가 허위라거나 감정평가액이 과다 산정되었다고 볼 자료가 없다면, 위 감정평가액을 기초로 한 대출가능금액의 산정이 부당하였다거나 대출금액에 비하여 담보가치가 부족한 담보물을 취득하였다고 쉽사리 단정하기는 어렵다.",
            "한편 이 법원이 적법하게 채택하여 조사한 증거에 의하면, 이 사건 대출이 실행된 2008. 10. 15. 16:29경 이 사건 대출금 3,500,000,000원 전부가 이 사건 대출계좌에서 공소외 00 명의의 ㅇㅇ농협 일반입출금계좌로 입금되었다.",
            "그로부터 약 30분 안에 입금된 대출금 중 3,493,509,214원이 공소외 00, 공소외 00 또는 공소외 00 명의의 각 기존 대출계좌로 모두 이체됨으로써 각 기존 대출의 원리금 및 지연이자의 변제에 사용된 사실이 인정된다(수사기록 181면, 변호인 제출 증 제2호증의 1 내지 8, 증 제6호증의 1 내지 14).",
            "위 사실을 앞서 본 법리에 비추어 보면, 이 사건 대출은 형식상 신규대출을 하는 것처럼 서류상 정리를 하였을 뿐 실제로는 기존 대출금에 대한 원리금 및 지연이자에 충당하기 위한 이른바 '대환대출'로 볼 여지가 충분히 있다.",
            "또한 대출금이 공소외 1 명의의 일반입출금계좌로 입금되었다고 하여 ○○농협이 공소외 1에게 대출금을 실제로 교부함으로써 대출금의 사용처에 대한 통제권을 잃었다거나 공소외 1이 임의로 자금을 사용할 수 있는 상태가 되었다고 평가하기는 어렵다고 할 주5)것이다.",
            "사정이 이와 같다면, 검사가 제출한 증거들만으로는 이 사건 대출로 인하여 ○○농협에 어떤 새로운 현실적 손해나 재산상 실해 발생의 위험이 생겼다고 단정하기 어렵고, 달리 이를 인정할 증거가 없다"
        ]
    },
    "close": {
        "cnclsns": [
            "피고인은 무죄.",
            "이 판결의 요지를 공시한다."
        ]
    }
}