{
    "info": {
        "caseField": "2",
        "detailField": "6",
        "trailField": "1",
        "caseNm": "특정경제범죄가중처벌등에관한법률위반(사기), 사기, 뇌물공여, 사문서위조, 위조사문서행사",
        "courtNm": "서울중앙지방법원",
        "judmnAdjuDe": "2017. 08. 25.",
        "caseNo": "2017고합290",
        "relateLaword": [
            "형법 제133조",
            "형법 제129조",
            "형법 제231조",
            "형법 제234조",
            "형법 제347조",
            "형법 제34조",
            "특정경제범죄 가중처벌 등에 관한 법률 제3조",
            "형법 제37조",
            "형법 제38조",
            "형법 제50조",
            "형법 제53조",
            "형법 제55조"
        ],
        "qotatPrcdnt": [
            "대법원 2004. 4. 9. 선고 2003도7828 판결",
            "대법원 2005. 9. 15. 선고 2003도5382 판결",
            "대법원 2008. 1. 18. 선고 2007도8781 판결",
            "대법원 1995. 3. 24. 선고 95도203 판결"
        ]
    },
    "concerned": {
        "acusr": "4",
        "dedat": "1"
    },
    "org": {
        "orgJdgmnCourtNm": "",
        "orgJdgmnAdjuDe": "",
        "orgJdgmnCaseNo": ""
    },
    "disposal": {
        "disposalform": "6",
        "disposalcontent": [
            "피고인을 징역 2년에 처한다."
        ]
    },
    "mentionedItems": {
        "rqestObjet": [
            "피고인은 공무원으로 의제되는 F의 직무에 관하여 총 1,000만 원의 뇌물을 공여하였다.",
            "피고인은 행사할 목적으로 권한없이 사실증명에 관한 사문서 1장을 위조하고 제출하여 이를 행사하였다.",
            "피고인은 위조한 사문서를 제출하여 성능시험을 통과하지 못한 감시카메라를 납품함으로써 이 사건 설치공사 대금 452,943,040을 지급하게 함으로써 이를 편취하였다.",
            "피고인은 허위로 작성하여 제출한 활용계획서에 속은 피해자로부터 투융자복합금융자금(성장공유형) 6억원을 편취하였다."
        ]
    },
    "assrs": {
        "acusrAssrs": [
            "피고인은 공무원으로 의제되는 F의 직무에 관하여 총 1,000만 원의 뇌물을 공여하였다.",
            "피고인은 행사할 목적으로 권한없이 사실증명에 관한 사문서인 한국산업기술시험원장 명의의 시험성적서 1장을 위조하고 그 정을 모르는 한국철도공사 직원에게 제출하여 이를 행사하였다.",
            "이로써 피고인은 그 정을 모르는 I을 통하여 위조한 한국산업기술시험원장 명의의 시험성적서를 제출하여 성능시험을 통과하지 못한 감시카메라를 납품함으로써 이에 속은 피해자 한국철도공사로 하여금 이 사건 설치공사 대금 452,943,040원을 I에 지급하게 함으로써 이를 편취하였다.",
            "피고인은 피해자 중소기업진흥공단을 속여 투융자복합금융자금(성장공유형)6억 원을 편취하였다."
        ],
        "dedatAssrs": [
            "판시 제3항 사기의 범죄사실과 관련하여 피고인이 시험성적서를 위조하여 피해자 한국철도공사(이하 '피해자 공사'라 한다)에 제출한 사실은 있으나, 시험성적서는 피해자 공사가 제출을 요구한 서류가 아님에도 피고인이 착오로 제출한 것이고, 피고인이 피해자 공사에 납품한 카메라는 방진, 방수기능에 관한 성능시험을 통과한 정상적인 제품이므로 피해자에게 손해가 발생한 사실이 없다.",
            "따라서 사기죄가 성립하지 않거나 미수에 해당한다.",
            "피고인이 피해자 중소기업진흥공단(이하 '피해자 공단'이라 한다)에 제출한 중소기업정책자금 활용계획서의 내용은 모두 사실이고, 피해자 공단으로부터 받은 투융자복합금융자금(성장공유형, 이하 '성장공유형 대출'이라 한다)6억 원을 그 지원 취지에 맞게 직원급여, 공장 및 사무실 임차료 등 회사 운영비용으로 사용하였으므로 피해자 공단을 기망하여 성장공유형 대출금을 편취한 사실이 없다.",
            "피고인의 검찰 피의자신문조서(2회)에 기재된 진술이 특히 신빙할 수 있는 상태 하에서 행하여지지 않았으므로 그 신빙성이 없다"
        ]
    },
    "facts": {
        "bsisFacts": [
            "피고인은 2009년 12월경부터 2012년 5월경까지 보안용 카메라를 제조·판매하는 D(개인사업자)을 운영하였고, 2012.5.15.0000에서 보안용 카메라, 폐쇄회로(CCTV)및 영상 감시장치의 개발, 제조, 판매 등을 목적으로 하는 주식회사 D(이하 D이라 한다)을 설립(2015.3.30.폐업)하여 운영하였던 사람이다.",
            "F은 한국철도공사 G 전기사무소 3급 통신팀장으로서 영상감시 장비의 설치 등 철도정보통신 시설물의 설치·유지·보수 업무를 총괄하는 공무원으로 의제되는 사람이다.",
            "한국철도공사는 한국철도공사 G 전기사무소로부터 H에 대한 물품 구매 및 설치 공사(이하 '이 사건 설치공사'라 한다)가 필요하다는 사업계획을 보고받아 이를 승인한 후 2012.11.6.이 사건 설치공사를 공개입찰에 붙였고, 2012.11.13.I 주식회사(이하 'I'이라 한다)가 공사금액 455,859,000원에 낙찰을 받았다.",
            "피고인은 I으로부터 이 사건 설치공사를 하도급 받고 2012.12.28.공사를 완료하였다.",
            "피고인은 이 사건 설치공사와 관련하여 착공부터 준공까지 각종 편의를 봐주고 향후 F이 관여하는 한국철도공사의 다른 공사와 관련해서도 편의를 봐 달라는 청탁 명목으로 직무관련자인 F에게 2012.12.3.0000에 있는 G 전기사무소 주차장에서 500만 원, 2013.1.4.위 주차장에서 300만 원, 2014.1.17.0000에 있는 L에서 200만 원을 각 교부하였다.",
            "피고인은 이 사건 설치공사에 납품할 감시카메라를 중국의 M로부터 수입하여 납품하기로 계획하였으나, 이 사건 설치공사의 사업수행계획서를 제출하는 과정에서 물품 납품에 관한 발주기관의 지시설명서에서 요구하는 감시카메라의 방수기능(0)에 관한 시험성적서를 준비하지 못하자 이를 위조하기로 마음먹었다.",
            "피고인은 2012년 12월 초순경 0000에 있는 D 사무실에서 그림판 프로그램을 이용하여 기존에 소지하고 있던 한국산업기술시험원장 명의의 시험성적서 PDF 파일의 모델명, 시험결과, 성적서 번호, 발행일자 부분을 지운 다음 모델명 '0', 시험결과 'IP66', 성적서 번호 '2012-1455-830', 발행일자 '2012.05.08.'이라는 문구를 덧붙여 기재하였다.",
            "이후 피고인은 2012.12.4.0000에 있는 G 전기사무소 통신팀 사무실에서 이 사건 설치공사의 사업수행 계획서에 위와 같이 위조한 시험성적서를 첨부하여 그 사실을 모르는 G 전기사무소 담당자에게 제출하였다.",
            "피고인은 I과의 하도급 계약에 따라 이 사건 설치공사를 수행함에 있어 2012.12.4.위와 같이 위조한 한국산업기술시험원장 명의의 시험성적서를 첨부하여 그 정을 모르는 I 명의로 사업수행계획서를 제출하였다.",
            "2012.12.13.중국의 M에서 제작한 N 36대를 대금 67,493,410원에 수입한 다음 2012.12.18.마치 위 중국산 카메라가 방수기능에 관한 성능시험을 통과한 정상적인 제품인 것처럼 검수 담당자를 속여 I명의로 한국철도공사 G 전기사무소에 납품하였다.",
            "피해자 한국철도공사는 2013.1.11.이 사건 설치공사에 대한 대금 452,943,040원을 낙찰업체인 I 명의의 계좌에 송금하였고, 하도급 계약을 체결한 피고인은 I으로부터 2012.12.28.1차 기성금 170,947,125원, 2013.1.15.2차 기성금 168,031,173원 합계 338,978.298원을 D 명의의 계좌로 송금받았다.",
            "피고인은 2013년 7월경 0000에 있는 중소기업진흥공단 0000 지부 사무실에서 중소기업 정책자금 활용계획서의 최근 3년간 기술개발실적란에 0, P, Q을 독자 개발하여 납품 중에 있다는 취지로 기재하였다.",
            "투자를 통한 생산라인 확충을 통해 생산원가 절감으로 기존 제품 대비 1.5배 정도의 금액으로 시장에 판매하고 대량 생산체계 도입으로 연구인력 및 생산인력 고용을 창출하며 피해자 중소기업진흥공단 대출금으로 0 등 메인회로 외주구매, 0 카메라 사출금형 외주개발, 고배율 감시장비 카메라 케이스와 회전장치대 등 알루미늄 외주가공, 레이저 CCTV 알루미늄 다이케스팅 외주 금형 제작 등에 사용할 계획이라는 취지로 기재하였다.",
            "그런 다음, 그 무렵 이를 피해자 중소기업진흥공단의 대출 담당자에게 제출하였다.",
            "사실은 기술개발 실적과 관련하여서는 O와 P는 샘플만 제작하여 두었을 뿐 납품한 사실이 전혀 없어 제품이 상용화되지 않은 상태였고 Q은 개발한 사실 자체가 없었다.",
            "사업 계획 관련해서는 당시 주식회사 D이 다액의 채무를 부담하고 있어서 이자로 상당한 금액이 지출되고 있었을 뿐만 아니라 직원 급여, 공장 및 사무실 임차료 등 회사 운영비용, 개인 생활비용, 경비로 지출되는 금액이 상당하였기 때문에 그와 관련된 대출금을 변제하거나 다른 투자사업에 사용할 생각이었다.",
            "피고인은 2013.9.30.위와 같이 허위로 작성하여 제출한 중소기업 정책자금 활용계획서에 속은 피해자 중소기업진흥공단으로부터 투융자복합금융자금(성장공유형)6억 원을 주식회사 D 명의의 계좌로 송금받았다."
        ]
    },
    "dcss": {
        "courtDcss": [
            "사기죄의 요건으로서의 기망은 널리 재산상의 거래관계에 있어서 서로 지켜야 할 신의와 성실의 의무를 저버리는 모든 적극적 또는 소극적 행위를 말하는 것으로서, 반드시 법률행위의 중요 부분에 관한 허위표시임을 요하지 아니한다.",
            "상대방을 착오에 빠지게 하여 행위자가 희망하는 재산적 처분행위를 하도록 하기 위한 판단의 기초가 되는 사실에 관한 것이면 충분하다(대법원 2004.4.9.선고 2003도7828 판결 등 참조).",
            "타인으로부터 금전을 차용함에 있어서 그 차용한 금전의 용도에 관하여 사실대로 고지하였더라면 상대방이 응하지 않았을 경우에 그 용도에 관하여 진실에 반하는 사실을 고지하여 금전을 교부받은 경우에는 사기죄가 성립한다(대법원 2005.9.15.선고 2003도5382 판결 등 참조).",
            "이 사건 설치공사에 관한 피해자 공사의 지시설명서에는 감시카메라의 사양 중 환경성에 관하여 0(시험품 내부로 먼지, 물 침투 없음)이라고 기재되어 있고, 장치별 성능시험에 관하여 계약상대자는 계약상대자 책임하에 자체 시험성적서, 제조 업체 제품보증서를 검사자에게 제출하여야 한다라고 기재되어 있다.",
            "피해자 공사가 감시카메라 등에 관하여 시험성적서를 요구하는 취지는 방진, 방수의 성능이 사전 담보된 감시카메라만을 납품받음으로써 장래 감시카메라에 발생할지 모르는 하자를 미연에 방지하고, 나아가 안전한 열차운행을 확보하고자 함에 있다.",
            "만약 피해자 공사에 납품되는 감시카메라에 관한 시험성적서가 위조되는 경우에는 위와 같은 목적 달성이 어렵게 되고, 이는 납품된 감시카메라가 사후적으로 지시설명서에서 요구하는 성능을 갖추고 있는 것으로 판명되는 경우에도 마찬가지라고 할 것이다.",
            "피고인이 그 제출 시기를 착각하였다고 하더라도 시험성적서를 위조하여 제출한 이상 피고인에게는 피해자 공사에 납품할 감시카메라에 관한 방진, 방수의 성능이 사전 담보되지 않았음에도 그러한 성능이 사전 담보된 것처럼 피해자 공사를 기망할 의사가 있었다고 할 것이다.",
            "감시카메라에 관한 시험성적서는 납품되는 감시카메라의 품질을 보증하기 위해 늦어도 준공계를 제출할 무렵에는 제출되어야 하는 서류인데, 피해자 공사가 시험성적서의 위조 사실을 알았다면 피고인 측으로부터 감시카메라를 납품받지 않거나 이 사건 설치공사에 대한 대금을 지급하지 않았을 것으로 보인다.",
            "피고인은 피해자 공사에 위조한 시험성적서를 제출하는 방법으로 납품한 감시카메라가 방수기능에 관한 성능시험을 통과한 제품인 것처럼 기망하여 피해자 공사로부터 이 사건 설치공사 대금을 편취하였다고 판단된다.",
            "사기죄에 있어서는 기망으로 인한 재물의 교부가 있으면 사기죄가 성립하는 것이고 피해자에게 전체 재산상의 손해가 없다 하여도 사기죄의 성립에 영향이 없다.(대법원 1995.3.24.선고 95도203 판결 등 참조)",
            "피해자 공사에 납품한 카메라에 관하여 사후에 시험성적서를 발급 받았다거나 하자가 발생한 바 없어 손해가 발생한 사실이 없다는 이유로 사기죄가 성립하지 않거나 미수에 해당한다는 취지의 피고인과 변호인의 주장은 받아들이지 아니한다.",
            "기술개발실적' 란의 기재와는 달리 피고인이 이 사건 성장공유형 대출을 신청할 당시에 P, Q 등을 독자 개발하거나 납품 중에 있었다는 점을 인정할 만한 객관적인 자료가 없다.",
            "사업계획 및 자금 소요내역란의 기재와는 달리 피고인은 피해자 공단으로부터 받은 성장공유형 대출금을 Y 카메라 생산라인 확충, 감시 장비의 자체 개발, 기동형 고성능 감시 장비 개발, 메인회로 개발, 이 카메라 개발, 고배율 감시장비 개발 및 기동형 시제품 제작 등을 위하여 거의 사용하지 않은 것으로 보인다.",
            "피고인이 성장공유형 대출금을 모두 사용한 후 피해자 공단측에 제출한 대출금 사용 내역표에 의하면 D에 근무하지 않는 것으로 보이는 Z(피고인의 모친)에게 급여 명목의 돈이 지급되었다.",
            "위 전용계좌에서 D 명의의 다른 계좌로 송금된 돈이 2억 8,000만 원임에도 그 중 상당 부분에 관하여 구체적인 사용내역이나 소명자료가 없다.",
            "성장공유형 대출 전용계좌에서 D 명의의 다른 계좌로 송금된 돈 중에서 피고인의 개인 채무 변제 명목으로 돈이 지급되는 등 피고인은 위 대출금 중 상당 부분을 자신이 피해자 공단에 제출한 사업계획이나 자금 소요 내역과는 다른 용도로 사용하였다.",
            "피의자신문조서에 기재된 피고인의 진술은 특히 신빙할 수 있는 상태 하에서 행하여졌다고 보인다.따라서 검찰 피의자신문조서(2회)의 피고인의 진술은 그 신빙성이 있다고 할 것이다.",
            "피고인은 피해자 공단에 허위의 중소기업 정책자금 활용계획서를 제출하는 방법으로 피해자 공단을 기망하여 피해자 공단으로부터 성장공유형 대출금을 편취하였다고 판단된다.",
            "피고인은 이 사건 설치공사와 향후 피해자 공사의 공사와 관련하여 청탁 명목으로 공무원으로 의제되는 피해자 공사의 직원에게 뇌물을 공여하였고, 나아가 이 사건 설치공사에 관하여 납품하는 감시카메라의 방진, 방수 기능에 관한 시험성적서를 위조, 행사하는 방법으로 피해자 공사를 적극적으로 기망하여 그 대금을 편취하였다.",
            "피고인은 일부 허위로 작성된 중소기업 정책자금 활용계획서를 이용하는 방법으로 피해자 공단을 기망하여 6억 원이라는 거액의 대출금을 편취하였는바, 위와 같은 범행수법과 그 피해금액 등에 비추어 볼 때 이 사건 범행의 죄질이 좋지 않다.",
            "그럼에도 피고인은 각 피해자에 대한 피해회복을 위한 아무런 조치도 취하지 못하고 있다.",
            "피고인은 이 사건 범행 중 뇌물공여, 사문서위조, 위조사문서행사의 점에 관하여는 이를 인정하며 자신의 잘못을 반성하고 있다.",
            "피고인이 먼저 적극적으로 뇌물을 공여한 것으로는 보이지 아니하고 공여한 뇌물이 비교적 소액이며, 뇌물을 제공한 이후 추가적인 공사를 낙찰받는 등의 편의를 받지도 않은 것으로 보인다.",
            "판시 제3항 기재 사기범행과 관련하여 피고인이 납품한 감시카메라가 사후적으로는 요구성능을 갖춘 것이 확인된 것으로 보이고 설치 후 4년 이상 지난 현재까지 별다른 하자 없이 정상적으로 작동되는 것으로 보이는 등 범죄사실 기재 편취액에 비하여 피해자 공사가 실제로 입은 금전적 피해는 거의 없는 것으로 보인다.",
            "판시 제4항 기재 특정경제범죄 가중처벌 등에 관한 법률 위반(사기)범행과 관련하여 대출 신청 당시 기술개발실적, 사업계획 등이 자신의 실제 사업을 토대로 한 것으로서 허위인 사실만을 기재하여 기망한 것으로 보이지는 아니하고 피고인이 피해자 공단으로부터 받은 대출금 중 상당 부분도 D의 일반 운영비용 등 회사의 사업을 위해 사용한 것으로 보인다.",
            "성장공유형 대출의 성격과 취지에 비추어 그 기망행위의 실질적 위법성이 상대적으로 크다고 보이지는 않는다.",
            "피고인은 아무런 형사처벌을 받은 전력이 없는 초범이다."
        ]
    },
    "close": {
        "cnclsns": [
            "피고인을 징역 2년에 처한다."
        ]
    }
}