{
    "info": {
        "caseField": "2",
        "detailField": "6",
        "trailField": "1",
        "caseNm": "공무집행방해",
        "courtNm": "대전지방법원",
        "judmnAdjuDe": "2021. 08. 18.",
        "caseNo": "2021고단1769",
        "relateLaword": [
            "형법 제136조",
            "형법 제62조"
        ],
        "qotatPrcdnt": []
    },
    "concerned": {
        "acusr": "4",
        "dedat": "1"
    },
    "org": {
        "orgJdgmnCourtNm": "",
        "orgJdgmnAdjuDe": "",
        "orgJdgmnCaseNo": ""
    },
    "disposal": {
        "disposalform": "6",
        "disposalcontent": [
            "피고인을 징역 6월에 처한다.",
            "다만, 이 판결 확정일부터 2년간 위 형의 집행을 유예한다."
        ]
    },
    "mentionedItems": {
        "rqestObjet": [
            "피고인을 징역 6월에 처한다.",
            "다만, 이 판결 확정일부터 2년간 위 형의 집행을 유예한다."
        ]
    },
    "assrs": {
        "acusrAssrs": [],
        "dedatAssrs": []
    },
    "facts": {
        "bsisFacts": [
            "피고인은 노상에서 만취한 상태로 지나가는 시민들을 향해 욕설을 하며 시비를 걸어 이에 112 신고를 받고 출동한 D지구대 소속 경찰관인 E이 음주소란으로 범칙금납부의 통고처분을 하였다.",
            "이에 피고인은 갑자기 차량이 오가는 도로로 뛰어들어 E이 피고인을 제지하자 오른손 주먹으로 E의 왼쪽 얼굴 부분을 때려 폭행하였다.",
            "이로써 피고인은 경찰공무원의 112신고 사건 처리에 관한 정당한 공무집행을 방해하였다."
        ]
    },
    "dcss": {
        "courtDcss": [
            "폭력 범죄 전력이 있고, 경찰공무원의 얼굴 부분을 주먹으로 때려 사안이 가볍지 않으나, 폭행의 강도가 중하지는 않았던 점, 위 범죄 전력은 10년 이상 전의 것인 점, 잘못을 깊이 반성하는 점 등 제반 정상 참작한다."
        ]
    },
    "close": {
        "cnclsns": [
            "피고인을 징역 6월에 처한다.",
            "다만, 이 판결 확정일부터 2년간 위 형의 집행을 유예한다."
        ]
    }
}