{
    "info": {
        "caseField": "2",
        "detailField": "6",
        "trailField": "1",
        "caseNm": "사기",
        "courtNm": "울산지방법원",
        "judmnAdjuDe": "2013. 05. 23.",
        "caseNo": "2013고단1653",
        "relateLaword": [
            "형법 제347조",
            "형법 제37조",
            "형법 제38조",
            "형법 제50조",
            "형법 제57조",
            "형법 제62조",
            "형법 제62조의2",
            "형법 제48조"
        ],
        "qotatPrcdnt": []
    },
    "concerned": {
        "acusr": "4",
        "dedat": "1"
    },
    "org": {
        "orgJdgmnCourtNm": "",
        "orgJdgmnAdjuDe": "",
        "orgJdgmnCaseNo": ""
    },
    "disposal": {
        "disposalform": "8",
        "disposalcontent": [
            "피고인을 징역 1년에 처한다.",
            "다만, 이 판결 확정일로부터 3년간 위 형의 집행을 유예한다.",
            "피고인에 대하여 1년간의 보호관찰 및 120시간의 사회봉사를 명한다.",
            "압수된 중 제1 내지 9호를 몰수한다."
        ]
    },
    "mentionedItems": {
        "rqestObjet": [
            "피고인을 징역 1년에 처한다.",
            "피고인에 대하여 1년간의 보호관찰 및 120시간의 사회봉사를 명한다.",
            "압수된 중 제1 내지 9호를 몰수한다."
        ]
    },
    "assrs": {
        "acusrAssrs": [],
        "dedatAssrs": []
    },
    "facts": {
        "bsisFacts": [
            "피고인은 콜센터를 설립하고 상담원들을 모집한 후 상담원들로 하여금 000 등 금융기관 직원인 것처럼 가장하면서 불특정 다수의 저신용자들에게 휴대폰 문자메시지를 전송하거나 전화를 하여 저렴한 이자율로 대출을 하여 줄 것처럼 거짓말하도록 하고 대출 신청자들로부터 약속이행보증금을 교부받아 가로채기로 마음먹었다.",
            "피고인은 2012.11.6.경 0000 E빌딩 0000 피고인이 운영하는 콜센터 사무실에서 성명을 알 수 없는 상담원으로 하여금 피해자 F(여, 50세)의 휴대폰으로 \"000에서 연 5.2%의 이자율로 대출을 하여 준다\"라는 내용의 문자메시지를 전송하도록 하였다.",
            "그 문자메시지를 확인하고 전화를 걸어온 피해자 F에게 \"2012.11.16. 2,000만 원이 대출되는데, 약속이행보증금 400만 원을 달라.대출이 되는 경우 약속이행금은 반환하여 주겠다\" 라고 이야기하였다.",
            "피고인은 이를 믿은 피해자 B로부터 같은 날 (주)G 명의로 된 000 예금계좌로 약속이행보증금 400만 원을 송금받은 것을 비롯하여 같은 달 5.경부터 2013.3.25.경까지 같은 장소에서 같은 방법으로 모두 13회에 걸쳐 합계 3,970만 원을 송금받았다.",
            "사실은 당시 피고인은 피해자들에게 당초 약정에 따른 저렴한 이자율로 대출을 하여 줄 의사나 능력이 전혀 없었다.",
            "이로써 피고인은 피해자들을 기망하여 피해자들로부터 재물을 교부받았다."
        ]
    },
    "dcss": {
        "courtDcss": [
            "콜센터를 운영하면서 대포통장을 활용하는 수법으로 불특정 다수의 피해자를 양산하여 죄질이 매우 중한 점 및 사기범죄에 대한 양형기준 등을 참작하여 상당한 기간의 징역형을 선택한다.",
            "다만 피고인이 일정 기간 구속되어 있었고 피해자 전원과 합의를 하였으며, 피고인에게 동종 전과가 없는 점 및 전체 피해금액의 규모가 3,970만 원인 점을 고려하여 집행을 유예하되, 상당한 기간의 보호관찰 및 사회봉사를 명하기로 한다."
        ]
    },
    "close": {
        "cnclsns": [
            "피고인을 징역 1년에 처한다.",
            "다만, 판결 확정일로부터 3년간 집행을 유예한다.",
            "피고인에 대하여 1년간의 보호관찰 및 120시간의 사회봉사를 명하기로 한다.",
            "압수된 증 제1 내지 9호를 몰수한다."
        ]
    }
}