{
    "info": {
        "caseField": "2",
        "detailField": "6",
        "trailField": "1",
        "caseNm": "배임",
        "courtNm": "대전지법",
        "judmnAdjuDe": "2014. 03. 07.",
        "caseNo": "2013고단3639",
        "relateLaword": [
            "형법 제355조 제2항",
            "민법 제107조 제1항",
            "민법 제124조",
            "민법 제565조",
            "형사소송법 제325조",
            "민법 제124조",
            "민법 제107조 제1항",
            "민법 제565조"
        ],
        "qotatPrcdnt": [
            "대법원 1993. 1. 19. 선고 92다31323 판결",
            "다(대법원 2006. 9. 14. 선고 2005다45537판결",
            "대법원 2011. 5. 13. 선고 2010도16391 판결",
            "대법원 1999. 4. 13. 선고 98도4022 판결"
        ]
    },
    "concerned": {
        "acusr": "4",
        "dedat": "1"
    },
    "org": {
        "orgJdgmnCourtNm": "",
        "orgJdgmnAdjuDe": "",
        "orgJdgmnCaseNo": ""
    },
    "disposal": {
        "disposalform": "10",
        "disposalcontent": [
            "피고인은 무죄"
        ]
    },
    "mentionedItems": {
        "rqestObjet": [
            "피고인은 2012. 2. 15. 공소외 2 회사의 이사 공소외 3에게 위 주식 34,479주를 3억 6,000만 원에 매도하는 내용의 주식매매계약을 체결하고 2012. 3. 19. 주주명부에 공소외 3을 주주로 등재함으로써 2억 4,000만 원 상당의 재산상 이익을 취득하고 피해자에 같은 액수의 손해를 가하였다."
        ]
    },
    "assrs": {
        "acusrAssrs": [],
        "dedatAssrs": [
            "제1 매매계약은 자신의 대리인 공소외 00의 쌍방대리 등을 이유로 효력이 없거나 적법하게 해제되었기에 제2 매매계약이 배임행위에 해당하지 않고, 배임의 고의도 없다."
        ]
    },
    "facts": {
        "bsisFacts": [
            "피고인은 2012. 1. 31.경 0000에서 피해자 공소외 000에 자신이 보유한 공소외 000의 주식 34,479주를 2억 4,000만 원에 매도하는 내용의 주식매매계약(이하 '제1 매매계약'이 라 한다)을 체결하고 계약금 명목으로 3,600만 원을 송금받은 후 2012. 2. 14. 잔금 2억 400만 원을 피해자로부터 송금받았기에 피해자에 주식명의개서절차를 이행할 의무가 있었다.",
            "피고인은 2012. 2. 15. 공소외 000의 이사 공소외 00에게 위 주식 34,479주를 3억 6,000만 원에 매도하는 내용의 주식매매계약(이하 '제2 매매계약'이라 한다)을 체결하고 2012. 3. 19. 주주명부에 공소외 00을 주주로 등재함으로써 2억 4,000만 원 상당의 재산상 이익을 취득하고 피해자에 같은 액수의 손해를 가하였다.",
            "공소외 00은 공소외 00 등으로부터 제1 매매계약의 잔금을 2012. 2. 13. 송금한다는 이야기를 듣고 피고인에게 이를 전달하였고, 피고인이 2012. 2. 13. 확인한 결과 잔금이 송금되지 않았다.",
            "피해자는 2012. 2. 14. 09:24경 금융기관으로부터 대출을 받아 피고인의 계좌로 잔금 2억 400만 원을 송금하였지만, 2012. 2. 15. 10:58경 피해자에게 잔금 2억 400만 원을 계좌이체로 반환하였고, 피해자는 같은 날 12:09경 피고인의 계좌로 2억 400만 원을 다시 송금한 후 곧바로 자신의 계좌에 대한 입금을 정지시켰다.",
            "피고인은 2012. 2. 15. 피해자에게 내용증명으로, ① 자신의 의사에 반하여 일방적으로 송금한 잔금을 반환한 사실, ② 민법제565조에 따른 계약금의 배액을 지급하려고 하였는데 피해자의 계좌가 폐쇄되어 반환하지 못한 사실, ③ 2012. 2. 16. 오전까지도 계좌가 폐쇄되어 있을 경우에는 공탁할 예정인 사실을 통지하였다."
        ]
    },
    "dcss": {
        "courtDcss": [
            "제1 매매계약은, ① 민법 제124조의 쌍방대리 금지 원칙에 위반되거나, ② 대리인인 공소외 00의 진의가 본인인 피고인의 이익,의사에 반하여 자기 또는 제3자인 피해자 측의 이익을 위한 배임적인 것에 해당하고, 그 상대방인 피해자 측이 이를 충분히 알고 있었기에 민법 제107조 제1항 단서의 유추해석상 대리권 남용행위에 해당되어, 어느 모로 보나 무효일 가능성이 높다.",
            "따라서 피고인이 피해자에 대한 관계에서 '타인의 사무를 처리할 지위'에 있음을 인정하기 어렵고, 달리 이를 인정할 증거도 없다.",
            "공소외 00은 형식상 피고인의 대리인이지만, 제1 매매계약 체결 전후 피해자 측과 긴밀히 논의하였고, 본건 수사에 관한 피해자측의 대책회의에 여러 번 참석하면서 수사 상황을 공유하며 이에 대한 대책을 마련하는 등 피고인의 이익이 아니라 피해자의 이익을 위해 행동한 흔적이 많이 나타난다.",
            "결국 공소외 00은 피고인의 주식을 매도하는 과정에서 피고인의 이익보다는 피해자의 이익을 고려하여 행동할 충분한 동기, 이유를 가지고 있었다.",
            "피해자는 피고인에게 2012. 2. 14. 금융기관으로부터 대출을 받아 잔금을 송금하였고, 이날에는 피고인 외 다른 주주들에게는 잔금을 송금하지도 않았다. ",
            "이는 피해자가 자금사정이 개선되지 않았음에도 잔금 지급을 독촉한 적도 없는 피고인에게 기한의 이익을 포기해서라도 잔금을 지급해야 할 급박한 사정이 있었음을 의미한다.",
            "이때의 '급박한 사정'이란 피고인이 제1 매매계약을 해제하려는 조짐을 인지한 것이므로, 피해자의 잔금 송금행위는 피고인의 해제권을 소멸·저지시키고자 한 것일 뿐 통상의 계약 이행행위로 보기도 어렵다.",
            "피고인이 피해자에 '주식명의개서절차를 이행할 의무'가 '타인의 사무'에 해당됨을 전제로 하지만, 피고인이 타인의 사무로서 '피해자에 주식명의개서절차를 이행할 의무'를 처리할 지위에 있다고 보기 어렵고, 달리 이를 인정할 증거도 없다.",
            "피고인은 2012. 2. 13. 공소외 00의 편지를 받고서 피해자가 공소외 000의 경영권장악을 목적으로 제1 매매계약을 체결한 사실과 그 과정에서 공소외 00 역시 위임인인 자신의 이익이 아니라 피해자의 이익을 도모하였다는 정황을 인식하였던 것으로 보이고, 이에 대해 강력히 항의하면서 계약 해제의 의사와 함께 송금된 잔금을 즉시 반환하고 내용증명을 발송하는 등의 조치를 취하였다.",
            "이러한 일련의 과정을 통해 피고인이 제1 매매계약이 해제되었다고 생각할 만한 충분한 근거가 있었거나 적어도 검사가 제출한 증거만으로는 피고인이 배임행위를 하였다고 볼 만한 징표와 어긋나는 사실의 의문점이 해소되지 않았다고 보이므로, 배임죄의 고의를 인정하기에 부족하다."
        ]
    },
    "close": {
        "cnclsns": [
            "이 사건 공소사실은 어느 모로 보나 범죄의 증명이 없는 때에 해당하여, 형사소송법 제325조 후단에 따라 무죄를 선고한다."
        ]
    }
}