{
    "info": {
        "caseField": "2",
        "detailField": "6",
        "trailField": "1",
        "caseNm": "성폭력범죄의처벌등에관한특례법위반(강간등치상), 아동,청소년의성보호에관한법률위반(성착취물제작,배포등), 아동,청소년의성보호에관한법률위반(성착취물소지등), 주거침입, 부착명령, 보호관찰명령",
        "courtNm": "인천지방법원",
        "judmnAdjuDe": "2021. 08. 20.",
        "caseNo": "2021고합434",
        "relateLaword": [
            "성폭력범죄의 처벌 등에 관한 특례법 제8조",
            "성폭력범죄의 처벌 등에 관한 특례법 제7조",
            "형법 제319조",
            "아동,청소년의 성보호에 관한 법률 제11조",
            "형법 제37조",
            "형법 제38조",
            "형법 제50조",
            "형법 제53조",
            "형법 제55조",
            "아동,청소년의 성보호에 관한 법률 제21조",
            "전자장치 부착 등에 관한 법률 제21조",
            "전자장치 부착 등에 관한 법률 제9조",
            "아동,청소년의 성보호에 관한 법률 제49조",
            "아동,청소년의 성보호에 관한 법률 제50조",
            "구 아동,청소년의 성보호에 관한 법률(2020. 12. 8. 법률 제17641호로 개정되기 전의 것) 제56조",
            "장애인복지법 제59조",
            "형법 제48조",
            "성폭력범죄의 처벌 등에 관한 특례법 제42조",
            "성폭력범죄의 처벌 등에 관한 특례법 제43조"
        ],
        "qotatPrcdnt": [
            "대법원 2010. 12. 9. 선고 2010도7410, 2010전도44 판결"
        ]
    },
    "concerned": {
        "acusr": "4",
        "dedat": "1"
    },
    "org": {
        "orgJdgmnCourtNm": "",
        "orgJdgmnAdjuDe": "",
        "orgJdgmnCaseNo": ""
    },
    "disposal": {
        "disposalform": "6",
        "disposalcontent": [
            "피고인을 징역 8년에 처한다.",
            "피고인에 대한 정보를 10년간 공개 및 고지한다.",
            "다만, 대상 성범죄의 요지는 판시 성폭력범죄의처벌등에관한특례법위반(강간등치상)죄, 아동,청소년의성보호에관한법률위반(성착취물제작,배포등)죄 및 아동,청소년의성보호에관한법률위반(성착취물소지등)죄에 한한다.",
            ".피고인에게 아동,청소년 관련기관 등과 장애인복지시설에 각 10년간 취업제한을 명한다.",
            "피보호관찰명령청구자에게 5년간 보호관찰을 받을 것을 명하고, 별지1 기재 준수사항을 부과한다.",
            "압수된 증 제1호(0 휴대전화기), 증 제2호(유심칩) 및 증 제8호(동영상 파일)를 각 몰수한다.",
            "이 사건 부착명령청구를 기각한다."
        ]
    },
    "mentionedItems": {
        "rqestObjet": [
            "피고인을 징역 8년에 처한다.",
            "피고인에 대한 정보를 10년간 공개 및 고지한다.",
            "다만, 대상 성범죄의 요지는 판시 성폭력범죄의처벌등에관한특례법위반(강간등치상)죄, 아동,청소년의성보호에관한법률위반(성착취물제작,배포등)죄 및 아동,청소년의성보호에관한법률위반(성착취물소지등)죄에 한한다.",
            "피고인에게 아동,청소년 관련기관 등과 장애인복지시설에 각 10년간 취업제한을 명한다.",
            "피보호관찰명령청구자에게 5년간 보호관찰을 받을 것을 명하고, 별지1 기재 준수사항을 부과한다.",
            "압수된 증 제1호(0 휴대전화기), 증 제2호(유심칩) 및 증 제8호(동영상 파일)를 각 몰수한다.",
            "이 사건 부착명령청구를 기각한다."
        ]
    },
    "assrs": {
        "acusrAssrs": [
            "피고인은 19세 미만의 사람에 대하여 성폭력 범죄를 저질렀괴, 범행 경위와 방법, 피고인의 성향 및 과거 범죄전력 등에 비추어 피고인은 성폭력 범죄를 다시 범할 위험성이 있으므로 위치추적 전자장치의 부착명령을 부과할 필요가 있다."
        ],
        "dedatAssrs": []
    },
    "facts": {
        "bsisFacts": [
            "피고인은 2021.2.경 피해자 B(가명, 여, 10세)이 개설한 휴대전화 메신저 '0' 의 '오픈채팅방' 을 통해 피해자를 알게 되어 고등학생이라고 피해자를 속이고 연락 을 주고받으면서 친분을 쌓다가, 사건 당일 피해자의 부모가 외출한 사실을 알고 피해자의 집으로 찾아가 피해자를 강간하기로 마음먹었다.",
            "피고인은 2021.4.24.20:30경 0000에 있는 피해자의 집으로 들어가 학교 후배인 C(여, 9세)과 놀고 있는 피해자에게 할 말이 있다면서 피해자의 손을 붙잡고 안 방으로 데리고 가 방문을 잠그고 불을 끈 다음, 피해자에게 옷을 모두 벗게 하고 누워있던 피해자의 몸 위로 올라가 피해자의 음부에 피고인의 성기를 삽입하여 강간하고, 그 과정에서 피해자에게 약 2주간의 치료가 필요한 자궁경부 열상, 하혈 등의 상해를 가하였다",
            "이로써 피고인은 13세 미만인 피해자를 강간하여 상해를 가하고, 피해자 및 그 부모의 주거의 사실상 평온을 해하였다.",
            "피고인은 2021.3.18.01:16경 0000 D에 있는 피고인의 주거지에서, 제1항 과 같이 알게 된 피해자 B(가명, 여, 10세)과 0 페이스톡 기능을 이용하여 영상 통화를 하다가 피해자에게 자위행위를 할 것을 지시하여 피해자로 하여금 옷을 벗고 음부 부위를 만지고 손가락과 형광펜을 음부에 집어넣도록 하였다.",
            "스마트폰 화면 녹 화 기능을 가진 어플인 0 를 이용하여 위 모습을 녹화하여 아동·청소년 성착취물을 피고인의 스마트폰에 저장,소지한 것을 비롯하여, 그때부터 2021.4.11.경까지 같은 방법으로 별지2 범죄일람표 기재와 같이 총 7개의 아동·청소년성착취물을 제작하고 소지하였다.",
            "피고인은 판시 범죄사실 기재와 같이 성폭력 범죄를 저질렀고, 범행 경위와 수법, 피고인의 성행 등에 비추어 성폭력 범죄를 다시 범할 위험성이 있다."
        ]
    },
    "dcss": {
        "courtDcss": [
            "피고인은 피해자에게 휴대전화 메신저를 통해 접근하여 피해자와 친분을 쌓고, 피 해자로 하여금 피고인과의 화상통화 중 음란한 행위를 하게 하여 이를 녹화하고 해당 파일을 소지한 데에서 나아가, 직접 피해자의 주거에까지 찾아가 피해자를 강간하여 상해를 입히기까지 하였다.",
            "이처럼 이 사건 각 범행의 방법이 상당히 대담하고, 피고인 은 이를 통하여 아직 정신적.신체적으로 미성숙하여 판단능력 및 자기방어능력이 충 분히 형성되어 있지 않은 10세의 나이 어린 피해자를 자신의 성적 욕구를 채우는 수단 으로 삼았다는 점에서 그 죄책이 무겁다.",
            "이 사건 각 범행으로 인하여 피해자의 육체 적,정신적인 성장과 올바른 성적 가치관 형성에 상당히 큰 악영향이 발생하였을 것으 로 보이고, 피해자가 입은 정신적 피해 또한 매우 커 보인다.",
            "피고인은 과거에 아동,청 소년에 대한 성범죄로 징역형으로 처벌받은 전력이 있다.",
            "다만 피고인은 이 사건 각 범행과 그에 따른 책임을 인정하고 있다.피고인은 피해 자의 법정대리인과 형사합의를 하였고, 위 피해자 측이 피고인의 처벌을 원하지 않고 있다.",
            "그밖에 피고인의 나이, 성행, 환경, 범행의 동기, 수단과 결과, 범행 후의 정황 등 여러 양형요소들을 종합하여 주문과 같은 형을 정한다",
            "피고인은 19세 미만의 사람에 대하여 성폭력 범죄를 저질렀괴, 범행 경위와 방법, 피고인의 성향 및 과거 범죄전력 등에 비추어 피고인은 성폭력 범죄를 다시 범할 위험성이 있으므로 위치추적 전자장치의 부착명령을 부과할 필요가 있다.",
            "이 법원이 적법하게 채택하여 조사한 증거들에 의하여 인정되는 다음과 같은 사정들에 비추어 보면, 검사가 제출한 증거만으로는 피고인에게 형 집행 종료 후에 보호관 찰을 받을 것을 명하는 외에 위치추적 전자장치의 부착까지 부과할 필요성이 있을 정 도로 장래에 성폭력 범죄를 다시 범하여 법적 평온을 깨뜨릴 상당한 개연성이 있다고 인정하기 어렵다.",
            "이 사건 각 범행 전에 피해자와 피고인 간에 별다른 친분 관계가 있었던 것은 아니나, 피고인이 휴대전화 메신저를 통해 피해자에게 접근하여 피해자와 온라인으로 교류를 하게 되면서 이 사건 각 범행에 이르게 된 것으로서, 피고인에게 불특정 다수 를 상대로 한 성범죄의 습벽이 있다고 단정하기는 어렵다.",
            "이 판결이 확정되면, 피고인에 대한 상당한 기간의 징역형 집행이 예상된다.이에 더하여 피고인에게 보호관찰명령과 그 준수사항으로 성폭력 치료프로그램의 이수, 신상정보등록, 공개 및 고지, 취업제한 등을 명하는 것만으로도 피고인의 재범을 방지 하고 왜곡된 성적 충동과 그릇된 성행을 교정하는 효과를 거둘 수 있을 것으로 보인다."
        ]
    },
    "close": {
        "cnclsns": [
            "피고인을 징역 8년에 처한다.",
            "피고인에 대한 정보를 10년간 공개 및 고지한다.다만, 대상 성범죄의 요지는 판시 성폭력 범죄의 처벌 등에 관한 특례법 위반(강간등치상)죄, 아동·청소년의 성보호에 관한 법률 위반(성착취물제작·배포등)죄 및 아동·청소년의 성보호에 관한 법률 위반(성착취물소지등)죄에 한한다.",
            "피고인에게 아동·청소년 관련기관 등과 장애인복지시설에 각 10년간 취업제한을 명한다.피보호관찰명령청구자에게 5년간 보호관찰을 받을 것을 명하고, 별지1 기재 준수사항을 부과한다.",
            "압수된 증 제1호(갤럭시 S10 휴대전화기), 증 제2호(유심칩)및 증 제8호(동영상 파일)를 각 몰수한다.",
            "이 사건 부착명령청구를 기각한다."
        ]
    }
}