{
    "info": {
        "caseField": "2",
        "detailField": "6",
        "trailField": "1",
        "caseNm": "성폭력범죄의처벌등에관한특례법위반(공중밀집장소에서의추행)",
        "courtNm": "의정부지방법원 고양지원",
        "judmnAdjuDe": "2015. 12. 30.",
        "caseNo": "2015고단2909",
        "relateLaword": [
            "성폭력범죄의 처벌 등에 관한 특례법 제11조",
            "형법 제70조",
            "형법 제69조",
            "형법 제59조",
            "성폭력범죄의 처벌 등에 관한 특례법 제42조",
            "성폭력범죄의 처벌 등에 관한 특례법 제43조",
            "성폭력범죄의 처벌 등에 관한 특례법 제47조",
            "성폭력범죄의 처벌 등에 관한 특례법 제49조",
            "아동,청소년의 성보호에 관한 법률 제49조",
            "아동,청소년의 성보호에 관한 법률 제50조"
        ],
        "qotatPrcdnt": [
            "대법원 2014. 11. 13. 선고 2014도3564 판결"
        ]
    },
    "concerned": {
        "acusr": "4",
        "dedat": "1"
    },
    "org": {
        "orgJdgmnCourtNm": "",
        "orgJdgmnAdjuDe": "",
        "orgJdgmnCaseNo": ""
    },
    "disposal": {
        "disposalform": "8",
        "disposalcontent": [
            "피고인에 대한 형의 선고를 유예한다."
        ]
    },
    "mentionedItems": {
        "rqestObjet": [
            "피고인은 공중밀집장소인 전동차 안에서 피해자를 추행하였다."
        ]
    },
    "assrs": {
        "acusrAssrs": [],
        "dedatAssrs": []
    },
    "facts": {
        "bsisFacts": [
            "피고인은 2015.9.7.08:25경 0000에 있는 지하철 9호선 0역을 운행하는 전동차 안에서, 밀집한 승객들 틈에 서 있는 피해자 C(여, 23세)의 등 뒤에 밀착하여 성기 부분을 피해자의 엉덩이에 대고 밀면서 비벼대는 방법으로 0역에 도착할 때까지 약 2분간에 걸쳐 공중밀집장소인 전동차 안에서 피해자를 추행하였다."
        ]
    },
    "dcss": {
        "courtDcss": [
            "피고인이 이 사건 범행을 인정하면서 재범방지를 위하여 성폭력예방교육을 이수하는 등 반성하는 태도를 보이는 점, 이 사건 추행의 정도가 그렇게 중하지는 않고, 피고인이 피해자와 합의하여 피해자로부터 용서를 받은 점, 피고인이 범죄전력 없는 초범인 점, 그밖에 피고인의 연령, 성행, 가족관계, 범죄전력, 이 사건의 경위, 그 이후의 경과 등 참작한다.",
            "등록대상 성범죄인 판시 범죄사실에 관하여 피고인에 대한 유죄판결이 확정되는 경우 피고인은 성폭력 범죄의 처벌 등에 관한 특례법 제42조 제1항의 신상정보 등록대상자가 되므로, 같은 법 제43조에 따라 관할기관에 신상정보를 제출할 의무가 있다.",
            "다만 피고인에 대한 선고유예 판결이 확정된 후, 선고유예가 실효됨이 없이 2년이 경과하여 면소된 것으로 간주되면 등록대상자로서 신상정보를 체출할 의무를 면한다(대법원 2014.11.13.선고 2014도3564 판결 참조).",
            "피고인의 나이, 직업, 재범위험성, 이 사건 범행의 종류, 동기, 범행과정, 결과 및 죄의 경중, 공개명령 또는 고지명령으로 인하여 피고인이 입을 불이익의 정도와 예상되는 부작용, 그로 인해 달성할 수 있는 등록대상 성폭력 범죄의 예방효과, 피해자 보호 효과등을 종합적으로 고려하여 볼 때 신상정보를 공개 고지하여서는 아니 될 특별한 사정이 있다고 판단되므로, 피고인에 대하여 공개명령 또는 고지명령을 선고하지 아니한다."
        ]
    },
    "close": {
        "cnclsns": [
            "피고인에 대한 형의 선고를 유예한다."
        ]
    }
}