{
    "info": {
        "caseField": "2",
        "detailField": "6",
        "trailField": "1",
        "caseNm": "절도",
        "courtNm": "청주지방법원",
        "judmnAdjuDe": "2019. 04. 03.",
        "caseNo": "2019고단124",
        "relateLaword": [
            "형사소송법 제325조",
            "형법 제58조"
        ],
        "qotatPrcdnt": []
    },
    "concerned": {
        "acusr": "4",
        "dedat": "1"
    },
    "org": {
        "orgJdgmnCourtNm": "",
        "orgJdgmnAdjuDe": "",
        "orgJdgmnCaseNo": ""
    },
    "disposal": {
        "disposalform": "10",
        "disposalcontent": [
            "피고인은 무죄이다.",
            "이 사건 공소사실은 범죄의 증명이 없는 경우에 해당한다."
        ]
    },
    "mentionedItems": {
        "rqestObjet": [
            "피고인은 식2018. 10. 03. 13:25경 0000 B에 있는 C식당 내에서 피해자 D이 운동화를 멋어 놓고 가족들과 식사를 하고 있는 틈을 타, 식사를 하고 먼저 나가면서 입구에 놓여져 있는 피해자의 시가 68,000원 상당 검정색 리복 운동화를 자신의 것처럼 신고 가는 방법으로 절취하였다."
        ]
    },
    "assrs": {
        "acusrAssrs": [],
        "dedatAssrs": [
            "피고인이 피해자 소유의 운동화를 신고 간 것은 사실이나 그 운동화를 자신의 것으로 오인하여 신고 간 것이라고 주장한다."
        ]
    },
    "facts": {
        "bsisFacts": [
            "피고인은 2018.10.03.13:25경 0000에 있는 '0' 내에서 피해자 00(42세, 여)이 입구에 운동화를 벗어 놓고 가족들과 식사를 하고 있는 틈을 타, 식사를 하고 먼저 나가면서 입구에 놓여져 있는 피해자의 시가 68,000원 상당 검정색 리복 운동화를 자신의 것처럼 신고 가는 방법으로 절취하였다."
        ]
    },
    "dcss": {
        "courtDcss": [
            "피해자의 운동화가 피고인의 발 크기에 비례하여 5~10mm 정도 작은 사이즈인 점, 피고인은 피해자의 운동화가 어디에 있는지 기억나지 않는다고 하면서 반환하지 아니하였다.",
            "식당에 벗어놓고 간 피고인 소유의 운동화가 자신의 것이 아니라고 진술하기도 한 점 등 다소 의심이 드는 정황이 있으나, 이 사건 기록에 의하여 알 수 있는 다음과 같은 사정들에 비추어보면, 검사가 제출한 증거만으로는 피고인이 이 사건 운동활르 신고 갈 당시 이 사건 운동화가 남의 것이라는 사실을 인식하고 있었다고 단정하기 어렵다고 할 것이고 달리 절취의 고의를 인정할만한 증거가 없다.",
            "피고인이 이 사건 당시 공소사실 기재 식당에 벗어놓고 간 운동화와 피해자의 운동화는 밑창 부분이 흰색으로 된 끈이 있는 검정색 운동화로 외관이 매우 비슷하다.",
            "피고인은 이 사건 당시 술을 마신 상태였으므로, 자신이 신은 운동화의 크기가 5~10mm 정도 작다는 것을 알아채지 못하였을 수 있다.",
            "피고인은 동종 전력이 없고, 그 주장에 의하면 남편의 수입이 생활하기에 충분하다는 것이며, 피고인의 발 크기에 비하여 다소 작은 피해자의 운동화가 피고인에게 효용이 크다고 보기도 어려우므로 특별히 이 사건 운동화를 절취할 이유나 동기를 찾아 보기 어렵다."
        ]
    },
    "close": {
        "cnclsns": [
            "피고인은 무죄이다."
        ]
    }
}