{
    "info": {
        "caseField": "2",
        "detailField": "6",
        "trailField": "1",
        "caseNm": "특수폭행치상",
        "courtNm": "서울동부지방법원",
        "judmnAdjuDe": "2017. 10. 16.",
        "caseNo": "2017고단1891",
        "relateLaword": [
            "형법 제70조",
            "형법 제69조",
            "형사소송법 제334조 ",
            "형법 제262조",
            "형법 제261조",
            "형법 제257조"
        ],
        "qotatPrcdnt": []
    },
    "concerned": {
        "acusr": "4",
        "dedat": "1"
    },
    "org": {
        "orgJdgmnCourtNm": "",
        "orgJdgmnAdjuDe": "",
        "orgJdgmnCaseNo": ""
    },
    "disposal": {
        "disposalform": "9",
        "disposalcontent": [
            "피고인을 벌금 1,500,000원에 처한다. ",
            "피고인이 위 벌금을 납입하지 아니하는 경우 100,000원을 1일로 환산한 기간 피고인을 노역장에 유치한다.",
            "위 벌금에 상당한 금액의 가납을 명한다."
        ]
    },
    "mentionedItems": {
        "rqestObjet": [
            "피고인을 벌금 1,500,000원에 처한다. ",
            "피고인이 위 벌금을 납입하지 아니하는 경우 100,000원을 1일로 환산한 기간 피고인을 노역장에 유치한다.",
            "위 벌금에 상당한 금액의 가납을 명한다."
        ]
    },
    "assrs": {
        "acusrAssrs": [],
        "dedatAssrs": []
    },
    "facts": {
        "bsisFacts": [
            "피고인은 2016.12.04.16:56경 (차량번호 생략)0 승용차를 운전하여 0000 앞 편도 1차로의 도로를 진행 중 하던 중 앞에서 자전거를 타고 가던 피해자 공소외인(15세)이 경적을 울려도 길을 비켜주지 않고 욕을 하였다는 이유로 시비하여 중앙선을 좌측으로 넘어 피해자의 자전거를 추월한 후 다시 중앙선을 우측으로 넘어 자전거 앞으로 승용차의 진로를 변경한 후 급하게 정차하여 충돌을 피하려는 피해자의 자전거를 땅바닥에 넘어지게 하였다.",
            "이로써 피고인은 위험한 물건인 자동차를 이용하여 피해자를 폭행하여 약 2주간의 치료가 필요한 우측 족관절부 염좌 등 상해에 이르게 하였다."
        ]
    },
    "dcss": {
        "courtDcss": [
            "형법 제262조, 제261조, 제257조 제1항(벌금형 선택)"
        ]
    },
    "close": {
        "cnclsns": [
            "피고인을 벌금 1,500,000원에 처한다.",
            "피고인이 위 벌금을 납입하지 아니하는 경우 100,000원을 1일로 환산한 기간 피고인을 노역장에 유치한다.",
            "위 벌금에 상당한 금액의 가납을 명한다."
        ]
    }
}