{
    "info": {
        "caseField": "2",
        "detailField": "6",
        "trailField": "1",
        "caseNm": "업무상횡령, 특정경제범죄가중처벌등에 관한 법률위반(배임), 사문서위조, 위조사문서행사",
        "courtNm": "서울중앙지방법원",
        "judmnAdjuDe": "2017. 12. 22.",
        "caseNo": "2017고합575",
        "relateLaword": [
            "구 특정경제범죄 가중처벌 등에 관한 법률(2016. 1. 6. 법률 제13719호로 개정되기 전의 것)제3조",
            "형법 제356조",
            "형법 제355조",
            "형법 제231조",
            "형법 제234조",
            "형법 제37조",
            "형법 제38조",
            "형법 제50조",
            "형법 제53조",
            "형법 제55조"
        ],
        "qotatPrcdnt": [
            "대법원 2008. 3. 27. 선고 2007도7761 판결",
            "대법원 2004. 7. 9. 선고 2004도810 판결"
        ]
    },
    "concerned": {
        "acusr": "4",
        "dedat": "1"
    },
    "org": {
        "orgJdgmnCourtNm": "",
        "orgJdgmnAdjuDe": "",
        "orgJdgmnCaseNo": ""
    },
    "disposal": {
        "disposalform": "6",
        "disposalcontent": [
            "피고인을 징역 4년에 처한다."
        ]
    },
    "mentionedItems": {
        "rqestObjet": [
            "피고인을 징역 4년에 처한다. "
        ]
    },
    "assrs": {
        "acusrAssrs": [],
        "dedatAssrs": [
            "이 사건 각 소급계약서는 피고인과 I의 대표이사인 G 사이에 이 사건 각 공급계약 당시 구두로 체결되었던 위약금약정을 문서화하여 확인한 것에 불과하며, 피고인은 평소에도 피해회사에서 자동차 무역에 관한 모든 권한을 위임받아 행사하였다.",
            "따라서 이 사건 각 소급계약서는 피고인이 그 권한 범위 안에서 작성한 것으로서 위조가 아니며, 피해회사의 임무를 위배하여 손해를 가한 경우에 해당하지 않는다."
        ]
    },
    "facts": {
        "bsisFacts": [
            "피고인은 0000 E빌딩에 있는 피해자 주식회사 F(이하 '피해회사'라 한다)무역 2부장으로 근무하였던 사람이고 G은 0000 H, 604호에 있는 주식회사 I(이하 'I'이라 한다)의 대표이사로 근무하는 사람이다.",
            "피해회사는 I으로부터, I이 000로부터 공급받은 차량을 재차 공급을 받아 이를 국내외 중개 업체에 판매하였다.",
            "I은 2012.2.17.경 000로부터 000 모델 차량 40대, 같은 해 3.9.경 000 60대 총 100대를 공급받는 계약을 체결한 후, 2012.4.26.경, 같은 해 5.9.경, 5.23경.3회에 걸쳐 위 100대의 차량을 모두 피해회사에 공급하는 계약(이하 '이 사건 J 차량 공급계약'이라 한다)을 체결하였다.",
            "이후 I은 2012.10.30.경, 같은 해 11.27.경, 같은 해 12.28.경 000로부터 공급받은 000 차량 102대를 3회에 걸쳐 피해회사에 공급하는 계약을 체결하였다(이하 '이 사건 K 차량 공급계약'이라 하고, 이 사건 J 차량 공급계약과 통틀어 '이 사건 각 공급계약'이라 한다).",
            "G은 2013년 1월경 000로부터 피해회사를 통해 수출된 차량 중 일부가 수출 지정국인 필리핀, 아랍에미리트(UAE)가 아닌 제3국으로 수출된 사실에 대하여 000로부터 주의 통보를 받고, 이에 피고인에게 위와 같이 피해회사와 I 사이에 작성된 수출물품 공급계약서에 수출지정국이 아닌 제3국에 수출된 차량에 대하여 공급가액 100% 또는 50%의 위약벌을 지급하는 내용을 기재하여 소급계약서를 작성해 달라고 요청하고, 피고인은 이에 응하였다.",
            "피고인은 2013년 3월경 피해회사 사무실에서 정당한 권한 범위를 넘어 임의로 2012.4.26.자 000 15대, 000 29대에 관한 수출물품 공급계약서, 2012.5.9.자 000 19대, 000 11대에 관한 수출물품 공급계약서, 2012.5.23.자 000 26대에 관한 수출물품 공급계약서 및 2012.10, 30.자 000 130대에 관한 수출물품 공급계약서(이하 '이 사건 각 공급계약서'라 한다)에 ",
            "행사할 목적으로 권한 없이 기존 계약서에 기재되어 있지 않은 제3국에 판매된 차량에 대하여 매매대금의 100% 또는 50%를 위약벌로 부과한다는 내용을 추가한 후 피해 회사의 인감을 날인하여 피해회사 명의의 소급계약서인 수출물품 공급계약서 총 4장(이하 '이 사건 각 소급계약서'라 한다)을 작성하여 이를 위조하고, 같은 일시, 장소에서 위와 같이 위조한 이 사건 각 소급계약서를 I에 등기로 송부하여 이를 행사하였다.",
            "피고인은 위 제1항과 같이 피해회사의 무역 2부장으로서 자동차 무역업무에 종사하면서 피해회사의 이익을 위해 계약체결 등을 하고 피해회사의 재산을 보호 및 관리할 임무가 있는 사람이다.",
            "피고인은 I에 위약벌에 해당하는 약 7,527.130,160원 상당의 이득을 취득하게 하고 피해회사에 동액 상당의 손해를 가하였다.",
            "피고인은 2011.2.23.경 L의 실운영자인 M와 000 차량 32대에 관한 베트남향 수출대행 계약을 체결하고, M는 베트남에 있는 회사에 위 차량을 모두 판매하였다.",
            "M는 차량 판매대금 547,203,200원을 위 베트남 회사로부터 모두 받았음에도 그중 120,481,000원만 피고인에게 지급하고 나머지 426,722,200원을 지급하지 아니하였고, 피고인은 피해회사에 통보하지 아니한 채 M를 사기죄로 수사기관에 형사고발하였고 합의금 명목으로 10,000,000원 등을 받는 조건으로 2012.12.3.경 M에게 합의서 및 처벌불원서를 작성하여 주었다.",
            "피고인은 2012.12.3.경 위와 같이 형사고발건에 관하여 합의금 명목으로 10,000,000원을 교부받아 피해회사를 위하여 업무상 보관하던 중 그 무렵 개인적인 채무변제 명목으로 N에게 10,000,000원을 교부하여 횡령하였다."
        ]
    },
    "dcss": {
        "courtDcss": [
            "범죄사실에 대한 해당법조 및 형의 선택 구 특정경제범죄 가중처벌 등에 관한 법률(2016.1.6.법률 제13719호로 개정되기전의 것, 이하 같다)제3조 제1항 제1호, 형법 제356조, 제355조 제2항(업무상 배임 의 점, 포괄하여), 각 형법 제231조(사문서위조의 점), 각 형법 제234조, 제231조(위조사문서 행사의 점), 형법 제356조, 제355조 제1항(업무상 횡령의 점), ",
            "특정경제범죄 가중처벌등에관한법률위반(배임)죄에 대하여 유기징역형을, 나머지 각 죄에 대하여 징역형을 각 선택",
            "피고인이 피해회사를 대행하여 이 사건 각 소급계약서를 작성할 권한이 없었던 것으로 판단되므로, 이에 반하는 피고인의 위 주장을 받아들이지 아니한다.",
            "한편 이 사건 각 소급계약서의 내용은 이 사건 차량의 수출국과 최종 판매처를 제한하고(제2조 제1항, 제5조)이를 위반한 경우 피해회사가 I에 차량 1대당 공급가액의 100 또는 50%에 해당하는 금액을 위약금으로 지급할 의무를 부담하는 것이었다.",
            "피고인이 판시 범죄사실 기재와 같이 피해회사의 임무를 위배하여 이 사건 각 소급계약서를 위조하여 행사함으로써 적어도 I에 75억여 원 상당의 이득을 취득하게 하고 피해회사에 위 금액 상당의 손해를 가한 점을 충분히 인정할 수 있으므로, 이에 반하는 피고인의 위 주장을 받아들이지 아니한다.",
            "피고인은 이 사건 무렵 피해회사의 무역2부장으로서 자동차 수출업무에 관한 거래업체 선정이나 거래조건의 협상 등 주도적인 역할을 담당하였다",
            "따라서 피고인은 내부규정을 준수하여 피해회사의 업무를 처리하여야 함은 물론이고 그러한 업무를 처리하는 과정에서 피해회사에 손해가 발생하지 아니하도록 할 업무상 의무가 있었다.",
            "피고인이 주장하는 사유나 제출한 증거들만으로 위약금에 관한 구두약정이 있었다고 보기 어렵다.",
            "설령 피고인 주장과 같이 구두에 의한 위약금약정이 있었다고 가정하더라도 그 내용이 위와 같이 피해회사에 매우 중대한 의무를 부담시키는 것인 이상 그 약정에 있어서는 별도로 보고절차를 거쳐 대표이사 등의 승인을 받아야 하는데도 피고인은 이러한 보고절차를 거치지 않았으므로 그러한 구두약정 자체도 권한 없이 체결한 것으로서 무효로 보인다.",
            "피고인의 위와 같은 임무위배행위는 피고인이 권한 없이 피해회사를 대리(대행)하여 행한 것이기는 하지만 피고인의 지위나 평소 업무처리 방식, 이 사건 각 공급계약 체결의 경위나 과정, 이 사건 각 소급계약서의 형식과 작성 경위 및 피고인의 권한 보유 여부에 관한 외부의 인식 가능성 등에 비추어 볼 때 피해 회사에 표현대리 책임이나 사용자책임이 인정될 여지가 적지 않다.",
            "설령 이 사건 차량 중 일부는 피고인이 피해회사의 업무에서 배제된 이후에 수출된 것이라고 하더라도 이는 범죄성립 이후의 사정에 불과하여 위와 같은 결론에는 아무런 영향이 없다.",
            "이 사건 각 소급계약서를 작성하기 전인 2012년 9월경부터 2013년 2월경 사이에 피고인이 G으로부터 이 사건 차량이 수출지정국이 아닌 러시아, 캄보디아 등지에 수출되었다면서 000가 I에 위약금 지급을 요구한다는 내용의 항의를 수차례 받은 점 등을 더하여 고려하면 적어도 피고인은 이 사건 각 소급계약서를 위조하여 I에 교부하는 경우 피해회사에 위약금 상당의 재산상 손해가 발생하거나 발생할 염려가 있다는 것을 알수 있었다고 판단된다.",
            "그로 인하여 I가 같은 금액 상당의 이득을 얻는다는 점을 쉽게 알 수 있었을 것으로 판단된다.",
            "설령 피고인이 이 사건 각 소급계약서를 작성함에 있어 위와 같은 내용의 의도가 있었거나 기대를 가졌다고 하더라도 피고인의 배임 범의를 부정할 만한 사유가 되지는 못한다(나아가 관련 증거에 비추어 보더라도 위와 같이 G이 이 사건 각 소급계약서에 기초한 위약금 청구를 실제로 하지 않을 것이라는 피고인의 기대가 합리적이라고 보이지도 않는다).",
            "피고인은 피해회사의 자동차무역 담당 부장으로서 피해회사를 위하여 업무를 처리하여야 할 임무가 있었음에도 피해회사의 결재 절차를 무시하고 합리적 이유 없이 거래업체에 거액의 위약금 지급을 약정하는 내용의 수출계약서를 위조하였고, 그 결과 피해회사는 1심 패소금액만 88억여 원에 이르는 거액의 재산상 손해 를 입게 되었다.",
            "또한, 자신의 업무처리 과정에서 피해회사를 위해 보관하게 된 1,000만원을 횡령하기도 하였다.",
            "피고인은 수사기관에서부터 이 법정에 이르기까지 납득하기 어려운 변명을 대며 범행을 부인하는 등 반성하는 모습을 보이지 않고 있고 피해회사의 피해를 회복하기 위한 노력조차 하지 않고 있다.",
            "피고인이 이 사건 각 범행으로 취득한 이익은 많지 않은 것으로 보이고, 피고인이 이 사건 차량을 수출지정국이 아닌 곳으로 수출한 것은 피해회사의 이익을 도모하기 위한 측면도 있어 피고인의 범행 경위에 다소 참작할 만한 점이 있다."
        ]
    },
    "close": {
        "cnclsns": [
            "피고인을 징역 4년에 처한다."
        ]
    }
}