{
    "info": {
        "caseField": "2",
        "detailField": "6",
        "trailField": "1",
        "caseNm": "과실치상",
        "courtNm": "청주지방법원",
        "judmnAdjuDe": "2013. 12. 19.",
        "caseNo": "2013고정860",
        "relateLaword": [
            "형법 제266조",
            "형법 제70조",
            "형법 제69조",
            "형사소송법 제334조"
        ],
        "qotatPrcdnt": []
    },
    "concerned": {
        "acusr": "4",
        "dedat": "1"
    },
    "org": {
        "orgJdgmnCourtNm": "",
        "orgJdgmnAdjuDe": "",
        "orgJdgmnCaseNo": ""
    },
    "disposal": {
        "disposalform": "9",
        "disposalcontent": [
            "피고인을 벌금 700,000원에 처한다.",
            "피고인이 위 벌금을 납입하지 아니하는 경우 50,000원을 1일로 환산한 기간 피고인을 노역장에 유치한다.",
            "위 벌금에 상당한 금액의 가납을 명한다."
        ]
    },
    "mentionedItems": {
        "rqestObjet": [
            "피고인을 벌금 700,000원에 처한다.",
            "피고인이 위 벌금을 납입하지 아니하는 경우 50,000원을 1일로 환산한 기간 피고인을 노역장에 유치한다.",
            "위 벌금에 상당한 금액의 가납을 명한다. "
        ]
    },
    "assrs": {
        "acusrAssrs": [],
        "dedatAssrs": []
    },
    "facts": {
        "bsisFacts": [
            "피고인은 2013.2.23.21:00경 0000 C에 있는 D 스키장 골드 벨리 슬로프 7번 지점에서 스노우보드를 타고 아래로 내려가고 있었다.",
            "당시 위 슬로프를 이용하는 이용객이 많았고 피고인이 진행하는 방향 전방에는 피해 자 E(47세)이 스키를 타고 내려가고 있었으므로 전방 및 좌우를 잘 살피고 스노우보드의 방향 및 속도를 잘 조절하면서 다른 이용객들과 충돌하는 사고를 방지하여야 할 주의의무가 있었다.",
            "그럼에도 불구하고 피고인은 이를 게을리한 채 직선으로 슬로프를 내려오다가 슬로프 좌측에서 우측으로 진행하던 피해자를 뒤늦게 발견하고 방향 및 속도를 제대로 조절하지 못한 과실로 피고인이 탄 스노우보드의 뒷부분으로 피해자가 탄 스키의 뒷부분을 들이받아 피해자를 슬로프에 넘어지게 하였다.",
            "결국 피고인은 위와 같은 과실로 피해자에게 약 2주간의 치료가 필요한 경추부 염좌 및 긴장 등의 상해를 입게 하였다."
        ]
    },
    "dcss": {
        "courtDcss": []
    },
    "close": {
        "cnclsns": [
            "피고인을 벌금 700,000원에 처한다.",
            "피고인이 위 벌금을 납입하지 아니하는 경우 50,000원을 1일로 환산한 기간 피고인을 노역장에 유치한다.",
            "위 벌금에 상당한 금액의 가납을 명한다."
        ]
    }
}