{
    "info": {
        "caseField": "2",
        "detailField": "6",
        "trailField": "1",
        "caseNm": "상해",
        "courtNm": "광주지방법원",
        "judmnAdjuDe": "2014. 01. 28.",
        "caseNo": "2013고정2532",
        "relateLaword": [
            "형법 제257조",
            "형법 제70조",
            "형법 제69조",
            "형사소송법 제334조"
        ],
        "qotatPrcdnt": []
    },
    "concerned": {
        "acusr": "4",
        "dedat": "1"
    },
    "org": {
        "orgJdgmnCourtNm": "",
        "orgJdgmnAdjuDe": "",
        "orgJdgmnCaseNo": ""
    },
    "disposal": {
        "disposalform": "9",
        "disposalcontent": [
            "피고인을 벌금 2,000,000원에 처한다.",
            "피고인이 위 벌금을 납입하지 아니하는 경우 50,000원을 1일로 환산한 기간 피고인을 노역장에 유치한다.",
            "위 벌금에 상당한 금액의 가납을 명한다."
        ]
    },
    "mentionedItems": {
        "rqestObjet": [
            "피고인을 벌금 2,000,000원에 처한다.",
            "피고인이 위 벌금을 납입하지 아니하는 경우 50,000원을 1일로 환산한 기간 피고인을 노역장에 유치한다.",
            "위 벌금에 상당한 금액의 가납을 명한다."
        ]
    },
    "assrs": {
        "acusrAssrs": [],
        "dedatAssrs": []
    },
    "facts": {
        "bsisFacts": [
            "피고인은 2013. 11. 2. 00:57경 0000 앞에서 술에 취해 피해자c(26새)에게 아무런 이유 없이 \"이 새끼 죽여 버리겠다\"며 주먹과 발로 피해자의 얼굴과 목, 가슴을 여러 차례 때려 피해자에게 약 2주간의 치료가 필요한 흉곽 전벽의 타박상, 귓바퀴의 표재성 손상, 타박상을 입게 하였다."
        ]
    },
    "dcss": {
        "courtDcss": []
    },
    "close": {
        "cnclsns": [
            "피고인을 벌금 2,000,000원에 처한다. ",
            "피고인이 위 벌금을 납입하지 아니하는 경우 50,000원을 1일로 환산한 기간 피고인을 노역장에 유치한다. ",
            "위 벌금에 상당한 금액의 가납을 명한다. "
        ]
    }
}