{
    "info": {
        "caseField": "2",
        "detailField": "6",
        "trailField": "1",
        "caseNm": "특정범죄가중처벌등에관한법률위반(운전자폭행등),공무집행방해,공용물건손상,상해",
        "courtNm": "대전지방법원",
        "judmnAdjuDe": "2013. 03. 29.",
        "caseNo": "2012고합708",
        "relateLaword": [
            "특정범죄 가중처벌 등에 관한 법률 제5조의10",
            "형법 제136조",
            "형법 제257조",
            "형법 제141조",
            "형법 제40조",
            "형법 제50조",
            "형법 제37조",
            "형법 제38조",
            "형법 제53조",
            "형법 제55조",
            "형법 제62조",
            "형법 제62조의2",
            "보호관찰 등에 관한 법률 제59조"
        ],
        "qotatPrcdnt": [
            "대법원 1995.1.24. 선고 94도1949 판결"
        ]
    },
    "concerned": {
        "acusr": "4",
        "dedat": "1"
    },
    "org": {
        "orgJdgmnCourtNm": "",
        "orgJdgmnAdjuDe": "",
        "orgJdgmnCaseNo": ""
    },
    "disposal": {
        "disposalform": "8",
        "disposalcontent": [
            "피고인을 징역 1년 6월에 처한다.",
            "다만, 이 판결 확정일부터 2년간 위 형의 집행을 유예한다.",
            "피고인에게 80시간의 사회봉사를 명한다."
        ]
    },
    "mentionedItems": {
        "rqestObjet": [
            "피고인을 징역 1년 6월에 처한다."
        ]
    },
    "assrs": {
        "acusrAssrs": [],
        "dedatAssrs": [
            "피고인은 차량을 운행 중인 피해자 00의 어깨 부위를 왼손으로 2회 툭툭 친사실이 있을 뿐, 판시 기재와 같이 피해자의 오른쪽 어깨부위를 왼쪽 팔꿈치로 2회 때린 사실은 없다.",
            "피고인은 차량이 정차한 후에 피해자의 멱살을 잡았다가 놓은 사실은 있지만, 판시기재와 같이 차량을 운행 중인 피해자의 멱살을 잡아 흔든 사실은 없다.",
            "피고인이 판시 기재와 같이 경위 00의 왼쪽 얼굴과 목 사이를 1회 때린 사실은 있지만, 피고인은 당시 상대방이 경찰관인지 모르고 때린 것인바, 경찰관의 정당한 공무집행을 방해하려는 의도는 없었다."
        ]
    },
    "facts": {
        "bsisFacts": [
            "피고인은 2012. 11. 9. 22:10경 0000에 있는 0 앞길을 진행하던 (차량번호)000 차량 내에서, 대리운전 기사인 피해자 00(45세)이 대리운전비를 많이 요구한다는 이유로 왼쪽 팔꿈치로 운전 중인 피해자의 오른쪽 어깨부위를 2회 때리고, 손으로 피해자의 멱살을 잡아 흔들어 피해자에게 약 2주간의 치료를 요하는 우견부 좌상 등을 가하였다.",
            "피고인은 2012. 11. 9. 22:22경 같은장소에서 위 00의 112신고를 받고 출동한 대전동부경찰서 산내파출소 소속경위인 피해자 00(56세)가 피고인을 제지하자 화가 나 주먹으로 피해자의 왼쪽 얼굴과 목 사이를 1회 때려 112신고 관련 경찰관의 정당한 공무집행을 방해함과 동시에 피해자에게 약 2주간의 치료를 요하는 요추의 염좌 등의 상해를 가하였다.",
            "그 후 계속하여 위 00가 타고 온 (차량번호)112 순찰 차량의 조수석 뒤 선 바이저를 손으로 잡아 뜯어 시가 25,000원 상당의 수리비가 들도록 공용물건을 손상하여 그 효용을 해하였다."
        ]
    },
    "dcss": {
        "courtDcss": [
            "폭행 전후의 상황, 폭행 방법 및 부위 등 중요 부분에 관하여 일관성이 있는 진술을 하고 있다.",
            "당시의 상황에 대하여 구체적인 경위와 정황의 세세한 부분까지 정확하고 상세하게 묘사하고 있고 이러한 피해자의 진술은 상해진단서에 기재된 병명좌상우견부에도 부합하는바 피해자의 위 경찰진술은 충분히 신빙성이 있다.",
            "결국 이 부분 공소사실은 위 피해자의 진술에 의하여 유죄로 인정된다고 할 것이므로, 이와 다른 피고인 및 변호인의 이 부분 주장은 이유 없다.",
            "공무집행방해죄에 관하여 공무집행방해죄에 있어서의 범의는 상대방이 직무를 집행하는 공무원이라는 사실, 그리고 이에 대하여 폭행 또는 협박을 한다는 사실을 인식하는 것을 그 내용으로 하고, 그 인식은 불확정적인 것이라도 소위 미필적 고의가 있다고 보아야 한다.",
            "그 직무집행을 방해할 의사를 필요로 하지 아니하고 이와 같은 범의는 피고인이 이를 자백하고 있지 않고 있는 경우에는 그것을 입증함에 있어서는 사물의 성질상 고의와 상당한 관련성이 있는 간접사실을 증명하는 방법에 의할 수밖에 없는 것이다.",
            "그 때에 무엇이 상당한 관련성이 있는 간접사실에 해당할 것인가는 정상적인 경험칙에 바탕을 두고 치밀한 관찰력이나 분석력에 의하여 사실의 연결상태를 합리적으로 판단하는 것 외에 다른 방법은 없다(대법원 1995. 1. 24. 선고 94도1949 판결 참조).",
            "피고인은 00가 타고 온 차량, 복장 등 외관만으로도 충분히 이이가 경찰관임을 알 수 있었을 뿐 아니라, 00가 경광등을 켠 상태로 순찰차량을 타고 신고장소로 도착하였을 때 또는 적어도 00가 경찰관임을 밝히면서 피고인에게 자초지종을 물어보고 이가 3~4차례에 걸쳐 피고인을 제지하였을 때부터 00가 경찰관으로서 공무를 집행 중인 사실을 알고 있었다고 봄이 상당하다.",
            "이 사건 폭행 당시 피고인에게는 경찰관의 공무집행을 방해한다는 점에 관하여 미필적으로나마 고의가 있었던 것으로 보이고 공무집행방해죄의 성립에 그 직무집행을 방해할 의사까지 필요로 하지는 아니하므로 이부분 공소사실은 충분히 유죄로 인정된다.",
            "피고인 및 변호인의 이 부분 주장 역시 이유 없다.",
            "사건과 같이 운행 중인 차량의 운전자를 폭행하는 행위는 폭력 그 자체에 대한 비난가능성에 더하여 추가 사고의 유발 등 교통에 대한 위험을 초래하고 제3자의 신체, 재산에도 피해를 줄 수 있는 위험한 범죄행위이다.",
            "또한 피고인은 흥분한 상태에 있는 피고인을 제지하는 경찰관을 때려 정당한 공무집행을 방해함과 동시에 상해를 가하고 더 나아가 공용물건인 순찰차량의 일부를 손상하여 그 효용을 해하였는바, 이 사건 각 범행의 죄질이 가볍지 않으므로, 피고인을 엄히 처벌함이 마땅하다.",
            "다만 피고인이 피해자 00과 원만히 합의하였고, 피고인이 술에 취하여 우발적으로 이 사건 각 범행을 저질렀으며, 피고인은 폭력 범죄로 벌금형 1회 이외에는 처벌받은 전력이 없다. ",
            "또한 피고인이 자신의 잘못을 뉘우치며 반성하고 있는 점 등을 피고인에게 유리한 정상으로 참작하고 그밖에 이 사건 변론에 나타난 모든 양형조건을 고려하여 주문과 같이 형을 정한다."
        ]
    },
    "close": {
        "cnclsns": [
            "피고인을 징역 1년 6월에 처한다.",
            "다만, 이 판결 확정일부터 2년간 위 형의 집행을 유예한다. 피고인에게 80시간의 사회봉사를 명한다."
        ]
    }
}