{
    "info": {
        "caseField": "2",
        "detailField": "6",
        "trailField": "1",
        "caseNm": "상해",
        "courtNm": "대전지방법원",
        "judmnAdjuDe": "2018. 11. 30.",
        "caseNo": "2018고정974",
        "relateLaword": [
            "형법 제257조",
            "형법 제70조",
            "형법 제69조",
            "형법 제62조"
        ],
        "qotatPrcdnt": []
    },
    "concerned": {
        "acusr": "4",
        "dedat": "1"
    },
    "org": {
        "orgJdgmnCourtNm": "",
        "orgJdgmnAdjuDe": "",
        "orgJdgmnCaseNo": ""
    },
    "disposal": {
        "disposalform": "8",
        "disposalcontent": [
            "피고인을 벌금 1,000,000원에 처한다.",
            "피고인이 위 벌금을 납입하지 아니하는 경우 100,000원을 1일로 환산한 기간 피고인을 노역장에 유치한다.",
            "다만, 이 판결 확정일부터 1년간 위 형의 집행을 유예한다."
        ]
    },
    "mentionedItems": {
        "rqestObjet": [
            "피고인을 벌금 1,000,000원에 처한다.",
            "피고인이 위 벌금을 납입하지 아니하는 경우 100,000원을 1일로 환산한 기간 피고인을 노역장에 유치한다."
        ]
    },
    "assrs": {
        "acusrAssrs": [],
        "dedatAssrs": []
    },
    "facts": {
        "bsisFacts": [
            "피고인은 2018. 6. 7. 18:45경 0000 C공원 내 'D' 사무실에서, 그곳에 있던 정수기와 커피자판기 등이 창고로 옮겨진 것에 화가나 소란을 피우자, 같은 사무실에 있던 피해자 E(65세)가 피고인에게 \"왜 소란을 피우느냐, 여기가 혼자 쓰는 사무실이 아니지 않느냐.\" 라고 하였다는 이유로, 오른손으로 피해자의 왼쪽 어깨를 1회 밀어 넘어트렸다.",
            "이로써 피고인은 피해자에게 약 14일간의 치료가 필요한 우주관절부 좌상 등을 가하였다."
        ]
    },
    "dcss": {
        "courtDcss": [
            "형법 제257조 제1항(벌금형 선택)을 적용한다.",
            "피고인이 반성하고 있는 것으로 보이는 점, 피해자와 원만히 합의하여 피해자가 피고인의 처벌을 원하지 않고 있는 점 등 참작한다."
        ]
    },
    "close": {
        "cnclsns": [
            "피고인을 벌금 1,000,000원에 처한다.",
            "피고인이 위 벌금을 납입하지 아니하는 경우 100,000원을 1일로 환산한 기간 피고인을 노역장에 유치한다.",
            "다만, 이 판결 확정일부터 1년간 위 형의 집행을 유예한다."
        ]
    }
}