{
    "info": {
        "caseField": "2",
        "detailField": "6",
        "trailField": "1",
        "caseNm": "강제추행",
        "courtNm": "광주지방법원",
        "judmnAdjuDe": "2021. 08. 25.",
        "caseNo": "2021고정228",
        "relateLaword": [
            "성폭력범죄의 처벌 등에 관한 특례법 제16조",
            "형사소송법 제334조",
            "성폭력범죄의 처벌 등에 관한 특례법 제42조",
            "성폭력범죄의 처벌 등에 관한 특례법 제43조",
            "성폭력범죄의 처벌 등에 관한 특례법 제47조",
            "성폭력범죄의 처벌 등에 관한 특례법 제49조",
            "아동.청소년의 성보호에 관한 법률 제49조",
            "아동.청소년의 성보호에 관한 법률 제50조",
            "아동.청소년의 성보호에 관한 법률 제56조",
            "장애인복지법 제59조의3",
            "형법 제298조",
            "형법 제70조"
        ],
        "qotatPrcdnt": [
            "대법원 2006. 11. 23. 선고 2006도5407 판결 등"
        ]
    },
    "concerned": {
        "acusr": "4",
        "dedat": "1"
    },
    "org": {
        "orgJdgmnCourtNm": "",
        "orgJdgmnAdjuDe": "",
        "orgJdgmnCaseNo": ""
    },
    "disposal": {
        "disposalform": "9",
        "disposalcontent": [
            "피고인을 벌금 3,000,000원에 처한다.",
            "피고인이 위 벌금을 납입하지 아니하는 경우 100,000원을 1일로 환산한 기간 피고인을 노역장에 유치한다.",
            "피고인에 대하여 40시간의 성폭력 치료프로그램 이수를 명한다.",
            "위 벌금에 상당한 금액의 가납을 명한다."
        ]
    },
    "mentionedItems": {
        "rqestObjet": [
            "피고인을 벌금 3,000,000원에 처한다.",
            "피고인이 위 벌금을 납입하지 아니하는 경우 100,000원을 1일로 환산한 기간 피고인을 노역장에 유치한다.",
            "피고인에 대하여 40시간의 성폭력 치료프로그램 이수를 명한다.",
            "위 벌금에 상당한 금액의 가납을 명한다."
        ]
    },
    "assrs": {
        "acusrAssrs": [],
        "dedatAssrs": []
    },
    "facts": {
        "bsisFacts": [
            "피고인은 2020년 1월경 000을 통해 피해자 B(여, 22세)을 알게 된 후 서로 친하게 지내는 사이가 되었다.",
            "피고인은 2020.5.29.경 0000에 있는 피해자 집에 놀러가 시간이 늦어져 피해자 집에서 자고 가기로 하였다.",
            "피고인은 피해자와 함께 침대에 누운 다음 옆으로 누워 자고 있는 피해자의 등 뒤로 피고인의 몸을 밀착한 후 한 손을 피해자의 상의 옷 속으로 집어넣어 피해자의 가슴을 움켜쥐듯이 잡은 다음 만졌다.",
            "이로써 피고인은 피해자가 잠이 들어 항거불능 상태에 있음을 이용하여 피해자를 추행하였다."
        ]
    },
    "dcss": {
        "courtDcss": [
            "고소할 때부터 이 법정에 이르기까지 피해자의 진술 내용의 주요한 부분이 일관되며, 경험칙에 비추어 비합리적이거나 진술 자체로 모순되는 부분이 없는 점을 고려한다.",
            "000 등을 통해 수시로 대화를 나누면서 매우 친밀한 사이를 유지해 왔던 피고인과 피해자의 관계가 공소사실 기재 범행일 직후부터 갑자기 끊어졌는데, 이는 공소사실 기재와 같은 범행이 있었다는 피해자의 진술에 부합하는 정황인 점을 고려한다.",
            "범행 다음 날 피고인이 000을 통해 어제 밤에 울어서 미안하다'는 내용의 사과를 하자 피해자가 '운지 몰랐다'고 답하며 위로의 취지로 강아지 사진을 전송한 사실이 있으나, 모른 척 넘기고 싶어서' 대충 둘러댄 것일 뿐이라는 피해자의 해명이 납득되지 않는바 아니고, 피해자는 그 다음날부터 피고인의 연락에 일절 답을 하지 않은 점을 고려한다.",
            "피해자로서는 추행의 정도가 아주 심한 것도 아니고 일을 크게 만들고 싶지 않아 피고인과의 관계를 끊는 것으로 상황을 마무리 지으려고 하였던 것으로 보인다.",
            "그럼에도 수개월이 지난 후에 피고인을 고소하게 된 이유에 관하여 피해자는, 피해자와 D이 사귀는 것을 알게 된 피고인이 피해자에게 다시 연락하여 D이 수년 전에 자신을 성폭행하였다고 말하고 나아가 D을 강간혐의로 고소하기까지 하자, 본인이 성폭행을 당했다면서 다른 사람을 강제추행 한 피고인이 괘씸하여 피고인을 고소하게 되었다는 취지로 진술하고 있는데, 이와 같은 피해자의 해명이 비합리적이라고 보이지 않는 점을 고려한다.",
            "피고인은, 피고인의 D에 대한 고소에 대항하여 이를 무마하려는 의도로 피해자가 피고인을 고소하였다는 취지로 주장하나, 설령 피해자에게 D에 대한 피고인의 고소에 대항하려는 의도가 있었다고 하더라도 오로지 그것만으로 허위의 사실을 꾸며내 이 사건 고소에 이른 것으로 보이지는 않는 점 등에 비추어, 피해자의 진술의 신빙성을 배척할 만한 특별한 이유가 없다."
        ]
    },
    "close": {
        "cnclsns": [
            "피고인을 벌금 3,000,000원에 처한다.",
            "피고인이 위 벌금을 납입하지 아니하는 경우 100,000원을 1일로 환산한 기간 피고인을 노역장에 유치한다.",
            "피고인에 대하여 40시간의 성폭력 치료프로그램 이수를 명한다.",
            "위 벌금에 상당한 금액의 가납을 명한다."
        ]
    }
}