{
    "info": {
        "caseField": "2",
        "detailField": "6",
        "trailField": "1",
        "caseNm": "사기",
        "courtNm": "부산지방법원",
        "judmnAdjuDe": "2018. 12. 21.",
        "caseNo": "2018고정1779",
        "relateLaword": [
            "형법 제347조",
            "형법 제37조",
            "형법 제38조",
            "형법 제50조",
            "형법 제70조",
            "형법 제69조",
            "형사소송법 제334조"
        ],
        "qotatPrcdnt": []
    },
    "concerned": {
        "acusr": "4",
        "dedat": "1"
    },
    "org": {
        "orgJdgmnCourtNm": "",
        "orgJdgmnAdjuDe": "",
        "orgJdgmnCaseNo": ""
    },
    "disposal": {
        "disposalform": "9",
        "disposalcontent": [
            "피고인을 벌금 1,000,000원에 처한다.",
            "피고인이 위 벌금을 납입하지 아니하는 경우 100,000원을 1일로 환산한 기간 피고인을 노역장에 유치한다.",
            "위 벌금에 상당한 금액의 가납을 명한다."
        ]
    },
    "mentionedItems": {
        "rqestObjet": [
            "피고인은 피해자를 기망하여 피해자로부터 재물을 교부받았다."
        ]
    },
    "assrs": {
        "acusrAssrs": [],
        "dedatAssrs": []
    },
    "facts": {
        "bsisFacts": [
            "피고인은 2016.11.II.경 0000에 있는 C가 운영하는 주류 도매업체인 피해자 (유)D(이하 '피해자 회사'라 한다)에서 C에게 'E' 유흥주점을 거래처로 소개하여 준 후 \"E 유흥주점이 이전 거래처에 갚아야 할 100만원을 우선 변제하여 주면 월말에 주류대금과 함께 변제하겠다.\" 라고 이야기하였다.",
            "피고인은 이를 믿은 C를 통하여 피해자 회사로부터 같은 달 17.경 F 명의 000예금계좌로 차용금 명목으로 100만원을 송금 받았다.",
            "그러나 사실은 당시 피고인은 위와 같이 C로부터 받은 돈을 개인적인 용도에 사용할 예정이었고, 경제적 형편이 어려운 관계로 위 차용금 채무를 정상적으로 변제할 의사나 능력이 없었다.",
            "이로써 피고인은 C를 기망하여 피해자 회사로부터 재물을 교부받았다.",
            "피고인은 같은 달 11.하순경 장소를 알 수 없는 곳에서 위 유흥주점의 업주인 피해자 G에게 '주류대금을 나한테 송금하면 내가 대신 피해자 회사에 입금하여 주겠다.'라는 취지로 이야기하였다.",
            "피고인은 이를 믿은 피해자로부터 위 예금계좌로 같은 해 12.1.경 284,000원, 2017.1.2.경 920,000원 등 합계 1,204,000원을 송금 받았다.",
            "그러나 사실은 당시 피고인은 위와 같이 피해자로부터 송금 받은 돈을 피해자 회사에 대신 입금하여 줄 의사나 능력이 없었다.",
            "이로써 피고인은 피해자를 기망하여 피해자로부터 재물을 교부 받았다."
        ]
    },
    "dcss": {
        "courtDcss": [
            "각 형법 제347조 제1항, 벌금형을 선택한다."
        ]
    },
    "close": {
        "cnclsns": [
            "피고인을 벌금 1,000,000원에 처한다.",
            "피고인이 위 벌금을 납입하지 아니하는 경우 100,000원을 1일로 환산한 기간 피고인을 노역장에 유치한다.",
            "위 벌금에 상당한 금액의 가납을 명한다."
        ]
    }
}