{
    "info": {
        "caseField": "2",
        "detailField": "6",
        "trailField": "1",
        "caseNm": "사기",
        "courtNm": "서울남부지방법원",
        "judmnAdjuDe": "2014. 12. 30.",
        "caseNo": "2014고단4596",
        "relateLaword": [
            "형법 제347조",
            "형법 제30조",
            "형법 제37조",
            "형법 제38조",
            "형법 제50조"
        ],
        "qotatPrcdnt": []
    },
    "concerned": {
        "acusr": "4",
        "dedat": "1"
    },
    "org": {
        "orgJdgmnCourtNm": "",
        "orgJdgmnAdjuDe": "",
        "orgJdgmnCaseNo": ""
    },
    "disposal": {
        "disposalform": "6",
        "disposalcontent": [
            "피고인을 징역 10월에 처한다."
        ]
    },
    "mentionedItems": {
        "rqestObjet": [
            "피고인을 징역 10월에 처한다."
        ]
    },
    "assrs": {
        "acusrAssrs": [],
        "dedatAssrs": []
    },
    "facts": {
        "bsisFacts": [
            "범 죄 사 실 B은 2011. 10.경부터 중국 0000에서 C라는 보이스피싱 사무실을 운영하였고, D은 B에게 보이스피싱 사무실 운영비로 총 8,000만 원 상당을 투자하고 2011. 10. 말경부터 B과 보이스피싱 사무실을 운영하면서 피고인, E, F, G, H 등으로 하여금 한국에 있는 사람들에게 전화를 걸어 대출을 권유하며 대출을 받기 위해서는 수수료, 인지세, 선이자 등을 먼저 송금하여야 한다고 거짓말 하였다.",
            "이에 속은 피해자들로 하여금 현금을 D 등이 보유하고 있는 대포통장으로 송금하게 하고, D은 B 등과 함께 위 사무실을 관리하면서 수익금을 정산하고, 국내에 거주하는 공범들은 위 대포통장의 현금카드와 비밀번호를 이용하여 은행의 현금인출기에서 위 현금을 인출하기로 하였다.",
            "피고인은 B, D 등을 비롯하여 그밖에 이름을 알 수 없는 공범들과 조직적으로 범행을 계획한 후, 무작위로 전화하여 피해자들을 속이고 돈을 송금받아 이를 인출하는 속칭 보이스피싱 범행을 하기로 순차 공모하였다",
            "피고인은 B, D 등과 공모하여 2012. 1. 2.경 중국 0000에 있는 B 운영의 C 사무실에서 피해자 I에게 대출을 권유하는 문자를 발송하고, 이에 응답한 피해자에게 이름을 알 수 없는 공범이 전화상으로 대출을 해주겠다, 보증보험 수수료를 입금하고, 인지세를 보내야 한다, 또한 미리 3개월의 원금과 이자를 지불해라라는 등으로 거짓말하였다.",
            "이에 속은 피해자로부터 같은 날 대출에 필요한 비용 명목으로 17만 원을 송금받아 편취하였다. ",
            "피고인은 이를 비롯하여 그 때부터 2012. 2. 2.까지 B, D 등과 공모하여 같은 방법으로 별지 범죄일람표 기재와 같이 총 21회에 걸쳐 합계 26,677,000원을 송금 받아 편취하였다. "
        ]
    },
    "dcss": {
        "courtDcss": [
            "보이스피싱 범죄는 불특정 다수의 피해자를 대상으로 하여 범죄의 계획·실행등이 조직적·지능적으로 이루어지고, 우리 사회의 기본적인 신뢰관계를 해치낟는 점이서 이미 심삭한 사회문제로 되어있다. ",
            "범죄의 불법성 정도는 물론이거니와 일반예장적 고려에 비추어 보더라도 범행을 주도적으로 계획하거나 실행을 지휘한 경우는 물론 범행에 단순가담한 조직원에 대하여도 엄중한 책임을 물음이 상당하다.",
            "피고인은 범행 가담을 위해 중국에 건너가 범죄단에서 필수 불가결인 이른바 '유인책'의 역할을 담당하였고, 피해회복을 위한 조치가 전혀 이루어진 바 없어 실형 선고가 불가피하다.",
            "피고인이 취득한 금전적 이익이 크지 않은 점, 벌금형 1회 외 전과 없는 점, 비슷한 위치에 있는 공범들에 대한 형사처분 내역 등 양형의 조건이 되는 사정을 종합하여 양형기준상 권고형량을 하회하는 형을 정한다."
        ]
    },
    "close": {
        "cnclsns": [
            "피고인을 징역 10월에 처한다."
        ]
    }
}