{
    "info": {
        "caseField": "2",
        "detailField": "6",
        "trailField": "1",
        "caseNm": "가.특정경제범죄가중처벌등에관한법률위반(사기)나.사문서위조다.위조사문서행사라.사기",
        "courtNm": "대전지방법원",
        "judmnAdjuDe": "2013. 11. 21.",
        "caseNo": "2013고합342",
        "relateLaword": [
            "형법 제231조",
            "형법 제234조",
            "특정경제범죄 가중처벌 등에 관한 법률 제3조",
            "형법 제347조",
            "형법 제30조",
            "형법 제40조",
            "형법 제50조",
            "형법 제37조",
            "형법 제38조",
            "형법 제53조",
            "형법 제55조",
            "형법 제70조",
            "형법 제69조",
            "형법 제62조",
            "형법 제62조의2",
            "형사소송법 제334조"
        ],
        "qotatPrcdnt": []
    },
    "concerned": {
        "acusr": "4",
        "dedat": "1"
    },
    "org": {
        "orgJdgmnCourtNm": "",
        "orgJdgmnAdjuDe": "",
        "orgJdgmnCaseNo": ""
    },
    "disposal": {
        "disposalform": "6",
        "disposalcontent": [
            "피고인 00을 징역 2년에, 피고인 00를 징역 1년에, 피고인 00를 징역 8월에, 피고인 00을 징역 6월에, 피고인 00을 벌금 200만원에 각 처한다.",
            "피고인 00이 위 벌금을 납입하지 아니하는 경우 5만원을 1일로 환산한 기간 위 피고인을 노역장에 유치한다.",
            "다만, 이 판결확정일부터 피고인 00에 대하여는 3년간 피고인 00, 00, 00에 대하여는 각 2년간 위 각 형의 집행을 유예한다.",
            "피고인 00에 대하여 240시간, 피고인 00에 대하여 200시간, 피고인 00에 대하여 160시간, 피고인 00에 대하여 120시간의 각 사회봉사를 명한다.",
            "피고인 00에 대하여 위 벌금에 상당한 금액의 가납을 명한다."
        ]
    },
    "mentionedItems": {
        "rqestObjet": [
            "피고인 00을 징역 2년에, 피고인 00를 징역 1년에, 피고인 00를 징역 8월에, 피고인 00을 징역 6월에, 피고인 00을 벌금 200만원에 각 처한다."
        ]
    },
    "assrs": {
        "acusrAssrs": [],
        "dedatAssrs": []
    },
    "facts": {
        "bsisFacts": [
            "피고인 조00은 한국수력원자력 주식회사(이하 '한수원'이라 한다)에 밸브 등 부품을 납품하는 업체인 000 이하 'OOO'이라 한다]의 보수사업부장으로서 1997년경부터 2013. 4경까지 위 회사의 품질보증업무를 담당하였다. 피고인 00는 000의 연구개발부 상무이사로서 위 회사의 연구개발부 업무를 총괄하고 있다.",
            "피고인 00는 000의 연구개발부 산하 R&D팀의 이사이다. 피고인 00은 000의 R&D팀의 대리이다. 피고인 00은 000의 대리점 이하)(이하 'OOO'라고 한다)의 과장이다.",
            "한수원은 한수원 월성원자력 본부 주2) 명의로 000과 ① 2004. 6. 1 신월성#1, 2 안전 등급 나비형 밸브 외 330종에 대한 물품구매계약 주3) , 2 2006. 3. 23. 안전성 관련 모터 구동 밸브 외 69종에 대한 물품구매계약 주4) 를 각각 체결하였다.",
            "한수원은 000과 3 2008. 2.1. 안전성 관련 제어 역지밸브 외 12종에 대한 물품구매계약 주5) , 4 2008. 10. 1. 신고리 3, 4 안전성 관련 모터 구동 밸브 외 53종에 대한 물품구매계약 주6) , 5 2009. 9. 3. 신고리 3, 4호기 안전 등급 나비형 밸브 외 295종에 대한 물품구매계약 주7) 을 각각 체결하였다.",
            "한수원의 위 물품구매계약 입찰 공시내용에 따르면 원자력발전소의 안전에 영향을 미치는 것으로서 품질등급이 안전성 등급 (Q 등급) 주8) 로 지정된 각 품목들에 대해서는 당해 물품을 납품할 때 공급사의 품질보증 서류 주9) 를 제출하도록 되어있다. 그리고 이러한 입찰 공시내용은 계약서의 일부가 된다.",
            "따라서 000은 위 물품들을 납품할 때 품질 검증 업체 및 기관에 각종 시험 등 품질보증업무를 의뢰한 뒤, 실제 발행받은 품질보증서류만 한수원에 제출해야 하고 계약서에서 요구하는 품질 관련 서류도 기술규격서의 품질 증명 서류 목록 (QVDL)10)에 따라 정확히 작성해야 하며 매 납품 시마다 이를 그 물품과 함께 한수원에 제출해야 한다.",
            "1) 주식회사 000 명의의 품질보증서 위조 원자력발전소에서 사용하는 밸브에 칠하는 도장 재는 000이 한수원과 체결한 물품구매계약의 구매 시방서에 규정된 도장 자격조건과 승인 테스트 요구 주11) 에 따라 제조업체에서 ① 물리적 성질 시험 (Physical PropertiesTests),",
            "② 설계 기준 사고 저항 시험 DBA(Design Basis Accident)Resistance Test 시험과 기준을 충족하여 생산한 제품을 사용하여야 한다.",
            "③ 방사선 내용성 시험 (Radiation ToleranceTest), ④ 오염 제거 시험 (Decontamination Test), ⑤ 보수 유지 시험 (Repairability and Maintenance Test), ",
            "⑥ 화학적 저항 시험 (Chemical Resistance Test), ⑦ 화재 발생평가시험 (Fire Evaluation Test), ⑧ 열 전도율 측정 (Thermal ConductivityDetermination)등과 같은 시험과 기준을 충족하여 생산한 제품을 사용하여야 한다.",
            "피고인은 2010. 9경 0000에 있는 000 사무실에서, 한수원으로부터 납품을 의뢰받은 '나비형 밸브' 등의 도장을 도장업체인 '거'의임에게 맡겼는데 임이이이 실제로 구매 시방서에서 규정한 시험과 기준을 충족한 도장재 주12) 를 구입하여 사용하였는지를 제대로 검수하지 않아 위 도장재에 대한 정상적인 품질보증서를 구비하지 못하게 되자 이를 직접 위조하여 한수원에 제출하기로 마음먹었다.",
            "피고인은 위 일시·장소에서 미리 소지한 주식회사 000 [이하 'OOO'라 한다] 발행의 유효기간이 경과한 품질보증서 주13) 를 여러 장 복사한 다음 복사한 문서에서 '발행 일자' 란에 들어갈 숫자를 떼어내 \"2010. 08. 09\"를 조합하고 다른 복사 문서의 '발행 일자'란에 붙였다.",
            "피고인은 이를 비롯하여 2009. 12경부터 2010. 10경까지 별지 범죄일람표 기재와 같이 총 6회에 걸쳐 행사할 목적으로 권한 없이 사실증명에 관한 사문서인 000 명의의 품질보증서 6장을 위조하였다.",
            "피고인은 0000에 있는 한수원 월성원자력 본부에서 000의 성명불상 직원으로 하여금 2010. 9. 29경 위 본부의 성명불상 직원에게 밸브 3개 같은 해 10. 30. 밸브 2개를 각각 납품하도록 하면서 위와 같이 위조된 위 품질보증서가 마치 진정하게 작성된 것처럼 제출하게 하여 이를 행사하였다.",
            "피고인은 이를 비롯하여 2010. 3경부터 2010. 11경까지 별지 범죄일람표 기재와 같이 총 6회에 걸쳐 000의 성명불상 직원으로 하여금 한수원 월성원자력 본부 및 고리원자력 본부의 성명불상 직원에게 범죄일람표 기재와 같이 위조된 품질보증서 6장을 제출하게 하여 이를 행사하였다.",
            "피고인은 000이 피해자 한 수원과 체결된 물품구매계약에 따라 피해자에게 2010. 9. 29경 공기 구동 밸브 주14) , 모터 구동 밸브 15등 밸브 3개 같은 해 10. 30. 모터 구동 밸브 2개 등 밸브 총 5개를 납품할 때 제1의 나 1항과 같이 위조한 품질보증서를 제공함으로써 위 밸브에 칠해진 도장 재에 대해 마치 정상적인 품질보증서가 발급된 것처럼 피해자를 기망했다.",
            "이에 속은 피해자로 하여금 000에게 2010. 9. 30. 밸브 3개의 납품대금 명목으로 213,282,300원 2010. 11. 5. 밸브 2개의 납품대금 명목으로 174,334,600원을 각각 지급하도록 하여 000으로 하여금 합계 387,616,900원= 213,282,300원+ 174,334,600원의 재산상 이익을 취득하도록 하였다.",
            "피고인은 이를 비롯하여 2009. 12경부터 2010. 11경까지 별지 범죄일람표 기재와 같이 총 6회에 걸쳐 위와 같은 방법으로 피해자를 기망하고 이에 속은 피해자로 하여금 000에 밸브 납품대금 명목으로 합계 1,523,229,104원을 지급하도록 하여 000으로 하여금 같은 금액 상당의 재산상 이익을 취득하도록 하였다.",
            "따라서 000은 구매시방서에 명시된 품질증빙서류를 한수원에 제출 주17) 하여야 하는데 한수원에서 000에 송부한 구매시방서 주18) 제10항은 \"밸브의 Disc Seat에 사용되는 O-Ring은 사용운전 조건에 적절한 재질이어야 하며 온도, 압력, 방사선등의 환경조건에 대한 검증보고서(Qualication Report)를 제출하여야한다.\" 라고 규정하고 있다.",
            "피고인들은 공모하여 같은 해 7경 위 한 수원 월성원자력 본부에서 주신의 이름을 알 수 없는 직원으로 하여금 위 본부의 이름을 알 수 없는 직원에게 체크밸브 6개를 납품하면서 위와 같이 위조된 위 방사선조사 증명서 2장이 마치 진정하게 작성된 것처럼 O-Ring에 대한 검증 보고서의 첨부문서 Attachment로서 각각 제출하게 하여 이를 행사하였다.",
            "이로써 피고인은 행사할 목적으로 권한 없이 사실증명에 관한 사문서인 거명 의의 너트에 대한 시험성적서 1장을 위조하였다.",
            "피고인은 2010. 5경제 3의 나 1항과 같이 위조한 너트에 대한 시험성적서 1장을 000에 제출하고 2010. 5. 20경 0000에 있는 한수원 울진원자력 본부에서 그 정을 모르는 000의 이름을 알 수 없는 직원으로 하여금 위 본부의 이름을 알 수 없는 직원에게 볼트 너트 세트 32개를 납품하면서 위와 같이 위조된 위 시험성적서가 마치 진정하게 작성된 것처럼 제출하게 하여 이를 행사하였다."
        ]
    },
    "dcss": {
        "courtDcss": [
            "피고인들은 원자력발전소의 안전에 영향을 미치는 것으로서 안전성 등급으로 지정된 부품을 납품할 때에는 품질검증 절차를 거쳐 품질보증서 등을 제출할 의무가 있었다.",
            "그럼에도 불구하고, 피고인들은 정상적인 품질검증 절차를 거치지 않고서 오히려 품질 보증서 등을 위조하여 제출하였고, 피고인 00, 00, 00, 00은 이로써 마치 정상적인 품질보증서 등이 발급된 것처럼 피해자를 기망하여 그 대금을 편취하기까지 하였다.",
            "원자력발전소는 사고가 발생할 경우 돌이킬 수 없는 엄청난 재앙을 초래한다. 특히 우리나라는 높은 전력 수요를 충족시키기 위해 협소 한 국토 안에 다수의 원자력발전소가 건설되어 있으므로, 사고가 발생할 경우 그 위험성은 더욱 클 수밖에 없다. ",
            "원자력발전소에 대한 안전 관리의 중요성은 아무리 강조해도 지나치지 않으며, 사소한 실수도 용납되어서는 아니 된다. ",
            "이 사건에서 원자력발전소에 납품되 는 중요부품의 안전성에 관하여 엄격한 품질검증 절차를 거치도록 하는 것도 이러한 취지에서 이해될 수 있다.",
            "따라서 피고인들의 범행은 검증되지 않은 부품이 원자력발전소에 사용되어 심각한 위험을 초래할 수 있다는 점에서 다른 문서위조죄나 사기죄에 비하여 불법성이 크고, 피고인들에게 이에 상응하는 책임을 묻지 않을 수 없다.",
            "이 사건 범행은, 피고인이 1년 8개월 동안 6회에 걸쳐 도장재에 관한 품질보증서를 위조하고 이를 행사하여 납품대금 15억 원 상당 을 편취한 것으로서 그 죄질이 매우 좋지 않은 점이 있다.",
            "피고인은 당시 000의 품질보증업무 담당자로서 직접 품질보증서를 위조하여 제출하도록 하였으므로 비난가능성이 높은 점 유리한 정상이다.",
            "이 사건에서 실제로 공급된 도장재는 결과적으로 한수원 시방서의 조건을 충족하는 정상적인 품질을 갖춘 것으로 밝혀졌고, 품질보 증서가 위조된 도장재 부분의 가액도 180만 원 상당에 불과하여, 이 사건 사기범행의 외형적 규모와 별개로 실질적인 피해가 그리 크지 않은 것으로 보이는 점이 있다.",
            "이 사건 이후 000이 정상적인 품질보증서를 갖춘 도장재로 재도장해줌으로써 피해가 회복된 점, 피고인은 납품업체 직원으로서 납품기일을 맞추기 위해 이 사건 범행을 저질렀고, 개인적 이익을 취득할 목적이 있었던 것은 아니며, 위 범행으로 개인적 이익을 취득하지도 않았던 점이 있다.",
            "피고인이 자신의 범행을 모두 인정하면서 잘못을 깊이 뉘우치고 있는 점이 피고인이 초범인 점 기타 정상이 있다.",
            "이 사건 범행은, 피고인들이 공모하여 O-Ring에 대한 방사선조사증명서를 위조하 하고 이를 행사하여 납품대금 2천만 원 상당을 편 취한 것으로서 그 죄질이 좋지 않은 유리한 정상이다.",
            "이 사건에서 실제로 공급된 O-Ring은 안정성이 입증되어 일반적으로 사용되는 바이톤 재질의 것으로서 하자가 있는 것은 아니었고, 한수원측의 사정으로 실제 설치되지도 않았으며, 품질보증서가 위조된 O-Ring 부분의 가액도 겨우 1만 2천 원 상당에 불과하다.",
            "이 사 건 사기범행의 실질적 피해가 거의 없는 것으로 보이는 점, 이 사건 이후 000이 한수원에게 정상적인 방사선조사증명서가 첨부된 O-Ring을 추가로 납품함으로써 피해가 회복된 점, 피고인들은 납품업체 직원들로서 납품기일에 맞추기 위해 이 사건 범행을 저질렀고, 개인적 이익을 취득할 목적이 있었던 것은 아니 며, 위 범행으로 개인적 이익을 취득하지도 않았던 점이 있다",
            "피고인들이 자신의 범행을 모두 인정하면서 잘못을 깊이 뉘우치고 있는 점, 피고인 00는 1회의 벌금형 전과만 있고, 피고인 00, 00은 초범인 점 기타 정상이다.",
            "피고인들의 범행 가담 정도, 피고인들의 연령, 성행, 가족환경 등 마. 피고인 00 : 벌금 200만 원",
            "[불리한 정상] 이 사건 범행은 피고인이 권한 없이 시험성적서의 고객명을 변경하여 이를 위조하고 행사한 것으로서 그 죄질이 중한 점",
            "[유리한 정상] 이 사건 범행은 정상적으로 품질검사를 마치고 작성된 시험성적서 중 단지 고객명만 000의 대리점인 0에서 000으로 변경한 것 이므로, 그로 인한 피해가 비교적 경미한 점",
            "① 이 사건 범행으로 경제적 피해가 발생하지는 않았고, 피고인이 개인적 이익을 취득하지도 않았던 점 ",
            "피고인이 자신의 범행을 모두 인정하면서 잘못을 깊이 뉘우치고 있는 점이 있다.",
            "피고인에게 1회의 벌금형 전과 외에는 범죄 전력이 없는 점이 있다."
        ]
    },
    "close": {
        "cnclsns": [
            "피고인 00을 징역 2년에, 피고인 00를 징역 1년에, 피고인 00를 징역 8월에, 피고인 00을 징역 6월에, 피고인 00을 벌금 200만 원에 각 처한다. ",
            "피고인 00이 위 벌금을 납입하지 아니하는 경우 5만 원을 1일로 환산한 기간 위 피고인을 노역장에 유치한다.",
            "다만, 이 판결 확정일부터 피고인 00에 대하여는 3년간 피고인 00, 00, 00에 대하여는 각 2년간 위각형의 집행을 유예한다.",
            "피고인 00에 대하여 240시간, 피고인 00에 대하여 200시간, 피고인 00에 대하여 160시간, 피고인 00에 대하여 120시간의 각 사회봉사를 명한다 피고인 00에 대하여 위 벌금에 상당한 금액의 가납을 명한다."
        ]
    }
}