{
    "info": {
        "caseField": "2",
        "detailField": "6",
        "trailField": "1",
        "caseNm": "아동ㆍ청소년의성보호에관한법률위반(강간), 아동ㆍ청소년의성보호에관한법률위반(성매수등), 보호관찰명령",
        "courtNm": "대구지방법원",
        "judmnAdjuDe": "2017. 12. 22.",
        "caseNo": "2017고합481",
        "relateLaword": [
            "아동ㆍ청소년의 성보호를 위한 법률 제7조",
            "아동ㆍ청소년의 성보호를 위한 법률 제13조",
            "형법 제37조",
            "형법 제38조",
            "형법 제50조",
            "형법 제53조",
            "형법 제55조",
            "아동ㆍ청소년의 성보호를 위한 법률 제21조",
            "아동ㆍ청소년의 성보호를 위한 법률 제49조",
            "아동ㆍ청소년의 성보호를 위한 법률 제50조",
            "성폭력범죄의 처벌 등에 관한 특례법 제42조",
            "성폭력범죄의 처벌 등에 관한 특례법 제43조"
        ],
        "qotatPrcdnt": [
            "대법원 2012. 4. 26. 선고 2012도3337, 2012전도74(병합)"
        ]
    },
    "concerned": {
        "acusr": "4",
        "dedat": "1"
    },
    "org": {
        "orgJdgmnCourtNm": "",
        "orgJdgmnAdjuDe": "",
        "orgJdgmnCaseNo": ""
    },
    "disposal": {
        "disposalform": "6",
        "disposalcontent": [
            "피고인을 징역 3년에 처한다.",
            "피고인에게 80시간의 성폭력 치료프로그램 이수를 명한다.",
            "이 사건 보호관찰명령 청구를 기각한다."
        ]
    },
    "mentionedItems": {
        "rqestObjet": [
            "피고인은 청소년의 성을 사는 행위를 하였으므로 아동ㆍ청소년의성보호를위한법률위반으로 처벌받아야 한다.",
            "피고인은 폭행 또는 협박으로 청소년인 피해자를 강간하다 미수에 그쳤으므로 청소년 강간미수죄로 처벌받아야 한다."
        ]
    },
    "assrs": {
        "acusrAssrs": [
            "피고인은 판시 제2항과 같이 성폭력 범죄를 저지른 사람으로서 성폭력 범죄를 다시 범할 위험성이 있다.",
            "피고인은 청소년의 성을 사는 행위를 하였다.",
            "피고인은 폭행 또는 협박으로 청소년인 피해자를 강간하려다 미수에 그쳤다."
        ],
        "dedatAssrs": []
    },
    "facts": {
        "bsisFacts": [
            "피고인 겸 피보호관찰명령청구자(이하 피고인 이라 한다)는 2017.8.12.02:00경 알 수 없는 장소에서 스마트폰 랜덤채팅 애플리케이션 D 에 접속하여, 채팅방에서 만난 E(여, 15세)에게 유사성행위의 대가로 25만 원을 지급하기로 약속한 후, 0000 F에 있는 G 앞에서 E을 만나서 부근에 있던 0000 H빌라 주차장으로 함께 갔다.",
            "피고인은 25만 원을 지급하고 E으로 하여금 피고인의 성기를 손과 입으로 애무하도록 하는 유사 성행위를 하도록 하였다.",
            "피고인은 제1항 기재 일시 및 장소에서 제1항 기재와 같이 피해자 E과 유사 성행위를 하던 중, 피해자를 강간할 마음을 먹고 피해자의 팬티를 강제로 내리는 등 간음하려고 하였고, 이에 피해자가 소리치며 거부하자, 손으로 피해자의 목을 조르고 피해자의 뺨을 때린 후, '돌로 찍어버리겠다'고 협박하며 피해자를 강간하려고 하였으나, 피해자가 발로 피고인의 낭심을 차고 도망가는 바람에 그 뜻을 이루지 못하였다."
        ]
    },
    "dcss": {
        "courtDcss": [
            "피고인은 휴대폰 어플을 통하여 만난 아동·청소년인 피해자가 아직 성적으로 미성숙하여 보호받아야 할 대상임을 알면서도 자신의 성적 욕망을 충족하기 위하여 피해자에게 유사 성행위를 시켰으며, 더 나아가 피해자의 목을 조르거나 뺨을 때리는 등 폭력을 행사하여 강간하려다 피해자가 도망을 가는 바람에 미수에 그쳤는바, 그 범행경위, 태양 등에 비추어 보아 죄질이 좋지 않다.",
            "건전한 성적 정체성과 가치관을 형성할 시기에 있는 피해자는 이 사건 각 범행으로 상당한 정신적 고통을 받았을 것으로 보인다.",
            "피해자와 합의도 되지 않았다.",
            "다만, 피고인은 이 사건 범행을 자백하며 반성하는 태도를 보이고 있고, 초범이다.",
            "판시 범죄사실에 대하여 유죄판결이 확정되는 경우 피고인은 성폭력 범죄의 처벌 등에 관한 특례법 제42조 제1항에 의하여 신상정보 등록대상자가 되므로, 같은 법 제43조에 따라 관할기관에 신상정보를 제출할 의무가 있다.",
            "피고인은 이 사건 범행을 모두 자백하고 있으며, 형사처벌을 받은 전력이 없는 점, 피고인에 대한 징역형의 집행, 신상정보 등록 및 성폭력 치료프로그램 이수만으로도 피고인의 재범을 방지하는 효과를 거둘 수 있을 것으로 보이는 점 등을 종합하여 보면, 피고인이 장래에 다시 아동·청소년대상 성범죄를 범할 상당한 개연성이 있다고 단정할 수 없으므로, 이 사건 보호관찰명령 청구는 이유 없다."
        ]
    },
    "close": {
        "cnclsns": [
            "피고인을 징역 3년에 처한다.",
            "피고인에게 80시간의 성폭력 치료프로그램 이수를 명한다.",
            "이 사건 보호관찰명령 청구를 기각한다."
        ]
    }
}