{
    "info": {
        "caseField": "2",
        "detailField": "6",
        "trailField": "1",
        "caseNm": "살인미수,특수상해",
        "courtNm": "서울중앙지방법원",
        "judmnAdjuDe": "2018. 05. 18.",
        "caseNo": "2018고합313",
        "relateLaword": [
            "형법 제254조",
            "형법 제250조",
            "형법 제258조의2",
            "형법 제257조",
            "형법 제25조",
            "형법 제55조",
            "형법 제37조",
            "형법 제38조",
            "형법 제50조"
        ],
        "qotatPrcdnt": [
            "대법원 2001. 9. 28. 선고 2001도3997 판결",
            "대법원 2006. 4. 14. 선고 2006도734 판결"
        ]
    },
    "concerned": {
        "acusr": "4",
        "dedat": "1"
    },
    "org": {
        "orgJdgmnCourtNm": "",
        "orgJdgmnAdjuDe": "",
        "orgJdgmnCaseNo": ""
    },
    "disposal": {
        "disposalform": "6",
        "disposalcontent": [
            "피고인을 징역 4년에 처한다."
        ]
    },
    "mentionedItems": {
        "rqestObjet": [
            "피고인은 피해자를 살해하려고 하였으나 그 뜻을 이루지 못하고 미수에 그쳤다.",
            "피고인은 위험한 물건인 부엌칼을 휴대하여 피해자에게 상해를 가하였다."
        ]
    },
    "assrs": {
        "acusrAssrs": [],
        "dedatAssrs": [
            "공소사실 제1항과 관련하여, 피고인은 피해자 E을 살해하려는 고의가 없었다."
        ]
    },
    "facts": {
        "bsisFacts": [
            "피고인은 체류기간이 만료된 중국 교포(조선족)로 2017. 6.경 0000에 있는 상호를 알 수 없는 족발집에서 우연히 중국 교포인 C를 만나 알고 지내던 중, 2018. 2. 중순경 C에게 부탁하여 0000 D, B01호에 있는 C의 주거지에서 함께 살기로 하여 그 무렵부터 위 주거지에 함께 살고 있던 C의 형인 E과도 알고 지내게 되었다.",
            "피고인은 2018. 3. 16. 21:55경 0000 D, B01호에 있는 위 주거지에서 피해자 E(42세)과 함께 술을 마시다가 피해자가 피고인보다 나이가 어림에도 불구하고 피고인에게 반말을 한다는 이유로 말다툼을 하던 중이었다.",
            "피해자가 피고인에게 '이 새끼'라고 말하며 술상을 밀치자 이에 격분하여 그곳에 있던 소주병으로 피해자의 머리를 2회 가격, 하고, 바닥에 넘어진 피해자의 배 위에 올라타 주먹으로 피해자의 얼굴을 수회 때렸다. ",
            "계속하여 피고인은 화를 참지 못하여 피해자를 살해하기로 마음먹고, 주방에서 부엌칼(총 길이:약 28cm, 칼날 길이:약 15cm, 증 제1호)을 들고 와 피해자에게 '너, 죽여버린다'라고 말하며 피해자를 살해할 의사로 피해자의 배 위에 올라타 피해자의 얼굴을 향해 위 부엌칼을 수차례 내리 찍었다.",
            "마침 피해자의 동생 C가 퇴근 후 집에 들어오던 중 이를 목격하고 피고인을 제지하여 피해자의 오른쪽 턱 아래 부위에 깊이 4cm, 길이 10cm의 상처를 입혔다.",
            "이로써 피고인은 위와 같이 피해자를 살해하려고 하였으나 그 뜻을 이루지 못하고 미수에 그쳤다.",
            "피고인은 위 일시, 장소에서 위와 같이 E을 가격하던 중 E의 동생 피해자 C(39세)가 집에 들어오다가 이를 목격하고 피고인이 들고 있던 부엌칼을 빼앗으려 하자, '너 이개새끼들 내가 누군지 아니, 다 죽여버린다'라고 소리치며 위 부엌칼을 휘두르고 피해자의 몸통을 잡고 밀고 당기며 몸싸움을 하던 중 함께 바닥에 넘어지며 피해자에게 치료 일수를 알 수 없는 좌측 다섯 번째 중수골 골절의 상해를 가하였다. ",
            "이로써 피고인은 위험한 물건인 부엌칼을 휴대하여 피해자에게 상해를 가하였다."
        ]
    },
    "dcss": {
        "courtDcss": [
            "위 법리에 비추어 보건대, 이 법원이 적법하게 채택하여 조사한 증거들에 의하여 인정되는 다음과 같은 사실 및 사정들을 종합하면, 피고인이 피해자를 살해할 의사로 피해자의 얼굴을 향해 부엌칼을 수차례 내리찍었음이 인정된다.",
            "그렇지 않더라도 피고인은 자기의 행위로 인하여 피해자 E이 사망하는 결과를 발생시킬 만할 가능성 또는 위험이 있음을 충분히 인식하거나 예견하였다고 보이므로, 피고인에게 적어도 살인의 미필적 고의가 있었음이 인정된다. ",
            "피고인은 피해자와 말다툼을 하던 중 격분하여 소주병으로 피해자의 머리를 2회 가격하고, 바닥에 넘어진 피해자의 배 위에 올라타 주먹으로 피해자의 얼굴을 수회 때렸다. ",
            "이에 피해자가 저항하며 피고인을 밀치자, 피고인은 더욱 격분하여 안방에서 주방으로 이동하여 부엌칼을 찾아들고 다시 피해자에게 돌아왔다. 위 부엌칼은 총 길이가 약 28cm,칼날 길이가 약 15cm에 이르고, 그 칼끝과 칼날 부분이 날카롭게 되어 있어 사용방법에 따라 사람을 죽이거나 치명상을 입히기에 충분한 도구로 보인다.",
            "또한, 피고인이 이미 소주병 등으로 피해자를 폭행한 상황에서 자리를 이동하면서까지 위 부엌칼을 찾아 범행 도구로 선택한 것은 그만큼 피해자에 대한 공격 의사가 강하였음을 보여준다.",
            "피해자와 C는 일치하여 피고인이 피해자에게 죽여버린다고 말하며 부엌칼을 휘둘렀다고 진술하였고, 피고인도 검찰 조사에서 술에 취하였고 흥분한 상태여서 기억은 나지 않지만, 당시 상황으로 보아 피해자에게 죽여버린다고 말하였던 것이 맞을 것으로 생각된다고 진술하였다(수사기록 제194쪽).",
            "피고인은 검찰 조사에서 부엌칼의 손잡이를 거꾸로 잡고 칼날 끝이 아래를 향하도록 한 상태에서 넘어진 상태인 피해자의 배 위에 올라타 피해자의 얼굴을 향해 부엌칼을 3~4회 정도 내리찍었고, 피해자가 피고인의 손을 붙잡고 칼을 뺏으려 몸싸움을 하는 상황에서 C가 들어왔다고 진술하였다.",
            "위와 같이 피고인이 부엌칼을 사용한 방법, 피고인이 공격한 부위와 그 반복성 등에 비추어 보면, 피고인은 상당히 강한 힘으로 피해자에게 치명상을 입힐 수 있는 공격을 하였음을 알 수 있고, 그 위험성이 매우 높았으며, 실제 피해자는 오른쪽 턱 아래 부위에 길이 10cm, 깊이 4cm의 상처를 입었다. ",
            "만약 피해자가 피고인의 손을 붙잡는 등 저항하지 않았거나, C가 집안으로 들어와 피고인을 제지하지 않았다면, 피해자는 더욱 큰 상처를 입거나 사망에 이를 수도 있었을 것으로 보인다.",
            "위와 같이 부엌칼을 사람의 몸, 특히 턱 아래 부위 등을 향해 휘둘러 찌를 경우 사망에 이를 수 있음은 누구나 쉽게 알 수 있고, 피고인도 검찰 조사에서 조금만 아래 부위를 찔렀다면 부엌칼이 피해자의 목을 찔러 피해자가 사망할 수도 있었을 것으로 생각한다고 진술하였다(수사기록 제195쪽).",
            "아래와 같은 정상들과 피고인의 나이, 성행, 환경, 가족관계, 범행의 동기, 수단 및 결과, 범행 후의 정황 등 이 사건 변론에 나타난 모든 양형 요소를 종합적으로 고려하여 주문과 같이 형을 정한다.",
            "이 사건 각 범행은 피고인이 부엌칼로 피해자 E의 얼굴 부위를 수차례 내리찍어 살해하려다 미수에 그치고, 이를 말리던 피해자 C에게 상해를 가한 사안으로, 범행의 수단과 방법, 위험성, 피해자들이 입은 상해의 부위와 정도 등에 비추어 그 죄질이 좋지 않다.",
            "피해자들은 이 사건 각 범행으로 극심한 신체적, 정신적 고통을 겪었을 것으로 보이고, 피해자들의 경제적 손해도 상당한 것으로 보인다. ",
            "그런데도 피고인은 피해회복을 위한 별다른 조치를 취하지 않았고, 피해자들로부터 용서받지도 못하였다.",
            "피고인은 살인의 고의는 부인하고 있으나, 피해자 E을 부엌칼로 찌르고, 피해자 C에게 상해를 가한 점에 대하여 자신의 잘못을 인정하며 반성하고 있다.",
            "또한, 피고인은 이전에 국내에서 형사처벌을 받은 전력이 없다."
        ]
    },
    "close": {
        "cnclsns": [
            "피고인을 징역 4년에 처한다."
        ]
    }
}