{
    "info": {
        "caseField": "2",
        "detailField": "6",
        "trailField": "1",
        "caseNm": "상해",
        "courtNm": "서울중앙지방법원",
        "judmnAdjuDe": "2018. 03. 29.",
        "caseNo": "2017고합1275",
        "relateLaword": [
            "형법 제257조",
            "형법 제70조",
            "형법 제69조",
            "형사소송법 제334조"
        ],
        "qotatPrcdnt": []
    },
    "concerned": {
        "acusr": "4",
        "dedat": "1"
    },
    "org": {
        "orgJdgmnCourtNm": "",
        "orgJdgmnAdjuDe": "",
        "orgJdgmnCaseNo": ""
    },
    "disposal": {
        "disposalform": "9",
        "disposalcontent": [
            "피고인을 벌금 8.000.000원에 처한다. 피고인이 위 벌금을 납입하지 아니하는 경우 100,000원을 1일로 환산한 기간 피고인을 노역장에 유치한다.",
            "위 벌금에 상당한 금액의 가납을 명한다."
        ]
    },
    "mentionedItems": {
        "rqestObjet": [
            "피고인은 피해자에게 약 3주간의 치료를 요하는 안면부좌상 및 피하출혈, 좌수부 염좌 및 교상 등을 가하였다."
        ]
    },
    "assrs": {
        "acusrAssrs": [],
        "dedatAssrs": []
    },
    "facts": {
        "bsisFacts": [
            "피고인은 2017. 8. 28. 12:30경 0000에 있는 E에서, 며칠 전 5,000원을 주고 구입한 000 복권에 4,000원어치만 기록되어 있어 그 곳 종업원인 피해자 F(34세)으로부터 1,000원을 환불받는 과정에서 피해자가 불친절한 태도로 대하자 화가 나 피해자를 복권방 밖으로 불러낸 후 양손으로 피해자의 멱살을 잡고 칼로 찔러 죽인다라고 말하였다",
            "피해자가 피고인의 손을 뿌리치고 복권방으로 들어가자 다시 양손으로 피해자의 옷 뒷덜미 부분을 잡고, 피해자가 재차 피고인의 손을 뿌리치며 복권방으로 들어가자 피해자를 따라 복권방에 들어간 후 주먹으로 피해자의 얼굴을 9회 때리고, 피해자가 피고인의 양팔을 잡고 피고인의 폭행을 저지하자 피해자의 왼쪽 엄지손가락을 물었다.",
            "이로써 피고인은 피해자에게 약 3주간의 치료를 요하는 안면부좌상 및 피하출혈, 좌수부 염좌 및 교상 등을 가하였다."
        ]
    },
    "dcss": {
        "courtDcss": [
            "범죄사실에 대한 해당법조 및 형의 선택: 형법 제257조 제1항, 벌금형 선택",
            "이 사건 범행은 피고인이 복권방에서 복권 구입대금을 일부 환불받는 과정에서 그곳 종업원인 피해자와 시비가 붙어 몸싸움을 하며 다투다가 피해자에게 약 3주간의 치료를 요하는 상해를 입힌 것이다",
            "피고인은 폭력 전과가 많을 뿐 아니라 누범기간 중에 또 다시 범행을 저질렀고, 피해가 전혀 회복되지 아니한 점 등에서 불법의 정도가 가볍지 않다.",
            "피고인은 자신을 멸시하는 듯한 피해자의 태도에 화가 나 우발적으로 범행에 이르게 된 점, 피고인도 몸싸움 과정에서 피해자로부터 폭행을 당하여 목과 양측 손목 등에 상해를 입은 점, 잘못을 인정하며 반성하고 있는 점 등의 유리한 정상이 있다."
        ]
    },
    "close": {
        "cnclsns": [
            "피고인을 벌금 8,000,000원에 처한다",
            "피고인이 위 벌금을 납입하지 아니하는 경우 100,000원을 1일로 환산한 기간 피고인을 노역장에 유치한다",
            "위 벌금에 상당한 금액의 가납을 명한다"
        ]
    }
}