{
    "info": {
        "caseField": "2",
        "detailField": "6",
        "trailField": "1",
        "caseNm": "특정경제범죄가중처벌등에관한법률위반",
        "courtNm": "서울중앙지방법원",
        "judmnAdjuDe": "2014. 04. 17.",
        "caseNo": "2014고합74",
        "relateLaword": [
            "특정경제범죄 가중처벌 등에 관한 법률 제3조",
            "형법 제347조",
            "구 형법(2010. 4. 15. 법률 제10259호로 개정되기 전의 것) 제42조",
            "구 보조금의 예산 및 관리에 관한 법률(2011. 7. 25. 법률 제10898호 보조금 관리에 관한 법률로 개정되기 전의 것) 제40조",
            "형법 제234조",
            "형법 제231조",
            "형법 제40조",
            "형법 제50조",
            "형법 제37조",
            "형법 제39조",
            "형법 제38조"
        ],
        "qotatPrcdnt": []
    },
    "concerned": {
        "acusr": "4",
        "dedat": "1"
    },
    "org": {
        "orgJdgmnCourtNm": "",
        "orgJdgmnAdjuDe": "",
        "orgJdgmnCaseNo": ""
    },
    "disposal": {
        "disposalform": "6",
        "disposalcontent": [
            "피고인을 판시 제1죄 및 제2죄에 대하여 징역 3년에, 판시 제3죄 및 제4죄에 대하여 징역 1년에 각 처한다."
        ]
    },
    "mentionedItems": {
        "rqestObjet": [
            "피고인을 판시 제1죄 및 제2죄에 대하여 징역 3년에, 판시 제3죄 및 제4죄에 대하여 징역 1년에 각 처한다."
        ]
    },
    "assrs": {
        "acusrAssrs": [],
        "dedatAssrs": []
    },
    "facts": {
        "bsisFacts": [
            "피고인은 2011. 3. 30. 수원지방법원 안산지원에서 무고죄로 징역 6월에 집행유예 2년을선고받고 2011. 11. 3. 그판결이 확정되었다.",
            "피고인은 0000 V건물 B동 715호에서 의료기기 제조업체인 주식회사 H(이하 'H'이라 한다)을 운영하던 사람이다.",
            "지식경제부장관은 수도권에 3년 이상 소재하고 있는 기업이 단독 혹은 집단으로 공장 본사 및 연구소를 지방으로 전부 이전하고, 이전 후 30인 이상을 상시 고용할 경우에는 지방 이전기업의 신청에 따라 이전 후 소재지 관할 지방자치단체를 통하여 산업단지 내의 공장 정상분양가 등의 100분의 70 범위에서 지방자치단체가 보조하는 금액의 최대 100분의 70을 국가보조금으로 지급하고 있다.",
            "피고인은 2009. 9. 14.경 00시를 통하여 지식경제부장관에게 2009. 4. 10. 0000 산업단지에 있는 아파트형 공장 AR건물II 4,036.38m를 4,219,000,000원에 분양받는 계약을 체결하였다.",
            "이전 후 \"6,619,000천원을 투자하여 이전 후 180명을 신규 채용하겠으니 입지보조금 1,850,000천원을 지원해 달라\"는 내용의 '입지보조금 신청서'와 증빙서류로서 AR건물II 104호부터 110호까지 7개 칸의 분양계약서를 포함한 사업계획서를 제출하였다.",
            "그러나 피고인은 2008. 10.경부터 임금을 체불하는 등 회사의 재정상태가 악화되어 있었고, 별다른 재정능력을 갖추고 있지 않아 정상분양가의 70%를 보조금으로 지급받더라도 나머지 30%의 분양대금을 부담하여 아파트형 공장 7개칸을 모두 분양받아 H의 공장이나 사무실, 연구소로 사용하면서 종업원 200명을 상시 고용하여 운영할 의사나. 능력이 없었다.",
            "피고인이 제출한 분양계약서와 달리 실제로 104호 내지 110호에 대하여 계약금을 지불하고 분양계약을 체결한 사실도 없었다. ",
            "그럼에도 불구하고 피고인은 위와 같이 허위의 사업계획서를 제출함으로써 지식경제부장관을 기망하여 2009. 10, 29.경 피해자 대한민국 소유의 국가보조금 13억 8,750만 원을 지급받아 이를 편취함과 동시에 거짓 신청이나 그 밖의 부정한 방법으로 국가보조금 13억 8,750만 원을 교부받고, 00시장을 기망하여 2010. 1. 7.경 피해자 00시 소유의 보조금 4억 6,250만 원을 지급받아 이를 편취하였다.",
            "보조금의 예산 및 관리에관한법률위반, 사기] 지식경제부장관은 지방이전기업의 건축비, 시설장비 구입비, 기반시설 설치비 등에, 대하여 지방자치단체가 보조하는 금액의 최대 100분의 70까지 예산의 범위 내에서 보조금을 지급하고 있고,5) 보조금을 지급받은 사업자는 그 보조금을 다른 용도에 사용하여서는 아니된다.",
            "피고인은 2010. 5.경 0000 AR건물(2차) 1층 110호로 H을 이전한 다음 00시를 통하여 지식경제부장관에게 시설장비구입비 명목으로 9억 9,800만 원의 보조금의 지급을 신청하였다.",
            "그러나 피고인은 위 1.항과 같은 사정으로 지식경제부장관 및 00시장으로부터 지급받은 보조금을 H의 시설장비 구입에 사용할 의사나 능력이 없었다.",
            "그럼에도 불구하고 피고인은 위와 같이 허위의 사유로 보조금의 지급을 신청함으로써 지식경제부장관을 기망하여 2010. 12, 3.경 피해자 대한민국 소유의 국가보조금 6억 1,200만 원을 지급받아 이를 편취함과 동시에 거짓 신청이나 그 밖의 부정한 방법으로 국가보조금 6억 1,200만 원을 교부받고, 대전광역시장을 기망하여 2010. 12. 3.경 피해자 00시 소유의 보조금 2억 400만 원을 지급받아 이를 편취하였다.",
            "피고인은 2012. 11. 30.경 00000에 있는 0000 사무실에서 피해자 BE에게 프랑스 바이어들이 물품대금을 가지고 입국하는데 경비 5,000만 원이 필요하다.",
            "H이 0000 R 소재의 건물 1층을 임대인인 U로부터 임차하였는데, \"보증금 5억 원, 권리금 4억 원이 있는 건물이고, H 회사 매출액은 연 120억 원이 된다. 건물보증금을 담보로 하여 5,000만 원을 빌려주면 2012. 12. 10.까지 변제하겠다.\"라는 취지로 거짓말을 하였다.",
            "미리 위조해 놓은 U 명의의 부동산임대차계약서 1매를 마치 진정하게 성립한 것처럼 위 피해자에게 제시하였다.",
            "그러나 사실 위 부동산임대차계약서는 위조된 것으로 피고인으로서는 임대차보증금에 대한 아무런 권리도 없었고, 당시 피고인은 수많은 채무를 부담하고 있었는바, 위 피해자로부터 돈을 빌리더라도 이를 변제할 의사나 능력이 없었다.",
            "그럼에도 불구하고, 피고인은 위와 같이 위 피해자를 기망하여 이에 속은 위 피해자로부터 즉석에서 5,000만 원을 H의 000 계좌로 송금받아 이를 편취하였다.",
            "피고인은 위 3.항 기재 일시, 장소에서, 2012. 9.경 불상지에서 행사할 목적으로 권한 없이 '부동산임대차계약서'라는 제목으로 부동산의 표시 및 계약내용 부분에 \"소재지 0000 R 1층, 임대할 부분 1층 상가, 보증금 오억 원정, 차임 이천만원정은 매월 17일에 지불한다\"라고 기재하였다.",
            "임대인란에 0000 S, 주민등록번호 T 성명 U, 전화 BF 라고 U의 인적사항을 임의로 기재한 다음 U 이름 옆에 임의로 새겨 소지하고 있던 U의 도장을 날인하여 위조한 U 명의의 임대차계약서를 BE에게 마치 진정하게 성립한 것처럼 제시하여 이를 행사하였다."
        ]
    },
    "dcss": {
        "courtDcss": [
            "이 사건 범행은 피고인이 국가나 지방자치단체가 지원하는 보조금을 편취한 것으로 보조금제도의 취지를 몰각시킬 뿐만 아니라 국가나 지방자치단체의 재정을 불량하게 한다는 측면에서 그 죄질이 좋지 않은 점, 이 사건 범행으로 인한 편취액이 26억 원을 넘는 거액이고, 현재까지 피해회복이 제대로 이루어지지 않은 점 등을 고려하여 보면 피고인에게 엄한 처벌이 불가피하다.",
            "다만 피고인이 범행을 모두 시인하고 잘못을 반성하고 있는 점, 경매절차를 통하여 11억 3,000만 원의 보조금이 회수된 점, 위 각 범행은 판결이 확정된 무고죄와 형법 제37조 후단의 경합범 관계에 있어 동시에 판결할 경우와의 형평을 고려하여야 하는 점 등을 피고인에게 유리한 정상으로 참작힌다. ",
            "그 밖에 피고인의 연령, 가족관계, 성행, 생활환경, 이 사건 범행의 경위 및 결과, 범행 후의 정황 등 이 사건 기록 및 변론에 나타난 모든 양형조건을 종합적으로 고려하여 주문과 같이 형을 정한다. "
        ]
    },
    "close": {
        "cnclsns": [
            "피고인을 판시 제1죄 및 제2죄에 대하여 징역 3년에, 판시 제3죄 및 제4죄에 대하여 징역 1년에 각 처한다."
        ]
    }
}