{
    "info": {
        "caseField": "2",
        "detailField": "6",
        "trailField": "1",
        "caseNm": "특수공무집행방해, 공무집행방해",
        "courtNm": "울산지방법원",
        "judmnAdjuDe": "2013. 11. 21.",
        "caseNo": "2013고단3317",
        "relateLaword": [
            "형법 제144조",
            "형법 제136조",
            "형법 제35조",
            "형법 제37조",
            "형법 제38조",
            "형법 제50조",
            "형법 제48조"
        ],
        "qotatPrcdnt": []
    },
    "concerned": {
        "acusr": "4",
        "dedat": "1"
    },
    "org": {
        "orgJdgmnCourtNm": "",
        "orgJdgmnAdjuDe": "",
        "orgJdgmnCaseNo": ""
    },
    "disposal": {
        "disposalform": "6",
        "disposalcontent": [
            "피고인을 징역 1년 6월에 처한다.",
            "압수된 울산지방검찰청 2013년 압 제1578호의 증 제1호(식칼 한 자루), 증 제2호(가위 1개)를 피고인으로부터 각 몰수한다."
        ]
    },
    "mentionedItems": {
        "rqestObjet": [
            "피고인을 징역 1년 6월에 처한다.",
            "압수된 울산지방검찰청 2013년 압 제1578호의 증 제1호(식칼 한 자루), 증 제2호(가위 1개)를 피고인으로부터 각 몰수한다."
        ]
    },
    "assrs": {
        "acusrAssrs": [],
        "dedatAssrs": [
            "피고인은 이 사건 범행 당시 술을 마시고 술 마시던 중 제3자로부터 상해를 당하였다.피고인은 2013.9.25.자 범행 당시 술에 취하여 사물을 변별할 능력이나 의사를 결정할 능력이 없었다거나 미약한 상태에 있었다고 주장한다."
        ]
    },
    "facts": {
        "bsisFacts": [
            "피고인은 2012.6.28.울산지방법원에서 폭력행위 등 처벌에 관한 법률위반(집단·흉기등폭행)죄로 징역 6월을 선고받고 2013.1.10.부산교도소에서 그 형의 집행을 종료한 사람이다.",
            "피고인은 2013.9.25.03:35경 0000에 있는 울산남부경찰서 정문 앞에 이르러, 술에 취해 미리 소지하고 있던 위험한 물건인 식칼과 위험한 물건인 철제가위를 양손에 들고 경비근무를 하고 있던 경비교통과 소속 의경인 B에게 다가가 “폭행신고를 하러 왔다, 건물 출입문을 열어라”고 말하여 위 B로 하여금 그곳 건물 출입문을 열게 하였다.",
            "이후 피고인은 위 경찰서 건물 출입문이 열리자마자 건물 안으로 뛰어 들어간 다음 즉시 1층 형사과 사무실 출입문 앞에 이르러, 잠겨 있는 그곳 출입문을 발로 마구 차면서 그곳 사무실에서 당직근무 중이던 위 경찰서 형사과 소속 경장인 피해자 C과 같은 과 소속 경사인 피해자 D에게 소리 지르며 욕을 하고, 양손에 들고 있던 위 식칼과 위 철제가위를 마구 휘둘렀다.",
            "계속하여 피고인은 위 출입문이 열리지 않자 부근 계단을 통해 2층으로 올라갔고, 이를 지켜보고 있던 C과 D가 피고인을 뒤따라가며 “흉기를 버리고 그 자리에 서라”고 말하자, 이를 무시한 채 다시 뒤돌아 위 C과 위 D에게 달려들며 “너희들, 오늘 다 죽여 버린다”고 소리치면서 양손에 들고 있던 식칼과 철제가위를 마구 휘둘렀다.",
            "피고인은 이와 같이 위험한 물건을 휴대하고 공무원인 피해자 C과 같은 D를 폭행하여 이들의 경찰서 내 근무에 관한 정당한 직무집행을 방해하였다.",
            "피고인은 2013.9.23.21:45경 0000에 있는 00지구대에서, 2013.8.25.경 피고인이 연루되었던 폭력 사건 처리에 불만을 품고 지구대에 찾아가 경찰관들에게 10여 분간 고함을 치면서 소란을 피웠다.",
            "이에 지구대 경찰관 경사 E(47세), 같은 경장 F(30세)등이 피고인을 위 지구대 밖으로 데리고 나가려고 하자 격분하여 고함을 지르면서 다리로 위 F의 다리를 걸어 넘어지게 하여 같은 날 22:15경 그 자리에서 현행범인으로 체포되었다.",
            "피고인은 같은 날 23:00경 지구대 내에서 수갑을 풀어달라고 하여 이에 F이 수갑을 풀어주려고 하자 발로 F의 오른손목을 1회 차고, 같은 날 23:10경 E이 피고인을 울산중부경찰서로 이송하려고 하자 발로 위 E의 낭심을 1회 찼다.이로써 피고인은 폭행으로 경찰관들의 범죄의 예방·진압 및 수사, 공공의 안녕과 질서유지 등에 관한 정당한 직무집행을 방해하였다."
        ]
    },
    "dcss": {
        "courtDcss": [
            "피고인이 경찰서까지 택시를 타고 온 점 등에 비추어 보면, 2013.9.25.자 범행 당시 술에 취하여 사물을 변별할 능력이나 의사를 결정할 능력이 없었다거나 미약한 상태에 있었다고는 보이지 아니하므로, 피고인의 심신미약 주장은 이유 없다.",
            "피고인이 누범기간 내에 반성하지 아니하고 이 사건 각 범행을 저지른 점, 2013.9.25.범행으로 인하여 공무집행방해의 정도가 중한 점 등 불리한 정상과 피고인이 실제로 제3자로부터 상해를 당하여 경찰서에 범죄신고를 하기 위하여 간 것이 맞는 점, 경찰관들의 피해 정도가 중하다고 할 수 없는 점 등 유리한 정상에, 그밖에 피고인의 나이, 가정환경, 전력, 이 사건 각 범행 경위, 범행 후의 정황 등 제반 사정을 합쳐 형을 정한다."
        ]
    },
    "close": {
        "cnclsns": [
            "피고인을 징역 1년 6월에 처한다.",
            "압수된 울산지방검찰청 2013년 압 제1578호의 증 제1호(식칼 한 자루), 증 제2호(가위 1개)를 피고인으로부터 각 몰수한다."
        ]
    }
}