{
    "info": {
        "caseField": "2",
        "detailField": "6",
        "trailField": "1",
        "caseNm": "폭행, 재물손괴, 특수협박",
        "courtNm": "청주지방법원",
        "judmnAdjuDe": "2014. 01. 28.",
        "caseNo": "2013고정1053",
        "relateLaword": [
            "형법 제366조",
            "형법 제284조",
            "형법 제283조",
            "형법 제37조",
            "형법 제38조",
            "형법 제50조",
            "형법 제70조",
            "형법 제69조",
            "형사소송법 제334조",
            "형법 제260조",
            "형사소송법 제327조"
        ],
        "qotatPrcdnt": []
    },
    "concerned": {
        "acusr": "4",
        "dedat": "1"
    },
    "org": {
        "orgJdgmnCourtNm": "",
        "orgJdgmnAdjuDe": "",
        "orgJdgmnCaseNo": ""
    },
    "disposal": {
        "disposalform": "9",
        "disposalcontent": [
            "피고인을 벌금 1,000,000원에 처한다.",
            "피고인이 위 벌금을 납입하지 아니하는 경우 50,000원을 1일로 환산한 기간 피고인을 노역장에 유치한다.",
            "피고인에 대하여 위 벌금에 상당한 금액의 가납을 명한다.",
            "이 사건 공소사실 중 폭행의 점에 대한 공소를 기각한다."
        ]
    },
    "mentionedItems": {
        "rqestObjet": [
            "피고인을 벌금 1,000,000원에 처한다.",
            "피고인이 위 벌금을 납입하지 아니하는 경우 50,000원을 1일로 환산한 기간 피고인을 노역장에 유치한다."
        ]
    },
    "assrs": {
        "acusrAssrs": [],
        "dedatAssrs": []
    },
    "facts": {
        "bsisFacts": [
            "피고인은 2013. 10. 5. 21:20경 0000에 있는 C 슈퍼내에서, 피해자 D의 처가 외상값을 달라고 했다는 이유로 행패를 부리면서 진열대에 놓여 있던 난이 심어져 있는 화분과 에프킬러, 우유깡통을 손으로 밀쳐 바닥에 떨어뜨려 35,000원 상당의 화분이 파손되고, 시가 5,000원 상당의 에프킬러를 집어 들어 바닥에 던져 우그러지게 하여 재물을 손괴하여 그 효용을 해하였다.",
            "피고인은 위 제1항 기재 일시에 그 장소 앞 노상에서 위험한 물건인 빈 맥주병을 깨서 피해자 D에게 죽여 버린다고 소리를 지르고 행패를 부려 위 피해자에게 어떠한 해악을 가할 듯한 태도를 보여 피해자를 협박 하였다."
        ]
    },
    "dcss": {
        "courtDcss": [
            "형법 제260조 제1항의 폭행죄는 같은 조 제3항에 의하여 피해자의 명시한 의사에 반하여 공소를 제기할 수 없는 사건인데, 2013. 11. 25. 이 법원에 제출된 합의서의 기재에 의하면, D는 피고인에 대한 처벌을 희망하지 않는다는 의사를 표시한 사실을 인정할 수 있으므로, 형사소송법 제327조 제6호에 의하여 이 부분 공소를 기각한다."
        ]
    },
    "close": {
        "cnclsns": [
            "형법 제366조, 제284조, 제283조 제1항, 각 벌금형 선택에 따라 피고인을 벌금 1,000,000원에 처한다. ",
            "이 사건 공소사실 중 폭행의 점에 대한 공소를 기각한다.",
            "피고인이 위 벌금을 납입하지 아니하는 경우 50,000원을 1일로 환산한 기간 피고인을 노역장에 유치한다. ",
            "피고인에게 위 벌금 상당액의 가납을 명한다."
        ]
    }
}