{
    "info": {
        "caseField": "2",
        "detailField": "6",
        "trailField": "1",
        "caseNm": "가. 특정경제범죄가중처벌등에관한법률위반(사기), 나. 사기",
        "courtNm": "서울중앙지방법원",
        "judmnAdjuDe": "2017. 11. 30.",
        "caseNo": "2017고합638",
        "relateLaword": [
            "특정경제범죄 가중처벌 등에 관한 법률 제3조",
            "형법 제347조",
            "형법 제30조",
            "형법 제35조",
            "형법 제42조",
            "형법 제37조",
            "형법 제39조",
            "형법 제38조",
            "형법 제50조",
            "형법 제53조",
            "형법 제55조"
        ],
        "qotatPrcdnt": [
            "대법원 2011. 6. 10. 선고 2011도2351 판결",
            "대법원 2014. 3. 27. 선고 2014도469 판결"
        ]
    },
    "concerned": {
        "acusr": "4",
        "dedat": "1"
    },
    "org": {
        "orgJdgmnCourtNm": "",
        "orgJdgmnAdjuDe": "",
        "orgJdgmnCaseNo": ""
    },
    "disposal": {
        "disposalform": "6",
        "disposalcontent": [
            "피고인 A를 징역 5년에 처한다.",
            "피고인 B, C를 각 징역 3년에 처한다."
        ]
    },
    "mentionedItems": {
        "rqestObjet": [
            "피고인들은 K, L과 순차 공모하여 사업자금을 부풀려 줄 수 있는 의사나 능력이 전혀 없었음에도 피해자 M을 기망하여 재물을 교부받았다.",
            "피고인은 약속한 사업자금을 지급할 의사나 능력이 없었음에도 피해자 O를 기망하여 재물을 교부받았다."
        ]
    },
    "assrs": {
        "acusrAssrs": [
            "피고인들은 K, L과 순차 공모하여, 피해자를 기망하여 재물을 교부받았다."
        ],
        "dedatAssrs": [
            "피고인 A: 피고인 C가 특정 물건으로 불특정한 사람을 기망하여 불법적인 행위를 할 것이라는 점을 알 수 있었음에도 피고인 C에게 골드바 2개를 건네주고 자신의 계좌번호를 알려 준 사실은 인정하나, 하루만에 75억 원 또는 100억 원으로 부풀려 준다는 명목으로 50억 원을 받은 것은 아니었고, 피고인의 지위나 역할 등에 비추어 볼 때 이 사건 범행에 대한 기능적 행위지배를 인정하기 어렵다.",
            "피고인 B: 2016.4.28.L, K과 함께 피해자를 만났고 당시 특정물건 처리에 50억 원을 투자하면 100억 원으로 부풀려 주겠다는 말이 오갔으며, 피해자가 A 명의 계좌로 송금한 50억 원이 특정 물건 처리비용 투자 명목의 돈이라는 것을 알고 있었던 사실은 인정하나, 다른 피고인들 및 L, K과 이 사건 범행을 사전에 공모한 사실은 없다.",
            "피고인 C: 다른 피고인들 및 L, K과 이 사건 범행을 공모한 사실이 없고, 피고인 A 명의 계좌로 50억 원이 입금된 사실도 나중에 알게 되었으며, 피고인 A과 친분이 있어 중간에 심부름 역할을 한 사실은 있으나, 이 사건 범행에 대한 기능적 행위지 배를 한 것은 아니므로 방조에 해당할 수 있을 뿐이다.",
            "피고인 A: 피해자에게 범죄사실에 기재된 것과 같은 말을 한 사실이 없고, 단지 R의 부탁을 받고 신권으로 된 5억 원짜리 팩을 만들어 주기로 한 것일 뿐이다."
        ]
    },
    "facts": {
        "bsisFacts": [
            "피고인 A은 2013.10.11.서울 고등법원에서 특정경제범죄 가중처벌 등에 관한 법률위반(사기)죄 등으로 징역 2년을 선고받고, 그 형의 집행 중 2014.1.29.가석방되어 2014.7.10.가석방기간이 경과하였다.",
            "피고인 B는 2016.5.25.서울 동부지방법원에서 사기죄로 징역 8개월에 집행유예 2년을 선고받고 2017.1.13.위 판결이 확정되었으며, 피고인 C는 2015.5.7.서울 북부지방법원에서 사기죄로 징역 10개월을 선고받고 2015.12.9.그 형의 집행을 종료하였다.",
            "피고인들은 K, L과 함께, 국내외 과거 정권, 협회, 기구에서 정치자금, 지하금융자금, 비자금 형태로 보관 중인 신·구권 화폐, 스위스에서 제련한 금괴, 채권 등 특정 물건(이하 '특정 물건'이라 한다)의 처리비용 투자를 빌미로 불특정 대상자를 상대로 금품을 편취하기로 순차 공모하였다.",
            "이에 따라 피고인 B는 2016.4.경 사업자금이 필요하였던 피해자 M에게 접근하여 \"특정물건 일을 하는 사람들을 알고 있다.그 사람들을 통해 사업자금을 부풀려 주겠다.\" 라고 거짓말하고, 2016.4.27.0000 부근 커피숍에서 특정물건 일에 관여하는 사람으로 K, L을 소개하였다.",
            "K, L은 2016.4.28.위 커피숍에서 피해자에게 \"특정 물건을 처리하는 A이라는 사람이 있다.A은 능력이 좋고, 샘플 1팩(5만 원권 돈다발, 5억 원 상당)을 0000로 제일 많이 올린 사람이다.50억 원을 투자하면 75억 원으로 부풀려 주겠다.\" 라고 거짓말하면서, K은 피고인 A이 약 1억 원을 주고 구입하여 피고인 C가 보관 중이던 골드바 2개를 피고인 C로 하여금 가져오게 하였다.",
            "피고인 C는 K이 위 골드바를 피해자에게 과시하는 용도로 사용할 것이라는 점을 알면서 이를 가지고 와 K에게 주었다.K은 위 골드바 2개를 마치 특정물건을 처리한 결과물인 것처럼 피해자에게 보여주고, 피고인 B도 \"이 사람들은 특정물건 일을 하는 사람들로서 확실하게 돈을 부풀려 사업자금을 만들어 줄 것이다.\" 라고 분위기를 조성하면서 피해자에게 거짓말하였다.",
            "이어서 피고인 B와 K은\" 2016.4.29.은행 마감 시까지 약속한 금액을 지불하지 못할 시 A 계좌에 입금된 금액을 책임지고 지급하겠다.\" 라고 말하면서 피해자를 안심시키고, K은 같은 취지의 이행각서를 피해자에게 교부하고 투자를 권유하면서 투자금 입금처로 피고인 A 명의의 000 예금계좌를 지정하였다.",
            "피고인들은 이와 같이 피해자를 기망하여 이에 속은 피해자로부터 2016.4.28.특정물건 처리비용 명목으로 50억 원을 피고인 A 명의의 000 예금계좌(N)로 송금 받았다.",
            "피고인은 2015.6.경 장소를 알 수 없는 곳에서 피해자 O에게\" 5억 원을 송금해 주면 그 돈을 담보로 '창'에 보관 중인 5억 원 짜리 팩(오만 원권 신권을 비닐로 포장한 것)을 가지고 나와 이를 투자자들에게 보여주고 100억 원을 투자받아 일주일에 두 배로 불린 다음 사업자금 명목으로 15억 원을 주겠다.\" 라는 취지로 말을 하여 이에 속은 피해자로부터 2015.6.11.피고인의 000 계좌로 8,000만 원을 송금받았다.",
            "그러나 피고인은 위 '창'의 관리인도 아니고, 오만 원권 신권 5억 원을 위 '창'에서 반출할 수도 없어 피해자로부터 위 돈을 받더라도 약속한 사업자금을 지급할 의사나 능력이 없었다."
        ]
    },
    "dcss": {
        "courtDcss": [
            "[범죄사실에 대한 해당법조 및 형의 선택] ",
            "가.피고인 A: 특정경제범죄 가중처벌 등에 관한 법률 제3조 제1항 제1호, 형법 제347조 제1항, 제30조(피해자 M에 대한 사기의 점, 유기징역형 선택), 형법 제347조 제1항(피해자 이에 대한 사기의 점, 징역형 선택)",
            "나.피고인 B: 특정경제범죄 가중처벌 등에 관한 법률 제3조 제1항 제1호, 형법 제347조 제1항, 제30조(유기징역형 선택)",
            "다.피고인 C: 특정경제범죄 가중처벌 등에 관한 법률 제3조 제1항 제1호, 형법 제347조 제1항, 제30조(유기징역형 선택)",
            "피고인이 다른 공범들과 순차 공모하여 50억 원을 75억 원 또는 100억 원으로 만들 수 있는 능력이 있는 것처럼 행세하며 자신의 계좌로 50억 원을 받은 사실을 충분히 인정할 수 있고, 이러한 피고인의 행위는 이 사건 사기 범행의 핵심적인 부분으로 공동정범으로서의 기능적 행위지배로 보아야 한다.",
            "피고인의 소개로 피해자가 50억 원을 특정물건에 투자하게 되었고 피고인도 당시 피해자가 그러한 용도로 송금한다는 것을 알고 있었던 사실, 피고인은 위와 같이 50억 원이 피고인 A 명의 계좌로 입금된 후 곧바로 K으로부터 골드바 1개를 대가 명목으로 받았고, 2016.5.4.에도 5억 원을 받은 사실이 인정되므로, 피고인들 사이의 순차 공모관계가 충분히 인정된다.",
            "피고인이 다른 공범들과 이 사건 범행을 순차 공모하여 범행에 가담한 사실을 충분히 인정할 수 있다.",
            "피고인은 창과 무관한 사람이었고, 5억 원짜리 팩을 다른 투자자에게 보여주는 것만으로 100억 원을 투자받는 것은 사실상 불가능하고 일반 거래관념에 반하므로, 피고인은 피해자에게 약속한 사업자금을 지급할 의사나 능력이 없었던 것으로 보인다.",
            "이 사건은 피해자들의 비정상적인 이윤추구 의도가 피고인의 범행을 용이하게 한 측면이 있어 피해자들에게도 범행 발생에 일정 부분 책임이 있다.",
            "피고인A이 2017고합 638 사건 범행을 다른 피고인들과 사전에 치밀하게 모의한 것으로 볼 수 있는 직접적인 증거는 없는 점, 피고인이 2017고합638 사건의 피해자인 M에게 10억 원을 반환한 점, 피고인이 2017고합880 사건의 피해자인에게 상당한 돈을 반환하여 0이 피고인에 대한 처벌을 희망하지 않는다는 의사를 표시한 점, 피고인이 자신의 행동을 반성하고 있는 점 등은 피고인에게 유리한 정상이다.",
            "그러나 2017고합638 사건 범행은 여러 명이 역할을 분담하여 피해자를 기망하고 이에 속은 피해자로부터 50억 원이라는 다액을 편취한 것으로 범행수법과 결과 측면에서 죄질이 불량하다.",
            "피고인은 이 사건 각 범행과 유사한 방법으로 돈을 편취했다는 범죄사실로 실형을 선고받고 출소한 지 얼마 지나지 않아 누범기간 중에 또다시 이 사건 범행을 저지른 점, 피고인이 피해금액의 대부분을 취득한 것으로 보이나 피해자 M에 대한 피해회복이 상당부분 이루어지지 못한 점, 피해자 M가 피고인에 대한 처벌을 희망한다는 의사를 표시한 점 등은 피고인에게 불리한 정상이다.",
            "피고인 B: 피해자의 비정상적인 이윤추구 의도가 피고인의 범행을 용이하게 한 측면이 있어 피해자에게도 범행 발생에 일정 부분 책임이 있다.",
            "피고인이 이 사건 범행을 다른 피고인들과 사전에 치밀하게 모의한 것으로 볼 수 있는 직접적인 증거는 없는 점, 피고인이 자신의 행동을 반성하고 있는 점, 형법 제37조 후단의 경합범 관계에 있는 판결이 확정된 판시 사기죄와 동시에 판결할 경우와의 형평을 고려하여야 하는 점 등은 피고인에게 유리한 정상이다.",
            "이 사건 범행은 여러 명이 역할을 분담하여 피해자를 기망하고 이에 속은 피해자로부터 50억 원이라는 다액을 편취한 것으로 범행수법과 결과 측면에서 죄질이 불량하다.",
            "피고인은 동종전과가 여러 개 있음에도 또다시 이 사건 범행을 저지른 점, 피고인이 피해금액 중 5억 원을 취득하였음에도 피해자에게 이를 반환하거나 피해회복을 위한 노력을 하지 않은 점, 피해자가 피고인에 대한 처벌을 희망한다는 의사를 표시한 점 등은 피고인에게 불리한 정상이다.",
            "피고인 C: 피해자의 비정상적인 이윤추구 의도가 피고인의 범행을 용이하게 한 측면이 있어 피해자에게도 범행 발생에 일정 부분 책임이 있다.",
            "피고인이 이 사건 범행을 다른 피고인들과 사전에 치밀하게 모의한 것으로 볼 수 있는 직접적인 증거는 없는 점, 피고인이 피해자에게 직접적인 기망행위를 한 사실은 없어 보이는 점 등은 피고인에게 유리한 정상이다.",
            "이 사건 범행은 여러 명이 역할을 분담하여 피해자를 기망하고 이에 속은 피해자로부터 50억 원이라는 다액을 편취한 것으로 범행수법과 결과 측면에서 죄질이 불량하다.",
            "피고인은 이 사건 범행과 유사한 방법으로 돈을 편취했다는 범죄사실로 여러번 처벌받은 전력이 있고 동종범죄로 실형을 선고받아 출소한 지 1년도 지나지 않은 누범기간 중 또다시 이 사건 범행을 저지른 점, 피고인이 피해금액 중 5억 원 이상을 취득하였음에도 피해자에게 이를 반환하거나 피해회복을 위한 노력을 하지 않은 점, 피해자가 피고인에 대한 처벌을 희망한다는 의사를 표시한 점 등은 피고인에게 불리한 정상이다."
        ]
    },
    "close": {
        "cnclsns": [
            "피고인A을 징역 5년에, 피고인 B, C를 각 징역 3년에 처한다."
        ]
    }
}