{
    "info": {
        "caseField": "2",
        "detailField": "6",
        "trailField": "1",
        "caseNm": "업무상횡령",
        "courtNm": "인천지방법원",
        "judmnAdjuDe": "2017. 12. 22.",
        "caseNo": "2017고단5778",
        "relateLaword": [
            "형법 제356조, 제355조 제1항",
            "형법 제62조 제1항",
            "형법 제62조의2"
        ],
        "qotatPrcdnt": []
    },
    "concerned": {
        "acusr": "4",
        "dedat": "1"
    },
    "org": {
        "orgJdgmnCourtNm": "",
        "orgJdgmnAdjuDe": "",
        "orgJdgmnCaseNo": ""
    },
    "disposal": {
        "disposalform": "6",
        "disposalcontent": [
            "피고인을 징역 6월에 처한다.",
            "다만, 이 판결 확정일로부터 2년간 위 형의 집행을 유예한다.",
            "피고인에게 100시간의 사회봉사를 명한다."
        ]
    },
    "mentionedItems": {
        "rqestObjet": [
            "피고인은 피해자의 재물을 횡령하였다."
        ]
    },
    "assrs": {
        "acusrAssrs": [],
        "dedatAssrs": []
    },
    "facts": {
        "bsisFacts": [
            "피고인은 건물관리업을 하는 (주)C의 운영자로서, 2015.1.경부터 2016.7.경까지 0000 상가 건물의 건축주 겸 분양자인 피해자 E으로부터 위 상가 건물에 대한 관리를 위탁 받아 매월 위 상가 입주자들로부터 관리비 등을 수금하여 건물 관리에 사용하는 업무에 종사하여 왔다.",
            "피고인은 2015.11.27.경 위 상가 입주자들 로부터 관리비 등을 (주)C 명의의 000 계좌로 송금 받아 피해자를 위하여 업무상 보관하던 중 그 중 90만원을 피고인 명의의 000 계좌로 송금하여 생활비 등 ",
            "개인적인 용도에 임의로 사용한 것을 비롯하여 그 무렵부터 2016.6.7.경까지 사이에 별지 범죄 일람표 기재와 같은 방법으로 총 83회에 걸쳐 합계 3,663만 4,833원을 임의로 사용하였다.",
            "이로써 피고인은 피해자의 재물을 횡령하였다."
        ]
    },
    "dcss": {
        "courtDcss": [
            "범죄사실에 대한 해당 법조 및 형의 선택: 형법 제356조, 제355조 제1항, 징역형 선택",
            "불리한 정상: 이 사건 범행으로 인한 피해 규모가 적지 않은 점, 상당 부분의 피해가 여전히 회복되지 않은 점, 이 사건 범행 중 일부는 동종,유사 사건으로 수사가 진행 중인 상황에서 저지른 것인 점 등",
            "유리한 정상: 범행을 인정하고 반성하고 있는 점, 이 사건 범행으로 인한 피해 회복을 위해 피해자 측에 1,800만 원을 지급한 점, 최근 약 30년 가까이 벌금형을 초과하는 형사처벌 전력은 없는 점 등",
            "피고인은 별건 업무상횡령죄로 2016, 6.24.인천지방법원 2016고약13953호로 약식기소 되었다(2016.7.11.벌금 300만원의 약식명령이 발령되어 2016.7.22.확정, 증거기록 232쪽 참조).",
            "이 사건 범행 기간(2015.11.27.경~2016.6.7.경)을 고려하면, 이 사건 범행 중 일부는 위 별건 수사 진행 중에 저지른 것으로 보인다."
        ]
    },
    "close": {
        "cnclsns": [
            "피고인을 징역 6월에 처한다.",
            "다만, 이 판결 확정 일로부터 2년 간 위 형의 집행을 유예한다.",
            "피고인에게 100시간의 사회봉사를 명한다."
        ]
    }
}