{
    "info": {
        "caseField": "2",
        "detailField": "6",
        "trailField": "1",
        "caseNm": "성폭력범죄의처벌등에관한특례법위반(강간등살인),특정범죄가중처벌등에관한법률위반(영리약취,유인등)·주거침입,야간주거침입절도,절도,부착명령,치료명령",
        "courtNm": "광주지방법원",
        "judmnAdjuDe": "2013. 01. 31.",
        "caseNo": "2012고합942,2012고합1164(병합),2012전고26(병합),2013치고1(병합)",
        "relateLaword": [
            "성폭력범죄의 처벌 등에 관한 특례법 제14조",
            "성폭력범죄의 처벌 등에 관한 특례법 제9조",
            "성폭력범죄의 처벌 등에 관한 특례법 제7조",
            "형법 제297조",
            "특정범죄 가중처벌 등에 관한 법률 제5조",
            "형법 제288조",
            "형법 제319조",
            "형법 제330조",
            "형법 제329조",
            "형법 제37조, 형법 제38조, 형법 제50조",
            "아동,청소년의 성보호에 관한 법률 제38조",
            "특정 범죄자에 대한 위치추적 전자장치 부착 등에 관한 법률 제9조",
            "특정 범죄자에 대한 위치추적 전자장치 부착 등에 관한 법률 제5조",
            "성폭력범죄자의 성충동 약물치료에 관한 법률 제8조 ",
            "성폭력범죄자의 성충동 약물치료에 관한 법률 제4조 ",
            "아동·청소년의 성보호에 관한 법률 제33조",
            "아동·청소년의 성보호에 관한 법률 제34조"
        ],
        "qotatPrcdnt": [
            "대법원 2003. 6. 13. 선고 2003도924 판결"
        ]
    },
    "concerned": {
        "acusr": "4",
        "dedat": "1"
    },
    "org": {
        "orgJdgmnCourtNm": "",
        "orgJdgmnAdjuDe": "",
        "orgJdgmnCaseNo": ""
    },
    "disposal": {
        "disposalform": "6",
        "disposalcontent": [
            "피고인을 무기징역에 처한다.",
            "피고인에 대한 정보를 10년간 정보통신망을 이용하여 공개하고, 고지한다. 다만 성범죄의 요지는 판시 성폭력범죄의처벌등에관한특례법위반(강간등살인)죄에 한한다.",
            "피부착명령청구자에게 30년간 위치추적전자장치의 부착을 명한다.",
            "피부착명령청구자에 대하여 별지 기재의 준수사항을 부과한다.",
            "피치료명령청구자에 대하여 5년간 성충동 약물치료를 명한다."
        ]
    },
    "mentionedItems": {
        "rqestObjet": [
            "피고인은 피해자를 강간할 목적으로 위 가.항 일시경 피해자의 집에서 이불을 덮고 자고 있던 피해자를 이불채로 감싸 안고 밖으로 나와 그곳에서 약 200미터 가량 떨어져 있는 0000에 있는 00000 아래 공터로 피해자를 강제로 데려가 약취하였으므로 처벌받아야 한다.",
            "피고인은 위와 같이 피해자를 강간하던 중, 피해자가 피고인의 얼굴을 보았기 때문에 그녀를 살려두면 피고인을 신고하게 될 것이 두려운 나머지 피해자를 살해할 것을 마음먹고 손으로 그녀의 목을 강하게 졸라 피해자를 살해하려고 하였으나, 피해자가 심한 목졸림으로 인하여 실신한 것을 죽은 것으로 오인하여 현장을 떠나는 바람에 미수에 그치고, 피해자에게 약 3개월 이상의 치료를 요하는 복강 내 질 천공, 질 후벽 열상, 직장손상, 좌 안구 손상, 안면부 울혈 등의 상해 및 약 1개월 이상의 치료를 요하는 급성 스트레스 반응 등의 상해를 입도록 하였으므로 처벌받아야 한다."
        ]
    },
    "assrs": {
        "acusrAssrs": [],
        "dedatAssrs": [
            "각 범행 당시 피고인이 술에 취하여 심신미약의 상태에 있었다고 주장한다.",
            "피고인이 인격장애, 비기질적 정신병 및 소아기호증 등의 성도착증으로 인하여 이 사건 판시 제1항 기재 각 범행 당시 심신미약의 상태에 있었다고 주장한다."
        ]
    },
    "facts": {
        "bsisFacts": [
            "피고인 겸 피부착명령청구자, 피치료명령청구자(이하 '피고인'이라고 한다)는 평소에 인터넷 사이트에서 다운로드받은 여자 아동을 대상으로 한 음란동영상을 즐겨보면서 여자 아동을 상대로 한 성행위를 통하여 성적 욕구를 해소하려는 환상을 가지고 있었고, 한편 5-6년 전부터 피해자 공소외 00(여, 6세)의 부모가 운영하는 식당의 손님으로 드나들면서 그 가족들과도 식사를 하는 등 친분이 있었다.",
            "피고인은 2012. 8. 30. 01:00경 0000에 있는 0에서 피해자의 어머니를 만나 대화하면서 피해자의 아버지가 집에서 술에 취하여 자고 있다는 말을 듣고서 피해자의 어머니가 피씨방에서 시간을 보내는 틈을 타 피해자의 집에 들어가 피해자를 약취한 후 강간하기로 마음먹었다.",
            "피고인은 2012. 8. 30. 01:30경 0000에 있는 피해자의 집 앞에 이르러 잠겨 있지 않은 출입문을 열고 안으로 들어가 피해자의 주거에 침입하였다.",
            "피고인은 피해자를 강간할 목적으로 피해자의 집에서 이불을 덮고 자고 있던 피해자를 이불채로 감싸 안고 밖으로 나와 그곳에서 약 200미터 가량 떨어져 있는 0000에 있는 00000 아래 공터로 피해자를 강제로 데려가 약취하였다.",
            "피고인은 02:00경 00000 아래 공터에서 피해자를 감싸기 위하여 가져 온 이불을 바닥에 깔고 그 위에 피해자를 눕힌 다음 피고인의 바지와 팬티를 밑으로 내린 후 피해자의 옷을 벗기고, 이에 피해자가\"살려주세요, 살려주세요, 집에 갈래\"라고 애원하면서 몸을 비틀고 소리지르며 반항하였다.",
            "피고인은 왼손으로 피해자의 목 부위를 눌러 반항을 억압한 다음 왼손 세 번째, 네 번째 손가락을 그녀의 질 속에 집어넣어 아래위로 수 회 흔들고, 이로 그녀의 양쪽 볼, 왼쪽 손목 부위 등을 물고, 성기를 그녀의 음부에 집어넣어 피해자를 강간하였다.",
            "피고인은 피해자를 강간하던 중, 피해자가 피고인의 얼굴을 보았기 때문에 그녀를 살려두면 피고인을 신고하게 될 것이 두려운 나머지 피해자를 살해할 것을 마음먹고 손으로 그녀의 목을 강하게 졸라 피해자를 살해하려고 하였으나, 피해자가 심한 목졸림으로 인하여 실신한 것을 죽은 것으로 오인하여 현장을 떠나는 바람에 미수에 그쳤다.",
            "이 사건으로 피해자에게 약 3개월 이상의 치료를 요하는 복강 내 질 천공, 질 후벽 열상, 직장손상, 좌 안구 손상, 안면부 울혈 등의 상해 및 약 1개월 이상의 치료를 요하는 급성 스트레스 반응 등의 상해를 입도록 하였다.",
            "피고인은 범행을 저지르고 난 후 도주비용이 필요하자 인근 가게에서 금품 등을 훔치기로 마음먹었다. ",
            "피고인은 0000에 있는 피해자 공소외 00가 거주하면서 운영하고 있는 0에 이르러 잠겨져 있는 출입문을 앞뒤, 위 아래로 세게 흔들어 출입문을 연 후 가게로 침입하고, 서랍 안에 있던 피해자 소유인 현금 33만원과 담배 진열장에 있던 시가 13,500원 상당의 000 담배 5갑 합계 343,500원 상당을 가지고 나와 절취하였다."
        ]
    },
    "dcss": {
        "courtDcss": [
            "이 법정에서 적법하게 채택, 조사한 증거들에 의하면 피고인이 위 범행 당시 상당한 양의 술을 마셨던 사실은 인정되나, 그로 인하여 사물을 변별하거나 의사를 결정할 능력이 미약한 상태에 이르렀다고는 보이지 않는다.",
            "또한 000 의사 공소외 00, 00 신경정신과의원 의사 공소외 00의 각 소견서 및 치료감호소 소속 의사 공소외 00 작성의 정신감정서의 기재에 의하면, 피고인이 상세불명의 인격장애, 상세불명의 비기질적 정신병, 비폐쇄적 유형의 소아기호증 등의 증상을 앓고 있는 사실은 인정되나, 위 감정서에도 '이 사건 범행 당시의 정신상태가 정신병적 상태가 아니므로 심신장애는 없었던 것으로 추정된다'는 취지의 소견을 제시하고 있다.",
            "이 사건 이후 피해자는 3주 이상 소량의 물 이외에는 아무 것도 먹지 못하고 인공항문 등을 부착하는 등 산부인과, 대장항문외과, 감염내과, 정신과 등에서 일반 성인들조차도 견뎌내기 힘든 치료를 받아왔으며 앞으로도 2회 이상의 큰 수술을 앞두고 있는바, 피해자가 입은 육체적 고통은 이루 말할 수 없을 정도로 참담하다.",
            "그 뿐만 아니라 피해자는 현재 범행 당시와 같이 비가 오는 날이면 극도의 불안감과 두려움을 호소하는 등 평생이 지나도록 쉽게 치유할 수 없는 정신적 충격으로 고통 받고 있다.",
            "성장기에 있는 어린 아이에 대한 성폭력범행은 피해자 본인에게 극심한 신체적·정신적 상처를 줄 뿐만 아니라 성장과정과 그 이후에도 계속적인 불안과 공포, 우울증, 무기력증 등 후유증을 남기고, 이를 치유하기도 쉽지 않으며, 피해자의 가족에게도 깊은 상처를 주게 된다.",
            "피해자는 가장 편안하고 보호받아야 할 장소인 집에서 평온하게 자고 있던 중 낯선 피고인에게 약취되어 어두운 다리 밑에서 6세 여아로서는 감당하기 어려운 참혹한 피해를 당하였고 극한의 공포와 불안 속에서 살기 위해 몇 번의 실신을 거듭하며 발가벗은 상태로 비가 오는 어둠 속을 헤매야만 했다.",
            "이 사건 범행으로 인해 질 후벽, 회음부, 직장 주위 근육 및 괄약근 주위가 상당부분 찢어지고, 아밀라제 효소 수치가 심각하게 상승하는 상태에까지 이르렀으며, 흔히 목이 졸려 죽은 사람에게서 나타나는 안면부 울혈, 점상 출혈, 좌 안구 손상 등의 중한 상해를 입었다.",
            "이 사건은 그 이웃 넓게는 어린 아이를 두고 있는 우리 사회의 모든 가정에 극도의 불안감과 공포를 가져다주고 온 국민을 충격에 휩싸이게 하였는바, 피고인에 대하여는 이에 상응하는 엄중한 형벌로서 그 책임을 묻지 않을 수 없다.",
            "여아를 상대로 성관계를 하는 것에 대한 환상을 품는 소아기호증의 성적 취향을 가지게 되었으며 실제로 피해자의 언니 등과의 성관계를 상상해오다가 이 사건 범행을 저지른 점, 강간범행 도중 성적쾌락을 느끼기 위하여 피해자의 목을 조르고 손가락을 피해자의 질 속에 넣어 강하게 수 회 흔들며 이빨로 피해자의 양쪽 볼과 손목 등을 심하게 깨무는 등 가학적, 변태적인 방법으로 성욕을 표출한 점 등을 간과해서는 안 된다.",
            "피고인의 성향, 정신상태 등에 비추어 볼 때 피고인의 불우한 성장환경 및 동종전력 없음 등을 이유로 형을 작량감경하여 장래에 피고인을 사회로 복귀시킬 경우 피고인이 더욱 잔혹하고 흉악한 범죄를 저지를 가능성이 높다고 판단되므로 피고인을 무기한 격리시킬 필요성이 더더욱 절실하다.",
            "피고인의 유리한 정상들을 이유로 피고인에게 관용을 베풀어 피고인을 장래에 사회로 복귀시키고 피고인의 교화를 기대하는 것 보다는 끔찍한 범행을 저지른 피고인을 이 사회로부터 영구히 격리하여 그 행위에 상응하는 엄중한 책임을 묻고 어린 아동을 상대로 하는 이와 같은 잔혹한 범죄에 대해 준엄히 경고하여 피고인 및 잠재적 피고인들로부터 피해자와 그 가족 및 우리 사회를 보호하는 것이 더 절실하다고 판단되므로, 무기징역을 선고하기로 한다.",
            "아동·청소년 대상 성범죄인 판시 성폭력범죄의처벌등에관한특례법위반(강간등살인)의 범죄사실에 대하여 유죄판결이 확정되는 경우, 피고인은 아동·청소년의 성보호에 관한 법률 제33조 제1항에 의한 신상정보 등록대상자에 해당하게 되므로 같은 법 제34조에 의하여 관할기관에 신상정보를 제출할 의무가 있다."
        ]
    },
    "close": {
        "cnclsns": [
            "피고인을 무기징역에 처한다.",
            "피고인에 대한 정보를 10년간 정보통신망을 이용하여 공개하고, 고지한다[다만 성범죄의 요지는 판시 성폭력범죄의처벌등에관한특례법위반(강간등살인)죄에 한한다].",
            "피부착명령청구자에게 30년간 위치추적전자장치의 부착을 명한다.",
            "피부착명령청구자에 대하여 별지 기재의 준수사항을 부과한다.",
            "피치료명령청구자에 대하여 5년간 성충동 약물치료를 명한다."
        ]
    }
}