{
    "info": {
        "caseField": "2",
        "detailField": "6",
        "trailField": "1",
        "caseNm": "상해치사,상해",
        "courtNm": "서울중앙지방법원",
        "judmnAdjuDe": "2018. 02. 09.",
        "caseNo": "2017고합1035",
        "relateLaword": [
            "형법 제259조",
            "형법 제257조",
            "형법 제37조",
            "형법 제38조",
            "형법 제50조",
            "형법 제53조",
            "형법 제55조",
            "형법 제48조"
        ],
        "qotatPrcdnt": []
    },
    "concerned": {
        "acusr": "4",
        "dedat": "1"
    },
    "org": {
        "orgJdgmnCourtNm": "",
        "orgJdgmnAdjuDe": "",
        "orgJdgmnCaseNo": ""
    },
    "disposal": {
        "disposalform": "6",
        "disposalcontent": [
            "피고인을 징역 2년 6개월에 처한다. 압수된 증 제3호증을 몰수한다."
        ]
    },
    "mentionedItems": {
        "rqestObjet": [
            "피고인은 피해자에게 상해를 가하여 사망에 이르게 하였다.",
            "피고인은 피해자에게 치료 일수를 알 수 없는 두피의 열린 상처 등의 상해를 가하였다."
        ]
    },
    "assrs": {
        "acusrAssrs": [
            "피고인은 피해자에게 상해를 가하여 사망에 이르게 하였다."
        ],
        "dedatAssrs": [
            "피고인이 판시와 같은 경위로 피해자 F을 상해하여 사망에 이르게 한 사실은 인정하면서도, 구체적인 폭행 태양과 관련하여 위 피해자를 발로 찬 사실이 없고 피해자가 넘어진 후에는 더는 폭행하지 않았다."
        ]
    },
    "facts": {
        "bsisFacts": [
            "피고인은 2017. 9. 17. 17:00경 0000 D, 0000에 있는 'E' 안에서 같은 축구 동호회 회원인 피해자 F(64세)과 피고인의 처인 G와 함께 술을 마시다가 바닥에서 잠을 자던 중 깨어나 피해자와 G가 구강 성교하는 것을 보게 되었다.",
            "이에 격분하여 피해자에게 '네가 어떻게 이럴 수 있냐, 집사람이 그렇게 하자고 해도 말려야 할 사람이 나한테 그럴 수 있냐, 내가 네 마누라랑 하면 기분이 어떠냐'라고 말하며 주먹으로 그의 얼굴을 수회 때려 피해자를 넘어뜨리고, ",
            "계속하여 주먹으로 그의 복부를 수회 때리고, 발로 그의 다리를 수회 밟아 피해자에게 양쪽 늑골 다발골절 등의 상해를 가하였다.",
            "피해자는 그로 인하여 2017. 9. 17. 19:15경 0000 소재 000에서 치료를 받던 중 복강 내 출혈을 동반한 복부 손상으로 사망하였다.",
            "이로써 피고인은 피해자에게 상해를 가하여 사망에 이르게 하였다.",
            "피고인은 위 제1항과 같은 일시 및 장소에서 위와 같은 이유로 피고인의 처인 피해자 G(여, 53세)에게 '내가 옆에 있는데 이럴 수 있느냐, 이런 거지 같은 놈하고 바람을 피우냐'라고 말하며 손으로 피해자의 얼굴을 수회 때리고, 머리채를 잡아 그곳에 있는 설비에 부딪히게 하고, 계속하여 피해자의 바지와 속옷을 강제로 벗긴 뒤 발로 피해자의 가랑이 부분을 걷어차 피해자에게 치료 일수를 알 수 없는 두피의 열린 상처 등의 상해를 가하였다."
        ]
    },
    "dcss": {
        "courtDcss": [
            "범죄사실에 대한 해당법조 및 형의 선택: 형법 제259조 제1항(상해치사의 점), 형법 제257조 제1항(상해의 점, 징역형 선택) ",
            "피해자에 대한 사체검안서와 법안전감정서에 따르면, 피해자의 우측 무릎 가쪽 부분에 국소적인 표피박탈이 확인되었고 피해자가 사망 당시 입고 있던 바지 안쪽에는 피고인이 이 사건 당시 신고 있던 구두의 밑창의 크기, 형태와 유사한 충격흔이 다수 확인된다.",
            "피해자는 장간막 등과 같이 신체안쪽에 있는 장기에 손상을 입었을 뿐만 아니라 신체 뒤쪽에서도 출혈이 관찰되는 점에 비추어 신체 앞뒤에서 힘이 함께 가해졌을 상황(예를 들어 몸의 뒤쪽이 지지가 된 상태에서 복부 앞쪽에 외력이 가해지는 상황)이 예상된다는 것이므로, ",
            "이는 G의 위 진술과 같이 피고인이 넘어진 피해자를 깔고 있는 상태에서 피해자의 복부 등을 폭행한 점을 뒷받침한다.",
            "피고인은 복강 내 장기 손상 및 척추 손상이 생길 정도로 피해자 F을 무차별적으로 폭행하여 피해자의 소중한 생명을 잃게 하였다.",
            "비록 피해자 F이 자신의 처와 부정한 행위를 하였다고 하더라도, 침해된 생명의 가치와 비교하면 그러한 사정이 피고인의 범행을 정당화할 사유로 볼 수는 없다.",
            "피고인이, 처인 피해자 G와 친한 선배인 피해자 F이 자신의 바로 옆에서 부정행위를 저지르는 것을 보고 격분하여 우발적으로 저지른 것으로 보여 범행에 이르게 된 경위나 동기에 일부 참작할 만한 점이 있다. ",
            "피고인은 피해자 F가족들의 피해회복을 위해 5,000만 원을 공탁하였고, 피해자 G는 피고인의 처벌을 원하지 않고 있다.",
            "피고인에게는 위와 같은 벌금형 이외에 다른 형사처벌을 받은 전력이 없다."
        ]
    },
    "close": {
        "cnclsns": [
            "피고인을 징역 2년 6개월에 처한다",
            "압수된 증 제3호증을 몰수한다"
        ]
    }
}