{
    "info": {
        "caseField": "2",
        "detailField": "6",
        "trailField": "1",
        "caseNm": "특정범죄가중처벌등에관한법률위반(보복상해등), 감금",
        "courtNm": "서울중앙지방법원",
        "judmnAdjuDe": "2017. 12. 22.",
        "caseNo": "2017고합1143",
        "relateLaword": [
            "특정범죄 가중처벌 등에 관한 법률 제5조의9",
            "형법 257조",
            "형법 제276조",
            "형법 제37조",
            "형법 제38조",
            "형법 제50조",
            "형법 제62조",
            "형법 제62조의2",
            "보호관찰 등에 관한 법률 제59조"
        ],
        "qotatPrcdnt": []
    },
    "concerned": {
        "acusr": "4",
        "dedat": "1"
    },
    "org": {
        "orgJdgmnCourtNm": "",
        "orgJdgmnAdjuDe": "",
        "orgJdgmnCaseNo": ""
    },
    "disposal": {
        "disposalform": "6",
        "disposalcontent": [
            "피고인을 징역 1년에 처한다.",
            "이 판결 확정일로부터 2년간 위 형의 집행을 유예한다.",
            "피고인에 대하여 보호관찰과 120시간의 사회봉사를 각 명한다.\n"
        ]
    },
    "mentionedItems": {
        "rqestObjet": [
            "피고인은 자신의 형사사건 수사와 관련하여 수사단서를 제공한 것에 대한 보복의 목적으로 피해자에게 상해를 가하였다.",
            "피고인은 위 범행 직후 같은 장소에서 112신고를 받고 출동한 경찰관들이 자신을 발견하지 못하고 돌아가도록 하기 위하여 위 커피숍 출입문을 잠그고 피해자의 입을 손으로 막는 등으로 억압하면서 약 15분 동안 피해자를 감금하였다."
        ]
    },
    "assrs": {
        "acusrAssrs": [
            "피고인은 자신의 형사사건 수사와 관련하여 수사단서를 제공한 것에 대한 보복의 목적으로 피해자에게 상해를 가하였다."
        ],
        "dedatAssrs": []
    },
    "facts": {
        "bsisFacts": [
            "피고인은 2017.7.30, 10:00경 0000 지하 1층에 있는 지인인 피해자 D(여, 51세)운영의 'E'에 찾아가, 술에 취한 상태에서 피해자로부터 '그만 나가 달라'는 요청을 받았음에도 이를 거부하고 위 커피숍 내 소파에서 잠을 자던 중, 피해자가 같은 날 17:55경 피고인이 퇴거에 불응한다는 등의 내용으로 112 피해 신고를 하였다.",
            "이에 화가나 손으로 피해자의 목을 잡고 밀쳐 바닥에 넘어뜨리고 피해자의 머리채를 잡아 끄는 등으로 가격하여 피해자에게 치료 일수를 알 수 없는 목 부위 찰과상 등을 가하였다.",
            "피고인은 위 범행 직후 같은 장소에서 112신고를 받고 출동한 경찰관들이 자신을 발견하지 못하고 돌아가도록 하기 위하여 위 커피숍 출입문을 잠그고 피해자의 입을 손으로 막는 등으로 억압하면서 약 15분 동안 피해자로 하여금 그곳을 벗어나지 못하도록 하였다."
        ]
    },
    "dcss": {
        "courtDcss": [
            "이 사건 범행은 피고인이 동거하던 피해자와 헤어진 후 재결합을 요구하는 과정에서 피해자가 자신을 경찰에 신고하자 보복의 목적으로 상해를 가하고 감금한 것으로, 범행의 경위나 내용 등에 비추어 사안이 가볍다고 볼 수 없다.",
            "피고인은 이 사건 범행 이전에도 피해자의 가게나 주거를 무단 침입한 사실로 2회에 걸쳐 벌금형을 받은 전력이 있음에도 재차 피해자의 가게를 찾아가 위와 같은 범행을 저지른 점에서 그 죄질은 더욱 좋지 않다.",
            "이러한 피고인의 일련의 범행으로 인하여 피해자는 상당한 육체적·정신적 고통을 겪었던 것으로 보인다.",
            "피고인은 과거에도 동종 범행으로 수차례에 걸쳐 벌금형을 받은 전력이 있다.",
            "이 사건 범행은 그 범행 경위에 비추어 다소 우발적으로 저지른 것으로 보인다.",
            "피고인이 피해자를 감금한 시간이 비교적 길지 않고 스스로 문을 열어 피해자를 풀어주었다.",
            "피해자가 입은 상해의 정도가 중하지는 않고, 피해자는 피고인과 합의하여 피고인에 대한 처벌을 원하지 않고 있다.",
            "피고인에게 동종 범행으로 벌금형을 초과하는 형의 선고를 받은 전력은 없고, 수사단계에서부터 자신의 잘못을 뉘우치면서 반성하고 있다."
        ]
    },
    "close": {
        "cnclsns": [
            "피고인을 징역 1년에 처한다.",
            "다만 이 판결 확정일부터 2년간 위 형의 집행을 유예한다.",
            "피고인에 대하여 보호관찰과 120 시간의 사회봉사를 각 명한다"
        ]
    }
}