{
    "info": {
        "caseField": "2",
        "detailField": "6",
        "trailField": "1",
        "caseNm": "강간치상, 강제추행치상, 마약류관리에관한법률위반(향정)",
        "courtNm": "대구지방법원 서부지원",
        "judmnAdjuDe": "2016. 06. 23.",
        "caseNo": "2016고합60",
        "relateLaword": [
            "마약류 관리에 관한 법률 제61조 ",
            "마약류 관리에 관한 법률 제4조 ",
            "마약류 관리에 관한 법률 제2조 ",
            "구 형법(2012. 12. 18. 법률 제11574호로 개정되기 전의 것, 이하 같다) 제301조 ",
            "구 형법(2012. 12. 18. 법률 제11574호로 개정되기 전의 것, 이하 같다) 제297조(별지 범죄일람표1 순번 1 기재 강간치상의 점) ",
            "형법 제297조",
            "형법 제301조 ",
            "형법 제298조",
            "형법 제50조",
            "형법 제40조 ",
            "형법 제62조  \n",
            "형법 제37조 \n",
            "형법 제38조\n",
            "형법 제50조\n",
            "형법 제53조\n",
            "형법 제55조\n",
            "성폭력범죄의 처벌 등에 관한 특례법 제16조 ",
            "마약류 관리에 관한 법률 제67조",
            "마약류 관리에 관한 법률 제49조"
        ],
        "qotatPrcdnt": []
    },
    "concerned": {
        "acusr": "4",
        "dedat": "1"
    },
    "org": {
        "orgJdgmnCourtNm": "",
        "orgJdgmnAdjuDe": "",
        "orgJdgmnCaseNo": ""
    },
    "disposal": {
        "disposalform": "8",
        "disposalcontent": [
            "피고인을 징역 3년에 처한다.\n\n",
            "다만, 이 판결 확정일로부터 4년간 위 형의 집행을 유예한다.\n",
            "피고인에게 80시간의 성폭력치료강의 수강 및 120시간의 사회봉사를 명한다.\n",
            "피고인으로부터 97,500원을 추징한다.\n"
        ]
    },
    "mentionedItems": {
        "rqestObjet": [
            "피고인은 마약류 취급자가 아님에도 향정신성의약품인 졸피뎀을 사용함과 동시에 이를 이용해 피해자의 반항을 억압한 후 강간하고, 피해자로 하여금 잠이 들게 하는 등 의식을 잃게 하는 상해를 입게 하였다.",
            "피해자에게 졸피뎀이 함유된 커피를 마시게 한 후 피해자를 강간하고, 피해자로 하여금 의식을 잃게 하는 상해를 입게 하는 동시에 마약류 취급자가 아님에도 향정신성의약품인 졸피뎀을 사용하였다.",
            "피고인은 피해자를 강제로 추행하고, 피해자로 하여금 졸피뎀으로 인하여 잠이 들게 하는 등 의식을 잃게 하는 상해를 입게 함과 동시에 마약류 취급자가 아님에도 향정신성의약품인 졸피뎀을 사용하였다.",
            "피고인은 이를 비롯하여 그때부터 2015. 4. 20.경까지 별지 범죄일람표2의 기재와 같이 9회에 걸쳐 피해자에게 졸피뎀이 함유된 커피를 마시게 한 후 피해자를 강제로 추행하고, 피해자로 하여금 의식을 잃게 하는 상해를 입게 하는 동시에 마약류 취급자가 아님에도 향정신성의약품인 졸피뎀을 사용하였다."
        ]
    },
    "assrs": {
        "acusrAssrs": [],
        "dedatAssrs": []
    },
    "facts": {
        "bsisFacts": [
            "피고인은 2006.7.경부터 피해자 공소외인(여, 40세)과 연인 관계로 지내다가 2008.1.경 헤어졌으나 계속하여 친구로 지내던 관계로, 피고인의 불면증 치료를 위해 처방·조제 받아 가지고 있던 향정신성의약품인 졸피뎀 성분이 함유된 수면제인 ‘0’를 피해자에게 몰래 먹여 정신을 잃게 한 다음 피해자를 강간하거나 추행하기로 마음먹었다.",
            "피고인은 2012.12.16.밤경 0000 시내 등지에서 피고인의 차량에 피해자를 태우고 드라이브를 하던 중 피해자가 화장실에 가기 위하여 자리를 비운 틈을 이용하여 피해자가 마시고 있던 커피에 미리 준비하여 가지고 있던 수면제 ‘0’ 1.5정 분량의 분말을 몰래 집어넣어, 그 정을 모르는 피해자로 하여금 이를 마시게 하였다.",
            "그 후 피고인은 같은 날 23:00경에서 다음 날 01:00경 사이 0000 서부정류장 부근의 ‘0’에서 졸피뎀 성분이 들어간 커피를 마신 피해자가 정신을 잃고 항거불능의 상태에 이르자 피해자의 음부에 피고인의 성기를 삽입하였다.이로써 피고인은 마약류 취급자가 아님에도 향정신성의약품인 졸피뎀을 사용함과 동시에 이를 이용해 피해자의 반항을 억압한 후 강간하고, 피해자로 하여금 잠이 들게 하는 등 의식을 잃게 하는 상해를 입게 하였다.",
            "그리고 피고인은 이를 비롯하여 그 때부터 2015.6.경까지 별지 범죄일람표1의 기재와 같이 4회에 걸쳐 피해자에게 졸피뎀이 함유된 커피를 마시게 한 후 피해자를 강간하고, 피해자로 하여금 의식을 잃게 하는 상해를 입게 하는 동시에 마약류 취급자가 아님에도 향정신성의약품인 졸피뎀을 사용하였다.",
            "피고인은 2013.3.20.0000 시내 등지에서 피고인의 차량에 피해자를 태우고 드라이브를 하던 중 피해자가 화장실에 가기 위하여 자리를 비운 틈을 이용하여 피해자가 마시고 있던 커피에 미리 준비하여 가지고 있던 수면제 ‘0’ 1.5정 분량의 분말을 몰래 집어넣어, 그 정을 모르는 피해자로 하여금 이를 마시게 하였다.",
            "그리고, 그 후 피고인은 같은 날 23:00경에서 다음 날 01:00경 사이 대구 남구 서부정류장 부근의 ‘0 ’에서 졸피뎀 성분이 들어간 커피를 마신 피해자가 정신을 잃고 항거불능의 상태에 이르자 피해자의 가슴을 만지고, 피해자의 바지 속으로 손을 넣어 피해자의 음부를 만졌다",
            "이로써 피고인은 피해자를 강제로 추행하고, 피해자로 하여금 졸피뎀으로 인하여 잠이 들게 하는 등 의식을 잃게 하는 상해를 입게 함과 동시에 마약류 취급자가 아님에도 향정신성의약품인 졸피뎀을 사용하였다.",
            "그리고 피고인은 이를 비롯하여 그때부터 2015.4.20.경까지 별지 범죄일람표2의 기재와 같이 9회에 걸쳐 피해자에게 졸피뎀이 함유된 커피를 마시게 한 후 피해자를 강제로 추행하고, 피해자로 하여금 의식을 잃게 하는 상해를 입게 하는 동시에 마약류 취급자가 아님에도 향정신성의약품인 졸피뎀을 사용하였다."
        ]
    },
    "dcss": {
        "courtDcss": [
            "범행기간 및 횟수, 범행경위와 동기 등에 나타난 피고인의 죄질과 범정은 매우 불량한 바 이는 피고인에게 불리한 정상이다.",
            "피고인은 수사기관에서부터 범행 대부분을 자백하면서 반성하고 있는 점, 피고인이 피해자와 합의하여 피해자도 피고인의 처벌을 원치 않는 점, 피고인이 피해자와 판시 범행 이전에 연인관계였던 점, 피고인에게 벌금형 처벌전력 이외에 다른 전과가 없고 동종전력이 없는 점 등의 유리한 정상도 기록상 나타난다."
        ]
    },
    "close": {
        "cnclsns": [
            "피고인을 징역 3년에 처한다.",
            "다만, 이 판결 확정일로부터 4년간 위 형의 집행을 유예한다.",
            "피고인에게 80시간의 성폭력치료강의 수강 및 120시간의 사회봉사를 명한다.",
            "피고인으로부터 97,500원을 추징한다."
        ]
    }
}