{
    "info": {
        "caseField": "2",
        "detailField": "6",
        "trailField": "1",
        "caseNm": "사기",
        "courtNm": "대구지방법원",
        "judmnAdjuDe": "2013. 12. 05.",
        "caseNo": "2013고단5083",
        "relateLaword": [
            "형법 제347조",
            "형법 제37조",
            "형법 제38조",
            "형법 제50조"
        ],
        "qotatPrcdnt": []
    },
    "concerned": {
        "acusr": "4",
        "dedat": "1"
    },
    "org": {
        "orgJdgmnCourtNm": "",
        "orgJdgmnAdjuDe": "",
        "orgJdgmnCaseNo": ""
    },
    "disposal": {
        "disposalform": "6",
        "disposalcontent": [
            "피고인을 징역 8월에 처한다."
        ]
    },
    "mentionedItems": {
        "rqestObjet": [
            "피고인을 징역 8월에 처한다."
        ]
    },
    "assrs": {
        "acusrAssrs": [],
        "dedatAssrs": [
            "피고인과 변호인은, 피고인이 피해자로부터 돈을 받을 당시 피해자에게 피고인의 경제적 사정을 충분히 설명해주었고, 피해자가 이를 수긍하고 피고인에게 돈을 준 것이기 때문에 편취범의가 없다고 주장한다."
        ]
    },
    "facts": {
        "bsisFacts": [
            "피고인은 ○○소방서 가산119 안전센터에 근무 중인 지방소방사였다. ",
            "피고인은 2011. 4.경 인터넷 카페 ' 소방공무원을 사랑하는 모임'에서 소방공무원이되기 위하여 시험을 준비하고 있던 피해자 00을 알게 되었고, 피해자에게 소방공무원 임용시험 합격에 도움이 되는 자료 등을 주겠다는 구실로 피해자와 계속 연락을 주고받던 중, 2011. 8. 경에 직접 피해자를 만났다.",
            "그 과정에서 피고인은 피해자가 경제적인 문제에 있어서 매우 식견이 부족하고 쉽게 사람 말을 믿는 등 순진하다는 사실을 알고, 소방공무원의 지위를 이용하여 피해자와 계속 접촉하면서 애정 공세를 하는 등의 방법으로 피해자의 환심을 산 후 피해자로부터 차용금 명목으로 금원을 교부받아 이를 변제하지 않기로 마음먹었다.",
            "피고인은 2012. 7. 6. 경 0000에 있는 000에서 피해자에게 \" 생활비가 필요한데 돈을 빌려주면 곧 변제해 주겠다\" 라고 거짓말하였다. ",
            "그러나 사실은 피고인은 당시 채무가 약 7, 800만 원에 달하고 있어 2012. 4. 14. 법원으로부터 개인회생 결정을 받아 매달 약 150만 원을 채무변제액에 사용하고 있었고, 월 급여가 약 280만 원 정도에 불과하였다.",
            "피해자로부터 금원을 차용하더라도 스포츠토토 복권 등에 사용할 생각이어서 피해자로부터 차용한 금원을 변제할 의사나 능력이 없었다.",
            "피고인은 위와 같이 피해자를 기망하여 이에 속은 피해자로부터 즉석에서 현금 100만 원을 차용금 명목으로 교부받았다.",
            "이를 비롯하여 피고인은 위 일시경부터 2013. 3. 8. 경까지 19회에 걸쳐 위와 같은 방법으로 차용금 명목등으로 합계금 68,406,000원을 교부받았다."
        ]
    },
    "dcss": {
        "courtDcss": [
            "피고인은 사리분별력이 모자란 피해자를 기망하여 6, 800여만 원을 편취하고도 진지하고 성실한 피해회복노력은 기울이지 않은 채 개인회생절차를 통해 장기간에 걸쳐 피해자에게 변제를 하려고 했으므로 편취범의가 없다고 주장하는 등 반성의 기색이 없다.",
            "더구나 피고인은 개인회생절차 중에도 피해자로부터 돈을 빌려 상당부분을 복권구입에 탕진하였고, 개인회생채권자목록을 작성한 이후 변제능력도 없이 피해자로부터 이전보다 더 많은 액수의 돈을 빌리는 등 그 죄질도 매우 나쁘다.",
            "피고인이 비록 초범이고 공무원의 신분이었던 점, 또한 피해자가 제대로 의사결정을 내리지 못해 결국 피해가 확대된 점을 감안한다 하더라도 위에서 본 불리한 정상들에 비추어 피고인을 엄하게 처벌할 수밖에 없다."
        ]
    },
    "close": {
        "cnclsns": [
            "형법 제347조 제1항 (각 징역형 선택)에 따라 피고인을 징역 8월에 처한다."
        ]
    }
}