{
    "info": {
        "caseField": "2",
        "detailField": "6",
        "trailField": "1",
        "caseNm": "상해치사(예비적죄명중상해)",
        "courtNm": "부산지방법원",
        "judmnAdjuDe": "2010. 10. 15.",
        "caseNo": "2010고합511",
        "relateLaword": [
            "형법 제259조",
            "형사소송법 제325조"
        ],
        "qotatPrcdnt": []
    },
    "concerned": {
        "acusr": "4",
        "dedat": "1"
    },
    "org": {
        "orgJdgmnCourtNm": "",
        "orgJdgmnAdjuDe": "",
        "orgJdgmnCaseNo": ""
    },
    "disposal": {
        "disposalform": "6",
        "disposalcontent": [
            "피고인을 징역 5년에 처한다."
        ]
    },
    "mentionedItems": {
        "rqestObjet": [
            "피고인을 징역 5년에 처한다."
        ]
    },
    "assrs": {
        "acusrAssrs": [],
        "dedatAssrs": [
            "피고인의 행위와 피해자의 사망이라는 결과 사이에 인과관계를 인정할 수 없다.",
            "이 사건 범행 당시 만취하여 심신미약의 상태에 있었다."
        ]
    },
    "facts": {
        "bsisFacts": [
            "피고인은 2010. 7. 23. 12:00~14:00경 0000 00000 자신의 주거지 앞 복도에서 그 전날 찾아왔던 친구인 피해자 00(46세)과 술을 마시다가 불상의 이유로 싸운 것에 화가나 피해자의 얼굴을 수십 회 때리고, 무릎으로 피해자의 옆구리를 수회 차는 등 피해자를 때려 피해자에게 외상성 경막하 출혈 등의 상해를 가하였다.",
            "피고인은 그로 인하여 피해자에게 경막, 지주막, 뇌간 등 뇌 전반에 뇌출혈을 일으키게 함으로써 2010. 7. 27. 19.30경 ㅁ대학교 ㅁ병원에서 사망에 이르게 하였다."
        ]
    },
    "dcss": {
        "courtDcss": [
            "피고인은 피해자에 대한 판시 폭행 사실을 인정하고 있는데다가, 이 사건 범행 장면을 직접 목격한 00은 피고인이 주먹으로 피해자의 얼굴을 수십 회가량 무자비하게 때렸고 무릎으로 피해자의 옆구리를 차자 피해자가 앞으로 고꾸라지는 것을 보았다. 피해자가 너무 많이 맞아서 얼굴이 부서지고 심각하게 생각하면 죽었을 것 같았다.라고 진술하여, 피고인이 피해자의 머리 부위를 집중적으로 여러 차례 구타한 사실을 알 수 있는 점이 인정된다.",
            "119신고를 받고 구급대원이 현장에 출동했을 때 피해자는 이미 호흡이 제대로 되지 않는 의식불명의 상태에 있었고, 피해자가 응급실로 호송된 후 피해자의 상태를 검사한 담당의사는, 다음과 같이 설명함을 인정한다고 판단한다.",
            "즉, 피해자가 외부충격에 의해 뇌출혈(경막하 출혈)의 상해를 입었고 충격에 의해 우뇌 부위가 좌측으로 밀려 뇌 일부분이 목으로 내려가 소뇌를 밀어내고 손상시켜 자가 호흡 및 혈압조절이 불가능한 상태이며, 뇌 대부분이 괴사상태에 있어 수술시에도 생존 가능성이 10% 미만이고 생존한다고 해도 회생이 불가능한 식물인간 상태가 될 것이라고 설명한 점이 인정된다.",
            "이에 피해자의 가족들이 뇌사상태에 빠진 피해자의 장기기증 의 사를 밝힘에 따라 2010. 7. 27. 피해자에 대한 최종적인 뇌사판정이 내려지고 같은 날 19:30경 신장 및 간 적출 후 사망한 점이 인정된다.",
            "부검결과에 의하면 부검의는 좌측 두정부, 귀 뒤 좌상, 왼쪽 두정부 측두, 후두 두피하출혈, 오른쪽 전두부, 측두, 두정 두피하출혈, 뇌부종, 뇌간출혈, 경막하출혈, 대뇌 소뇌 전반적 지주막하출혈 등의 소견을 밝혔고 사인을 두부손상이라고 보고한 점이 인정된다.",
            "피해자에 대한 각종 진료기록부 및 부검결과를 토대로 작성된 의료자문보고서에 의하면 검찰청 소속 공중보건의사는 피해자의 경우 장기 이식을 위한 적출을 하지 않았다 하더라도 뇌사의 필연적인 임상 경과에 따라 2주 이내에 심정지에 이르게 되었을 것이다.라고 밝히고 있는 점이 인정된다.",
            "이 사건 이 발생하기 전까지 피해자에게 이 사건 사망과 관련한 다른 건강상의 문제는 없었던 것으로 보이는 점 등을 종합하면, 피고인의 행위로 인해 피해자가 뇌에 심각한 손상을 입고 뇌사상태에 이른 점이 인정된다. 나아가 장기적출로 인하여 그 사망에 이르는 시기가 다소 앞당겨지는 사정이 생긴 사실은 알 수 있으나, 뇌사상태에 빠진 피해자가 조만간 사망에 이를 것이 분명한 터이다.",
            "따라서 피해자 측의 결단에 따라 적법한 절차를 거쳐 장기기증을 위한 장기적출을 하고, 그로 인해 확정적으로 사망에 이르게 된 것은 결국 피고인의 구타행위로 인한 것으로서 그 사망과 피고인의 행위 사이에 밀접한 관련성이 있어 상당인과관계가 인정된다. 따라서 위 주장은 받아들이지 아니한다.",
            "피고인의 진술 등에 의하면 피고인이 이 사건 범행 당시 약간의 술을 마신 상태였던 사실은 인정되나, 범행경위 및 범행 전후에 걸친 피고인의 행동 등에 비추어 보면 그로 인하여 사물을 변별하거나 의사를 결정할 능력이 미약한 상태에 이르렀다고는 볼 수 없다. 이 부분에 관한 주장 역시 받아들이지 아니한다.",
            "주위적 공소사실 기재와 같이 의료기관이 구성한 뇌사판정위원회에서 최종적인 뇌사판정을 내린 시점에 사망한 것으로 해석해야 할 아무런 근거가 없을뿐더러 그 시점을 사망시기로 보는 것은 뇌사상태에 있는 시기 중 뇌사판정 시점이라는 우연한 시점을 사망으로 보는 임의적 의제에 불과하다.",
            "사실관계가 이러하다면 피해자는 위 제4차 뇌사판정을 받기 전에 이미 뇌사상태에 있었을 가능성이 매우 크다고 할 것인데, 뇌사를 사망으로 볼 경우에는 확정적으로 뇌사에 이른 시기를 확정할 수 있는 방법과 기준이 없어 그 사망시점을 도저히 특정할 수 없다.",
            "뇌사가 장기이식이나 연명치료 중단의 영역에서 일응 중요한 기준이 될 수 있음은 별론으로 하고, 이를 형법상 사망의 개념으로까지 인정할 수는 없다 할 것이므로, 주위적 공소사실 기재와 같이 피해자가 최종 뇌사판정 시점에 사망하였다고 볼 수 없다."
        ]
    },
    "close": {
        "cnclsns": [
            "피고인을 징역 5년에 처한다."
        ]
    }
}