{
    "info": {
        "caseField": "2",
        "detailField": "6",
        "trailField": "1",
        "caseNm": "사기",
        "courtNm": "창원지방법원",
        "judmnAdjuDe": "2019. 02. 15.",
        "caseNo": "2018고단2914",
        "relateLaword": [
            "형법 제347조",
            "형법 제30조",
            "형법 제37조",
            "형법 제38조",
            "형법 제50조"
        ],
        "qotatPrcdnt": []
    },
    "concerned": {
        "acusr": "4",
        "dedat": "1"
    },
    "org": {
        "orgJdgmnCourtNm": "",
        "orgJdgmnAdjuDe": "",
        "orgJdgmnCaseNo": ""
    },
    "disposal": {
        "disposalform": "6",
        "disposalcontent": [
            "피고인 A을 징역 1년 2월에, 피고인 B, C을 각 징역 1년에 각 처한다."
        ]
    },
    "mentionedItems": {
        "rqestObjet": [
            "피고인 A을 징역 1년 2월에, 피고인 B, C을 각 징역 1년에 각 처한다."
        ]
    },
    "assrs": {
        "acusrAssrs": [],
        "dedatAssrs": []
    },
    "facts": {
        "bsisFacts": [
            "피고인 00B은 2017. 2. 13. 부산지방법원에서 범인도피교사죄 등으로 징역 1년을 선고 받고 2017. 5. 29. 부산구치소에 그 형의 집행을 종료하였다.",
            "[2018고단2914 , 피고인 00, 00] 피고인 00, 피고인 00, 00, 00은 함께 사기 도박을 하기로 결의하고, 피고인 00은 평소 알고 지내던 피해자 00, 00 및 00을 사기 도박판으로 유인하고, 피고인 00과 00은 피해자들에게 접근하여 피해자들의 환심을 산 다음 00 등과 훌라 도박을 하도록 유도한 후, 아래와 같이 수신호를 주고 받는 등 미리 정해진 각본에 따라 사기 도박을 하여 피해자들로부터 돈을 편취하기로 계획하였다.",
            "피고인들은 00, 00과 공모하여 2017. 10. 4. 20:00경부터 2017. 10. 5. 03:00경까지 0000 피고인 00 운영의 0 노래방에서, 피해자 00에게 훌라 도박을 하자고 제안한 다음, 52장의 카드를 이용하여 7장을 나누어 가지고 같은 숫자 카드 3장, 연속된 숫자 카드 3장 이상을 갖게 되면 이를 내려놓아 순위를 정하는 방법으로 훌라 도박을 하였다.",
            "카드 숫자에 따라 수신호를 정하고 위와 같이 미리 정한 수신호에 따라 서로에게 필요한 숫자 카드를 내어주는 방법으로 피해자를 기망하였다.",
            "이에 속은 피해자로부터 200만 원을 편취한 것을 비롯하여 그 무렵부터 2018. 2. 14.경까지 별지 범죄일람표 기재와 같이 (다만, 연번 8의 'Q'을 'M'로 연번 19의 'R'을 'L'로 각각 정정한다) 총 21회에 걸쳐 위와 같은 방법으로 피해자들을 기망하여 이에 속은 피해자들로부터 합계 1억 9,770만 원을 편취하였다.",
            "[2018고단2980 - 피고인 00] 피고인, 00, 00, 00은 함께 사기 도박을 하기로 결의하고, 00은 평소 알고 지내던 피해자 00, 00 및 00을 사기 도박판으로 유인하고, 00과 00은 피해자들에게 접근하여 피해자들의 환심을 산 다음 피고인 등과 훌라 도박을 하도록 유도한 후, 아래와 같이 수신호를 주고받는 등 미리 정해진 각본에 따라 사기 도박을 하여 피해자들로부터 돈을 편취하기로 계획하였다.",
            "피고인은 00, 00, 00과 공모하여 2017. 10. 4. 20:00경부터 2017. 10. 5. 03:00경까지 0000 00 운영의 0 노래방에서, 피해자 00에게 훌라 도박을 하자고 제안하였다.",
            "52장의 카드를 이용하여 7장을 나누어 가지고 같은 숫자 카드 3장, 연속된 숫자카드 3장 이상을 갖게 되면 이를 내려놓아 순위를 정하는 방법으로 훌라 도박을 하였다.",
            "카드 숫자에 따라 수신호를 정하고 위와 같이 미리 정한 수신호에 따라 서로에게 필요한 숫자 카드를 내어주는 방법으로 피해자를 기망하였다.",
            "이에 속은 피해자로부터 200만 원을 편취한 것을 비롯하여 그 무럽부터 2018. 2. 14.경까지 별지 범죄일람표 기재와 같이(다만, 연번 8의 'Q'을 'M'로 연번 19의 'R'을 'L'로 각각 정정한다) 총 21회에 걸쳐 위와 같은 방법으로 피해자들을 기망하여 이에 속은 피해자들로부터 합계 1억 9,770만 원을 편취하였다."
        ]
    },
    "dcss": {
        "courtDcss": [
            "피고인들이 잘못을 깊이 뉘우치고 반성하고 있는 점, 피고인 00, 00 이 피해자들과 원만히 합의한 점, 피고인 00이 일부 피해자들과 합의하거나 공탁한 점, 그 외에 실제 피해복구 정도를 비롯하여 이 사건 각 범행 동기, 수단과 결과, 범행 후의 정황, 피고인들의 연령, 성행, 지능과 환경, 전과 관계 등 기록과 변론에 나타난 여러 가지 양형의 조건에다가 대법원 양형위원회의 양형기준을 종합하여, 주문과 같은 형을 정하였다."
        ]
    },
    "close": {
        "cnclsns": [
            "피고인 00을 징역 1년 2월에, 피고인 00, 00을 각 징역 1년에 각 처한다."
        ]
    }
}