{
    "info": {
        "caseField": "2",
        "detailField": "6",
        "trailField": "1",
        "caseNm": "절도",
        "courtNm": "광주지방법원 순천지원",
        "judmnAdjuDe": "2015. 12. 30.",
        "caseNo": "2015고단2226",
        "relateLaword": [
            "형법 제329조"
        ],
        "qotatPrcdnt": []
    },
    "concerned": {
        "acusr": "4",
        "dedat": "1"
    },
    "org": {
        "orgJdgmnCourtNm": "",
        "orgJdgmnAdjuDe": "",
        "orgJdgmnCaseNo": ""
    },
    "disposal": {
        "disposalform": "6",
        "disposalcontent": [
            "피고인을 징역 5월에 처한다."
        ]
    },
    "mentionedItems": {
        "rqestObjet": [
            "동종 전과가 7회 있고, 그 중 실행 전과도 있다.",
            "피동종 전과에 따른 집행유예 기간 중에 이 사건 범행을 범했다.",
            "피해품이 회수되었다.",
            "피해자가 피고인의 처벌을 바라지 않고 있는 점은 피고인에게 유리한 정상이다."
        ]
    },
    "assrs": {
        "acusrAssrs": [],
        "dedatAssrs": [
            "피고인과 변호인은 피고인이 판시 핸드폰을 피해자에게 돌려두기 위하여 잠시 보관하고 있었을 뿐이어서 위 핸드폰을 불법으로 영득할 의사가 없었다.고 주장한다."
        ]
    },
    "facts": {
        "bsisFacts": [
            "피고인은 2015.10.28.18:21경 0000에 있는 D 찜질방 3층 남성전용수면실에서 피해자 E가 담배를 피기 위해 잠시 그 곳 바닥에 두고 간 피해자 소유인 시가 400,000원 상당의 000 스마트폰 1대를 피해자가 자리를 비운 사이 가져갔다.",
            "이로써 피고인은 피해자의 재물을 절취하였다."
        ]
    },
    "dcss": {
        "courtDcss": [
            "피해자가 찜질방 내 수면실에 핸드폰을 두고 나가서 담배를 피운 시간은 불과 5분 정도 밖에 되지 않은 사실, 피고인이 그 사이에 찜찔방에 들어와 곧바로 위 핸드폰을 집어 들고, 이를 자신의 주머니 안에 넣은 다음 찜질방 밖으로 나간 사실이 있다.",
            "피고인이 그 무렵 자신의 가방 안에 위 핸드폰을 넣고, 다시 위 가방을 자신의 사물함 안에 넣은 다음 사물함을 잠금 사실, 피고인은 2015.10.28.20:05 피해자의 신고를 받고 찜질방을 찾아온 경찰에 의하여 현행범으로 체포되었다.",
            "그 때까지 카운터에 있던 직원들을 포함한 찜질방 직원들에게 위 핸드폰의 분실신고를 하지 않은 사실, 그 당시 찜질방에는 카운터 직원을 포함한 여러 명의 직원들이 근무하고 있던 사실을 인정할 수 있다.",
            "위 인정사실에 드러난 아래 사정들에 의하면, 피고인의 불법영득의사를 충분히 인정할 수 있으므로, 피고인과 변호인의 위 주장은 받아들이지 아니한다.",
            "피고인은 피해자의 핸드폰을 발견한 직후에 조금도 머뭇거리지 않고 이를 집어 들었다.",
            "피고인은 핸드폰을 습득한 2015.10.28.18:21경부터 이 사건 범행을 이유로 경찰에 체포된 2015.10.28.20:05까지 약 1시간 44분 동안 얼마든지 찜질방 직원들을 찾아가 위 핸드폰을 돌려 줄 수 있었음에도 불구하고 자신의 사물함 안에 이를 보관하였다",
            "피고인은 찜질방 손님 1명에게 누군가가 분실한 핸드폰을 돌려 줄 방법에 대해서 물어본 적이 있다고 변명하지만, 찜질방 직원들이 있는 상황에서 손님에게 분실물의 반환 방법을 물어보는 것은 이해하기 어려운 점이 있다.",
            "이 사건 범행을 이유로 경찰에 체포된 후에 이처럼 핸드폰을 돌려 줄 방법을 물어 본 손님을 지목하여 자신의 변경을 뒷받침하기 위한 시도를 하지 않은 점 등을 고려하면, 위 변명은 믿기 어렵다.",
            "선고형의 결정 피해품이 회수되었고, 피해자가 피고인의 처벌을 바라지 않고 있는 점 등은 피고인에게 유리한 정상이다.",
            "그러나 동종 전과가 7회 있고, 그 중 실형 전과도 있는 점, 동종 전과에 따른 집행유예 기간 중에 이 사건 범행을 범한 점 등은 피고인에게 불리한 정상이다.",
            "그밖에 피고인의 연령, 성행, 환경 등 기록에 나타난 모든 양형조건을 종합하여 주문과 같이 형을 정한다."
        ]
    },
    "close": {
        "cnclsns": [
            "피고인을 징역 5월에 처한다."
        ]
    }
}