{
    "info": {
        "caseField": "2",
        "detailField": "6",
        "trailField": "1",
        "caseNm": "성폭력범죄의처벌등에관한특례법위반(13세미만미성년자준유사성행위),성폭력범죄의처벌등에관한특례법위반(친족관계에의한준강제추행),성폭력범죄의처벌등에관한특례법위반(13세미만미성년자준강제추행)",
        "courtNm": "서울중앙지방법원",
        "judmnAdjuDe": "2017. 12. 22.",
        "caseNo": "2017고합1074",
        "relateLaword": [
            "성폭력범죄의 처벌 등에 관한 특례법 제7조",
            "성폭력범죄의 처벌 등에 관한 특례법 제5조",
            "형법 제299조",
            "형법 제40조",
            "형법 제50조",
            "형법 제37조",
            "형법 제38조",
            "형법 제53조",
            "형법 제55조",
            "아동·청소년의 성보호에 관한 법률 제21조",
            "아동·청소년의 성보호에 관한 법률 제49조",
            "아동·청소년의 성보호에 관한 법률 제50조",
            "성폭력범죄의 처벌 등에 관한 특례법 제42조",
            "성폭력범죄의 처벌 등에 관한 특례법 제43조",
            "형법 제35조",
            "형법 제42조"
        ],
        "qotatPrcdnt": []
    },
    "concerned": {
        "acusr": "4",
        "dedat": "1"
    },
    "org": {
        "orgJdgmnCourtNm": "",
        "orgJdgmnAdjuDe": "",
        "orgJdgmnCaseNo": ""
    },
    "disposal": {
        "disposalform": "6",
        "disposalcontent": [
            "피고인을 징역 5년에 처한다.",
            "피고인에게 120시간의 성폭력 치료프로그램 이수를 명한다."
        ]
    },
    "mentionedItems": {
        "rqestObjet": [
            "피고인을 징역 5년에 처한다.",
            "피고인에게 120시간의 성폭력 치료프로그램 이수를 명한다."
        ]
    },
    "assrs": {
        "acusrAssrs": [
            "피고인은 2회에 걸쳐 13세 미만인 피해자의 항거불능 상태를 이용하여 피해자의 성기에 손가락을 집어넣음과 동시에 친족관계에 있는 피해자의 항거불능 상태를 이용하여 피해자를 추행하였다."
        ],
        "dedatAssrs": []
    },
    "facts": {
        "bsisFacts": [
            "피고인은 2015, 1.8.광주지방법원 해남지원에서 특정범죄 가중처벌 등에 관한 법률위반(절도)죄 등으로 징역 3년을 선고받고, 2017.5.30.위 형의 집행을 종료하였다.",
            "피고인은 피해자 C(여, 10세)의 친아버지이다.",
            "피고인은 2017.10.9.04:00경부터 05:00경까지 사이에 0000 피고인의 어머니 집에서 담배를 피러 나갔다가 돌아오면서 때마침 거실에서 자고 있는 피해자를 발견하였다.",
            "그리고 피해자에게 다가가 왼손으로 피해자의 아래 속옷을 옆으로 젖힌 후 오른손 검지손가락에 침을 묻혀 피해자의 음부 안에 집어넣고 3 ~ 4회 정도 넣었다 뺐다를 반복하였다.",
            "2017.10.11.04:00경부터 05:00경사이 위 가항 기재 피고인의 어머니 집에서 컴퓨터로 음란물을 보던 중 거실에서 자고 있는 피해자를 발견하고 피해자에게 다가가 왼손으로 피해자의 아래 속옷을 옆으로 젖혔다.",
            "그런 다음 오른손 검지손가락에 침을 묻혀 피해자의 음부 안에 집어넣고 3 ~4회 정도 넣었다 뺐다를 반복하다가 오른손 검지손가락과 중지손가락을 모아서 피해자의 음부 안에 집어넣고 3~4회 정도 넣었다 뺐다를 반복하였다.",
            "피고인은 2017.10.10.06:00경 위 제1의 가항 기재 피고인의 어머니 집 거실에서 엎드려 자고 있는 피해자를 발견하고 피해자에게 다가가 손으로 피해자의 엉덩이를 문지르다가 수회 주물렀다."
        ]
    },
    "dcss": {
        "courtDcss": [
            "범죄사실에 대한 해당법조: 각 성폭력 범죄의 처벌 등에 관한 특례법 제7조 제4항, 제2항 제2호(13세미만 미성년자에 대한 준유사성행위의 점), 각 성폭력 범죄의 처벌 등에 관한 특례법 제5조 제3항, 제2항, 형법 제299조(친족관계에 의한 준강제추행의 점), 성폭력 범죄의 처벌 등에 관한 특례법 제7조 제4항, 제3항, 형법 제299조(13세미만 미성년자에 대한 준강제추행의 점)",
            "피고인은 친딸인 피해자를 양육하고, 보호할 책임이 있음에도 불구하고 피해자를 준유사강간하고 준강제추행을 하였다.",
            "특히 이 사건 각 범행은 피고인의 범행에 쉽게 저항할 수 없고 스스로를 보호할 능력이 부족한 13세 미만인 피해자를 상대로 한 점에서 그 죄질이 매우 좋지 아니하고, ",
            "또한 피고인이 특정범죄 가중처벌 등에 관한 법률 위반(절도)죄 등으로 유죄판결을 받아 그 형의 집행을 종료한 후 몇 개월이 지나지 않아 저지른 것으로 엄한 처벌이 불가피하다.",
            "피해자는 이 사건 각 범행으로 인하여 상당한 정신적 고통과 성적 수치심을 느꼈을 것으로 보이고 향후 피해자의 올바른 성적 가치관과 자아를 형성하는 데에도 심각한 장애요소가 될 것으로 보인다.",
            "피고인이 이 사건 각 범행을 모두 인정하고 반성하고 있는 점, 피고인에게 동종 범죄전력이 없는 점 등을 피고인에게 유리한 정상으로 참작한다."
        ]
    },
    "close": {
        "cnclsns": [
            "피고인을 징역 5년에 처한다.",
            "피고인에게 120시간의 성폭력 치료프로그램 이수를 명한다."
        ]
    }
}