{
    "info": {
        "caseField": "2",
        "detailField": "6",
        "trailField": "1",
        "caseNm": "폭행",
        "courtNm": "제주지방법원",
        "judmnAdjuDe": "2014. 01. 28.",
        "caseNo": "2013고정1045",
        "relateLaword": [
            "형법 제260조",
            "형법 제59조"
        ],
        "qotatPrcdnt": []
    },
    "concerned": {
        "acusr": "4",
        "dedat": "1"
    },
    "org": {
        "orgJdgmnCourtNm": "",
        "orgJdgmnAdjuDe": "",
        "orgJdgmnCaseNo": ""
    },
    "disposal": {
        "disposalform": "10",
        "disposalcontent": [
            "피고인에 대한 형의 선고를 유예한다."
        ]
    },
    "mentionedItems": {
        "rqestObjet": [
            "피고인을 벌금 300,000원에 처한다."
        ]
    },
    "assrs": {
        "acusrAssrs": [],
        "dedatAssrs": []
    },
    "facts": {
        "bsisFacts": [
            "피고인은 2013. 8. 9. 20:40경 0000 자신의 집 마당에서, 며느리 D의 남동생인 피해자 E(27세)와 손자 양육 문제로 말다툼하던 중 손으로 피해자의 멱살을 잡고 집 앞에 세워져 있던 차량으로 밀쳐 부딪히게 하여 피해자를 폭행하였다."
        ]
    },
    "dcss": {
        "courtDcss": [
            "형법 제59조 제1항 [야간에 피고인의 집에 찾아온 피해자와 다투다가 서로 밀치는 과정에서 일어난 사건으로 범행동기ㆍ경위에 참작할 사정이 있는 점, 범행사실 대체로 인정하고 반성하고 있으며 폭행의 정도가 경미한 점, 약 30년 전에 가벼운 벌금형(1985년, 폭력행위 등 처벌에 관한 법률 위반죄, 벌금 20만 원)을 1회 받은 것 외에 다른 전과가 없는 점, 피고인의 연령 등을 감안하면 피고인은 개전의 정상이 현저하다고 판단됨]",
            "[유예하는 형: 벌금 300,000원]"
        ]
    },
    "close": {
        "cnclsns": [
            "피고인에 대한 형의 선고를 유예한다."
        ]
    }
}