{
    "info": {
        "caseField": "2",
        "detailField": "6",
        "trailField": "1",
        "caseNm": "가.성폭력범죄의처벌등에관한특례법위반(특수강간)(인정된죄명;특수강도미수) 나.특수건조물침입 다.절도 라.사기 마.여신전문금융업법위반 바.야간방실침입절도부착명령",
        "courtNm": "서울중앙지방법원",
        "judmnAdjuDe": "2017. 05. 11.",
        "caseNo": "2016고합997",
        "relateLaword": [
            "형법 제342조",
            "형법 제334조",
            "형법 제333조",
            "형법 제320조",
            "형법 제319조",
            "형법 제329조",
            "형법 제347조",
            "형법 제330조",
            "특정경제범죄 가중처벌 등에 관한 법률 제3조",
            "형법 제42조",
            "형법 제35조",
            "형법 제25조",
            "형법 제55조",
            "형법 제37조",
            "형법 제38조",
            "형법 제50조",
            "형법 제48조",
            "여신전문금융업법 제7조",
            "형사소송법 제325조"
        ],
        "qotatPrcdnt": [
            "대법원 2011. 4. 28 선고 2010도14487 판결"
        ]
    },
    "concerned": {
        "acusr": "4",
        "dedat": "1"
    },
    "org": {
        "orgJdgmnCourtNm": "",
        "orgJdgmnAdjuDe": "",
        "orgJdgmnCaseNo": ""
    },
    "disposal": {
        "disposalform": "6",
        "disposalcontent": [
            "피고인 겸 피부착명령청구자를 징역 6년에 처한다.",
            "압수된 증 제1호를 피고인 겸 피부착명령청구자로부터 몰수한다.",
            "이 사건 부착명령청구를 기각한다."
        ]
    },
    "mentionedItems": {
        "rqestObjet": [
            "피고인은 흉기를 휴대하고 타인이 관리하는 건조물에 침입하여 피해자의 재물을 강취하려 하였으나 그 뜻을 이루지 못하고 미수에 그쳤다.",
            "피고인은 상습적으로 피해자들의 재물을 절취하였다.",
            "피고인은 2 명의의 신용카드를 마치 피고인에게 정당한 사용권한이 있는 것처럼 제시하여 결제함으로써 이에 속은 피해자로부터 시가 합계 303.900원 상담의 장수막걸리 3병 등을 교부받고, 절취한 타인의 신용카드를 사용하였다.  "
        ]
    },
    "assrs": {
        "acusrAssrs": [],
        "dedatAssrs": [
            "피고인은 특수강도미수 및 특수건조물침입 범행 당시 정신질환으로 인한 심신미약 상태에 있었다.",
            "피고인이 위 일시,장소에서 피해자 E에게 커터 칼을 들이댄 것은 사실이나 피해자 E에 대한 강도의 고의만 있었을 뿐, 피해자 E을 강간하려는 고의는 없었다."
        ]
    },
    "facts": {
        "bsisFacts": [
            "피고인 겸 피부착명령청구자(이하 '피고인'이라고만 한다)는 2014. 9. 5. 서울고등법원에서 성폭력범죄의처벌등에관한특례법위반(특수강제추행)죄 등으로 징역 2년을 선고받고 2016. 2. 25. 그 형의 집행을 종료하였다.",
            "피고인은 2016. 9. 21. 16:10경 0000 C에 있는 D대학교 자연과학대학 생명과 학부 건물인 504동에 이르러 위험한 물건인 커터 칼(증 제1호, 전체 길이 약 27, 칼날 길이 약 10㎝)을 소지한 채 출입문을 통해 2층 여자화장실 안까지 들어간 다음 용변 칸에 숨어 있었다.",
            "같은 날 16:56경 그 옆 용변 칸에 들어간 피해자 E(여, 27세)이 용변을 보고 문을 열고 나오려고 하는 순간 왼손으로 피해자의 어깨를 밀치면서 그 용변 칸 안으로 들어가서 문을 잠근 후 오른손에 들고 있던 위 커터 칼을 피해자의 옆구리에 들이대며 조용히 해, OO년아! 라고 말하여 피해자를 반항하지 못하게 한 다음 피해자가 소지하고 있는 재물을 빼앗으려 하였으나 피해자가 비상벨을 누르는 바람에 재물을 빼앗지 못하고 그대로 도주하였다.",
            "이로써 피고인은 흉기를 휴대하고 타인이 관리하는 건조물에 침입하여 피해자의 재물을 강취하려 하였으나 그 뜻을 이루지 못하고 미수에 그쳤다.",
            "피고인은 2016. 9. 10. 13:10경 0000에 있는 도로에서, 피해자 F가 그곳 도로에 피해자 소유인 시가 150만 원 상당의 G 125cc 스즈키 오토바이 1대를 세워둔 것을 발견한 다음, 피해자의 감시가 소홀한 틈을 타 이를 H 0 화물차에 신고 가 절취하였다.",
            "피고인은 2016. 9. 16. 18:50경 0000 I에 있는 'J PC방' 앞에서, 피해자 K이 그곳 도로에 피해자 소유인 시가 미상의 1) MTB 자전거 1대를 세워둔 것을 발견한 다음, 피해자의 감시가 소홀한 틈을 타 이를 L 0 차량에 신고 가 절취하였다.",
            "피고인은 2016. 9. 16. 20:15경 0000 M에 있는 N 앞에서, 피해자 O이 그곳 도로에 피해자 소유인 시가 10만 원 상당의 0 자전거 1대를 세워둔 것을 발견한 다음, 피해자의 감시가 소홀한 틈을 타 이를 위 0 차량에 싣고 가 절취하였다.",
            "피고인은 2016. 9. 16. 00:23경 0000 P에 있는 Q약국 앞 도로에서, 피해자 R의 감시가 소홀한 틈을 이용하여 그곳에 주차되어 있는 S 오토바이에 놓여 있던 피해자 소유인 시가 45만 원 상당의 오토바이 헬멧을 가지고 가 이를 절취하였다.",
            "피고인은 2016. 9. 19. 05:00경 0000 T에 있는 U마트 앞 도로에서, 피해자 V의 감시가 소홀한 틈을 이용하여 그곳에 적치해놓은 피해자 소유인 시가 합계 2만 원 상당의 박스 30개 및 바구니 3개를 가지고 가 이를 절취하였다.",
            "피고인은 2016. 9. 21, 09:30경 0000 W에 있는 X 주차장에서, Y 0 차량 사물함에 보관되어 있는 피해자 Z 소유인 현금 30만 원, 0카드 1장 및 0카드 1장이 들어있는 지갑을 가지고 가 이를 절취하였다.",
            "피고인은 2016. 9. 21. 10:33경 0000 AA에 있는 피해자 AB 운영의 AC마트에서, 0 3병 등을 구매하면서 그곳에 근무하는 성명불상의 종업원에게 위 제1의 다.항 기재와 같이 절취한 2 명의의 000 신용카드 및 000 신용카드를 마치 피고인에게 정당한 사용권한이 있는 것처럼 제시하여 000 신용카드로 200,000원, 000 신용카드로 103,900원을 각각 결제하였다.",
            "이에 속은 피해자로부터 시가 합계 303,900원 상당의 0 3병 등을 교부받고, 절취한 타인의 신용카드를 사용하였다.",
            "피고인은 2016. 9. 17. 05:21경 내지 05:40경 0000 AD에 있는 AE병원 611호에 이르러, 그곳 문이 시정되어 있지 아니한 틈을 이용하여 위 병실에 침입한 다음 피해자 AF 외 다른 환자들이 자고 있는 동안 그곳 테이블 위에 놓여 있던 피해자 소유인시가 미상의 순금 1돈 열쇠고리가 부착되어 있는 시가 50만 원 상당의 0 휴대 전화 1대를 가지고 가 이를 절취하였다.",
            "피고인은 2016. 9. 17. 05:21경 내지 05:40경 위 AE병원 908호에 이르러, 그곳 문이 시정되어 있지 아니한 틈을 이용하여 위 병실에 침입한 다음 피해자 AG 외 다른 환자들이 자고 있는 동안 그곳 테이블 위에 놓여 있던 피해자 소유인 시가 85만 원 상당의 0 휴대전화 1대를 가지고 가 이를 절취하였다.",
            "피고인은 2016. 9. 17, 05:21경 내지 05:40경 위 AE병원 708호에 이르러, 그곳 문이 시정되어 있지 아니한 틈을 이용하여 위 병실에 침입한 다음 피해자 AH 외 다른 환자들이 자고 있는 동안 그곳 테이블 위에 놓여 있던 피해자 소유인 시가 30만 원 상당의 알뜰폰 휴대전화 1대를 가지고 가 이를 절취하였다."
        ]
    },
    "dcss": {
        "courtDcss": [
            "이 법원이 적법하게 채택하여 조사한 증거들에 의하면 피고인이 이 사건 범행 이전인 2010년경 양극성 정동장애(조울증)등 진단을 받아 2010. 8.경부터 2010. 11.경까지 약물치료를 받은 사실은 인정할 수 있다.",
            "피고인이 위 각 범행에 이르게 된 경위, 범행의 수단과 방법, 범행을 전후한 피고인의 행동, 범행 후의 정황, 피고인에 대한 정신감정 결과 피고인은 감정일 현재 현실검증력이 손상되지 않았으며 특이한 정신장애 진단을 내릴 만한 정도의 정신 증세를 보이지 않은 상태로 사물변별능력과 의사결정능력이 건재한 것으로 진단된다.",
            "위 각 범행 당시에도 현재와 비슷한 상태였을 것이라는 소견을 보이고 있는 점 등에 비추어 보면, 피고인이 위 각 범행 당시 사물을 변별할 능력이나 의사를 결정할 능력이 미약한 상태에 있었다고는 보이지 않는다. 따라서 위 주장은 받아들이지 아니한다.",
            "검사가 제출한 증거만으로는 이 부분 범행 당시 피고인에게 피해자를 강간할 의사가 있었다는 것이 합리적인 의심의 여지 없이 증명되었다고 보기는 어렵고, 달리 피고인에게 강간의 범의가 있었음을 인정할 만한 증거가 없다.",
            "피고인에 대한 특정범죄사건인 성폭력범죄의처벌등에관한특례법위반(특수강간)의 점에 대하여 위와 같이 무죄로 판단하므로 특정 범죄자에 대한 보호관찰 및 전자장치 부착 등에 관한 법률 제9조 제4항 제2호에 따라 이 사건 부착명령청구를 기각한다."
        ]
    },
    "close": {
        "cnclsns": [
            "피고인 겸 피부착명령청구자를 징역 6년에 처한다.",
            "압수된 증 제1호를 피고인 겸 피부착명령청구자로부터 몰수한다.",
            "이 사건 부착명령청구를 기각한다. "
        ]
    }
}