{
    "info": {
        "caseField": "2",
        "detailField": "6",
        "trailField": "1",
        "caseNm": "성폭력범죄의처벌등에관한특례법위반(비밀준수등)",
        "courtNm": "서울동부지방법원",
        "judmnAdjuDe": "2021. 08. 20.",
        "caseNo": "2021고단1441",
        "relateLaword": [
            "성폭력범죄의 처벌 등에 관한 특례법 제50조",
            "성폭력범죄의 처벌 등에 관한 특례법 제43조",
            "형법 제70조",
            "형법 제69조",
            "형사소송법 제334조"
        ],
        "qotatPrcdnt": []
    },
    "concerned": {
        "acusr": "4",
        "dedat": "1"
    },
    "org": {
        "orgJdgmnCourtNm": "",
        "orgJdgmnAdjuDe": "",
        "orgJdgmnCaseNo": ""
    },
    "disposal": {
        "disposalform": "9",
        "disposalcontent": [
            "피고인을 벌금 200만 원에 처한다.",
            "피고인이 위 벌금을 납입하지 아니하는 경우 10만 원을 1일로 환산한 기간 피고인을 노역장에 유치한다.",
            "위 벌금에 상당한 금액의 가납을 명한다."
        ]
    },
    "mentionedItems": {
        "rqestObjet": [
            "피고인은 실제 거주지가 변경되었음에도 정당한 사유 없이 변경내용과 그 사유를 20일 이내에 주소지 관할 경찰서의 장에게 제출하지 아니하였다.\n"
        ]
    },
    "assrs": {
        "acusrAssrs": [],
        "dedatAssrs": []
    },
    "facts": {
        "bsisFacts": [
            "피고인은 성폭력 범죄의 처벌 등에 관한 특례법 위반(특수강간)죄로 징역 5년을 선고 받고 같은 해 그 형이 확정된 신상정보 등록대상자이다.",
            "신상정보 등록 대상자는 주소 및 실제거주지, 연락처 등 기본신상정보가 변경된 경우에는 그 사유가 발생한 날부터 20일 이내에 그 변경 내용 및 사유를 주소지를 관할하는 경찰관서의 장에게 신상정보 변경을 제출하여야한다.",
            "그럼에도 불구하고 피고인은 출소하여 모텔 등에서 생활하여 실제 거주지가 변경되었음에도 정당한 사유없이 변경내용과 그 사유를 20일 이내에 주소지 관할 경찰서의 장에게 제출하지 아니하였다."
        ]
    },
    "dcss": {
        "courtDcss": [
            "피고인에게 실형 처벌 전력이 다수 있고 동종 범죄 처벌 전력이 1회 있는 점을 볼 수 있다.",
            "피고인이 교정시설 출소 후 일정한 주거지가 정하여지지 아니한 상태에서 이 사건 범행을 저지른 점을 볼 수 있다.",
            "자백하고 있는 점을 볼 수 있다."
        ]
    },
    "close": {
        "cnclsns": [
            "피고인을 벌금 200만원에 처한다.",
            "피고인이 위 벌금을 납입하지 아니하는 경우 10만 원을 1일로 환산한 기간 피고인을 노역장에 유치한다.",
            "위 벌금에 상당한 금액의 가납을 명한다."
        ]
    }
}