{
    "info": {
        "caseField": "2",
        "detailField": "6",
        "trailField": "1",
        "caseNm": "강제추행미수",
        "courtNm": "의정부지방법원",
        "judmnAdjuDe": "2015. 12. 30.",
        "caseNo": "2015고단3175",
        "relateLaword": [
            "형법 제300조",
            "형법 제70조",
            "성폭력범죄의 처벌 등에 관한 특례법 제16조 ",
            "형사소송법 제334조",
            "형법 제298조",
            "형법 제69조"
        ],
        "qotatPrcdnt": []
    },
    "concerned": {
        "acusr": "4",
        "dedat": "1"
    },
    "org": {
        "orgJdgmnCourtNm": "",
        "orgJdgmnAdjuDe": "",
        "orgJdgmnCaseNo": ""
    },
    "disposal": {
        "disposalform": "9",
        "disposalcontent": [
            "피고인을 벌금 500만원에 처한다.",
            "피고인이 위 벌금을 납입하지 아니하는 경우 10만원을 1일로 환산한 기간 피고인을 노역장에 유치한다.",
            "피고인에게 40시간의 성폭력 치료프로그램 이수를 명한다.",
            "위 벌금에 상당한 금액의 가납을 명한다."
        ]
    },
    "mentionedItems": {
        "rqestObjet": [
            "피고인은 피해자의 몸을 눌러 피해자를 움직이지 못하게 한 후 피해자를 강제로 추행하려고 하였으나 피해자가 강하게 저항하며 피고인의 목 부위를 밀쳐내고 도망가는 바람에 그 뜻을 이루지 못하고 미수에 그쳤다."
        ]
    },
    "assrs": {
        "acusrAssrs": [],
        "dedatAssrs": []
    },
    "facts": {
        "bsisFacts": [
            "피고인은 2015.6.13.08:20경 0000 앞길에서 아이를 안고 길을 걸어가는 피해자 E(여, 26세)를 발견하고 피해자를 강제로 추행하기로 마음먹었다.",
            "피고인은 같은 일시경 피해자에게 접근하여 갑자기 손으로 피해자의 어깨를 잡고 피해자를 주변 건물 벽으로 밀어붙이고 자신의 몸으로 피해자의 몸을 눌러 피해자를 움직이지 못하게 한 후 피해자를 강제로 추행하려고 하였으나 피해자가 강하게 저항하며 피고인의 목 부위를 밀쳐내고 도망가는 바람에 그 뜻을 이루지 못하고 미수에 그쳤다."
        ]
    },
    "dcss": {
        "courtDcss": [
            "이 사건 범행은 어린 아이를 안고 길을 걸어가던 피해자를 상대로 한 것으로 그 죄질이 중한 점, 이 사건 범행으로 인하여 외국인인 피해자가 심한 정신적 충격을 받은 것으로 보이는 점, 피해자와 합의하지 못한 점 등에 비추어 피고인을 엄하게 처벌함이 상당하다.",
            "다만, 피고인이 범행사실을 인정하면서 반성하고 있는 점, 범행이 미수에 그친 점, 동종 또는 유사한 범죄로 처벌받은 전력이 없고, 벌금형을 초과하는 처벌을 받은 전력이 없는 점을 피고인에게 유리한 정상으로 참작하고, 여기에 이 사건 범행의 수단과 결과, 피고인의 연령, 성행, 가정환경 등 제반 양형 조건을 종합하여 주문과 같이 형을 정한다.",
            "신상정보 제출 의무 등록대상 성폭력 범죄인 판시 범죄사실에 관하여 피고인에 대한 유죄판결이 확정되는 경우 피고인은 성폭력 범죄의 처벌 등에 관한 특례법 제42조 제1항에 따라 신상정보 등록대상자가 되어 같은 법 제43조에 정한 바에 따라 관계기관에 신상정보를 제출할 의무가 있다.",
            "공개명령 또는 고지명령의 면제 피고인의 연령, 직업, 재범위험성, 이 사건 범행의 동기, 범행 방법, 결과 및 죄의 경중, 공개명령 또는 고지명령으로 인하여 피고인이 입는 불이익의 정도와 예상되는 부작용, 그로 인해 달성할 수 있는 등록대상 성폭력 범죄의 예방효과, 피해자 보호 효과 등을 종합적으로 고려하여 본다.",
            "성폭력 범죄의 처벌 등에 관한 특례법 제47조 제1항, 제49조 제1항, 아동·청소년의 성보호에 관한 법률 제49조 제1항 단서, 제50조 제1항 단서에 따라 신상정보를 공개고지하여서는 아니 될 특별한 사정이 있다고 판단되므로, 피고인에 대하여 공개명령 또는 고지명령을 선고하지 아니한다."
        ]
    },
    "close": {
        "cnclsns": [
            "피고인을 벌금 500만원에 처한다.",
            "피고인이 위 벌금을 납입하지 아니하근 경우 10만 원을 1일로 환산한 기간 피고인을 노역장에 유치한다.",
            "피고인에게 40시간의 성폭력 치료프로그램 이수를 명한다.",
            "위 벌금에 상당한 금액의 가납을 명한다."
        ]
    }
}