{
    "info": {
        "caseField": "2",
        "detailField": "6",
        "trailField": "1",
        "caseNm": "공무집행방해, 방실침입, 공용물건손상",
        "courtNm": "서울남부지법",
        "judmnAdjuDe": "2010. 01. 14.",
        "caseNo": "2009고단215",
        "relateLaword": [
            "형법 제136조",
            "형법 제141조",
            "형법 제260조",
            "형법 제319조",
            "형사소송법 제325조"
        ],
        "qotatPrcdnt": [
            "대법원 2003. 1. 10. 선고 2000도5716 판결",
            "대법원 2005. 10. 28. 선고 2004도4731 판결",
            "대법원 2009. 10. 29. 선고 2007도3584 판결",
            "대법원 2009. 11. 19. 선고 2009도4166 전원합의체 판결"
        ]
    },
    "concerned": {
        "acusr": "4",
        "dedat": "1"
    },
    "org": {
        "orgJdgmnCourtNm": "",
        "orgJdgmnAdjuDe": "",
        "orgJdgmnCaseNo": ""
    },
    "disposal": {
        "disposalform": "10",
        "disposalcontent": [
            "피고인은 무죄로 판결한다.",
            "피고인에 대한 무죄판결의 요지를 공시한다."
        ]
    },
    "mentionedItems": {
        "rqestObjet": [
            "피고인은 피해자들을 폭행하여 정당한 직무집행을 방해하였다."
        ]
    },
    "assrs": {
        "acusrAssrs": [],
        "dedatAssrs": []
    },
    "facts": {
        "bsisFacts": [
            "피고인은 민주노동당 소속 국회의원으로 2008. 12. 말경부터 같은 당 소속 국회의원들과 당직자들 및 민주당 소속 국회의원 등과국회 본회의장 앞 로텐더 홀을 점거하고 농성하였고, 국회의장은 2008. 12. 30. 위와 같은 국회 본회의장과 로텐더 홀 점거농성이 계속되자 질서유지권을 발동하였다.",
            "2009. 1. 5. 00:30경 국회의장의 직권상정 유보 발표에 따라 민주당 소속 국회의원들과 당직자들은 로텐더 홀 점거농성을 자진해산 하였으나 민주노동당 소속 국회의원들과 당직자들은 로텐더 홀 점거농성을 계속하였다.",
            "피고인은 2009. 1. 5. 09:00경 0000에 있는 국회 본회의장 앞 로텐더 홀에서 피고인은 국회 경위과장 공소외 00로부터 민주노동당이 본회의장 문에 함부로 부착한 'MB악법저지'라고 적힌 플래카드를 제거해 달라고 여러 차례 요구받았으나 이를 거부하였다.",
            "이에 성명불상의 국회경위가 위 공소외 00의 지시에 따라 위 플래카드를 떼어내자, 피고인을 포함한 민주노동당 국회의원들은 플래카드를 빼앗기지 않으려고 국회경위들과 몸싸움을 하였다.",
            "위 국회경위가 플래카드를 빼앗아 국회 방호원인 공소외 00에게 전달하고, 위 공소외 00는 플래카드를 가지고 국회 본관 밖으로 나가자 피고인은 끝까지 따라가서 플래카드를 빼앗기 위해 공소외 00의 웃옷을 잡고 흔들었다",
            "다시 피고인은 위 로텐더 홀로 돌아와서 \"야 이놈들아\"라고 고함을 치면서 위 공소외 00의 멱살을 잡고 수회 흔들었다.",
            "결국 피고인은 위와 같이 위 공소외 00와 공소외 00을 폭행하여 국회 방호원과 경위의 국회 질서유지에 관한 정당한 직무집행을 방해하였다.",
            "피고인은 2009. 1. 5. 09:15경 위와 같이 국회경위들이 플래카드를 떼어낸 것에 대하여 국회사무총장에게 항의하기 위해 사무총장실로 달려갔다.",
            "피고인은 국회사무총장실 직원들의 제지를 뿌리치고 국회사무총장실 부속실을 통해 집무실 안으로 들어갔다.",
            "피고인은 국회사무총장 집무실에서 00 사무총장에게 \"뭐하는 짓이야\"라고 소리치고, 의자 옆에 있던 보조탁자를 힘껏 밀쳐 바닥에 쓰러뜨려 부수고, \"이렇게 하면 다 되는 거야\"라고 소리쳤다.",
            "계속하여 피고인은 대형 원형탁자를 양손으로 들어 올려 뒤엎으려고 하다가 뒤엎어지지 않자 주먹으로 탁자를 내리치고, \"어디 이따위 식으로 하고 있어\"라고 소리치면서 탁자 위로 뛰어올라가 세게 발을 굴렀다.",
            "국 피고인은 위 00이 점유하는 방실인 국회사무총장실에 침입하고, 공용물건인 시가 약 50만 원 상당의 보조탁자를 부수어 손상하고, 국회사무총장실에서 위와 같이 폭행하여 국회사무총장의 국회사무에 관한 정당한 직무집행을 방해하였다.",
            "피고인은 2009. 1. 5. 20:00경 민주노동당 이정희 의원이 새로운 플래카드를 준비하여 본회의장 문에 부착하다가 국회경위들에게 플래카드를 다시 빼앗기자, 이를 항의하기 위하여 국회의장실로 달려갔다.",
            "당시 국회의장실에서는 김형오 국회의장과 3당 원내 교섭단체 대표 등이 쟁점법안 및 민생법안 처리 등 향후 의사일정 관련 회의를 하고 있었다.",
            "피고인은 국회의장실 문 밖에서 \"뭣들 하는 짓이냐, 무슨 교섭단체 회의야, 빨리 문 열어, 나와, 국회의원을 개 끌듯이 끌고 가는데무슨 회의야\"라고 큰 소리를 치면서 약 1시간 동안 국회의장실 문을 여러 차례 발로 차고, 주먹으로 때렸다.",
            "결국 피고인은 위와 같이 폭행하여 국회의장과 원내 교섭단체 대표들의 의사일정 회의 등 입법활동에 관한 정당한 직무집행을 방해하였다.",
            "국회의장은 2009. 1. 4. 14:30경 '오늘 중 국회의원이 아닌 자는 모두 퇴거하라'는 내용의 '국회정상화를 위한 국회의장 성명'을 발표하였고, 같은 날 15:30경 00에게 '오늘 중 퇴거하지 않는 자에 대하여 강제퇴거 조치를 취할 것'을 지시하였다.",
            "그 무렵 민노당은 00 의원 등을 통하여 00과 국회사무처에 당일 아침 최고위원회 회의를 통하여 농성해제 여부를 결정하겠다는 취지의 통보를 하였다.",
            "피고인은 현수막을 떼어내었던 공소외 00을 보자마자 화를 내면서 공소외 00이 있는 자리로 가서 공소외 00이 입고 있던 점퍼의 목근처 지퍼부분을 왼손으로 잡고공소외 00에게 항의하다가 공소외 00이 '의원님, 차라리 죽여주세요'라고 말하자 곧바로 잡고있던 왼손을 놓았고, 공소외 00과 함께 있던 다른 국회경위들은 피고인의 이러한 행동을 제지하였다.",
            "민노당은 2009. 1. 6. 원내 교섭단체인 한나라당, 민주당, 자유선진당 3당이 '쟁점법안을 빠른 시일 내에 합의처리 하도록 노력한다'고 합의를 하자, 같은 날 13:30경 '원내 교섭단체 대표합의를 존중한다'는 성명을 발표한 후 로텐더 홀 농성을 자진해산하였다."
        ]
    },
    "dcss": {
        "courtDcss": [
            "따라서 이러한 적법성이 결여된 직무행위를 하는 공무원에게 대항하여 폭행이나 협박을 가하였다고 하더라도 이를 공무집행방해죄로 처벌할 수는 없다(대법원 2009. 11. 19. 선고 2009도4166 전원합의체 판결, 대법원 2005. 10. 28. 선고 2004도4731판결 참조).",
            "의장 이외의 장소를 대상으로 질서유지권을 발동하거나 본회의 등이 개최되지 않은 상태에서 장래 소란행위가 있을지도 모른다는 개연성만으로 사전에 질서유지권을 발동하는 것은 질서유지권의 범위를 벗어난다고 할 것이다.",
            "현수막 철거가 의원가택권 내지 청사관리규정에 기한 것이라고 보기는 어렵다.",
            "러한 질서유지권은 국회경위들이 민노당이 부착한 현수막을 철거하기에 앞서 이미 발동된 상태에 있어 공소외 00은 이에 기하여 현수막을 철거하였다고 할 것이므로, 현수막을 철거는 국회법 제145조에 기한 국회의장의 질서유지권에 기한 것이라고 봄이 상당하다.",
            "국회법 제145조의 질서유지권은 국회의장과 의원 간, 위원회 위원장과 의원 간에 회의장에서 준수하여야 할 기본질서를 규정한 것인데, 2009. 1. 5.경을 전후하여 질서유지권 행사의 전제가 되는 국회 본회의가 열린 적이 있거나 급박한 시점에 열릴 것으로 예정되었다는 점을 인정할 아무런 증거가 없다.",
            "오히려 앞서 본 바와 같이 국회의장의 직권상정 유보 입장표명과 3당 합의에 따라인접한 시점에 본회의가 열릴 가능성은 없었다고 보인다.",
            "따라서 국회 본회의 개최와 무관하게 발동된 국회의장의 위 질서유지권과 그에 기한 현수막 철거는 국회법 제145조가 정한 시간적제한을 벗어나고 있어 그 요건을 갖추지 못한 것으로 적법하다고 할 수 없다(위 질서유지권에 기하여 위 장소에서 현수막 철거등의 행위를 하거나 강제력을 사용할 수 있는지에 관한 문제는 별론으로 한다).",
            "따라서 철거된 반쪽 현수막을 되찾기 위하여 공소외 00를 뒤따라가 그의 윗옷을 끌어당기면서 현수막을 내놓을 것을 요구하고, 곧바로 현수막 철거현장에 돌아와 공소외 00의 점퍼 목 근처 지퍼부분을 왼손으로 잡은 피고인의 행위는 적법한 공무수행을 전제로 하는 공무집행방해죄에 해당하지 아니한다.",
            "공소외 00을 비롯한 국회경위들의 공무수행은 이 점에서도 적법한 공무수행이라고 볼 수 없고, 피고인의 위와 같은 행위는적법한 공무수행을 전제로 하는 공무집행방해죄에 해당하지 아니한다.",
            "피고인의 위와 같은 행위가 공소외 00와 공소외 00에 대한 폭행에 해당한다고 할 수 없다.",
            "피고인이 국회경위들의 부적법한 직무수행에 항의하기 위하여 열린 문을 통하여 들어간 것은 00의 묵시적 승낙에 의한 것이거나 위에서 본 여러 사정 등에 비추어 형법 제20조의 사회상규에 위배되지 아니하는 정당행위로서 위법성이 있다고 할 수 없으므로, 이 부분 공소사실은 죄가 되지 아니한 때에 해당한다.",
            "피고인의 위 행위는 항의의 의사표시라는 동일한 범의 아래 00에게 한 일련의 행위 중 하나로서 폭행 또는 협박의 한 수단이거나 그에 수반하는 행위에 불과하여 00에 대한 공무집행방해의 점과 법조경합관계에 있을 뿐, 위 행위가 일반적인 범위를 넘어서 고유한 불법내용을 가진다고 볼 수 없으므로, 이 부분 공소사실은 죄가 되지 아니한 때에 해당한다.",
            "나아가 앞서 본 사정에 더하여, 피고인은 당일 자신이 한 일련의 행위에 대하여는 이를 자세히 기억하면서도 유독 위 보조 탁자를 쓰러뜨린 사실에 대해서는 그 인식이 없거나 아무런 기억이 없다고 변소하고 있는데, 위와 같이 당시 피고인이 감정을 절제하지 못할 정도로 극도의 흥분상태에 있었던 데다가 많은 취재기자가 피고인의 앞뒤를 따라 취재하는 등 그곳이 매우 어수선한 상황에 있다.",
            "당시의 정황이 피고인의 위 변소를 뒷받침하는 점 등을 종합하면, 피고인이 위 보조 탁자를 쓰러뜨려 그 효용을해한다는 인식이 있었다고도 보기 어려우므로, 이 점에서도 이 부분 공소사실은 죄가 되지 아니하거나 범죄의 증명이 없는 때에 해당한다.",
            "나아가 점심시간에 공식적인 자리가 아닌 개인적인 자리에서 점심을 먹거나 휴식을 취하는 것 또는 근무시간이나 점심시간에잠시 개인적인 일을 보는 것이 공무수행에 해당하지 않음은 당연하다.",
            "그와 같은 직무를 수행하는 것이 국회사무총장의 본래의 직무라 할 것이므로(국회법 제21조 제4항, 국회사무처법 제2조, 제4조 제1항), 국회사무총장 역시 본래의 직무에 나아가 근무 중 신문을 보거나 휴식을 취하는 행위가 직무수행의 범주에 포함되기 위해서는 위와 같이 제한적 범위 내에서만 인정될 수 있다.",
            "따라서 피고인이 위 행위로 인하여 00의 신문을 보거나 휴식을 취하는 것을 방해한 이외에 적법한 공무수행을 방해하였다고 보기는 어렵다.",
            "나아가 공무원이 본래의 직무를 수행하는 이외에 신문을 보거나 휴식을 취하는 행위가 직무에 포함된다는 것은 매우 이례적이라 할 것이므로, 그와 같은 행위가 그 직무와 관련하여 반드시 필요한 것으로서 직무의 일환이었다는 점은 검사가 입증하여야 할 것인데, 00이 당시 직무와 관련하여 반드시 필요한 신문기사를 보거나 휴식을 취하였다는 점에 관한 아무런 입증이 없다.",
            "피고인의 위와 같은 행위가 국회의장 등에 대한 항의전달수단으로서 합리적인 범위를 넘어서 국회의장 등에게 고통을 줄 의도로 음향을 이용하였다고 보기 어렵다.",
            "한편 피고인의 위와 같은 행위가 위력에 해당한다고 하더라도 공무집행방해죄는 폭행, 협박에 이른 경우만을 그 구성요건으로 삼고 있을 뿐 이에 이르지 아니한 위력 등에 의한 경우를 그 구성요건으로 삼고 있지 않고 있다(대법원 2009. 11. 19. 선고 2009도4166 전원합의체 판결 참조).",
            "따라서 피고인의 위와 같은 행위가 국회의장과 3당 원내 교섭단체 대표 등에 대한 폭행에 해당함을 전제로 하는 이 부분 공소사실은 죄가 되지 아니하거나 범죄사실의 증명이 없는 때에 해당한다."
        ]
    },
    "close": {
        "cnclsns": [
            "피고인은 무죄.",
            "피고인에 대한 무죄판결의 요지를 공시한다.",
            "그렇다면 적법한 공무수행 중임을 전제로 하는 이 부분 공소사실은 더 살필 필요 없이 죄가 되지 아니하거나 범죄의 증명이 없는 때에 해당한다."
        ]
    }
}