{
    "info": {
        "caseField": "2",
        "detailField": "6",
        "trailField": "1",
        "caseNm": "상해",
        "courtNm": "청주지방법원",
        "judmnAdjuDe": "2012. 11. 16.",
        "caseNo": "2012고단1879",
        "relateLaword": [
            "형법 제257조 제1항"
        ],
        "qotatPrcdnt": []
    },
    "concerned": {
        "acusr": "4",
        "dedat": "1"
    },
    "org": {
        "orgJdgmnCourtNm": "",
        "orgJdgmnAdjuDe": "",
        "orgJdgmnCaseNo": ""
    },
    "disposal": {
        "disposalform": "6",
        "disposalcontent": [
            "피고인을 징역 4월에 처한다."
        ]
    },
    "mentionedItems": {
        "rqestObjet": [
            "피고인을 상해로 징역에 처한다."
        ]
    },
    "assrs": {
        "acusrAssrs": [],
        "dedatAssrs": []
    },
    "facts": {
        "bsisFacts": [
            "피고인은 2012. 8. 16. 2200경 0000에 있는 청주지방검찰청 0000에서, 공무원 자격사칭 피의사건 관련하여 참고인으로 출석한 피해자 ㅇㅇㅇ(20세) 및 ㅇㅇㅇ와 나란히 앉아 조사를 받던 중이였다.",
            "피해자가 자신과 다른 진술을 하는 것을 듣고 친구야, 나하고 얘기 좀 하자라고 말하였으나 피해자가 나는 너 같은 친구 둔 적 없다, 양아치 새끼야, 니네 엄마 불쌍하지도 않냐라고 말하자 의자에서 일어나 주먹으로 피해자의 얼굴 부분을 2회 가량 때려 피해자에게 약 2주간의 치료를 필요로 하는 우측 안면부 좌상을 가하였다."
        ]
    },
    "dcss": {
        "courtDcss": [
            "피고인이 경미한 벌금형 외에 처벌을 받은 전력이 없고 이 사건 범행을 모두 자백하고 있다.",
            "그리고 피해자와 원만히 합의하여 피해자가 피고인에 대한 처벌을 바라지 않고 있는 점 등을 감안하더라도, 이 사건은 검찰청 내에서 조사를 받던 피고인이 참고인인 피해자로부터 모욕적인 말을 듣고 화가 난다는 이유만으로 검사와 수사관이 지켜보고 있는 가운데 피해자를 폭행하여 상해를 가한 사안으로 이유 여하를 막론하고 공권력 주체인 수사기관을 무시하고 조롱하는 처사라 아니할 수 없다.",
            "피고인에 대하여는 실형의 선고가 불가피하다.",
            "다만 앞서 본 유리한 정상을 포함한 기록에 나타난 제반 양형의 요소를 두루 참작하여 주문과 같은 형을 정한다."
        ]
    },
    "close": {
        "cnclsns": [
            "피고인을 징역 4월에 처한다."
        ]
    }
}