{
    "info": {
        "caseField": "2",
        "detailField": "6",
        "trailField": "1",
        "caseNm": "가.공갈미수",
        "courtNm": "광주지방법원",
        "judmnAdjuDe": "2010. 02. 10.",
        "caseNo": "2009고단2845",
        "relateLaword": [
            "형법 제241조",
            "정보통신망 이용촉진 및 정보보호 등에 관한 법률 제74조",
            "정보통신망 이용촉진 및 정보보호 등에 관한 법률 제44조의7",
            "형법 제352조",
            "형법 제350조",
            "형법 제366조",
            "형법 제262조",
            "형법 제260조",
            "형법 제257조",
            "형법 제241조",
            "형법 제37조",
            "형법 제38조",
            "형법 제50조",
            "형법 제62조",
            "형법 제51조",
            "형사소송법 제325조"
        ],
        "qotatPrcdnt": []
    },
    "concerned": {
        "acusr": "4",
        "dedat": "1"
    },
    "org": {
        "orgJdgmnCourtNm": "",
        "orgJdgmnAdjuDe": "",
        "orgJdgmnCaseNo": ""
    },
    "disposal": {
        "disposalform": "8",
        "disposalcontent": [
            "피고인 A에 대한 형을 징역 1년 6월로 피고인 B에 대한 형을 징역 6월로 각 정한다.",
            "다만, 피고인 B에 대하여는 이 판결확정일로부터 2년간 위 형의 집행을 유예한다.",
            "피고인 B에 대한 이 사건 공소사실 중 정보통신망 이용촉진 및 정보보호 등에 관한 법률위반의 점은 무죄이다."
        ]
    },
    "mentionedItems": {
        "rqestObjet": [
            "피고인 A에 대한 형을 징역 1년 6월로 피고인 B에 대한 형을 징역 6월로 각 정한다."
        ]
    },
    "assrs": {
        "acusrAssrs": [],
        "dedatAssrs": []
    },
    "facts": {
        "bsisFacts": [
            "피고인은 1988. 4. 18. 00와 혼인신고를 마친 배우자 있는 사람이다. ",
            "피고인은 2007. 3. 하순경 0000에 있는 0000에서 피고인 00와 1회 성교하여 간통하였다. ",
            "피고인은 2007. 12. 초순경 0000에 있는 0 불상의 호실에서 피고인 00와 1회 성교하여 간통하였다.",
            "피고인은 2008, 10. 중순경 0000에 있는 0 불상의 호실에서 피고인 00와 1 회 성교하여 간통하였다.",
            "피고인은 2009. 3. 20.경 0000에 있는 0 불상의 호실에서 피고인 00와 1 회 성교하여 간통하였다. ",
            "피고인은 2009. 6. 16. 10:00경 위 4)항 기재 0 불상의 호실에서 피고인 00와 1회 성교하여 간통하였다.",
            "피고인은 휴대전화를 이용하여 2009. 3. 하순경 00의 지인 00의 휴대전화에 피고인과 00의 성관계 장면이 담긴 사진파일과 00의 성기를 찍은 사진파일을 전송하고, 2009. 4. 3. 18:03경 00의 남편 00의 휴대전화에 피고인과 00의 성관계 장면이 담긴 사진파일을 전송하여 각 정보통신망을 통하여 음란한 화상을 배포하였다.",
            "피고인은 2009. 4. 2. 11:00경 0000에 있는 0000 주민자치센터 앞길에 세워 둔 피해자 00(여, 46세)의 0 승용차안에서 피해자를 주먹으로 때릴 것처럼 위협하며 피해자에게 \"좋은 말로 할 때 인감증명서를 떼어 와라.\" 고 말하여 겁을 줘서 피해자로 하여금 인감증명서를 발급받게 하였다.",
            "피고인은 계속하여 차용금액과 작성일이 공란이고, 피해자가 채무자로 기재된 현금보관증을 피해자에게 보여주면서 \"너는 나한테 2억원을 줘야 하니 빨리 적어라. \"고 겁을 줬으나 피해자가 머뭇거리자 피해자로 하여금 위 승용차를 운전하여 0000 건물 주차장으로 이동하게 한 다음 그 곳에 차를 세우고 주먹으로 피해자의 얼굴을 3회 때렸다.",
            "피해자에게 현금보관증을 건네면서 \"네 가정을 지키든지,현금보관증을 적든지 하나를 선택해라. 내일까지 적어주지 않으면 00에게 관계했던 장면을 보내 버린다. \"고 겁을 주어 이에 겁을 먹은피해자로부터 2억 원을 갈취하려고 하였으나 피해자가 이에 응하지 않는 바람에 그 뜻을 이루지 못한 채 미수에 그쳤다.",
            "피고인은 2009. 4. 3.경 0000에 있는 피해자 00의 사무실에서 피해자에게 전화를 하여 \"2억 원을 주지 않으면 국세청에 네가탈세한 것을 고발하여 장사를 하지 못하게 하고 00 핸드폰으로 네가 내 좃을 빨고 있는 장면을 보내겠다.\"고 말했다.",
            "그리고, 피해자에게 '휴대 전화로 내가 하라는 대로 할 것인지, 2억 원을 주고 00를 선택하고 가정을 지킬 것인지, 00도 가정도 사업도 버리고 외국에 가든지 선택하라.'는 취지의 문자메시지를 보내서 겁을 주었다.",
            "피해자의 남편의 휴대전화에 피고인과 피해자의 성관계장면이 담긴 사진파일을 전송하여 이에 겁을 먹은 피해자로부터 2억 원을 갈취하려고 하였으나 피해자가 이에 응하지 않는 바람에 그 뜻을 이루지 못한 채 미수에 그쳤다.",
            "피고인은 2009. 4. 9.경 위 2)항 기재 장소에서 피해자 00에게 전화하여 \"2억 원을 주지 않으면 너하고 관계하는 사진을 너희 직원들이나 네가 알고 있는 사람에게 핸드폰으로 보내버리겠다. 이번이 마지막이다. 잘 생각해 보고 결정해라.\" 고 겁을 주어 이에 겁을 먹은 피해자로부터 2억 원을 갈취하려고 하였으나 피해자가 이에 응하지 않는 바람에 그 뜻을 이루지 못한 채 미수에 그쳤다.",
            "피고인은 2009. 4. 6. 10:30경 0000 R건물 앞길에서 피해자 00가 피고인과의 만남을 거절한다는 이유로 피해자 소유의 00 0 승용차의 조수석 문을 열고 차 안으로 들어가 발로 앞 유리창을 차 수리비 32만 원이 들도록 위 승용차의 효용을 해하였다.",
            "피고인은 2009. 7. 11. 20:00경 0000에 있는 00 운영의 피자 판매점 U에서 00가 2억 원을 주지 않는다는 이유로 시비를 걸며 종업원인 피해자 00(여, 48세)의 어깨를 두 손으로 밀어 피해자 00으로 하여금 약 2주간의 치료가 필요한 목뼈의 염좌 및 긴장상을 입게 하였다.",
            "계속하여 이를 말리는 종업원인 피해자 00(여, 38세)의 왼쪽 팔을 오른손으로 잡고 흔들면서 피해자 00을 밀어 피해자 00으로 하여금뒤에 있는 냉장고에 부딪치면서 바닥에 넘어지게 하여 약 2주간의 치료가 필요한 어깨관절의 염좌 및 긴장상을 입게 하였다.",
            "피고인은 2009. 8. 20. 11:55경 0000에 있는 피해자 00 운영의 피자 전문점 U 의 물류센터 사무실에서 피해자에게 욕을 하면서 손바닥으로 피해자의 뒤통수를 1회 때리고, 주먹으로 피해자의 목을 1회 때리고 멱살을 잡고 흔들어 피해자에게 약 1 주간의 치료가 필요한 후두부 및 목 부위의 단순 타박상을 가하였다.",
            "피고인은 2009. 8. 29. 15:00경 0000에 있는 카페 Z에서 피해자 00에게 욕을 하면서 컵에 있던 물을 피해자의 얼굴에 뿌리고,메뉴판으로 피해자의 머리를 때리고, 계속하여 손으로 피해자의 머리채를 잡고 카페 밖으로 끌고 나간 다음 손으로 피해자의 뺨을 3회때려 피해자에게 약 2주간의 치료가 필요한 목뼈의 염좌 및 긴장상 등을 가하였다.",
            "피고인은 2007. 1. 28. 20:20 경 자신의 내연남 00의 처인 피해자 00(여, 43세)와 휴대전화로 문자메시지를 주고받다가 화가 나 0000 AA에 있는 피해자의 집에 찾아가 신발을 신은 채 거실까지 들어간 다음 그 곳 티브이(TV)위에 놓여있는 수석을 집어들이 거실에 던졌다.",
            "그리고 이를 피하려다 바닥에 넘어진 피해자의 왼쪽 뺨을 오른손 바닥으로 3회 때리고, 피해자의 머리채를 붙잡아 발로 옆구리를 3회 걷어차고, 계속하여 피해자의 머리채를 붙잡고 흔들어 폭행하였다.",
            "피고인은 피고인 00이 배우자 있는 사람임을 알면서도 위 1.의 가항 기재와 같이 피고인 00과 각 성교하여 상간하였다."
        ]
    },
    "dcss": {
        "courtDcss": [
            "기록에 의하면, 피고인은 00의 남편인 00과 내연관계를 유지하다가 내연관계가 깨지고 금전적인 문제로 갈등을 겪고 있던 중 일부는 00의휴대전화를 이용하여 마치 00인 것처럼 행세하였다.",
            "일부는 자신의 전화로 00에게 공소사실과 같은 내용의 문자메시지를 보낸 사실을 인정할 수 있는바, 위 문자메시지의 내용은 00이 피고인으로부터 돈을 받아낼 때까지만 자신을 이해해 달라는 것이거나, 00를 비방하는 내용일 뿐 위 문자메시지를 읽은 00가 불안감을 느낄 내용이라고 보기 어렵다."
        ]
    },
    "close": {
        "cnclsns": [
            "피고인 A에 대한 형을 징역 1년 6월로, 피고인 B에 대한 형을 징역 6월로 각 정한다.",
            "다만 피고인 B에 대하여는 이 판결 확정일로부터 2년간 위 형의 집행을 유예한다.",
            "피고인 B에 대한 이 사건 공소사실 중 정보통신망 이용촉진 및 정보보호 등에 관한 법률 위반의 점은 무죄."
        ]
    }
}