{
    "info": {
        "caseField": "2",
        "detailField": "6",
        "trailField": "1",
        "caseNm": "가. 특수공무집행방해 나. 특수공용물건손상(공소취소) 다. 폭력행위등처벌에관한법률위반(공동퇴거불응) 라. 특수공무집행방해치상",
        "courtNm": "춘천지방법원",
        "judmnAdjuDe": "2013. 08. 27.",
        "caseNo": "2012고합302",
        "relateLaword": [
            "폭력행위 등 처벌에 관한 법률 제2조",
            "형법 제319조",
            "형법 제144조",
            "형법 제136조",
            "형법 제37조",
            "형법 제38조",
            "형법 제50조",
            "형법 제53조",
            "형법 제55조",
            "형법 제62조",
            "형법 제62조의2"
        ],
        "qotatPrcdnt": []
    },
    "concerned": {
        "acusr": "4",
        "dedat": "1"
    },
    "org": {
        "orgJdgmnCourtNm": "",
        "orgJdgmnAdjuDe": "",
        "orgJdgmnCaseNo": ""
    },
    "disposal": {
        "disposalform": "8",
        "disposalcontent": [
            "피고인 A를 징역 1년에, 피고인 B을 징역 2년에 각 처한다.",
            "다만, 이 판결 확정일부터 피고인 A에 대하여는 2년간, 피고인 B에 대하여는 3년간 위 각 형의 집행을 유예한다.",
            "피고인 B에 대하여 보호관찰을 받을 것과 80시간의 사회봉사를 명한다."
        ]
    },
    "mentionedItems": {
        "rqestObjet": [
            "피고인 A를 징역 1년에, 피고인 B을 징역 2년에 각 처한다.",
            "피고인 B에 대하여 보호관찰을 받을 것과 80시간의 사회봉사를 명한다."
        ]
    },
    "assrs": {
        "acusrAssrs": [
            "원고는 00시의 청원경찰과 공무원들이 되고, 청사 방호 및 시설 보호 등에 관한 정당한 직무집행을 방해당하고 그 과정에서 상해를 입었다."
        ],
        "dedatAssrs": [
            "피고인 A는 D 등과 공모하거나 00시청 공무원들을 폭행한 사실이 없다.",
            "피고인 A가 2012.7.10.부터 같은 달 13.까지 00시청에 있었던 것은 사실이나 매일 밤 위 피고인의 집으로 갔다가 다음날 다시 시장실로 돌아왔을 뿐이고 00시청 공무원들로부터 퇴거요구를 받은 적이 없다.",
            "피고인 B은 L 등 공무원들이 장애인들에게 물리력을 행사하는 것을 말리고 넘어진 장애인들을 보호하였을 분 L의 왼손 손가락을 잡아 꺽은 사실이 없다."
        ]
    },
    "facts": {
        "bsisFacts": [
            "피고인 A는 P연대 대표, 피고인 B은 Q연대 회원이고, D은 R연대 대표, E는 S연대 회원, F은 Q연대 회원, G은 R연대 회원, H와 I는 P연대 회원들이다.",
            "2007.5.경 장애인의 처우개선 등을 목적으로 설립된 사단법인인 R연대와 그 산하단체인 P연대는 2011.2.경부터 00시를 상대로 장애인활동 보조서비스 확대, 장애인가족지원센터 설립, 시립 재활스포츠센터 건립 등을 요구하며 00시와의 간담회, 00시장 면담, 항의방문, 항의농성, 기자회견 등을 지속하여 오고 있다.",
            "피고인 A는 2012.5.23.10:00경부터 18:00경까지 00시청 본관의 현관문 앞에서 H, I등 약 20명의 P연대 회원들과 함께 00시를 상대로 위 요구사항의 수용을 촉구하는 취지의 기자회견을 개최한 후 그 자리에 앉아 구호를 제창하는 등 연좌농성을 하던 중, 같은 날 18:00경부터 00시 직원 J, K 등으로부터 퇴거할 것을 요청받고도 이에 불응하였다.",
            "피고인 A는 00시로 하여금 자신들의 요구사항을 수용하도록 압력을 가할 목적으로 시장실을 점거하여 농성하기로 D, E, F, G 등과 공모하고, 2012.7.10.10:50경 약 30명의 장애인 관련 시민단체 회원들과 함께 미리 준비한 피켓을 들고 위 00시청 본관 2층에 있는 시장실 앞 복도로 몰려가 시장실 진입을 시도하였다.",
            "그러면서, 피고인 A는 이를 제지하는 00시의 청원경찰과 공무원 등을 붙잡아 밀고 당기고, D과 G은 그 옆에서 위세를 보이고, E와 F은 그들이 각각 타고 있던 휠체어로 위 청원경찰 등을 들이받는 등 폭행하였다.",
            "피고인 B은 A 등 위 약 30명의 회원들과 함께 시장실 진입을 시도하면서, 이를 제지하는 00시 청원경찰 피해자 L(37세)의 왼손 손가락을 잡아 꺾었다.",
            "피고인 B은 이와 같이 A 등과 함께 다중의 위력을 보여 위 L를 비롯한 00시의 청원경찰과 공무원 등의 청사 방호 및 시설 보호 등에 관한 정당한 직무집행을 방해하던 중 위 L에게 약 5주간의 치료를 필요로 하는 좌수 5수 장지골 골절 등의 상해를 가하였다.",
            "피고인 B은 10:50경부터 22:00경까지, 피고인 A는 10:50경부터 같은 달 13.10:30경까지 D, E, F, G 등 위 약 30명의 회원들과 함께 위 시장실 앞 복도, 시장실, 부속실을 점거한 다음 00시 자치행정국장과 총무과장 등으로부터 퇴거할 것을 요구받고도 이에 불응하고 점거농성을 지속하였다.",
            "피고인들은 이와 같이 D, E, F, G과 공동하여 00시의 퇴거요구에 불응하였다."
        ]
    },
    "dcss": {
        "courtDcss": [
            "2012.7.10.10:50경 장애인 관련 시민단체인 사단법인인 R연대와 그 산하단체인 P연대 회원들이 00시장실 앞 복도로 몰려가 00시장실 진입을 시도하면서 이를 제지하는 00시청 직원들과 몸싸움을 한 사실 등을 보면 피고인 A가 G, D, E, F 등과 함께 다중의 위력을 보여 00시 청원경찰과 공무원들의 청사 방호 및 시설 보호 등에 관한 정당한 직무집행을 방해한 사실을 인정하기에 충분하다.",
            "2012.7.10.00시 총무과 직원인 N은 위 시민단체 회원들이 시장실에 들어가기 전후로, 00시 행정국장은 위 시민단체 회원들이 시장실 비서실 문을 열기 전에 각 위 시민단체 회원들에게 나가달라고 요청한 사실, 그 자리에 피고인들도 있었던 사실, 00시청측은 위 시민단체 회원들이 시장실을 점거한 상황에서 비서실장 등이 계속해서 나가 달라고 여러 번 요구를 했던 사실을 알 수 있다.",
            "피고인들이 판시 제3항 기재 일시, 장소에서 00시의 퇴거요구를 인식하고도 이에 불응한 것으로 판단된다.",
            "아침마다 다시 00시청으로 돌아와 위 시민단체 회원들과 함께 하였고 2012.7.10.처음 피고인 A와 00시장실 진입을 함께 했던 약 30명의 위 시민단체 회원들이 시장실을 계속하여 점거하고 있었던 이상 피고인 A에게 위 기간 동안 퇴거불응죄가 성립함에 영향을 미치지 아니한다.",
            "CCTV 각 영상, 진단서의 기재를 종합하면, 피고인 B이 00시장실로 진입하면서 이를 제지하던 L와 몸싸움을 하게 되었고 그 과정에서 L의 왼손 손가락을 잡아끌어 판시 제2항 기재와 같은 상해를 입힌 사실을 인정할 수 있다."
        ]
    },
    "close": {
        "cnclsns": [
            "피고인 A를 징역 1년에, 피고인 B을 징역 2년에 각 처한다.",
            "다만, 이 판결 확정일부터 피고인 A에 대하여는 2년간, 피고인 B에 대하여는 3년간 위 각 형의 집행을 유예한다.",
            "피고인 B에 대하여 보호관찰을 받을 것과 80시간의 사회봉사를 명한다."
        ]
    }
}