{
    "info": {
        "caseField": "2",
        "detailField": "6",
        "trailField": "1",
        "caseNm": "배임",
        "courtNm": "의정부지방법원",
        "judmnAdjuDe": "2017. 12. 18.",
        "caseNo": "2017고단4919",
        "relateLaword": [
            "형법 제355조"
        ],
        "qotatPrcdnt": []
    },
    "concerned": {
        "acusr": "4",
        "dedat": "1"
    },
    "org": {
        "orgJdgmnCourtNm": "",
        "orgJdgmnAdjuDe": "",
        "orgJdgmnCaseNo": ""
    },
    "disposal": {
        "disposalform": "6",
        "disposalcontent": [
            "피고인을 징역 5월에 처한다."
        ]
    },
    "mentionedItems": {
        "rqestObjet": [
            "피고인을 징역 5월에 처한다. "
        ]
    },
    "assrs": {
        "acusrAssrs": [
            "피고인은 그 임무에 위배하여 2017.4.13.경 성명불상의 중고PC 판매업자에게 위 동산 일체를 7,000만원을 받고 처분하여 동액 상당의 재산상 이익을 취득하고, 피해자 회사에게 같은 금액 상당의 재산상 손해를 가하였다."
        ],
        "dedatAssrs": []
    },
    "facts": {
        "bsisFacts": [
            "피고인은 2015.12.16.0000 C건물, 0000 및 0000에 있는 피고인이 운영하는 '0'이라는 상호의 PC방에서 피해자 000과 대출금8,500만원, 대출만기일 2018.6.20.로 된 여신거래약정을 체결하였다.",
            "위 대출 채무를 담보하기 위해 위 PC방에 설치되어 있는 PC 75세트(본체, 모니터, 주변기기 포함), 책상 및 의자 각 75개, 에어컨 2대를 피해자 회사에 양도담보로 제공하고 이를 피고인이 점유, 사용하기로 약정하였다.",
            "피고인은 위 약정에 따라 피해자 회사로부터 대출금 8,500만 원을 지급받고 위 동산일체에 관하여 양도담보를 설정하였으므로, 담보 약정에 따라 피해자 회사에 대한 대출금 채무를 변제하는 등 위 양도담보의 목적이 실현될 때까지 담보물인 위 동산을 보존, 관리하여야 할 임무가 있었다."
        ]
    },
    "dcss": {
        "courtDcss": [
            "피고인의 배임 행위로 인한 손해액이 상당히 크고 아직 피해의 상당 부분이 회복되지 않았다.",
            "따라서 피고인에게 징역형의 실형을 선고하며, 피고인이 범행을 자백하면서 반성하고 있는 점, 전과가 없는 점, 실제 피해액은 약 4,100만 원인 접(증거기록 2, 28쪽)등을 참작하여 양형기준상 권고되는 형량범위 내에서 형기를 정하였다.그리고 피고인이 미성년 자녀들을 양육하고 있는 사정 등을 참작하여, 법정구속하지는 않는다.",
            "범죄사실에 대한 해당법조: 형법 제355조 제2항, 제1항이다."
        ]
    },
    "close": {
        "cnclsns": [
            "피고인을 징역 5월에 처한다."
        ]
    }
}