{
    "info": {
        "caseField": "2",
        "detailField": "6",
        "trailField": "1",
        "caseNm": "절도",
        "courtNm": "서울남부지방법원",
        "judmnAdjuDe": "2021. 08. 27.",
        "caseNo": "2020고단4928",
        "relateLaword": [
            "형법 제329조",
            "형법 제37조",
            "형법 제39조",
            "형법 제38조",
            "형법 제50조"
        ],
        "qotatPrcdnt": []
    },
    "concerned": {
        "acusr": "4",
        "dedat": "1"
    },
    "org": {
        "orgJdgmnCourtNm": "",
        "orgJdgmnAdjuDe": "",
        "orgJdgmnCaseNo": ""
    },
    "disposal": {
        "disposalform": "6",
        "disposalcontent": [
            "피고인을 징역 4월에 처한다."
        ]
    },
    "mentionedItems": {
        "rqestObjet": [
            "피고인을 징역 4월에 처한다."
        ]
    },
    "assrs": {
        "acusrAssrs": [],
        "dedatAssrs": []
    },
    "facts": {
        "bsisFacts": [
            "피고인은 2020.8.초순경 0000에 있는 피해자 C이 관리하는 D 매장에서, 피해자의 감시가 소홀한 틈을 이용하여 시가 99,000원 상당인 네이비 원피스 1개를 몰래 가지고 가 절취하였다.",
            "피고인은 이를 비롯하여 그 무렵부터 2020.9.6.경까지 아래 범죄일람표 기재와 같이 13회에 걸쳐 합계 842,290원 상당의 물건을 절취하였다."
        ]
    },
    "dcss": {
        "courtDcss": [
            "피고인은 2019년과 2020년에만 절도죄 등으로 약 20회 벌금형 및 징역형의 집행유예를 선고받은 전력이 있고, 2020년 절도죄 등으로 징역 4월을 선고받고 재판 계속 중 이 사건 각 범행을 하였다.",
            "또한 이 사건 각 절도 사실이 적발되어 여러 차례 현행범인으로 체포되었음에도 범행을 중단하지 않고 계속하였다.",
            "피고인이 정신건강이 좋지 않고, 그와 같은 건강상태가 범죄에 영향을 미친 것으로 보인다.",
            "피해품 중 일부는 피해자에게 반환되었다.",
            "판결이 확정된 절도죄 등과 이 사건 각 범죄는 형법 제37조 후단 경합범의 관계에 있어 동시에 판결할 경우와의 형평성을 고려한다.",
            "그밖에 피고인의 나이, 성행, 환경, 범행의 동기, 수단과 결과, 범행 후의 정황 등 모든 양형의 조건을 참작하여 주문과 같이 형을 정한다."
        ]
    },
    "close": {
        "cnclsns": [
            "피고인을 징역 4월에 처한다."
        ]
    }
}