{
    "info": {
        "caseField": "2",
        "detailField": "6",
        "trailField": "1",
        "caseNm": "특정경제범죄가중처벌등에관한법률위반(사기), 사기",
        "courtNm": "부산지방법원",
        "judmnAdjuDe": "2010. 12. 03.",
        "caseNo": "2010고합659",
        "relateLaword": [
            "특정경제범죄 가중처벌 등에 관한 법률 제3조",
            "형법 제347조",
            "형법 제37조",
            "형법 제38조",
            "형법 제50조",
            "형법 제70조",
            "형법 제69조"
        ],
        "qotatPrcdnt": []
    },
    "concerned": {
        "acusr": "4",
        "dedat": "1"
    },
    "org": {
        "orgJdgmnCourtNm": "",
        "orgJdgmnAdjuDe": "",
        "orgJdgmnCaseNo": ""
    },
    "disposal": {
        "disposalform": "6",
        "disposalcontent": [
            "피고인을 징역 5년 및 벌금 5억원에 처한다.",
            "피고인이 위 벌금을 납입하지 아니하는 경우 2,000,000원을 1일로 환산한 기간 피고인을 노역장에 유치한다."
        ]
    },
    "mentionedItems": {
        "rqestObjet": [
            "피고인을 징역 5년 및 벌금 5억원에 처한다.",
            "피고인이 위 벌금을 납입하지 아니하는 경우 2,000,000원을 1일로 환산한 기간 피고인을 노역장에 유치한다."
        ]
    },
    "assrs": {
        "acusrAssrs": [],
        "dedatAssrs": []
    },
    "facts": {
        "bsisFacts": [
            "피고인은 2001년경 동네 목욕탕에서 알게 된 피해자 00에게 평소 \"나의 국적이 일본이고, 어머니가 일본 고베에서 큰 중장비 부품회사를 운영하다 돌아가셨는데 내가 그 재산을 모두 상속받았으며, 국내에도 부품회사를 운영하고 있다.\"",
            "\"0000에 있는 0000에 건물도 사두었다. 목장이 아버지와 친한 사이라 내 어머니와 장의 부인이 함께 쇼핑을 다니기도 했다.\"며 재력 등을 과시하였고, 2003년 경피고인의 재력 등을 믿은 피해자에게 신용카드를 빌려주면 그 대금은 내가 결제하겠다라고 말하여 이를 믿은 피해자로부터 피해자 명의의 백화점 신용카드 등을 교부받아 00000 등에서 명품 등을 구매하는 데 사용하여 왔다.",
            "피고인은 2005. 5. 24.경 피해자에게 \"일본에 있는 내 상속재산이 현재 묶여있는데, 일단 너의 돈으로 내가 사용한 신용카드 대금을 결제해 주면 일본에 있는 돈이 풀리는 대로 빌린 돈을 갚아주겠다.\"는 취지로 거짓말을 하였다.",
            "피고인은 일본에 어머니가 있지도 않았고 어머니로부터 재산을 상속받은 것도 없었으며, 일본에서 큰 중장비 부품회사를 운영하거나 0에 건물을 소유한 사실도 없었을 뿐만 아니라 피해자로부터 돈을 빌리더라도 이를 변제할 의사나능력이 없었다.",
            "피고인은 이와 같이 피해자를 기망하여 이에 속은 피해자로부터 2005. 5. 24.경 피고인이 사용한 피해자 명의의 신용카드 대금 결제 예금계좌인 피해자 명의의 ㅁ계좌로 403,970원 상당을 송금받아 신용카드 결제대금으로 사용하였다.",
            "이를 비롯하여 2003. 9. 28.경부터 2010. 6. 25.경까지 별지 범죄일람표 1(생략)에 기재된 것과 같이 23회에 걸쳐 위와 같은 방법으로 피해자를 기망하여 이에 속은 피해자로부터 합계 1,118,000,115원 상당을 편취하였다.",
            "피고인은 2008. 7. 11.경부터 2009. 1. 20.경까지 별지 범죄일람표 2(생략)에 기재된 것과 같이 5회에 걸쳐 위와 같은 방법으로 피해자 00을 기망하여 이에 속은 피해자로부터 합계 322,000,000원 상당을 편취하였다.",
            "피고인은 2008. 1.경부터 2010. 4.경까지 별지 범죄일람표 3(생략)에 기재된 것과 같이 6회에 걸쳐 위와 같은 방법으로 피해자 00를 기망하여 이에 속은 피해자로부터 합계 109,601,060원 상당을 편취하였다.",
            "피고인은 2010. 7. 2.경부터 2010. 8. 6.경까지 별지 범죄일람표 4(생략)에 기재된 것과 같이 8회에 걸쳐 위와 같은 방법으로 피해자 00을 기망하여 이에 속은 피해자로부터 합계 156,400,000원 상당을 편취하였다.",
            "피고인은 2010. 5. 25.경부터 2010. 7. 29.경까지 별지 범죄일람표 5(생략)에 기재된 것과 같이 8회에 걸쳐 위와 같은 방법으로 피해자 00를 기망하여 이에 속은 피해자로부터 합계 63,000,000원 상당을 편취하였다.",
            "피고인은 2010. 6. 30.경부터 2010. 7. 16.경까지 별지 범죄일람표 6(생략)에 기재된 것과 같이 4회에 걸쳐 위와 같은 방법으로 피해자 00, 00을 기망하여 이에 속은 피해자들로부터 합계 110,000,000원 상당을 편취하였다."
        ]
    },
    "dcss": {
        "courtDcss": [
            "피고인은 여러 피해자들에게 지속적으로 거짓말을 하여 반복적으로 돈을 편취한바, 그 피해액이 총 18억 원을 초과하는 등 거액에 이르고, 특히 피해자 00은 10억 원이 넘는 전 재산을 편취 당할 정도에 이르는 막대한 피해를 입은 점이 인정된다.",
            "피해자들에 대한 피해회복도 거의 이루어지 아니한 점, 편취금도 백화점 등지에서 명품 등을 구입하는 데 사용하는 등 분수에 벗어난 사치를 위해 낭비한 점 등을 고려하면 죄질이 매우 불량하여 엄중한 처벌을 면할 수 없다.",
            "1993년경 사기죄로 징역 1년을 선고받은 이외에는 달리 처벌받은 전력은 없는 점, 피해자 00와는 합의한 점, 편취금으로 사들인 뒤 남아있는 명품 등을 일부 피해자에게 인도한 점 등에다가 피고인의 연령, 성행, 가정환경, 범행기간, 범행 전·후의 정황 등을 두루 참작하여 형기와 벌금액수를 정한다."
        ]
    },
    "close": {
        "cnclsns": [
            "피고인을 징역 5년 및 벌금 5억 원에 처한다.",
            "피고인이 위 벌금을 납입하지 아니하는 경우 2,000,000원을 1일로 환산한 기간 피고인을 노역장에 유치한다."
        ]
    }
}