{
    "info": {
        "caseField": "2",
        "detailField": "6",
        "trailField": "1",
        "caseNm": "사기,사문서위조,위조사문서행사,사문서변조,변조사문서행사,공전자기록등불실기재,불실기재공전자기록등행사,자격모용사문서작성,무고,배상명령신청\n",
        "courtNm": "서울중앙지방법원 ",
        "judmnAdjuDe": "2011. 02. 18.",
        "caseNo": "2009고단4227,2009고단5400(병합),2009고단5502(병합),2009고단7195(병합),2009고단8549(병합),2010고단598(병합),2010고단1249(병합),2010고단3846(병합),2010고단4614(병합),2010초기402,1405",
        "relateLaword": [
            "형법 제37조",
            "형법 제39조",
            "형법 제38조 ",
            "형법 제50조 ",
            "형법 제69조",
            "형법 제70조 ",
            "형사소송법 제334조",
            "소송촉진 등에 관한 특례법 제31조",
            "소송촉진 등에 관한 특례법 제25조 "
        ],
        "qotatPrcdnt": []
    },
    "concerned": {
        "acusr": "4",
        "dedat": "1"
    },
    "org": {
        "orgJdgmnCourtNm": "",
        "orgJdgmnAdjuDe": "",
        "orgJdgmnCaseNo": ""
    },
    "disposal": {
        "disposalform": "6",
        "disposalcontent": [
            "피고인 1(대법원 및 제2심판결의 피고인)을 징역 5년에, 피고인 2를 벌금 5,000,000원에 각 처한다.",
            "피고인 2가 위 벌금을 납입하지 아니하는 경우 50,000원을 1일로 환산한 기간 위 피고인을 노역장에 유치한다.",
            "피고인 2에게 위 벌금에 상당한 금액의 가납을 명한다.",
            "피고인 1은 배상신청인 1에게 192,000,000원을, 배상신청인 2에게 215,000,000원을 각 지급한다.",
            "위 배상명령은 가집행할 수 있다."
        ]
    },
    "mentionedItems": {
        "rqestObjet": [
            "피고인은 피해자를 기망하여 재물을 교부받았다",
            "피고인은  행사할 목적으로 사실증명에 관한 사문서인 공소외 2의 인감증명서 사용용도란을변조하였고, 권리의무에 관한 사문서인 공소외 2 명의의 위임장, 부동산매매계약서 1매를 위조하였다",
            "피고인은 위 1의 나항과 같은 일시, 장소에서 위와 같이 위,변조한 공소외 2의 인감증명서 사용용도란,위임장, 부동산매매계약서를 마치 정상적으로 작성한 것처럼 그 정을 모르는 위 부동산의 매수인 공소외 16, 17에게 제시하여 이를 행사하였다.",
            "피고인은 위 1의 나항과 같은 일시, 장소에서 피해자 공소외 17, 16에게 위 1의 나항 및 2항과 같이 마치 위 부동산 소유자인 공소외 2로부터 적법한 부동산매도권한을 위임받은 것처럼 행세하였고, 이에속은 피해자들로부터 그 자리에서 위 부동산 계약금 명목으로 1억 원을 교부받아 이를 편취하였다."
        ]
    },
    "assrs": {
        "acusrAssrs": [],
        "dedatAssrs": []
    },
    "facts": {
        "bsisFacts": [
            "피고인은 2009.7.24.서울중앙지방법원에서 사기죄 등으로 징역 8월, 집행유예 2년을 선고받아 위 판결이 같은 해 8.1.확정된 사람이다.",
            "피고인은 2003.8.중순경 0000 (이하 4 생략)에 있는 피고인이 근무하는 공소외 00 000 사무실에서 피해자 공소외 000에게 \"0000에 있는 12평 이상 무허가 가옥을 구입하면 SH공사에서 시행하는 아파트 33평형 특별분양권을 받을 수 있으니 돈을 주면 구입을 해주겠다.\" 는 취지로 거짓말을 하였다.",
            "사실은 당시 위 지역은 단시간 내 철거가 예정되어 있지 않았고, 아파트 특별분양권도 부여할 계획이 없었을 뿐만 아니라 피고인은 피해자로부터 무허가 가옥 매수대금 명목으로 돈을 받아 무허가 건물을 구입하더라도 피고인이 임의로 이를 즉시 다른 사람에게 다시 판매할 생각이었으므로 피해자에게 특별분양권을 받게 해 줄 의사나 능력이 없었다.",
            "피고인은 그 무렵 피해자 공소외 00의 허락도 없이 인감증명서의 사용 용도란에 기재된 '구청제출용, 부동산거래신고' 부분을 두줄로 삭제하고 그 옆에 '매매위임용(0000)'이라고 기재하고, 위임장에 '매매계약의 모든행위'라고 기재하였다.",
            "피고인은 이와 같이 행사할 목적으로 사실증명에 관한 사문서인 공소외 00의 인감증명서 사용용도란을 변조하였고, 권리의무에 관한 사문서인 공소외 00 명의의 위임장을 위조하였다.",
            "피고인은 2008.1.11.경 0000 소재 00000 신축현장 근처에 있는 사무실에서 부동산매매계약서 용지에 '부동산 소재지 : 0000 (이하 6 생략)잡종지 1,587㎡, 건물 주거 및 야적 66.116㎡, 매매대금 : 구억 이천만 원, 매도인 공소외 00, 대리인 피고인 00'이라고 기재하고 그 옆에 서명을 하였다.",
            "피고인은 위 1의 나항과 같은 일시, 장소에서 위와 같이 위,변조한 공소외 00의 인감증명서 사용용도란, 위임장, 부동산매매계약서를 마치 정상적으로 작성한 것처럼 그 정을 모르는 위 부동산의 매수인 공소외 00, 00에게 제시하여 이를 행사하였다.",
            "피고인은 위 1의 나항과 같은 일시, 장소에서 피해자 공소외 00, 00에게 위 1의 나항 및 2항과 같이 마치 위 부동산 소유자인 공소외 00로부터 적법한 부동산매도권한을 위임받은 것처럼 행세하였고, 이에 속은 피해자들로부터 그 자리에서 위 부동산 계약금 명목으로 1억 원을 교부받아 이를 편취하였다.",
            "피고인은 2004.5.경 공소외 008이 분양받은 SH공사 시행의 0000지구 3공구 내 33평형 아파트의 특별수분양권을 중개업자인 공소외 00로부터 1억 5,000만 원에 매수한 후 이를 피해자 배상신청인 00에게 1억 7,500만 원에 매도하였고, 피해자는 2004.6.8.경 공소외 00을 채무자로, SH공사를 제3채무자로 한 위 특별분양권에 관한 수분양권처분금지가처분 결정을 받아 두었다.",
            "그런데 위 0000지구 택지개발이 0000지구로 변경되는 등의 사유로 사업이 지연되자 피해자로부터 위 특별분양권을 팔아달라는 부탁을 받게 되었다.",
            "피고인은 2006.4.19.경 0000에 있는 000 부근의 0에서, 피해자에게 \"공소외 00에 대한 특별분양권에 관한 서류를 넘겨주면 특별분양권을 팔아서 대금을 지급해주겠다.\" 는 취지로 거짓말을 하였고, 이에 속은 피해자로부터 공소외 00의 인감증명서, 매매계약서, 상속포기서 등 특별분양권을 양도하는데 필요한 제반서류 및 위임장을 교부받았다.",
            "이후, 2006.5.경 피해자의 위 수분양권처분금지가처분을 해지한 다음 이를 이름을 알 수 없는 김차장을 통해 공소외 00에게 매도하고 매매대금 1억 8,900만 원을 교부받았다.",
            "피고인은 제1항과 같이 피해자에게 특별분양권 매매대금을 지급하지 못하여 피해자로부터 그 반환을 독촉받던 중 0000지구 분양권을 받을 수 있는 것처럼 말하면서 피해자로 하여금 0000지구 내 비닐하우스를 매수하게 하였으나 0000지구 분양권을 받게 해주지 못하고 있었다.",
            "피고인은 2008.7.29.경 같은 장소에서, 피해자에게 \"2008.10.경 0000지구 내 아파트의 추첨이 있을 예정인데, 300만 원을 빌려주면 일주일 내에 0000지구 아파트 분양권과 0000지구 아파트 분양권을 교환해주어 0000지구 아파트를 분양받을 수 있도록 해주겠다.\" 라고 거짓말하였다.",
            "피고인은 2005.7.경 처외삼촌인 피해자 피고인 00에게 0000 (이하 8 생략)전 1,858㎡(이하 이 사건 부동산)을 소개하여 구입하도록 한 후 2007.4.26.경 피해자에게 \"그 부동산은 조만간 0000택지개발지구에 포함될 예정이고, 그 토지 지하에 관정을 뚫어 지하수를 개발하고 지상에 비닐하우스를 설치하면 나중에 서울시로부터 보상비와 분양권을 받을 수 있으므로\"",
            "\"지하수 개발허가신청과 비닐하우스 설치허가서류를 작성하기 위해 삼촌 명의의 인감도장과 여러 통의 인감증명서가 필요하다.\" 라고 말하여,피해자 명의의 인감도장을 수회 교부받고 인감증명서를 여러 통 교부받았다.",
            "피고인은 2007.7.20.0000 (이하 9 생략)공소외 00 법무사 사무실에서, 약 1억 3,000만 원을 빌리는 데 행사할 목적으로 권한 없이, 근저당권설정계약서 용지에 채권자 겸 근저당권자를 피고인의 채권자인 공소외 000이 지정하는 '공소외 00', 채무자 겸 근저당권설정자를 '피고인 00', 채권최고액을 '일억오천만원정(150,000,000)', 부동산의 표시를 '0000 (이하 8 생략)전 1,858 평방미터'라고 기재하였다.",
            "그리고 피고인 00로부터 교부받은 인감도장을 피고인 00의 이름 옆에 날인하여 권리의무에 관한 사문서인 피고인 00 명의의 근저당권설정계약서 1장을 위조하였다.",
            "피고인은 같은 일시 장소에서, 행사할 목적으로 권한 없이, 위와 같은 방법으로, 그 정을 모르는 공소외 00 법무사 사무실 직원 공소외 00에게 근저당권설정을 위임하여 부동산등기신청용 위임장 양식의 \"위 사람을 대리인으로 정하고 위 부동산 등기신청 및 취하에 관한 모든 행위를 위임한다.또한 복대리인 선임권을 허락한다.\" 라는 부동문자 위에 법무사 공소외 00의 명판을 날인하게 하였다.",
            "그리고 부동산의 표시란에 '1.0000 (이하 8 생략)전 1,858평방미터', 채무자 '피고인 00', 채권최고액 '일억오천만원정(150,000,000)', 등기의무자 '피고인 00', 등기권리자 '공소외 00'로 기재하고, 피고인 00의 이름 옆에 가지고 있던 인감도장을 날인하여 권리의무에 관한 사문서인 피고인 00 명의의 위임장을 위조하였다.",
            "피고인은 같은 달 23.경 0000 소재 서울중앙지방법원 등기과에, 위 공소외 00을 통해 위와 같이 위조한 근저당권설정계약서 및 위임장을 그 정을 모르는 성명불상의 등기공무원에게 마치 진정하게 성립한 것처럼 제출하여 이를 행사하였다.",
            "피고인은 같은 일시, 장소에서 위 성명불상의 등기공무원으로 하여금 위 부동산에 대하여 공소외 00 앞으로 2007.7.20.자 근저당권설정계약을 원인으로 한 근저당권설정등기를 경료하게 함으로써, 공무원에 대하여 허위신고를 하여 공정증서인 부동산등기부등본에 불실의 사실을 기재하게 하였다.",
            "피고인은 공소외 00에 대한 채무 담보를 위하여 위와 같이 0000 (이하 8 생략)를 담보로 제공하고, 공소외 00은 공소외 00로부터 철거가옥의 소유권이전등기를 위하여 수령한 매매대금을 담보하기 위하여 공소외 00가 지정하는 공소외 001의 명의로 위 0000 (이하 8 생략)에 대한 근저당권을 설정하여 주었다.",
            "그러나 공소외 00이 그 등기이전을 지체함에 따라 위 공소외 00가 경매신청을 하려 하였다.그러자, 피고인은 경매신청을 보류시키는데 행사할 목적으로, 2008.10.7.경 0000 상호불상의 커피숍에서, 권한 없이, 위와 같은 방법으로 A4 용지에 지불각서라는 제목으로 일금: 일억사천삼백칠십일만육천원정(143,716,000), 2008.12.31.까지 변제하지 아니하면 저당권을 실행한다.'는 등의 내용을 기재하였다.",
            "그리고 날짜란에 '2008년 10월 7일', 채권자의 인적사항란에 공소외 00의 이름과 주민등록번호, 채무자의 인적사항에 피고인 00의 이름과 주민등록번호를 기재하고 미리 조각하여 가지고 있던 피고인 00의 도장을 날인하여 피고인 00 명의의 권리의무에 관한 사문서인 지불각서 1장을 위조하였다.",
            "2009.4.28.경 0000 (이하 17 생략)피고인의 집에서, 피고인 00 소유의 위 0000 (이하 8 생략)부동산을 임의처분할 것을 마음먹고, 행사할 목적으로 권한 없이, 컴퓨터를 이용하여 위임장이라는 제목으로 위임받을 자란에 피고인의 인적사항을, 위임한 부동산의 표시에 0000 (이하 8 생략)(전), 위임할 부분 및 권한란에 매매에 관한 사항 전부, 기타 사항란에 피고인의 000 계좌번호를 기재하였다.",
            "그리고 위임자란에 피고인 00의 성명, 주소, 주민등록번호 등을 기재하여 출력한 후, 피고인 00에게는 마치 위 0000 (이하 8 생략)에 설정된 근저당권을 해지하는 등의 해결을 하기 위하여 필요한 것처럼 속여 피고인 00의 인감도장을 받아 날인함으로써 권리의무에 관한 사문서인 피고인 00 명의의 위임장 1장을 위조하였다.",
            "2009.4.29.경 0000 (이하 10 생략)소재 공소외 00 운영의 0에서, 행사할 목적으로 권한 없이, 피고인 00 소유의 본건 부동산에 대한 매도권한이 없었음을 충분히 알고 있었음에도 행사할 목적으로, 그 곳에 설치되어 있는 개인용 컴퓨터의 한글워드 프로그램을 이용하여 컴퓨터에 저장되어 있던 부동산매매약정서 용지 서식의 부동산 표시란에 '0000 (이하 8 생략)', 부동산 소유자란에 '피고인 00', 매수 약정인란에 '공소외 00', ",
            "매도 대리인란에 '피고인 00'이라고 각 기입하고, 이를 프린터로 출력한 용지에 피고소인 피고인 00의 도장을 날인함으로써 피고인 00의 대리인 자격을 모용하여 권리의무에 관한 사문서인 부동산매매약정서 1장을 작성하였다."
        ]
    },
    "dcss": {
        "courtDcss": [
            "피고인은 장기간에 걸쳐 여러 명의 피해자들로부터 합계 11억 9,800만 원에 달하는 부동산사기 및 사문서위,변조 및 동행사 등을 행함으로써 그 피해도 크고 피해회복도 전혀 되지 아니하여 중형을 면할 수 없다.그 형은 피고인의 범행수법과 죄질, 피해액, 범행전력 기타 여러 가지 사정을 참작하여 정하였다.",
            "피고인이 피고인 00에게 부동산매매를 위임하였다고는 하나, 피고인 00이 부동산을 매도하고 매도대금도 주지 아니한 채 구속되어 버림으로써 그로 인한 재산적 피해가 상당하고, 피해자 피고인 00이 처벌을 불원하고 있으며, 동종 전과 없고, 벌금형 2회 이외에 형사처벌을 받은 전력이 없음을 참작했다."
        ]
    },
    "close": {
        "cnclsns": [
            "피고인 00(대법원 및 제2심판결의 피고인)을 징역 5년에, 피고인 00를 벌금 5,000,000원에 각 처한다.",
            "피고인 00가 위 벌금을 납입하지 아니하는 경우 50,000원을 1일로 환산한 기간 위 피고인을 노역장에 유치한다.",
            "피고인 00에게 위 벌금에 상당한 금액의 가납을 명한다.",
            "피고인 00은 배상신청인 1에게 192,000,000원을, 배상신청인 2에게 215,000,000원을 각 지급한다.",
            "위 배상명령은 가집행할 수 있다."
        ]
    }
}