{
    "info": {
        "caseField": "2",
        "detailField": "6",
        "trailField": "1",
        "caseNm": "사기,사문서위조,위조사문서행사",
        "courtNm": "대전지방법원 천안지원 ",
        "judmnAdjuDe": "2016. 07. 05.",
        "caseNo": "2016고단253",
        "relateLaword": [
            "형법 제231조",
            "형법 제234조 ",
            "형법 제231조",
            "형법 제347조 ",
            "형법 제37조",
            "형법 제38조",
            "형법 제50조",
            "형법 제62조",
            "형법 제58조"
        ],
        "qotatPrcdnt": []
    },
    "concerned": {
        "acusr": "4",
        "dedat": "1"
    },
    "org": {
        "orgJdgmnCourtNm": "",
        "orgJdgmnAdjuDe": "",
        "orgJdgmnCaseNo": ""
    },
    "disposal": {
        "disposalform": "6",
        "disposalcontent": [
            "피고인을 징역 1년 6월에 처한다 ",
            "다만, 이 판결 확정일부터 2년간 위 형의 집행을 유예한다",
            "피고인에게 보호관찰을 받을 것과 120시간의 사회봉사를 명한다",
            "이 사건 공소사실 중 자격모용사문서작성 및 자격모용사문서행사의 점은 각 무죄이다. ",
            "이 사건 무죄판결 부분의 요지를 공시한다. "
        ]
    },
    "mentionedItems": {
        "rqestObjet": [
            "피고인은 공소외 1 회사 명의로 임대계약서를 위조하고 위조된 사문서를 행사하였다.",
            "피고인은 공소외 1 회사로부터 권한부여나 사전동의를 받은 사실이 없음에도 정당한 임대권한이 있는것처럼 행세하며 피해자들에게 보증금명목으로 5,000만 원을 송금받아 이를 편취하였다."
        ]
    },
    "assrs": {
        "acusrAssrs": [],
        "dedatAssrs": [
            "피고인은 이 사건 각 임대차계약을 체결할 권한이 있었다고 주장한다."
        ]
    },
    "facts": {
        "bsisFacts": [
            "피고인은 2013.5.경 '000 (이하 'OOO'라 함)' 의 대표이사와 위 'OOO' 소유의 '0' 에 대하여 매매대금 67억 5,000만 원에 매매계약을 체결하였으나 매매대금을 지급하지 못해 피고인이 위 오피스텔의 분양을 대행하기로 약정하였다.",
            "위와 같은 경위로 피고인은 '0' 에 대한 분양대행 권한을 가지게 된 것일 뿐이어서 'OOO'의 동의 없이는 위 오피스텔을 임대할 권한이 없었음에도 불구하고, 'OOO'가 분양사업을 위해 만든 '000' 라는 회사 명의로 임대계약서를 위조한 다음 이를 이용해 임차인들로부터 보증금 및 월세 명목으로 돈을 수령하기로 마음먹었다.",
            "피고인은 2014.11.29.경 0000 (주소 1 생략)'0' 2층에 있는 분양사무실에서, 행사할 목적으로 권한 없이 임차인 공소외 00과 위 0000에 대한 전세계약을 체결하면서 사무실 컴퓨터에 저장되어 있는 '부동산 임대차(전세)계약서' 서류 양식의 임대할 부분 란에 '□□□호', 보증금 란에 '오백만 원(5,000,000원)', 계약금 란에 ' 500만 원은 계약 시에 지불하고 영수함', ",
            "차임 란에 '사십일만 원은 매월 30일에 지불하기로 한다', 존속기간 란에 '개시일 2014년 11월 30일~ 만료일 2015년 11월 29일 12개월로 한다', 작성일자 란에 '2014년 11월 29일', 임대인 란에 '주소: 0000 (주소 1 생략)0, 법인등록번호: (법인등록번호 생략), 전화: (전화번호 생략), 성명: 00 (공소외 00)', 임차인 란에 위 공소외 00의 인적사항을 각 입력해 넣고 위 계약서를 출력하였다.",
            "그런 다음, 임대인의 이름 옆에 '000' 의 법인도장을 날인하는 방법으로 권리의무에 관한 사문서인 '000' 명의의 부동산 임대차(전세)계약서 1장을 위조하고, 계속해서 그 자리에서 위와 같이 작성된 '부동산 임대차(전세)계약서'를 마치 진정하게 성립한 것처럼 그 정을 모르는 임차인 공소외 00에게 건네주어 위조된 사문서를 행사하였다.",
            "이를 비롯하여 피고인은 그 때부터 2015.4.13.까지 사이에 별지 범죄일람표 1 기재와 같이 총 6회에 걸쳐 0에 대한 임대차 계약을 체결하면서 위와 같은 방법으로 부동산 임대차(전세)계약서 1장을 각 위조하고, 위와 같이 위조된 부동산 임대차(전세)계약서 를 마치 진정하게 성립한 것처럼 그 정을 모르는 임차인들에게 건네주어 위조된 사문서를 각 행사하였다.",
            "피고인은 2014.10.6.경 위 제1항 기재 분양사무실에서, 사실은 'OOO'로부터 '0' 임대 권한을 부여받거나 사전 동의를 받은 사실이 없음에도 불구하고 마치 피고인이 위 오피스텔의 관리 책임자로서 정당한 임대권한이 있는 것처럼 행세하며 피해자 공소외 00와 위 0000에 대한 전세계약을 체결하였다.",
            "그런 다음 이에 속은 피해자로부터 같은 날 피고인의 아들 공소외 00 명의의 000 계좌로 보증금 명목으로 5,000만 원을 송금받아 이를 편취하였고, 이를 비롯하여 피고인은 그 때부터 2015.4.13.까지 사이에 별지 범죄일람표 2 기재와 같이 총 6회에 걸쳐 위와 같은 방법으로 위 오피스텔에 대한 전·월세 임대차 계약을 체결한 다음 그 보증금 및 월세 명목으로 합계 8,580만 원을 지급받아 이를 편취하였다.",
            "피고인은 그 때부터 2015.4.13.까지 사이에 별지 범죄일람표 2 기재와 같이 총 6회에 걸쳐 위와 같은 방법으로 위 오피스텔에 대한 전·월세 임대차 계약을 체결한 다음 그 보증금 및 월세 명목으로 합계 8,580만 원을 지급받아 이를 편취하였다."
        ]
    },
    "dcss": {
        "courtDcss": [
            "위 각 죄는 대리권 또는 대표권 없는 사람이 타인의 대리자격 또는 대표자격, 지위 등을 모용하여 문서를 작성하여 이를 행사하는 것을 처벌하는 규정인데, 이 법원이 적법하게 조사하여 채택한 각 증거에 의하면, 피고인은 공소외 00와 위 임대차계약을 체결하면서 임대차계약서의 임대인 란에 법인등록번호: (법인등록번호 생략), 전화: (전화번호 생략), 성명: 00 (피고인)이라고 피고인의 이름을 기재하고 성명란 옆에 피고인의 도장을 날인하였을 뿐이다.",
            "000의 대리인 또는 대표자의 자격 등을 기재하지 않은 사실이 인정되고, 검사가 제출한 증거들만으로는 피고인이 000의 대리인 또는 대표자 등 자격을 모용하여 위 임대차계약서를 작성하였다고 인정하기 부족하고, 달리 이를 인정할 증거가 없다.",
            "OOO는 피고인과 분양대행약정을 통하여 피고인에게 ‘0’의 분양계약을 체결할 권한만을 부여하였을 뿐 임대권한까지 부여하지 않은 것으로 보이는 점을 인정할 수 있다.",
            "피고인이 이 사건 각 임대차계약을 체결하면서 그에 관하여 위 회사로부터 사전에 동의나 승낙을 받은 적도 없는 것으로 보이는 점을 인정할 수 있다.",
            "피고인이 위 회사로부터 0을 매수하였고 오피스텔을 분양하여 그 대금으로 매매대금을 지급하려고 하였다고 하더라도 그와 같은 사정만으로 위 회사로부터 오피스텔을 임대할 권한까지 부여받았다고 보기는 어려운 점 등을 종합하여 보면, 피고인이 공소사실 기재와 같이 이 사건 각 임대차계약서를 위조하여 전세금 등을 편취한 사실이 인정된다."
        ]
    },
    "close": {
        "cnclsns": [
            "피고인을 징역 1년 6개월에 처한다.",
            "다만, 이 판결 확정일로부터 2년간 위 형의 집행을 유예한다.",
            "피고인에게 보호관찰을 받을 것과 120시간의 사회봉사를 명한다.",
            "이 사건 공소사실 중 자격모용사문서작성 및 자격모용사문서행사의 점은 각 무죄.",
            "이 사건 무죄판결 부분의 요지를 공시한다."
        ]
    }
}