{
    "info": {
        "caseField": "2",
        "detailField": "6",
        "trailField": "1",
        "caseNm": "아동, 청소년의성보호에관한법률위반(강제추행), 간음악취, 준강간",
        "courtNm": "대전지방법원 천안지원",
        "judmnAdjuDe": "2020. 02. 12.",
        "caseNo": "2019고합213",
        "relateLaword": [
            "아동, 청소년의 성보호에 관한 법률 제7조\n",
            "형법 제298조",
            "형법 제297조",
            "형법 제37조",
            "형법 제38조",
            "형법 제50조",
            "성폭력범죄의 처벌 등에 관한 특례법 제16조",
            "아동, 청소년의 성보호에 관한 법률 제21조\n",
            "성폭력범죄의 처벌 등에 관한 특례법 제47조",
            "성폭력범죄의 처벌 등에 관한 특례법 제49조",
            "아동, 청소년의 성보호에 관한 법률 제49조",
            "아동, 청소년의 성보호에 관한 법률 제50조",
            "아동, 청소년의 성보호에 관한 법률 제56조",
            "장애인복지법 제59조",
            "성폭력범죄의 처벌 등에 관한 특례법 제42조",
            "성폭력범죄의 처벌 등에 관한 특례법 제43조"
        ],
        "qotatPrcdnt": []
    },
    "concerned": {
        "acusr": "4",
        "dedat": "1"
    },
    "org": {
        "orgJdgmnCourtNm": "",
        "orgJdgmnAdjuDe": "",
        "orgJdgmnCaseNo": ""
    },
    "disposal": {
        "disposalform": "6",
        "disposalcontent": [
            "피고인을 징역 3년 6월에 처한다.",
            "피고인에게 40시간의 성폭력 치료프로그램 이수를 명한다.",
            "피고인에 대하여 아동, 청소년 관련기관 등과 장애인복지시설에 5년간 취업제한을 명한다."
        ]
    },
    "mentionedItems": {
        "rqestObjet": [
            "피고인은 피해자를 악취하였다.",
            "피고인은 피해자를 간음하였다."
        ]
    },
    "assrs": {
        "acusrAssrs": [],
        "dedatAssrs": [
            "판시 제1항의 범행과 관련하여, 피고인은 야간에 노상에서 자고 있는 피해자를 찜질방에 데려다주기 위해 자신의 차량에 태운 후 F역 앞에서 내려주었을 뿐이고, 판시와 같이 피해자를 추행한 사실이 없다."
        ]
    },
    "facts": {
        "bsisFacts": [
            "피고인은 2019. 8. 8. 01:30경 천안시 동남구 B에 있는 C 앞 버스정류장에서 잠이 들어 있는 피해자 D(가명, 여, 16세)을 발견하고 피해자를 깨워 찜질방으로 데려다 주겠다며 피고인이 운전하는 차량 조수석에 태워 천안시 동남구 E여관 근처 골목으로 이동한 뒤, 피해자에게 \"성관계를 해본 적이 있냐? 가슴을 만지게 해주면 돈을 주겠다.\"라고 말하였고 피해자가 이를 거부하자 피해자의 왼쪽 가슴을 손으로 만져 청소년인 피해자를 추행하였다.",
            "피고인은 2019. 8. 22, 22:16경 천안시 동남구에 있는 F역 부근에서, 술에 만취하여 정신을 잃고 바닥에 쓰러져있는 피해자 G(여, 57세)를 노숙인 H이 만지는 모습을 보고 피해자를 간음할 목적으로 H에게 다가가 \"내가 이 여자의 남편이다.\"라고 말하고 피해자를 부축하여 I 코란도 차량에 태운 다음, 같은 날 23:22경 천안시 동남구에 있는 J모텔 K호로 업고 들어가 피해자를 약취하였다.",
            "피고인은 2019. 8. 22. 23:22경 천안시 동남구에 있는 J모텔 K호에서, 위 제1항과 같이 피해자가 술에 만취하여 정신을 잃고 항거불능 상태에 있음을 이용하여 피해자의 옷을 벗기고 피해자의 가슴을 빨고 성기를 피해자의 음부에 삽입하여 피해자를 간음하였다."
        ]
    },
    "dcss": {
        "courtDcss": [
            "피해자는 수사기관 이래 이 법정에 이르기까지 피해 사실의 주요 내용에 관하여 일관되게 그에 부합하는 진술을 하고 있고, 그 진술 내용이 매우 구체적이며, 피해자가 이 법정에서 진술에 임하는 모습과 태도 등을 고려할 때, 피해자의 진술은 충분히 신빙할 수 있다.",
            "피고인의 차량 블랙박스 영상에 의하면, 피고인은 2019. 8. 7. 22:30경부터 2019. 8. 8. 02:00경 사이에 차량을 운전하여 F역과 천안버스터미널 사이를 수차례 오가며 배회한 사실이 확인된다.",
            "야간에 아무런 면식도 없는 청소년인 피해자가 버스정류장 의자에서 자고 있는 모습을 보고 피해자를 자신의 차량에 태운 후 인적이 드문 골목길 안으로 가서 차량을 세우고 피해자에게 남자친구와 성관계를 해 본 적이 있는지를 물어보았던 사실은 피고인도 인정하고 있는바, 피고인이 피해자를 차량에 태울 당시 성적 목적이 있었던 것으로 보인다.",
            "2019. 8. 8. 01:48경 F역 인근에 있는 분식집에서 이 사건 범행에 관하여 경찰에 신고가 이루어졌는데, 피해자는 이 사건의 신고 경위에 관하여 \"이 사건 전날 23:00경 집에서 엄마와 싸우고 휴대전화도 가지고 나오지 않은 채로 가출을 하였고, 잘 곳이 없어서 C 앞 버스정류장에서 자고 있다가 피고인의 차량을 탄후 피고인으로부터 추행을 당하였다.",
            "휴대전화가 없어서 피고인의 차량에서 내린 직후 건너편에 있는 분식집에 들어가 경찰에 신고해 달라고 부탁하였다.\"라고 진술하였는바, 피해자는 휴대전화를 소지하고 있지 않은 상황이었음에도 피고인의 차량에서 내린 직후 심야 영업 중인 식당에 들어가 경찰에 신고를 요청하였던 것으로 보이는 점 등을 종합하면, 피고인이 판시와 같이 피해자를 추행한 사실이 인정된다.",
            "피고인은 청소년인 피해자 D을 자신의 차량에 태운 후 차량 안에서 가슴을 만져 추행하고, 간음할 목적으로 항거불능 상태인 피해자 G를 모텔로 데려간 후 간음하였는바, 그 죄질이 나쁘다.",
            "이 사건 범행은 모두 피고인이 야간에 차량을 운전하여 번화가를 배회하면서 미성년 또는 주취 상태인 여성에게 의도적으로 접근하여 이루어졌고, 피고인은 이 사건 강제추행 범행으로 수사를 받는 중에도 이 사건 간음약취 및 준강간 범행을 저질렀다. 피해자들은 이 사건 범행으로 인하여 상당한 성적 혐오감을 느끼고 정신적 충격을 입었을 것으로 보이며, 모두 피고인의 처벌을 원하고 있다."
        ]
    },
    "close": {
        "cnclsns": [
            "피고인을 징역 3년 6월에 처한다.",
            "피고인에게 40시간의 성폭력 치료프로그램 이수를 명한다.",
            "피고인에 대하여 아동·청소년 관련기관 등과 장애인복지시설에 5년간 취업제한을 명한다."
        ]
    }
}