{
    "info": {
        "caseField": "2",
        "detailField": "6",
        "trailField": "1",
        "caseNm": "강도(인정된 죄명 강도미수), 폭행, 협박, 재물손괴",
        "courtNm": "서울북부지방법원",
        "judmnAdjuDe": "2019. 12. 13.",
        "caseNo": "2019고합312",
        "relateLaword": [
            "형법 제342조",
            "형법 제333조",
            "형법 제260조",
            "형법 제283조",
            "형법 제366조",
            "형법 제35조",
            "형법 제25조",
            "형법 제55조",
            "형법 제37조",
            "형법 제38조",
            "형법 제50조",
            "형사소송법 제325조"
        ],
        "qotatPrcdnt": [
            "대법원 2007. 9. 28. 선고 2007도606 전원합의체 판결"
        ]
    },
    "concerned": {
        "acusr": "4",
        "dedat": "1"
    },
    "org": {
        "orgJdgmnCourtNm": "",
        "orgJdgmnAdjuDe": "",
        "orgJdgmnCaseNo": ""
    },
    "disposal": {
        "disposalform": "6",
        "disposalcontent": [
            "피고인을 징역 2년 6개월에 처한다."
        ]
    },
    "mentionedItems": {
        "rqestObjet": [
            "피고인은 피해자 C로부터 술과 안주를 제공받아 취식 후 거짓말하고 도주하다가, 피해자를 폭행하고 도주하여 대금 지급을 면함으로써 50,000원 상당의 재산상 이익을 취득하려고 하였으나 현행범체포됨으로써 미수에 그쳤다.",
            "피고인은 위 C를 폭행하는 것을 목격한 피해자 D가 피고인을 붙잡으려고 하자 피해자의 머리와 얼굴을 수회 때려 폭행하였다.",
            "피고인은 피해자 C에게 위 강도사건에 대하여 합의를 해달라고 하였으나 피해자가 이를 거절하였다는 이유로 피해자에게 협박하였다.",
            "피고인은 피해자 G의 주점 출입문의 장금장치를 망가뜨려 손괴하였다.",
            "피고인은 피해자 C로부터 술과 안주를 제공받아 취식 후 거짓말하고 도주하다가, 피해자를 폭행하고 도주하여 대금 지급을 면함으로써 50,000원 상당의 재산상 이익을 취득하였다."
        ]
    },
    "assrs": {
        "acusrAssrs": [],
        "dedatAssrs": [
            "피고인 및 변호인은 판시 제1의 가항 기재 폭행이 없었다고 주장한다.",
            "피고인 및 변호인은 피고인이 당시 대금 지급을 면하려는 생각에서 도주하고 폭행을 하지는 않았다고 주장한다.",
            "피고인 및 변호인은, 피고인이 당시 대금 지급을 면할 수 있는 상황이 아니었다고 주장한다.",
            "피고인 및 변호인은 피고인이 판시 제1의 나항 기재 폭행이 없었다고 주장한다.",
            "피고인 및 변호인은 피고인이 판시 제1의 다항 기재와 같이 '잘못하면 칼부림 납니다'라는 말을 한 것이 협박에 해당하지 않고, 당시 피고인에게는 협박의 고의도 없다고 주장한다."
        ]
    },
    "facts": {
        "bsisFacts": [
            "피고인은 2019.3.15.서울북부지방법원에서 특수폭행죄로 징역 9개월을 선고받고 2019.6.9.그 형의 집행을 종료하였다.",
            "피고인은 2019.8.26.00:10경 서울 동대문구 B에 있는 피해자 C(여, 65세)가 운영하는 '0'에서 피해자로부터 합계 50,000원 상당의 술과 안주를 제공받아 취식 후 대금 지급을 요구받자 ATM기에서 현금을 인출하여 대금을 지급하겠다고 거짓말하고 위 주점 밖으로 나가 도주했다.",
            "피고인을 뒤쫓아 온 피해자를 발견하고 대금 지급을 면할 목적으로 피해자의 머리를 발로 1회 차고, 주먹과 손등으로 피해자의 어깨와 얼굴을 수회 때리고, 발로 피해자의 어깨와 얼굴을 수회 걷어차 피해자의 반항을 억압한 후 도주하여 대금 지급을 면함으로써 50,000원 상당의 재산상 이익을 취득하려고 하였으나 피고인을 뒤쫓아온 D를 폭행하다가 현행범 체포됨으로써 미수에 그쳤다.",
            "피고인은 2019.8.26.00:20경 서울 동대문구 E아파트 후문에서 피고인이 위 C를 폭행하는 것을 목격한 피해자 D(22세)가 피고인을 뒤쫓아가 피고인을 붙잡으려고 하자 피해자를 향해 발길질을 하고, 계속하여 피해자의 다리를 걸어 넘어뜨린 후 피해자의 몸 위에 올라타 주먹으로 피해자의 머리와 얼굴을 수회 때려 피해자를 폭행하였다.",
            "피고인은 2019.8.26.21:10경 위 0에서 피해자 C에게 위 강도 사건에 대하여 50,000원을 받고 합의를 해달라고 하였으나 피해자가 이를 거절하였다는 이유로 피해자에게 다가가 \"잘못하면 칼부림 납니다\" 라고 말하며 겁을 주어 피해자를 협박하였다.",
            "피고인은 2019.8.7.04:00경 서울 동대문구 F에 있는 피해자 G 운영의 H 주점 앞에 이르러, \"문을 열라\" 고 소리치며 위 주점의 시정된 철체 출입문을 수 회 흔들고 발로 걷어차 찌그러지게 하고 위 출입문에 설치된 잠금장치를 망가뜨려 10만 원 상당의 수리비가 들도록 위 출입문과 잠금장치를 손괴하였다."
        ]
    },
    "dcss": {
        "courtDcss": [
            "피고인은 당시 위 라이브카페에서 나가지 않고도 결제할 수 있는 수단인 카드를 소지하고 있었던 사실, 그럼에도 불구하고 피고인은 0에서 그 카드로 결제할 것을 한사코 거부하고 현금을 인출하여 대금을 지불하겠다고 위 라이브카페를 나와 현금을 인출할 곳을 피해자 C에 알리지도 않은 채 갑자기 뛰어서 왕복 6차선 대로를 건넜다.",
            "피해자 D는 피고인이 피해자 C를 폭행하는 모습을 목격하고 피해자 C의 부탁으로 경찰신고를 하고 기다리는 중에 피고인이 자신을 밀치고 도망가자 뒤쫓아가서 피고인을 붙잡았다는 것이고(D가, 피고인이 피해자 C를 폭행한 이유를 알았다고 볼 증거는 없음), 피고인은 뛰어서 도주한 뒤 한적한 곳에 이르러 걸어가다가 피해자 D가 나타나 붙잡으려고 하자 폭행한 사실을 인정할 수 있다.",
            "피고인은 피해자 D가 자신을 뒤쫓아오는 것을 인식하지 못하였던 것으로 보이고, 결과적으로 피해자 D를 폭행하다가 체포됨으로써 강도범행이 미수에 그치게 되었으나, 피고인이 D를 이 사건 대금지급채무의 면탈이라는 재산상 이득의 이전행위에 장애가 되는 자로 인식하였던 것은 아닌 것으로 보인다.따라서 D에 대한 폭행의 점이 이 사건 강도미수죄에 흡수되어(포괄일죄)범죄로 되지 아니하는 때에 해당하는 경우는 아니다.",
            "오히려 피해자 C를 폭행하기에 이른 사실, 그 뒤 피고인은 다시 뛰어서 위 대로를 건넜지만, 위 라이브카페로 가지 않았던 사실을 인정할 수 있는바, 위 인정사실에 의하면 피고인은 대금 지급을 면하려는 목적으로 도주하고 추격해 온 피해자 C를 폭행하였다고 넉넉히 인정할 수 있으므로, 위 주장도 이유 없다.",
            "피고인과 피해자 C 등 위 라이브카페 종업원들은 서로 아는 사이도 아니고, 연락처를 교환한 적도 없었던 점, 피고인의 진술에 의하더라도 피고인은 위 라이브카페에 1년 사이에 세 번째 방문하였을 뿐인 점 등을 종합하면, 피고인이 피해자 C를 피하여 도망하였다면, 피해자 C가 피고인에게 대금 지급을 청구하기는 불가능하거나 현저히 곤란하였음을 인정할 수 있다.따라서 피고인 및 변호인의 위 주장도 이유 없다.",
            "특히 CCTV 상으로 피고인이 피해자 D를 넘어뜨린 뒤, 피해자 D의 몸 위에서 오른손을 올렸다가 밑으로 빠르게 내리는 장면이 포착되기도 한다.따라서 피고인 및 변호인의 위 주장은 이유 없다.",
            "피고인의 합의 요청에 피해자 C에 응하지 않고, 피고인에게 위 라이브 카페에서 나가 줄 것을 요구하자, 피고인은 피해자 C로부터 무시를 당한다는 생각에 화가 나 이와 같은 말을 하게 되었다고 하나, 단순한 감정적인 욕설 일시적인 분노의 표시에 불과한 것으로 보이지 않는 점, ",
            "피해자 C가 위 말을 듣고 공포를 느껴서 경찰서에 신고한 점 등을 종합하면, 피고인이 \"잘못하면 칼부림 납니다\" 라는 말을 한 것이 협박에 해당하고, 협박의 고의도 인정된다.따라서 피고인 및 변호인의 위 주장은 이유 없다.",
            "피고인은 피해자 C를 폭행하고 난 후 도망하였고 피해자 C가 피고인을 뒤쫓아 가지 못한 사실은 인정되나, 기록에 의하면, 피고인이 피해자 C를 폭행하고 도망가자 피고인이 피해자 C를 폭행한 장소에 있던 목격자 D가 도망가는 피고인을 바로 뒤쫓아가서 피고인과 실랑이를 하던 중 피해자 C가 그 실랑이하는 장소에 도착하였고, 그 장소에서 피고인이 제압되어 현행범인으로 체포되었던 사실을 인정할 수 있다.",
            "그러므로 검사가 제출한 증거만으로는 피고인이 대금 지급을 면하여 50,000원 상당의 재산상 이익이 피고인에게 이전되었다고 인정하기에 부족하고, 달리 이를 인정할 증거가 없다.",
            "따라서 이 부분 공소사실은 범죄의 증명이 없는 때에 해당하여 형사소송법 제325조 후단에 따라 무죄를 선고하여야 할 것이나, 이와 일죄에 있는 강도미수죄를 유죄로 인정한 이상 따로 주문에서 무죄를 선고하지 아니한다.",
            "피고인이 동종 범죄로 처벌받은 전력이 다수인 점, 특히 동종 범죄로 처벌받고 출소한 지 3개월도 지나지 않아 이 사건 범행에 이르러 누범인 점, 피고인의 협박 범행은 피해자 C에게 강도미수 범행을 저지른 후 피해자를 차자가 합의를 요구하다가 저질러 죄질이 좋지 않은 점 등은 피고에게 불리한 정상이다.",
            "피고인이 강도범행으로 취득하려고 한 이득은 5만 원에 불과하고, 기수에 이르지도 않은 점, 피고인이 재물손괴 피해자에게 손해를 배상하고 합의한 점은 피고인에게 유리한 정상이다."
        ]
    },
    "close": {
        "cnclsns": [
            "피고인을 징역 2년 6개월에 처한다."
        ]
    }
}