{
    "info": {
        "caseField": "2",
        "detailField": "6",
        "trailField": "1",
        "caseNm": "성폭력범죄의처벌등에관한특례법위반(13세미만미성년자강간등), 상해, 폭행",
        "courtNm": "부산지방법원",
        "judmnAdjuDe": "2012. 05. 08.",
        "caseNo": "2012고합251",
        "relateLaword": [
            "성폭력범죄의 처벌 등에 관한 특례법 제7조 ",
            "형법 제260조",
            "형법 제257조 ",
            "형법 제35조 전단",
            "형법 제42조  ",
            "형법 제37조 전단",
            "형법 제38조",
            "형법 제50조"
        ],
        "qotatPrcdnt": []
    },
    "concerned": {
        "acusr": "4",
        "dedat": "1"
    },
    "org": {
        "orgJdgmnCourtNm": "",
        "orgJdgmnAdjuDe": "",
        "orgJdgmnCaseNo": ""
    },
    "disposal": {
        "disposalform": "6",
        "disposalcontent": [
            "피고인을 징역 7년에 처한다.",
            "피고인에게 80시간의 성폭력 치료강의 수강을 명한다.",
            "피고인에 대한 공개정보를 10년간 정보통신망을 이용하여 공개하고 고지정보를 10년간 고지한다."
        ]
    },
    "mentionedItems": {
        "rqestObjet": [
            "피고인을 미성년자 강간, 상해, 폭행으로 징역에 처한다."
        ]
    },
    "assrs": {
        "acusrAssrs": [],
        "dedatAssrs": [
            "피고인과 변호인은 피고인이 이 사건 각 범행 당시 술에 취하여 심신미약의 상태에 있었다고 주장한다."
        ]
    },
    "facts": {
        "bsisFacts": [
            "피고인은 16세 연하로서 피해자인 처 00(33세)과1999년에 결혼하여 생활하던 중, 2001.9. 경 술에 취해 원하던 아들이 아니라는 이유로 생후2개월 된 딸 00를 집어던지고 머리를 발로 차고 밟아 사망케 한바 있다.",
            "피고인은 2002.3.7. 부산고등법원에서 상해치사죄로 징역5년을 선고 받아 2005.12.23. 가석방될 때까지 부산교도소에서 복역하였고, 그 후 출소하여 다시 위 00과 혼인생활을 유지하면서 딸인 피해자 00(3세)과 아들인 피해자 00(2세), 00(생후6개월)을 낳아 키워왔다.",
            "피고인은 평소 술을 마시면 부인을 폭행하고 자녀들이 우는 것을 참지 못하여 우는 자녀들을 학대하는 등 가족들에게 수시로 폭력을 행사하였다. ",
            "어린나이에 피고인과 결혼한 피해자 원고는 피고인의 학대에 대하여 저항을 하거나 어린 자녀들을 보호할 특별한 수단을 마련하지 못한 채 생활하고 있었다.",
            "피고인은 2012. 1. 8. 20:00경 0000 소재 피고인의 집에서 술에 취해 컴퓨터에 음란 동영상을 틀어놓고 평소 잦은 폭행으로 피고인에 대하여 두려움을느끼고 있던 00(3세)에게 '00이도 성을 알아야된다. 내 꼬추를 빨아라'라고 하면서 자신의 성기를 잡게 한 후 00의구강에 피고인의 성기를 집어넣어 빨게 하였다.",
            "피고인은 2012. 2. 29. 19:00경 0000 피고인의 집에서 피해자 00과 함께 술을 마시던 중 언쟁을 벌이다가 주먹으로 00의 전신을 마구 때려 폭행하였다.",
            "피고인은 2012. 3. 10 .11:30경 피해자 00과 함께술을 마시다가 00이 피고인의 양어머니에 대하여 마음에 들지 않는 이야기를 하였다는 이유로 화가나 주먹으로 00의 얼굴을 수회 때리고 머리채를 잡아 흔들어 00에게 약 3주간의 치료를 요하는 안면부 좌상을 가하였다.",
            "피고인은 화를 참지 못하고 함께 있던 피해자 00, 00을 주먹과 발로 전신을 폭행한 다음, 부엌으로 끌고 가 \"죽어라\"고 말하며 찜통 안에 들어있던 찬물에 차례로 머리를 집어 넣어 00과 00을 각 폭행하였다.",
            "피고인은 당시 생후 6개월된 피해자 00(몸무게7.6kg)이 안방에서 울자 이에 격분하여 00을 부엌 바닥에 집어던지고 00을 향하여 호스로 물을뿌린 다음 발로 밟아 00에게 약 16주간의 치료를 요하는 우측언위 대퇴골 골절상 등을 가하였다."
        ]
    },
    "dcss": {
        "courtDcss": [
            "앞서 든 각 증거들에 의하면 피고인이 이 사건 범행 당시 다소간 술을 마신 사실은 인정되나, 이 사건 범행의 경위, 범행을 전후한 피고인의 행동 등에 비추어 보면 피고인이 당시 술에 취해 사물을 변별하거나 의사를 결정할 능력이 미약한 상태에 이르렀다고 보이지는 않는다.",
            "이 사건 각 범행은 피고인이 만 3세에 불과한 친딸을 상대로 유사성교행위를 하고 처와 어린 자녀들을 때려 일부 상해를 가하기까지 한 것으로 그 죄질이 매우 불량한 점, 피고인은 평소 가족들에게 상습적으로 폭력을 휘둘러 온 것으로 보인다.",
            "피고인은 과거에도 생후 2개월 된 딸을 때려 사망하게 함으로써 처벌받은 전력 등이 있음에도 누범기간 중에 또 다시 이 사건범행을 저질렀는바, 그 비난가능성이 크다.",
            "이 사건 범행으로 인하여 피해자들이 입은 정신적 충격이 상당할 것으로 보이는 점, 피해자 00이 입은 상해의 정도가 매우 무거운 점, 피해자들과 합의되지 않은 점 등을 고려하면 피고인을 엄히 처벌함이 상당하다.",
            "다만, 피고인이 술에 취해 우발적으로 이 사건 각 범행을 저지른 것으로 보이는 점, 성범죄의 동종 전력은 없는 점, 그 밖에 피고인의 연령, 성행, 환경, 범행 전후의 정황 등 이 사건 변론에 나타난 제반 양형조건을 참작하여 형을 정한다."
        ]
    },
    "close": {
        "cnclsns": [
            "성폭력범죄의 처벌 등에 관한 특례법 제7조 제2항 제1호(13세 미만의 미성년자에 대한 강제 유사성교의 점), 각 형법 제260조 제1항,폭행의 점, 징역형 선택, 각 형법 제257조 제1항(상해의 점, 징역형 선택)에 따라 피고인을 징역 7년에 처한다."
        ]
    }
}